<?xml version="1.0" encoding="UTF-8"?>
<graph xmlns="http://www.xces.org/ns/GrAF/1.0/">
    <header>
        <tagsDecl>
            <tagUsage gi="vchunk" occurs="95"/>
        </tagsDecl>
        <dependencies>
            <dependsOn type="penn"/>
        </dependencies>
        <annotationSets>
            <annotationSet name="xces" type="http://www.xces.org/schema/2003"/>
        </annotationSets>
    </header>
    <node xml:id="n0"/>
    <a label="vchunk" ref="n0" as="xces">
        <fs>
            <f name="voice" value="active"/>
            <f name="tense" value="Inf"/>
            <f name="type" value="NFVG"/>
        </fs>
    </a>
    <node xml:id="n1"/>
    <a label="vchunk" ref="n1" as="xces">
        <fs>
            <f name="voice" value="active"/>
            <f name="tense" value="SimPre"/>
            <f name="type" value="FVG"/>
        </fs>
    </a>
    <node xml:id="n10"/>
    <a label="vchunk" ref="n10" as="xces">
        <fs>
            <f name="voice" value="active"/>
            <f name="tense" value="SimPas"/>
            <f name="type" value="FVG"/>
        </fs>
    </a>
    <node xml:id="n11"/>
    <a label="vchunk" ref="n11" as="xces">
        <fs>
            <f name="voice" value="active"/>
            <f name="tense" value="SImPre"/>
            <f name="type" value="FVG"/>
        </fs>
    </a>
    <node xml:id="n12"/>
    <a label="vchunk" ref="n12" as="xces">
        <fs>
            <f name="voice" value="active"/>
            <f name="tense" value="SimPas"/>
            <f name="type" value="FVG"/>
        </fs>
    </a>
    <node xml:id="n13"/>
    <a label="vchunk" ref="n13" as="xces">
        <fs>
            <f name="voice" value="active"/>
            <f name="tense" value="SimPre"/>
            <f name="type" value="FVG"/>
        </fs>
    </a>
    <node xml:id="n14"/>
    <a label="vchunk" ref="n14" as="xces">
        <fs>
            <f name="voice" value="active"/>
            <f name="tense" value="SimPas"/>
            <f name="type" value="FVG"/>
        </fs>
    </a>
    <node xml:id="n15"/>
    <a label="vchunk" ref="n15" as="xces">
        <fs>
            <f name="voice" value="active"/>
            <f name="tense" value="SimPas"/>
            <f name="type" value="FVG"/>
        </fs>
    </a>
    <node xml:id="n16"/>
    <a label="vchunk" ref="n16" as="xces">
        <fs>
            <f name="voice" value="active"/>
            <f name="tense" value="SimPre"/>
            <f name="type" value="FVG"/>
        </fs>
    </a>
    <node xml:id="n17"/>
    <a label="vchunk" ref="n17" as="xces">
        <fs>
            <f name="voice" value="active"/>
            <f name="tense" value="SimPre"/>
            <f name="type" value="FVG"/>
        </fs>
    </a>
    <node xml:id="n18"/>
    <a label="vchunk" ref="n18" as="xces">
        <fs>
            <f name="voice" value="active"/>
            <f name="tense" value="SimPas"/>
            <f name="type" value="FVG"/>
        </fs>
    </a>
    <node xml:id="n19"/>
    <a label="vchunk" ref="n19" as="xces">
        <fs>
            <f name="voice" value="active"/>
            <f name="tense" value="SimPas"/>
            <f name="type" value="FVG"/>
        </fs>
    </a>
    <node xml:id="n2"/>
    <a label="vchunk" ref="n2" as="xces">
        <fs>
            <f name="neg" value="yes"/>
            <f name="voice" value="active"/>
            <f name="tense" value="SimPre"/>
            <f name="type" value="FVG"/>
        </fs>
    </a>
    <node xml:id="n20"/>
    <a label="vchunk" ref="n20" as="xces">
        <fs>
            <f name="neg" value="yes"/>
            <f name="voice" value="active"/>
            <f name="tense" value="SimPas"/>
            <f name="type" value="FVG"/>
        </fs>
    </a>
    <node xml:id="n21"/>
    <a label="vchunk" ref="n21" as="xces">
        <fs>
            <f name="voice" value="active"/>
            <f name="tense" value="Inf"/>
            <f name="type" value="NFVG"/>
        </fs>
    </a>
    <node xml:id="n22"/>
    <a label="vchunk" ref="n22" as="xces">
        <fs>
            <f name="voice" value="active"/>
            <f name="tense" value="SimPas"/>
            <f name="type" value="FVG"/>
        </fs>
    </a>
    <node xml:id="n23"/>
    <a label="vchunk" ref="n23" as="xces">
        <fs>
            <f name="voice" value="active"/>
            <f name="tense" value="SimPas"/>
            <f name="type" value="FVG"/>
        </fs>
    </a>
    <node xml:id="n24"/>
    <a label="vchunk" ref="n24" as="xces">
        <fs>
            <f name="voice" value="active"/>
            <f name="tense" value="Inf"/>
            <f name="type" value="NFVG"/>
        </fs>
    </a>
    <node xml:id="n25"/>
    <a label="vchunk" ref="n25" as="xces">
        <fs>
            <f name="voice" value="active"/>
            <f name="tense" value="SimPre"/>
            <f name="type" value="FVG"/>
        </fs>
    </a>
    <node xml:id="n26"/>
    <a label="vchunk" ref="n26" as="xces">
        <fs>
            <f name="voice" value="active"/>
            <f name="tense" value="SimPas"/>
            <f name="type" value="FVG"/>
        </fs>
    </a>
    <node xml:id="n27"/>
    <a label="vchunk" ref="n27" as="xces">
        <fs>
            <f name="voice" value="active"/>
            <f name="tense" value="SimPas"/>
            <f name="type" value="FVG"/>
        </fs>
    </a>
    <node xml:id="n28"/>
    <a label="vchunk" ref="n28" as="xces">
        <fs>
            <f name="voice" value="active"/>
            <f name="tense" value="SimPre"/>
            <f name="type" value="FVG"/>
        </fs>
    </a>
    <node xml:id="n29"/>
    <a label="vchunk" ref="n29" as="xces">
        <fs>
            <f name="voice" value="active"/>
            <f name="tense" value="SimPas"/>
            <f name="type" value="FVG"/>
        </fs>
    </a>
    <node xml:id="n3"/>
    <a label="vchunk" ref="n3" as="xces">
        <fs>
            <f name="voice" value="active"/>
            <f name="tense" value="SimPre"/>
            <f name="type" value="FVG"/>
        </fs>
    </a>
    <node xml:id="n30"/>
    <a label="vchunk" ref="n30" as="xces">
        <fs>
            <f name="voice" value="active"/>
            <f name="tense" value="SimPre"/>
            <f name="type" value="FVG"/>
        </fs>
    </a>
    <node xml:id="n31"/>
    <a label="vchunk" ref="n31" as="xces">
        <fs>
            <f name="voice" value="none"/>
            <f name="tense" value="none"/>
            <f name="type" value="MODAL"/>
        </fs>
    </a>
    <node xml:id="n32"/>
    <a label="vchunk" ref="n32" as="xces">
        <fs>
            <f name="voice" value="active"/>
            <f name="tense" value="SimPas"/>
            <f name="type" value="FVG"/>
        </fs>
    </a>
    <node xml:id="n33"/>
    <a label="vchunk" ref="n33" as="xces">
        <fs>
            <f name="voice" value="active"/>
            <f name="tense" value="Inf"/>
            <f name="type" value="NFVG"/>
        </fs>
    </a>
    <node xml:id="n34"/>
    <a label="vchunk" ref="n34" as="xces">
        <fs>
            <f name="voice" value="active"/>
            <f name="tense" value="SimPas"/>
            <f name="type" value="FVG"/>
        </fs>
    </a>
    <node xml:id="n35"/>
    <a label="vchunk" ref="n35" as="xces">
        <fs>
            <f name="voice" value="none"/>
            <f name="tense" value="none"/>
            <f name="type" value="MODAL"/>
        </fs>
    </a>
    <node xml:id="n36"/>
    <a label="vchunk" ref="n36" as="xces">
        <fs>
            <f name="voice" value="active"/>
            <f name="tense" value="SimPas"/>
            <f name="type" value="FVG"/>
        </fs>
    </a>
    <node xml:id="n37"/>
    <a label="vchunk" ref="n37" as="xces">
        <fs>
            <f name="voice" value="active"/>
            <f name="tense" value="Inf"/>
            <f name="type" value="NFVG"/>
        </fs>
    </a>
    <node xml:id="n38"/>
    <a label="vchunk" ref="n38" as="xces">
        <fs>
            <f name="voice" value="active"/>
            <f name="tense" value="SimPas"/>
            <f name="type" value="FVG"/>
        </fs>
    </a>
    <node xml:id="n39"/>
    <a label="vchunk" ref="n39" as="xces">
        <fs>
            <f name="voice" value="active"/>
            <f name="tense" value="SimPre"/>
            <f name="type" value="FVG"/>
        </fs>
    </a>
    <node xml:id="n4"/>
    <a label="vchunk" ref="n4" as="xces">
        <fs>
            <f name="voice" value="active"/>
            <f name="tense" value="SimPas"/>
            <f name="type" value="FVG"/>
        </fs>
    </a>
    <node xml:id="n40"/>
    <a label="vchunk" ref="n40" as="xces">
        <fs>
            <f name="voice" value="active"/>
            <f name="tense" value="Inf"/>
            <f name="type" value="NFVG"/>
        </fs>
    </a>
    <node xml:id="n41"/>
    <a label="vchunk" ref="n41" as="xces">
        <fs>
            <f name="voice" value="active"/>
            <f name="tense" value="SimPre"/>
            <f name="type" value="FVG"/>
        </fs>
    </a>
    <node xml:id="n42"/>
    <a label="vchunk" ref="n42" as="xces">
        <fs>
            <f name="voice" value="active"/>
            <f name="tense" value="SimPre"/>
            <f name="type" value="FVG"/>
        </fs>
    </a>
    <node xml:id="n43"/>
    <a label="vchunk" ref="n43" as="xces">
        <fs>
            <f name="voice" value="active"/>
            <f name="tense" value="SimPas"/>
            <f name="type" value="FVG"/>
        </fs>
    </a>
    <node xml:id="n44"/>
    <a label="vchunk" ref="n44" as="xces">
        <fs>
            <f name="voice" value="active"/>
            <f name="tense" value="PasCon"/>
            <f name="type" value="FVG"/>
        </fs>
    </a>
    <node xml:id="n45"/>
    <a label="vchunk" ref="n45" as="xces">
        <fs>
            <f name="voice" value="active"/>
            <f name="tense" value="SimPas"/>
            <f name="type" value="FVG"/>
        </fs>
    </a>
    <node xml:id="n46"/>
    <a label="vchunk" ref="n46" as="xces">
        <fs>
            <f name="voice" value="active"/>
            <f name="tense" value="SimPas"/>
            <f name="type" value="FVG"/>
        </fs>
    </a>
    <node xml:id="n47"/>
    <a label="vchunk" ref="n47" as="xces">
        <fs>
            <f name="voice" value="active"/>
            <f name="tense" value="SimPas"/>
            <f name="type" value="FVG"/>
        </fs>
    </a>
    <node xml:id="n48"/>
    <a label="vchunk" ref="n48" as="xces">
        <fs>
            <f name="voice" value="active"/>
            <f name="tense" value="SimPas"/>
            <f name="type" value="FVG"/>
        </fs>
    </a>
    <node xml:id="n49"/>
    <a label="vchunk" ref="n49" as="xces">
        <fs>
            <f name="voice" value="active"/>
            <f name="tense" value="SimPas"/>
            <f name="type" value="FVG"/>
        </fs>
    </a>
    <node xml:id="n5"/>
    <a label="vchunk" ref="n5" as="xces">
        <fs>
            <f name="voice" value="active"/>
            <f name="tense" value="SimPre"/>
            <f name="type" value="FVG"/>
        </fs>
    </a>
    <node xml:id="n50"/>
    <a label="vchunk" ref="n50" as="xces">
        <fs>
            <f name="voice" value="active"/>
            <f name="tense" value="SimPas"/>
            <f name="type" value="FVG"/>
        </fs>
    </a>
    <node xml:id="n51"/>
    <a label="vchunk" ref="n51" as="xces">
        <fs>
            <f name="voice" value="active"/>
            <f name="tense" value="Pre"/>
            <f name="type" value="PART"/>
        </fs>
    </a>
    <node xml:id="n52"/>
    <a label="vchunk" ref="n52" as="xces">
        <fs>
            <f name="voice" value="active"/>
            <f name="tense" value="Inf"/>
            <f name="type" value="NFVG"/>
        </fs>
    </a>
    <node xml:id="n53"/>
    <a label="vchunk" ref="n53" as="xces">
        <fs>
            <f name="voice" value="active"/>
            <f name="tense" value="Inf"/>
            <f name="type" value="NFVG"/>
        </fs>
    </a>
    <node xml:id="n54"/>
    <a label="vchunk" ref="n54" as="xces">
        <fs>
            <f name="voice" value="passive"/>
            <f name="tense" value="SimPas"/>
            <f name="type" value="FVG"/>
        </fs>
    </a>
    <node xml:id="n55"/>
    <a label="vchunk" ref="n55" as="xces">
        <fs>
            <f name="voice" value="active"/>
            <f name="tense" value="Inf"/>
            <f name="type" value="NFVG"/>
        </fs>
    </a>
    <node xml:id="n56"/>
    <a label="vchunk" ref="n56" as="xces">
        <fs>
            <f name="voice" value="none"/>
            <f name="tense" value="none"/>
            <f name="type" value="MODAL"/>
        </fs>
    </a>
    <node xml:id="n57"/>
    <a label="vchunk" ref="n57" as="xces">
        <fs>
            <f name="voice" value="active"/>
            <f name="tense" value="Inf"/>
            <f name="type" value="NFVG"/>
        </fs>
    </a>
    <node xml:id="n58"/>
    <a label="vchunk" ref="n58" as="xces">
        <fs>
            <f name="voice" value="active"/>
            <f name="tense" value="SimPas"/>
            <f name="type" value="FVG"/>
        </fs>
    </a>
    <node xml:id="n59"/>
    <a label="vchunk" ref="n59" as="xces">
        <fs>
            <f name="voice" value="active"/>
            <f name="tense" value="SimPre"/>
            <f name="type" value="FVG"/>
        </fs>
    </a>
    <node xml:id="n6"/>
    <a label="vchunk" ref="n6" as="xces">
        <fs>
            <f name="voice" value="active"/>
            <f name="tense" value="SimPas"/>
            <f name="type" value="FVG"/>
        </fs>
    </a>
    <node xml:id="n60"/>
    <a label="vchunk" ref="n60" as="xces">
        <fs>
            <f name="voice" value="active"/>
            <f name="tense" value="SimPas"/>
            <f name="type" value="FVG"/>
        </fs>
    </a>
    <node xml:id="n61"/>
    <a label="vchunk" ref="n61" as="xces">
        <fs>
            <f name="voice" value="active"/>
            <f name="tense" value="SimPre"/>
            <f name="type" value="FVG"/>
        </fs>
    </a>
    <node xml:id="n62"/>
    <a label="vchunk" ref="n62" as="xces">
        <fs>
            <f name="voice" value="active"/>
            <f name="tense" value="SimPre"/>
            <f name="type" value="FVG"/>
        </fs>
    </a>
    <node xml:id="n63"/>
    <a label="vchunk" ref="n63" as="xces">
        <fs>
            <f name="voice" value="active"/>
            <f name="tense" value="SimPre"/>
            <f name="type" value="FVG"/>
        </fs>
    </a>
    <node xml:id="n64"/>
    <a label="vchunk" ref="n64" as="xces">
        <fs>
            <f name="voice" value="active"/>
            <f name="tense" value="SimPre"/>
            <f name="type" value="FVG"/>
        </fs>
    </a>
    <node xml:id="n65"/>
    <a label="vchunk" ref="n65" as="xces">
        <fs>
            <f name="voice" value="active"/>
            <f name="tense" value="Inf"/>
            <f name="type" value="NFVG"/>
        </fs>
    </a>
    <node xml:id="n66"/>
    <a label="vchunk" ref="n66" as="xces">
        <fs>
            <f name="voice" value="active"/>
            <f name="tense" value="SimPre"/>
            <f name="type" value="FVG"/>
        </fs>
    </a>
    <node xml:id="n67"/>
    <a label="vchunk" ref="n67" as="xces">
        <fs>
            <f name="voice" value="active"/>
            <f name="tense" value="SimPre"/>
            <f name="type" value="FVG"/>
        </fs>
    </a>
    <node xml:id="n68"/>
    <a label="vchunk" ref="n68" as="xces">
        <fs>
            <f name="voice" value="active"/>
            <f name="tense" value="SimPre"/>
            <f name="type" value="FVG"/>
        </fs>
    </a>
    <node xml:id="n69"/>
    <a label="vchunk" ref="n69" as="xces">
        <fs>
            <f name="voice" value="active"/>
            <f name="tense" value="SimPre"/>
            <f name="type" value="FVG"/>
        </fs>
    </a>
    <node xml:id="n7"/>
    <a label="vchunk" ref="n7" as="xces">
        <fs>
            <f name="voice" value="none"/>
            <f name="tense" value="Pas"/>
            <f name="type" value="PART"/>
        </fs>
    </a>
    <node xml:id="n70"/>
    <a label="vchunk" ref="n70" as="xces">
        <fs>
            <f name="voice" value="active"/>
            <f name="tense" value="SimPre"/>
            <f name="type" value="FVG"/>
        </fs>
    </a>
    <node xml:id="n71"/>
    <a label="vchunk" ref="n71" as="xces">
        <fs>
            <f name="voice" value="active"/>
            <f name="tense" value="SimPre"/>
            <f name="type" value="FVG"/>
        </fs>
    </a>
    <node xml:id="n72"/>
    <a label="vchunk" ref="n72" as="xces">
        <fs>
            <f name="voice" value="active"/>
            <f name="tense" value="SimPre"/>
            <f name="type" value="FVG"/>
        </fs>
    </a>
    <node xml:id="n73"/>
    <a label="vchunk" ref="n73" as="xces">
        <fs>
            <f name="voice" value="active"/>
            <f name="tense" value="SimPre"/>
            <f name="type" value="FVG"/>
        </fs>
    </a>
    <node xml:id="n74"/>
    <a label="vchunk" ref="n74" as="xces">
        <fs>
            <f name="voice" value="active"/>
            <f name="tense" value="SimPre"/>
            <f name="type" value="FVG"/>
        </fs>
    </a>
    <node xml:id="n75"/>
    <a label="vchunk" ref="n75" as="xces">
        <fs>
            <f name="voice" value="active"/>
            <f name="tense" value="Inf"/>
            <f name="type" value="NFVG"/>
        </fs>
    </a>
    <node xml:id="n76"/>
    <a label="vchunk" ref="n76" as="xces">
        <fs>
            <f name="voice" value="active"/>
            <f name="tense" value="Inf"/>
            <f name="type" value="NFVG"/>
        </fs>
    </a>
    <node xml:id="n77"/>
    <a label="vchunk" ref="n77" as="xces">
        <fs>
            <f name="voice" value="active"/>
            <f name="tense" value="SimPre"/>
            <f name="type" value="FVG"/>
        </fs>
    </a>
    <node xml:id="n78"/>
    <a label="vchunk" ref="n78" as="xces">
        <fs>
            <f name="voice" value="active"/>
            <f name="tense" value="SimPre"/>
            <f name="type" value="FVG"/>
        </fs>
    </a>
    <node xml:id="n79"/>
    <a label="vchunk" ref="n79" as="xces">
        <fs>
            <f name="voice" value="active"/>
            <f name="tense" value="SimPre"/>
            <f name="type" value="FVG"/>
        </fs>
    </a>
    <node xml:id="n8"/>
    <a label="vchunk" ref="n8" as="xces">
        <fs>
            <f name="voice" value="passive"/>
            <f name="tense" value="SimPas"/>
            <f name="type" value="FVG"/>
        </fs>
    </a>
    <node xml:id="n80"/>
    <a label="vchunk" ref="n80" as="xces">
        <fs>
            <f name="voice" value="active"/>
            <f name="tense" value="SimPre"/>
            <f name="type" value="FVG"/>
        </fs>
    </a>
    <node xml:id="n81"/>
    <a label="vchunk" ref="n81" as="xces">
        <fs>
            <f name="voice" value="active"/>
            <f name="tense" value="SimPre"/>
            <f name="type" value="FVG"/>
        </fs>
    </a>
    <node xml:id="n82"/>
    <a label="vchunk" ref="n82" as="xces">
        <fs>
            <f name="voice" value="active"/>
            <f name="tense" value="SimPre"/>
            <f name="type" value="FVG"/>
        </fs>
    </a>
    <node xml:id="n83"/>
    <a label="vchunk" ref="n83" as="xces">
        <fs>
            <f name="voice" value="active"/>
            <f name="tense" value="SimPre"/>
            <f name="type" value="FVG"/>
        </fs>
    </a>
    <node xml:id="n84"/>
    <a label="vchunk" ref="n84" as="xces">
        <fs>
            <f name="voice" value="active"/>
            <f name="tense" value="SimPre"/>
            <f name="type" value="FVG"/>
        </fs>
    </a>
    <node xml:id="n85"/>
    <a label="vchunk" ref="n85" as="xces">
        <fs>
            <f name="voice" value="active"/>
            <f name="tense" value="SimPre"/>
            <f name="type" value="FVG"/>
        </fs>
    </a>
    <node xml:id="n86"/>
    <a label="vchunk" ref="n86" as="xces">
        <fs>
            <f name="voice" value="active"/>
            <f name="tense" value="SimPre"/>
            <f name="type" value="FVG"/>
        </fs>
    </a>
    <node xml:id="n87"/>
    <a label="vchunk" ref="n87" as="xces">
        <fs>
            <f name="voice" value="active"/>
            <f name="tense" value="Inf"/>
            <f name="type" value="NFVG"/>
        </fs>
    </a>
    <node xml:id="n88"/>
    <a label="vchunk" ref="n88" as="xces">
        <fs>
            <f name="voice" value="active"/>
            <f name="tense" value="SimPas"/>
            <f name="type" value="FVG"/>
        </fs>
    </a>
    <node xml:id="n89"/>
    <a label="vchunk" ref="n89" as="xces">
        <fs>
            <f name="voice" value="active"/>
            <f name="tense" value="Pre"/>
            <f name="type" value="PART"/>
        </fs>
    </a>
    <node xml:id="n9"/>
    <a label="vchunk" ref="n9" as="xces">
        <fs>
            <f name="voice" value="active"/>
            <f name="tense" value="SimPas"/>
            <f name="type" value="FVG"/>
        </fs>
    </a>
    <node xml:id="n90"/>
    <a label="vchunk" ref="n90" as="xces">
        <fs>
            <f name="voice" value="active"/>
            <f name="tense" value="SimPas"/>
            <f name="type" value="FVG"/>
        </fs>
    </a>
    <node xml:id="n91"/>
    <a label="vchunk" ref="n91" as="xces">
        <fs>
            <f name="voice" value="active"/>
            <f name="tense" value="SimPre"/>
            <f name="type" value="FVG"/>
        </fs>
    </a>
    <node xml:id="n92"/>
    <a label="vchunk" ref="n92" as="xces">
        <fs>
            <f name="voice" value="none"/>
            <f name="tense" value="none"/>
            <f name="type" value="MODAL"/>
        </fs>
    </a>
    <node xml:id="n93"/>
    <a label="vchunk" ref="n93" as="xces">
        <fs>
            <f name="voice" value="active"/>
            <f name="tense" value="Inf"/>
            <f name="type" value="NFVG"/>
        </fs>
    </a>
    <node xml:id="n94"/>
    <a label="vchunk" ref="n94" as="xces">
        <fs>
            <f name="voice" value="active"/>
            <f name="tense" value="SimPre"/>
            <f name="type" value="FVG"/>
        </fs>
    </a>
    <edge xml:id="lnk69" from="n56" to="penn-n390"/>
    <edge xml:id="lnk68" from="n55" to="penn-n385"/>
    <edge xml:id="lnk67" from="n55" to="penn-n384"/>
    <edge xml:id="lnk66" from="n54" to="penn-n383"/>
    <edge xml:id="lnk65" from="n54" to="penn-n382"/>
    <edge xml:id="lnk119" from="n94" to="penn-n610"/>
    <edge xml:id="lnk64" from="n53" to="penn-n368"/>
    <edge xml:id="lnk118" from="n93" to="penn-n605"/>
    <edge xml:id="lnk63" from="n52" to="penn-n361"/>
    <edge xml:id="lnk117" from="n93" to="penn-n604"/>
    <edge xml:id="lnk62" from="n52" to="penn-n360"/>
    <edge xml:id="lnk116" from="n92" to="penn-n603"/>
    <edge xml:id="lnk61" from="n51" to="penn-n347"/>
    <edge xml:id="lnk115" from="n92" to="penn-n602"/>
    <edge xml:id="lnk60" from="n50" to="penn-n338"/>
    <edge xml:id="lnk114" from="n91" to="penn-n597"/>
    <edge xml:id="lnk113" from="n90" to="penn-n594"/>
    <edge xml:id="lnk112" from="n9" to="penn-n71"/>
    <edge xml:id="lnk111" from="n89" to="penn-n589"/>
    <edge xml:id="lnk110" from="n88" to="penn-n588"/>
    <edge xml:id="lnk59" from="n5" to="penn-n40"/>
    <edge xml:id="lnk58" from="n49" to="penn-n334"/>
    <edge xml:id="lnk57" from="n48" to="penn-n330"/>
    <edge xml:id="lnk56" from="n47" to="penn-n325"/>
    <edge xml:id="lnk55" from="n46" to="penn-n322"/>
    <edge xml:id="lnk109" from="n87" to="penn-n583"/>
    <edge xml:id="lnk54" from="n45" to="penn-n313"/>
    <edge xml:id="lnk108" from="n87" to="penn-n582"/>
    <edge xml:id="lnk53" from="n44" to="penn-n306"/>
    <edge xml:id="lnk107" from="n86" to="penn-n581"/>
    <edge xml:id="lnk52" from="n44" to="penn-n305"/>
    <edge xml:id="lnk106" from="n85" to="penn-n576"/>
    <edge xml:id="lnk51" from="n44" to="penn-n304"/>
    <edge xml:id="lnk105" from="n84" to="penn-n569"/>
    <edge xml:id="lnk50" from="n43" to="penn-n296"/>
    <edge xml:id="lnk104" from="n83" to="penn-n564"/>
    <edge xml:id="lnk103" from="n82" to="penn-n561"/>
    <edge xml:id="lnk102" from="n81" to="penn-n559"/>
    <edge xml:id="lnk101" from="n80" to="penn-n555"/>
    <edge xml:id="lnk100" from="n8" to="penn-n53"/>
    <edge xml:id="lnk49" from="n42" to="penn-n293"/>
    <edge xml:id="lnk48" from="n41" to="penn-n291"/>
    <edge xml:id="lnk47" from="n40" to="penn-n284"/>
    <edge xml:id="lnk46" from="n40" to="penn-n283"/>
    <edge xml:id="lnk45" from="n4" to="penn-n38"/>
    <edge xml:id="lnk44" from="n39" to="penn-n282"/>
    <edge xml:id="lnk43" from="n38" to="penn-n278"/>
    <edge xml:id="lnk42" from="n37" to="penn-n266"/>
    <edge xml:id="lnk41" from="n37" to="penn-n265"/>
    <edge xml:id="lnk40" from="n36" to="penn-n264"/>
    <edge xml:id="lnk39" from="n35" to="penn-n255"/>
    <edge xml:id="lnk38" from="n35" to="penn-n254"/>
    <edge xml:id="lnk37" from="n34" to="penn-n240"/>
    <edge xml:id="lnk36" from="n33" to="penn-n234"/>
    <edge xml:id="lnk35" from="n33" to="penn-n233"/>
    <edge xml:id="lnk99" from="n8" to="penn-n52"/>
    <edge xml:id="lnk34" from="n33" to="penn-n232"/>
    <edge xml:id="lnk98" from="n79" to="penn-n550"/>
    <edge xml:id="lnk33" from="n32" to="penn-n230"/>
    <edge xml:id="lnk97" from="n78" to="penn-n545"/>
    <edge xml:id="lnk32" from="n31" to="penn-n219"/>
    <edge xml:id="lnk96" from="n77" to="penn-n538"/>
    <edge xml:id="lnk31" from="n31" to="penn-n218"/>
    <edge xml:id="lnk95" from="n76" to="penn-n528"/>
    <edge xml:id="lnk30" from="n30" to="penn-n211"/>
    <edge xml:id="lnk94" from="n75" to="penn-n521"/>
    <edge xml:id="lnk93" from="n75" to="penn-n520"/>
    <edge xml:id="lnk92" from="n74" to="penn-n517"/>
    <edge xml:id="lnk91" from="n73" to="penn-n511"/>
    <edge xml:id="lnk90" from="n72" to="penn-n507"/>
    <edge xml:id="lnk9" from="n17" to="penn-n112"/>
    <edge xml:id="lnk8" from="n16" to="penn-n110"/>
    <edge xml:id="lnk7" from="n15" to="penn-n106"/>
    <edge xml:id="lnk6" from="n14" to="penn-n93"/>
    <edge xml:id="lnk5" from="n13" to="penn-n84"/>
    <edge xml:id="lnk4" from="n12" to="penn-n82"/>
    <edge xml:id="lnk3" from="n11" to="penn-n77"/>
    <edge xml:id="lnk2" from="n10" to="penn-n74"/>
    <edge xml:id="lnk29" from="n3" to="penn-n25"/>
    <edge xml:id="lnk1" from="n1" to="penn-n9"/>
    <edge xml:id="lnk28" from="n29" to="penn-n209"/>
    <edge xml:id="lnk0" from="n0" to="penn-n0"/>
    <edge xml:id="lnk27" from="n28" to="penn-n206"/>
    <edge xml:id="lnk26" from="n27" to="penn-n192"/>
    <edge xml:id="lnk25" from="n26" to="penn-n181"/>
    <edge xml:id="lnk89" from="n71" to="penn-n501"/>
    <edge xml:id="lnk24" from="n25" to="penn-n178"/>
    <edge xml:id="lnk88" from="n70" to="penn-n497"/>
    <edge xml:id="lnk23" from="n24" to="penn-n170"/>
    <edge xml:id="lnk87" from="n7" to="penn-n45"/>
    <edge xml:id="lnk22" from="n24" to="penn-n169"/>
    <edge xml:id="lnk86" from="n69" to="penn-n488"/>
    <edge xml:id="lnk21" from="n23" to="penn-n166"/>
    <edge xml:id="lnk85" from="n68" to="penn-n482"/>
    <edge xml:id="lnk20" from="n22" to="penn-n162"/>
    <edge xml:id="lnk84" from="n67" to="penn-n476"/>
    <edge xml:id="lnk83" from="n66" to="penn-n474"/>
    <edge xml:id="lnk82" from="n65" to="penn-n470"/>
    <edge xml:id="lnk81" from="n65" to="penn-n469"/>
    <edge xml:id="lnk80" from="n64" to="penn-n468"/>
    <edge xml:id="lnk19" from="n21" to="penn-n156"/>
    <edge xml:id="lnk18" from="n20" to="penn-n138"/>
    <edge xml:id="lnk17" from="n20" to="penn-n137"/>
    <edge xml:id="lnk16" from="n20" to="penn-n136"/>
    <edge xml:id="lnk15" from="n20" to="penn-n135"/>
    <edge xml:id="lnk79" from="n63" to="penn-n466"/>
    <edge xml:id="lnk14" from="n2" to="penn-n16"/>
    <edge xml:id="lnk78" from="n62" to="penn-n442"/>
    <edge xml:id="lnk13" from="n2" to="penn-n15"/>
    <edge xml:id="lnk77" from="n61" to="penn-n440"/>
    <edge xml:id="lnk12" from="n2" to="penn-n14"/>
    <edge xml:id="lnk76" from="n60" to="penn-n428"/>
    <edge xml:id="lnk11" from="n19" to="penn-n128"/>
    <edge xml:id="lnk75" from="n6" to="penn-n43"/>
    <edge xml:id="lnk10" from="n18" to="penn-n115"/>
    <edge xml:id="lnk74" from="n59" to="penn-n407"/>
    <edge xml:id="lnk73" from="n58" to="penn-n405"/>
    <edge xml:id="lnk72" from="n57" to="penn-n395"/>
    <edge xml:id="lnk71" from="n56" to="penn-n392"/>
    <edge xml:id="lnk70" from="n56" to="penn-n391"/>
</graph>
