<?xml version="1.0" encoding="UTF-8"?>
<graph xmlns="http://www.xces.org/ns/GrAF/1.0/">
    <header>
        <tagsDecl>
            <tagUsage gi="objective-speech-event" occurs="33"/>
            <tagUsage gi="attitude" occurs="12"/>
            <tagUsage gi="inside" occurs="17"/>
            <tagUsage gi="target" occurs="12"/>
            <tagUsage gi="split" occurs="23"/>
            <tagUsage gi="direct-subjective" occurs="13"/>
            <tagUsage gi="expressive-subjectivity" occurs="7"/>
            <tagUsage gi="agent" occurs="14"/>
        </tagsDecl>
        <annotationSets>
            <annotationSet name="mpqa" type="http://www.cs.pitt.edu/mpqa/"/>
        </annotationSets>
    </header>
    <region xml:id="r10" anchors="25 137"/>
    <region xml:id="r12" anchors="25 25"/>
    <region xml:id="r8" anchors="25 25"/>
    <region xml:id="r3" anchors="25 25"/>
    <region xml:id="r1" anchors="25 25"/>
    <region xml:id="r15" anchors="36 50"/>
    <region xml:id="r17" anchors="136 137"/>
    <region xml:id="r19" anchors="147 177"/>
    <region xml:id="r21" anchors="147 147"/>
    <region xml:id="r24" anchors="176 177"/>
    <region xml:id="r26" anchors="187 255"/>
    <region xml:id="r28" anchors="187 187"/>
    <region xml:id="r31" anchors="254 255"/>
    <region xml:id="r33" anchors="265 311"/>
    <region xml:id="r35" anchors="265 265"/>
    <region xml:id="r38" anchors="310 311"/>
    <region xml:id="r40" anchors="321 462"/>
    <region xml:id="r42" anchors="321 321"/>
    <region xml:id="r45" anchors="325 326"/>
    <region xml:id="r47" anchors="327 337"/>
    <region xml:id="r50" anchors="338 365"/>
    <region xml:id="r52" anchors="371 372"/>
    <region xml:id="r54" anchors="373 377"/>
    <region xml:id="r57" anchors="378 461"/>
    <region xml:id="r59" anchors="461 462"/>
    <region xml:id="r61" anchors="472 546"/>
    <region xml:id="r63" anchors="472 472"/>
    <region xml:id="r66" anchors="505 515"/>
    <region xml:id="r69" anchors="516 545"/>
    <region xml:id="r71" anchors="545 546"/>
    <region xml:id="r73" anchors="556 646"/>
    <region xml:id="r75" anchors="556 556"/>
    <region xml:id="r78" anchors="598 603"/>
    <region xml:id="r80" anchors="645 646"/>
    <region xml:id="r82" anchors="656 733"/>
    <region xml:id="r84" anchors="656 656"/>
    <region xml:id="r87" anchors="660 664"/>
    <region xml:id="r89" anchors="699 732"/>
    <region xml:id="r91" anchors="709 710"/>
    <region xml:id="r93" anchors="711 716"/>
    <region xml:id="r96" anchors="732 733"/>
    <region xml:id="r98" anchors="743 806"/>
    <region xml:id="r100" anchors="743 743"/>
    <region xml:id="r104" anchors="773 779"/>
    <region xml:id="r106" anchors="780 805"/>
    <region xml:id="r108" anchors="785 805"/>
    <region xml:id="r110" anchors="805 806"/>
    <region xml:id="r112" anchors="816 1380"/>
    <region xml:id="r114" anchors="816 816"/>
    <region xml:id="r117" anchors="985 1025"/>
    <region xml:id="r119" anchors="988 1002"/>
    <region xml:id="r122" anchors="1073 1075"/>
    <region xml:id="r124" anchors="1076 1080"/>
    <region xml:id="r126" anchors="1208 1212"/>
    <region xml:id="r128" anchors="1213 1241"/>
    <region xml:id="r130" anchors="1218 1230"/>
    <region xml:id="r132" anchors="1231 1241"/>
    <region xml:id="r134" anchors="1246 1251"/>
    <region xml:id="r137" anchors="1255 1265"/>
    <region xml:id="r139" anchors="1273 1297"/>
    <region xml:id="r142" anchors="1278 1282"/>
    <region xml:id="r144" anchors="1298 1379"/>
    <region xml:id="r146" anchors="1317 1336"/>
    <region xml:id="r148" anchors="1379 1380"/>
    <region xml:id="r150" anchors="1390 1486"/>
    <region xml:id="r152" anchors="1390 1390"/>
    <region xml:id="r155" anchors="1394 1395"/>
    <region xml:id="r157" anchors="1396 1400"/>
    <region xml:id="r159" anchors="1406 1410"/>
    <region xml:id="r161" anchors="1411 1485"/>
    <region xml:id="r163" anchors="1444 1485"/>
    <region xml:id="r165" anchors="1485 1486"/>
    <region xml:id="r167" anchors="1496 1655"/>
    <region xml:id="r169" anchors="1496 1496"/>
    <region xml:id="r172" anchors="1537 1538"/>
    <region xml:id="r174" anchors="1539 1559"/>
    <region xml:id="r177" anchors="1560 1570"/>
    <region xml:id="r179" anchors="1594 1595"/>
    <region xml:id="r181" anchors="1596 1601"/>
    <region xml:id="r183" anchors="1602 1654"/>
    <region xml:id="r185" anchors="1602 1629"/>
    <region xml:id="r187" anchors="1637 1639"/>
    <region xml:id="r189" anchors="1654 1655"/>
    <region xml:id="r193" anchors="1679 1720"/>
    <region xml:id="r195" anchors="1679 1679"/>
    <region xml:id="r191" anchors="1679 1679"/>
    <region xml:id="r198" anchors="1719 1720"/>
    <region xml:id="r202" anchors="1744 1790"/>
    <region xml:id="r204" anchors="1744 1744"/>
    <region xml:id="r200" anchors="1744 1744"/>
    <region xml:id="r207" anchors="1789 1790"/>
    <region xml:id="r209" anchors="1800 1840"/>
    <region xml:id="r211" anchors="1800 1800"/>
    <region xml:id="r214" anchors="1839 1840"/>
    <region xml:id="r216" anchors="1850 1976"/>
    <region xml:id="r218" anchors="1850 1850"/>
    <region xml:id="r221" anchors="1975 1976"/>
    <region xml:id="r225" anchors="2000 2011"/>
    <region xml:id="r227" anchors="2000 2000"/>
    <region xml:id="r223" anchors="2000 2000"/>
    <region xml:id="r230" anchors="2010 2011"/>
    <region xml:id="r232" anchors="2011 2011"/>
    <node xml:id="n0">
        <link targets="r1"/>
    </node>
    <a label="split" ref="n0" as="mpqa"/>
    <node xml:id="n1">
        <link targets="r3"/>
    </node>
    <a label="direct-subjective" ref="n1" as="mpqa"/>
    <a label="agent" ref="n1" as="mpqa">
        <fs>
            <f name="id" value="w"/>
        </fs>
    </a>
    <a label="expressive-subjectivity" ref="n1" as="mpqa"/>
    <a label="agent" ref="n1" as="mpqa">
        <fs>
            <f name="id" value="implicit"/>
        </fs>
    </a>
    <node xml:id="n10">
        <link targets="r26"/>
    </node>
    <a label="inside" ref="n10" as="mpqa">
        <fs>
            <f name="nested-source" value="w"/>
        </fs>
    </a>
    <node xml:id="n100">
        <link targets="r230"/>
    </node>
    <a label="split" ref="n100" as="mpqa"/>
    <node xml:id="n101">
        <link targets="r232"/>
    </node>
    <a label="split" ref="n101" as="mpqa"/>
    <node xml:id="n11">
        <link targets="r28"/>
    </node>
    <a label="objective-speech-event" ref="n11" as="mpqa">
        <fs>
            <f name="implicit" value="true"/>
            <f name="nested-source" value="w"/>
        </fs>
    </a>
    <a label="objective-speech-event" ref="n11" as="mpqa">
        <fs>
            <f name="implicit" value="true"/>
            <f name="nested-source" value="w,br"/>
        </fs>
    </a>
    <node xml:id="n12">
        <link targets="r31"/>
    </node>
    <a label="split" ref="n12" as="mpqa"/>
    <node xml:id="n13">
        <link targets="r33"/>
    </node>
    <a label="inside" ref="n13" as="mpqa">
        <fs>
            <f name="nested-source" value="w"/>
        </fs>
    </a>
    <node xml:id="n14">
        <link targets="r35"/>
    </node>
    <a label="objective-speech-event" ref="n14" as="mpqa">
        <fs>
            <f name="implicit" value="true"/>
            <f name="nested-source" value="w"/>
        </fs>
    </a>
    <a label="objective-speech-event" ref="n14" as="mpqa">
        <fs>
            <f name="implicit" value="true"/>
            <f name="nested-source" value="w,br"/>
        </fs>
    </a>
    <node xml:id="n15">
        <link targets="r38"/>
    </node>
    <a label="split" ref="n15" as="mpqa"/>
    <node xml:id="n16">
        <link targets="r40"/>
    </node>
    <a label="inside" ref="n16" as="mpqa">
        <fs>
            <f name="nested-source" value="w"/>
        </fs>
    </a>
    <node xml:id="n17">
        <link targets="r42"/>
    </node>
    <a label="objective-speech-event" ref="n17" as="mpqa">
        <fs>
            <f name="implicit" value="true"/>
            <f name="nested-source" value="w"/>
        </fs>
    </a>
    <a label="objective-speech-event" ref="n17" as="mpqa">
        <fs>
            <f name="implicit" value="true"/>
            <f name="nested-source" value="w,br"/>
        </fs>
    </a>
    <node xml:id="n18">
        <link targets="r45"/>
    </node>
    <a label="agent" ref="n18" as="mpqa">
        <fs>
            <f name="nested-source" value="w,br"/>
        </fs>
    </a>
    <node xml:id="n19">
        <link targets="r47"/>
    </node>
    <a label="direct-subjective" ref="n19" as="mpqa">
        <fs>
            <f name="expression-intensity" value="low"/>
            <f name="intensity" value="low"/>
            <f name="attitude-link" value="ignorance"/>
            <f name="nested-source" value="w,br"/>
        </fs>
    </a>
    <a label="attitude" ref="n19" as="mpqa">
        <fs>
            <f name="id" value="ignorance"/>
            <f name="target-link" value="farmers"/>
            <f name="intensity" value="low"/>
            <f name="attitude-type" value="other-attitude"/>
        </fs>
    </a>
    <node xml:id="n2">
        <link targets="r8"/>
    </node>
    <a label="split" ref="n2" as="mpqa"/>
    <node xml:id="n20">
        <link targets="r50"/>
    </node>
    <a label="target" ref="n20" as="mpqa">
        <fs>
            <f name="id" value="farmers"/>
        </fs>
    </a>
    <node xml:id="n21">
        <link targets="r52"/>
    </node>
    <a label="agent" ref="n21" as="mpqa">
        <fs>
            <f name="id" value=""/>
            <f name="nested-source" value="w,br"/>
        </fs>
    </a>
    <node xml:id="n22">
        <link targets="r54"/>
    </node>
    <a label="direct-subjective" ref="n22" as="mpqa">
        <fs>
            <f name="nested-source" value="w,br"/>
            <f name="polarity" value=""/>
            <f name="attitude-link" value="knowledge"/>
            <f name="intensity" value="low"/>
            <f name="expression-intensity" value="low"/>
        </fs>
    </a>
    <a label="attitude" ref="n22" as="mpqa">
        <fs>
            <f name="id" value="knowledge"/>
            <f name="target-link" value="knownthings"/>
            <f name="intensity" value="low"/>
            <f name="attitude-type" value="other-attitude"/>
        </fs>
    </a>
    <node xml:id="n23">
        <link targets="r57"/>
    </node>
    <a label="target" ref="n23" as="mpqa">
        <fs>
            <f name="id" value="knownthings"/>
        </fs>
    </a>
    <node xml:id="n24">
        <link targets="r59"/>
    </node>
    <a label="split" ref="n24" as="mpqa"/>
    <node xml:id="n25">
        <link targets="r61"/>
    </node>
    <a label="inside" ref="n25" as="mpqa">
        <fs>
            <f name="nested-source" value="w"/>
        </fs>
    </a>
    <node xml:id="n26">
        <link targets="r63"/>
    </node>
    <a label="direct-subjective" ref="n26" as="mpqa">
        <fs>
            <f name="nested-source" value="w,br"/>
            <f name="attitude-link" value="app"/>
            <f name="intensity" value="low"/>
            <f name="expression-intensity" value="neutral"/>
            <f name="implicit" value="true"/>
        </fs>
    </a>
    <a label="objective-speech-event" ref="n26" as="mpqa">
        <fs>
            <f name="nested-source" value="w"/>
            <f name="objective-uncertain" value=""/>
            <f name="implicit" value="true"/>
        </fs>
    </a>
    <node xml:id="n27">
        <link targets="r66"/>
    </node>
    <a label="expressive-subjectivity" ref="n27" as="mpqa">
        <fs>
            <f name="intensity" value="low"/>
            <f name="nested-source" value="w,br"/>
        </fs>
    </a>
    <a label="attitude" ref="n27" as="mpqa">
        <fs>
            <f name="id" value="app"/>
            <f name="target-link" value="losemoney"/>
            <f name="intensity" value="low"/>
            <f name="attitude-type" value="speculation"/>
        </fs>
    </a>
    <node xml:id="n28">
        <link targets="r69"/>
    </node>
    <a label="target" ref="n28" as="mpqa">
        <fs>
            <f name="id" value="losemoney"/>
        </fs>
    </a>
    <node xml:id="n29">
        <link targets="r71"/>
    </node>
    <a label="split" ref="n29" as="mpqa"/>
    <node xml:id="n3">
        <link targets="r10"/>
    </node>
    <a label="inside" ref="n3" as="mpqa">
        <fs>
            <f name="nested-source" value="w"/>
        </fs>
    </a>
    <node xml:id="n30">
        <link targets="r73"/>
    </node>
    <a label="inside" ref="n30" as="mpqa">
        <fs>
            <f name="nested-source" value="w"/>
        </fs>
    </a>
    <node xml:id="n31">
        <link targets="r75"/>
    </node>
    <a label="objective-speech-event" ref="n31" as="mpqa">
        <fs>
            <f name="implicit" value="true"/>
            <f name="nested-source" value="w"/>
        </fs>
    </a>
    <a label="objective-speech-event" ref="n31" as="mpqa">
        <fs>
            <f name="nested-source" value="w,br"/>
        </fs>
    </a>
    <node xml:id="n32">
        <link targets="r78"/>
    </node>
    <a label="agent" ref="n32" as="mpqa">
        <fs>
            <f name="id" value="grandfather"/>
        </fs>
    </a>
    <node xml:id="n33">
        <link targets="r80"/>
    </node>
    <a label="split" ref="n33" as="mpqa"/>
    <node xml:id="n34">
        <link targets="r82"/>
    </node>
    <a label="inside" ref="n34" as="mpqa">
        <fs>
            <f name="nested-source" value="w"/>
        </fs>
    </a>
    <node xml:id="n35">
        <link targets="r84"/>
    </node>
    <a label="objective-speech-event" ref="n35" as="mpqa">
        <fs>
            <f name="implicit" value="true"/>
            <f name="nested-source" value="w"/>
        </fs>
    </a>
    <a label="objective-speech-event" ref="n35" as="mpqa">
        <fs>
            <f name="implicit" value="true"/>
            <f name="nested-source" value="w,br"/>
        </fs>
    </a>
    <node xml:id="n36">
        <link targets="r87"/>
    </node>
    <a label="agent" ref="n36" as="mpqa">
        <fs>
            <f name="id" value="grandparents"/>
        </fs>
    </a>
    <node xml:id="n37">
        <link targets="r89"/>
    </node>
    <a label="target" ref="n37" as="mpqa">
        <fs>
            <f name="id" value="7c"/>
        </fs>
    </a>
    <node xml:id="n38">
        <link targets="r91"/>
    </node>
    <a label="agent" ref="n38" as="mpqa">
        <fs>
            <f name="nested-source" value="w,br,br"/>
        </fs>
    </a>
    <node xml:id="n39">
        <link targets="r93"/>
    </node>
    <a label="direct-subjective" ref="n39" as="mpqa">
        <fs>
            <f name="nested-source" value="w,br,br"/>
        </fs>
    </a>
    <a label="attitude" ref="n39" as="mpqa">
        <fs>
            <f name="id" value="unsure"/>
            <f name="target-link" value="7c"/>
            <f name="intensity" value="low"/>
            <f name="attitude-type" value="speculation"/>
        </fs>
    </a>
    <node xml:id="n4">
        <link targets="r12"/>
    </node>
    <a label="objective-speech-event" ref="n4" as="mpqa">
        <fs>
            <f name="implicit" value="true"/>
            <f name="nested-source" value="w"/>
        </fs>
    </a>
    <a label="objective-speech-event" ref="n4" as="mpqa">
        <fs>
            <f name="implicit" value="true"/>
            <f name="nested-source" value="w,br"/>
        </fs>
    </a>
    <node xml:id="n40">
        <link targets="r96"/>
    </node>
    <a label="split" ref="n40" as="mpqa"/>
    <node xml:id="n41">
        <link targets="r98"/>
    </node>
    <a label="inside" ref="n41" as="mpqa">
        <fs>
            <f name="nested-source" value="w"/>
        </fs>
    </a>
    <node xml:id="n42">
        <link targets="r100"/>
    </node>
    <a label="objective-speech-event" ref="n42" as="mpqa">
        <fs>
            <f name="implicit" value="true"/>
            <f name="nested-source" value="w"/>
        </fs>
    </a>
    <a label="direct-subjective" ref="n42" as="mpqa">
        <fs>
            <f name="nested-source" value="w,br,grandparents"/>
            <f name="attitude-link" value="diff"/>
            <f name="expression-intensity" value="neutral"/>
            <f name="intensity" value="high"/>
            <f name="implicit" value="true"/>
        </fs>
    </a>
    <a label="objective-speech-event" ref="n42" as="mpqa">
        <fs>
            <f name="implicit" value="true"/>
            <f name="nested-source" value="w,br"/>
        </fs>
    </a>
    <node xml:id="n43">
        <link targets="r104"/>
    </node>
    <a label="target" ref="n43" as="mpqa">
        <fs>
            <f name="id" value="matters"/>
        </fs>
    </a>
    <node xml:id="n44">
        <link targets="r106"/>
    </node>
    <a label="attitude" ref="n44" as="mpqa">
        <fs>
            <f name="attitude-uncertain" value="very-uncertain"/>
            <f name="attitude-type" value="sentiment-neg"/>
            <f name="intensity" value="medium-high"/>
            <f name="target-link" value="matters"/>
            <f name="id" value="diff"/>
        </fs>
    </a>
    <node xml:id="n45">
        <link targets="r108"/>
    </node>
    <a label="expressive-subjectivity" ref="n45" as="mpqa">
        <fs>
            <f name="nested-source" value="w,br,implicit"/>
            <f name="polarity" value="negative"/>
            <f name="intensity" value="high"/>
        </fs>
    </a>
    <node xml:id="n46">
        <link targets="r110"/>
    </node>
    <a label="split" ref="n46" as="mpqa"/>
    <node xml:id="n47">
        <link targets="r112"/>
    </node>
    <a label="inside" ref="n47" as="mpqa">
        <fs>
            <f name="nested-source" value="w"/>
        </fs>
    </a>
    <node xml:id="n48">
        <link targets="r114"/>
    </node>
    <a label="direct-subjective" ref="n48" as="mpqa">
        <fs>
            <f name="nested-source" value="w,br"/>
            <f name="attitude-link" value="mustabin"/>
            <f name="implicit" value="true"/>
            <f name="intensity" value="medium"/>
            <f name="expression-intensity" value="neutral"/>
        </fs>
    </a>
    <a label="objective-speech-event" ref="n48" as="mpqa">
        <fs>
            <f name="implicit" value="true"/>
            <f name="nested-source" value="w"/>
        </fs>
    </a>
    <node xml:id="n49">
        <link targets="r117"/>
    </node>
    <a label="target" ref="n49" as="mpqa">
        <fs>
            <f name="id" value="bepos"/>
        </fs>
    </a>
    <node xml:id="n5">
        <link targets="r15"/>
    </node>
    <a label="agent" ref="n5" as="mpqa">
        <fs>
            <f name="id" value="br"/>
        </fs>
    </a>
    <node xml:id="n50">
        <link targets="r119"/>
    </node>
    <a label="expressive-subjectivity" ref="n50" as="mpqa">
        <fs>
            <f name="intensity" value="high"/>
            <f name="nested-source" value="w,br"/>
        </fs>
    </a>
    <a label="attitude" ref="n50" as="mpqa">
        <fs>
            <f name="id" value="mustabin"/>
            <f name="target-link" value="bepos"/>
            <f name="intensity" value="high"/>
            <f name="attitude-type" value="speculation"/>
        </fs>
    </a>
    <node xml:id="n51">
        <link targets="r122"/>
    </node>
    <a label="agent" ref="n51" as="mpqa">
        <fs>
            <f name="nested-source" value="w,br,grandfather"/>
        </fs>
    </a>
    <node xml:id="n52">
        <link targets="r124"/>
    </node>
    <a label="objective-speech-event" ref="n52" as="mpqa">
        <fs>
            <f name="nested-source" value="w,br,grandfather"/>
        </fs>
    </a>
    <node xml:id="n53">
        <link targets="r126"/>
    </node>
    <a label="target" ref="n53" as="mpqa">
        <fs>
            <f name="id" value="this"/>
        </fs>
    </a>
    <node xml:id="n54">
        <link targets="r128"/>
    </node>
    <a label="attitude" ref="n54" as="mpqa">
        <fs>
            <f name="id" value="happiness"/>
            <f name="target-link" value="this"/>
            <f name="intensity" value="medium"/>
            <f name="attitude-type" value="sentiment-pos"/>
        </fs>
    </a>
    <node xml:id="n55">
        <link targets="r130"/>
    </node>
    <a label="agent" ref="n55" as="mpqa">
        <fs>
            <f name="id" value="children"/>
            <f name="nested-source" value="w,br,children"/>
        </fs>
    </a>
    <node xml:id="n56">
        <link targets="r132"/>
    </node>
    <a label="direct-subjective" ref="n56" as="mpqa">
        <fs>
            <f name="nested-source" value="w,br,children"/>
            <f name="polarity" value="positive"/>
            <f name="attitude-link" value="happiness"/>
            <f name="expression-intensity" value="medium"/>
            <f name="intensity" value="medium"/>
        </fs>
    </a>
    <node xml:id="n57">
        <link targets="r134"/>
    </node>
    <a label="direct-subjective" ref="n57" as="mpqa">
        <fs>
            <f name="expression-intensity" value="medium"/>
            <f name="intensity" value="medium"/>
            <f name="attitude-link" value="pride"/>
            <f name="nested-source" value="w,br,children"/>
        </fs>
    </a>
    <a label="attitude" ref="n57" as="mpqa">
        <fs>
            <f name="id" value="pride"/>
            <f name="target-link" value="selves"/>
            <f name="intensity" value="medium"/>
            <f name="attitude-type" value="sentiment-pos"/>
        </fs>
    </a>
    <node xml:id="n58">
        <link targets="r137"/>
    </node>
    <a label="target" ref="n58" as="mpqa">
        <fs>
            <f name="id" value="selves"/>
        </fs>
    </a>
    <node xml:id="n59">
        <link targets="r139"/>
    </node>
    <a label="direct-subjective" ref="n59" as="mpqa">
        <fs>
            <f name="nested-source" value="w,br,children"/>
            <f name="polarity" value="positive"/>
            <f name="attitude-link" value="goodfeeling"/>
            <f name="expression-intensity" value="medium"/>
            <f name="intensity" value="medium"/>
        </fs>
    </a>
    <a label="attitude" ref="n59" as="mpqa">
        <fs>
            <f name="id" value="goodfeeling"/>
            <f name="target-link" value="donice"/>
            <f name="intensity" value="medium"/>
            <f name="attitude-type" value="sentiment-pos"/>
        </fs>
    </a>
    <node xml:id="n6">
        <link targets="r17"/>
    </node>
    <a label="split" ref="n6" as="mpqa"/>
    <node xml:id="n60">
        <link targets="r142"/>
    </node>
    <a label="agent" ref="n60" as="mpqa">
        <fs>
            <f name="nested-source" value="w,br,children"/>
        </fs>
    </a>
    <node xml:id="n61">
        <link targets="r144"/>
    </node>
    <a label="target" ref="n61" as="mpqa">
        <fs>
            <f name="id" value="donice"/>
        </fs>
    </a>
    <node xml:id="n62">
        <link targets="r146"/>
    </node>
    <a label="expressive-subjectivity" ref="n62" as="mpqa">
        <fs>
            <f name="nested-source" value="w,br"/>
            <f name="polarity" value="positive"/>
            <f name="intensity" value="high"/>
        </fs>
    </a>
    <node xml:id="n63">
        <link targets="r148"/>
    </node>
    <a label="split" ref="n63" as="mpqa"/>
    <node xml:id="n64">
        <link targets="r150"/>
    </node>
    <a label="inside" ref="n64" as="mpqa">
        <fs>
            <f name="nested-source" value="w"/>
        </fs>
    </a>
    <node xml:id="n65">
        <link targets="r152"/>
    </node>
    <a label="objective-speech-event" ref="n65" as="mpqa">
        <fs>
            <f name="implicit" value="true"/>
            <f name="nested-source" value="w"/>
        </fs>
    </a>
    <a label="objective-speech-event" ref="n65" as="mpqa">
        <fs>
            <f name="implicit" value="true"/>
            <f name="nested-source" value="w,br"/>
        </fs>
    </a>
    <node xml:id="n66">
        <link targets="r155"/>
    </node>
    <a label="agent" ref="n66" as="mpqa">
        <fs>
            <f name="nested-source" value="w,br"/>
        </fs>
    </a>
    <node xml:id="n67">
        <link targets="r157"/>
    </node>
    <a label="direct-subjective" ref="n67" as="mpqa">
        <fs>
            <f name="intensity" value="medium"/>
            <f name="expression-intensity" value="neutral"/>
            <f name="attitude-link" value="waytogo"/>
            <f name="nested-source" value="w,br"/>
        </fs>
    </a>
    <node xml:id="n68">
        <link targets="r159"/>
    </node>
    <a label="target" ref="n68" as="mpqa">
        <fs>
            <f name="id" value="thatthere"/>
        </fs>
    </a>
    <node xml:id="n69">
        <link targets="r161"/>
    </node>
    <a label="attitude" ref="n69" as="mpqa">
        <fs>
            <f name="id" value="waytogo"/>
            <f name="target-link" value="thatthere"/>
            <f name="intensity" value="medium"/>
            <f name="attitude-type" value="sentiment-pos"/>
        </fs>
    </a>
    <node xml:id="n7">
        <link targets="r19"/>
    </node>
    <a label="inside" ref="n7" as="mpqa">
        <fs>
            <f name="nested-source" value="w"/>
        </fs>
    </a>
    <node xml:id="n70">
        <link targets="r163"/>
    </node>
    <a label="expressive-subjectivity" ref="n70" as="mpqa">
        <fs>
            <f name="nested-source" value="w,br,implicit"/>
            <f name="polarity" value="positive"/>
            <f name="intensity" value="high"/>
        </fs>
    </a>
    <node xml:id="n71">
        <link targets="r165"/>
    </node>
    <a label="split" ref="n71" as="mpqa"/>
    <node xml:id="n72">
        <link targets="r167"/>
    </node>
    <a label="inside" ref="n72" as="mpqa">
        <fs>
            <f name="nested-source" value="w"/>
        </fs>
    </a>
    <node xml:id="n73">
        <link targets="r169"/>
    </node>
    <a label="objective-speech-event" ref="n73" as="mpqa">
        <fs>
            <f name="implicit" value="true"/>
            <f name="nested-source" value="w"/>
        </fs>
    </a>
    <a label="objective-speech-event" ref="n73" as="mpqa">
        <fs>
            <f name="implicit" value="true"/>
            <f name="nested-source" value="w,br"/>
        </fs>
    </a>
    <node xml:id="n74">
        <link targets="r172"/>
    </node>
    <a label="agent" ref="n74" as="mpqa">
        <fs>
            <f name="id" value=""/>
            <f name="nested-source" value="w,br"/>
        </fs>
    </a>
    <node xml:id="n75">
        <link targets="r174"/>
    </node>
    <a label="direct-subjective" ref="n75" as="mpqa">
        <fs>
            <f name="expression-intensity" value="medium"/>
            <f name="intensity" value="medium"/>
            <f name="attitude-link" value="alwaysremember"/>
            <f name="nested-source" value="w,br"/>
        </fs>
    </a>
    <a label="attitude" ref="n75" as="mpqa">
        <fs>
            <f name="id" value="alwaysremember"/>
            <f name="target-link" value="thatstory"/>
            <f name="intensity" value="medium"/>
            <f name="attitude-type" value="other-attitude"/>
        </fs>
    </a>
    <node xml:id="n76">
        <link targets="r177"/>
    </node>
    <a label="target" ref="n76" as="mpqa">
        <fs>
            <f name="id" value="thatstory"/>
        </fs>
    </a>
    <node xml:id="n77">
        <link targets="r179"/>
    </node>
    <a label="agent" ref="n77" as="mpqa">
        <fs>
            <f name="nested-source" value="w,br"/>
        </fs>
    </a>
    <node xml:id="n78">
        <link targets="r181"/>
    </node>
    <a label="direct-subjective" ref="n78" as="mpqa">
        <fs>
            <f name="nested-source" value="w,br"/>
            <f name="polarity" value="positive"/>
            <f name="attitude-link" value="howwonderful"/>
            <f name="expression-intensity" value="neutral"/>
            <f name="intensity" value="high"/>
        </fs>
    </a>
    <node xml:id="n79">
        <link targets="r183"/>
    </node>
    <a label="attitude" ref="n79" as="mpqa">
        <fs>
            <f name="id" value="howwonderful"/>
            <f name="target-link" value="myg"/>
            <f name="intensity" value="high"/>
            <f name="attitude-type" value="sentiment-pos"/>
        </fs>
    </a>
    <node xml:id="n8">
        <link targets="r21"/>
    </node>
    <a label="objective-speech-event" ref="n8" as="mpqa">
        <fs>
            <f name="implicit" value="true"/>
            <f name="nested-source" value="w"/>
        </fs>
    </a>
    <a label="objective-speech-event" ref="n8" as="mpqa">
        <fs>
            <f name="implicit" value="true"/>
            <f name="nested-source" value="w,br"/>
        </fs>
    </a>
    <node xml:id="n80">
        <link targets="r185"/>
    </node>
    <a label="expressive-subjectivity" ref="n80" as="mpqa">
        <fs>
            <f name="polarity" value="positive"/>
            <f name="nested-source" value="w,br,br"/>
        </fs>
    </a>
    <node xml:id="n81">
        <link targets="r187"/>
    </node>
    <a label="target" ref="n81" as="mpqa">
        <fs>
            <f name="id" value="myg"/>
        </fs>
    </a>
    <node xml:id="n82">
        <link targets="r189"/>
    </node>
    <a label="split" ref="n82" as="mpqa"/>
    <node xml:id="n83">
        <link targets="r191"/>
    </node>
    <a label="split" ref="n83" as="mpqa"/>
    <node xml:id="n84">
        <link targets="r193"/>
    </node>
    <a label="inside" ref="n84" as="mpqa">
        <fs>
            <f name="nested-source" value="w"/>
        </fs>
    </a>
    <node xml:id="n85">
        <link targets="r195"/>
    </node>
    <a label="objective-speech-event" ref="n85" as="mpqa">
        <fs>
            <f name="implicit" value="true"/>
            <f name="nested-source" value="w"/>
        </fs>
    </a>
    <a label="objective-speech-event" ref="n85" as="mpqa">
        <fs>
            <f name="implicit" value="true"/>
            <f name="nested-source" value="w,personb"/>
        </fs>
    </a>
    <node xml:id="n86">
        <link targets="r198"/>
    </node>
    <a label="split" ref="n86" as="mpqa"/>
    <node xml:id="n87">
        <link targets="r200"/>
    </node>
    <a label="split" ref="n87" as="mpqa"/>
    <node xml:id="n88">
        <link targets="r202"/>
    </node>
    <a label="inside" ref="n88" as="mpqa">
        <fs>
            <f name="nested-source" value="w"/>
        </fs>
    </a>
    <node xml:id="n89">
        <link targets="r204"/>
    </node>
    <a label="objective-speech-event" ref="n89" as="mpqa">
        <fs>
            <f name="implicit" value="true"/>
            <f name="nested-source" value="w"/>
        </fs>
    </a>
    <a label="objective-speech-event" ref="n89" as="mpqa">
        <fs>
            <f name="implicit" value="true"/>
            <f name="nested-source" value="w,br"/>
        </fs>
    </a>
    <node xml:id="n9">
        <link targets="r24"/>
    </node>
    <a label="split" ref="n9" as="mpqa"/>
    <node xml:id="n90">
        <link targets="r207"/>
    </node>
    <a label="split" ref="n90" as="mpqa"/>
    <node xml:id="n91">
        <link targets="r209"/>
    </node>
    <a label="inside" ref="n91" as="mpqa">
        <fs>
            <f name="nested-source" value="w"/>
        </fs>
    </a>
    <node xml:id="n92">
        <link targets="r211"/>
    </node>
    <a label="objective-speech-event" ref="n92" as="mpqa">
        <fs>
            <f name="implicit" value="true"/>
            <f name="nested-source" value="w"/>
        </fs>
    </a>
    <a label="objective-speech-event" ref="n92" as="mpqa">
        <fs>
            <f name="implicit" value="true"/>
            <f name="nested-source" value="w,br"/>
        </fs>
    </a>
    <node xml:id="n93">
        <link targets="r214"/>
    </node>
    <a label="split" ref="n93" as="mpqa"/>
    <node xml:id="n94">
        <link targets="r216"/>
    </node>
    <a label="inside" ref="n94" as="mpqa">
        <fs>
            <f name="nested-source" value="w"/>
        </fs>
    </a>
    <node xml:id="n95">
        <link targets="r218"/>
    </node>
    <a label="objective-speech-event" ref="n95" as="mpqa">
        <fs>
            <f name="implicit" value="true"/>
            <f name="nested-source" value="w"/>
        </fs>
    </a>
    <a label="objective-speech-event" ref="n95" as="mpqa">
        <fs>
            <f name="implicit" value="true"/>
            <f name="nested-source" value="w,br"/>
        </fs>
    </a>
    <node xml:id="n96">
        <link targets="r221"/>
    </node>
    <a label="split" ref="n96" as="mpqa"/>
    <node xml:id="n97">
        <link targets="r223"/>
    </node>
    <a label="split" ref="n97" as="mpqa"/>
    <node xml:id="n98">
        <link targets="r225"/>
    </node>
    <a label="inside" ref="n98" as="mpqa">
        <fs>
            <f name="nested-source" value="w"/>
        </fs>
    </a>
    <node xml:id="n99">
        <link targets="r227"/>
    </node>
    <a label="objective-speech-event" ref="n99" as="mpqa">
        <fs>
            <f name="implicit" value="true"/>
            <f name="nested-source" value="w"/>
        </fs>
    </a>
    <a label="objective-speech-event" ref="n99" as="mpqa">
        <fs>
            <f name="nested-source" value="w,personb"/>
        </fs>
    </a>
</graph>
