<?xml version="1.0" encoding="UTF-8"?>
<graph xmlns="http://www.xces.org/ns/GrAF/1.0/">
    <header>
        <tagsDecl>
            <tagUsage gi="u" occurs="17"/>
        </tagsDecl>
        <annotationSets>
            <annotationSet name="xces" type="http://www.xces.org/schema/2003"/>
        </annotationSets>
    </header>
    <region xml:id="s-r0" anchors="25 137"/>
    <node xml:id="s-n0">
        <link targets="s-r0"/>
    </node>
    <a label="u" ref="s-n0" as="xces">
        <fs>
            <f name="id" value="t1u1"/>
        </fs>
    </a>
    <region xml:id="s-r1" anchors="147 177"/>
    <node xml:id="s-n1">
        <link targets="s-r1"/>
    </node>
    <a label="u" ref="s-n1" as="xces">
        <fs>
            <f name="id" value="t1u2"/>
        </fs>
    </a>
    <region xml:id="s-r2" anchors="187 255"/>
    <node xml:id="s-n2">
        <link targets="s-r2"/>
    </node>
    <a label="u" ref="s-n2" as="xces">
        <fs>
            <f name="id" value="t1u3"/>
        </fs>
    </a>
    <region xml:id="s-r3" anchors="265 311"/>
    <node xml:id="s-n3">
        <link targets="s-r3"/>
    </node>
    <a label="u" ref="s-n3" as="xces">
        <fs>
            <f name="id" value="t1u4"/>
        </fs>
    </a>
    <region xml:id="s-r4" anchors="321 462"/>
    <node xml:id="s-n4">
        <link targets="s-r4"/>
    </node>
    <a label="u" ref="s-n4" as="xces">
        <fs>
            <f name="id" value="t1u5"/>
        </fs>
    </a>
    <region xml:id="s-r5" anchors="472 546"/>
    <node xml:id="s-n5">
        <link targets="s-r5"/>
    </node>
    <a label="u" ref="s-n5" as="xces">
        <fs>
            <f name="id" value="t1u6"/>
        </fs>
    </a>
    <region xml:id="s-r6" anchors="556 646"/>
    <node xml:id="s-n6">
        <link targets="s-r6"/>
    </node>
    <a label="u" ref="s-n6" as="xces">
        <fs>
            <f name="id" value="t1u7"/>
        </fs>
    </a>
    <region xml:id="s-r7" anchors="656 733"/>
    <node xml:id="s-n7">
        <link targets="s-r7"/>
    </node>
    <a label="u" ref="s-n7" as="xces">
        <fs>
            <f name="id" value="t1u8"/>
        </fs>
    </a>
    <region xml:id="s-r8" anchors="743 806"/>
    <node xml:id="s-n8">
        <link targets="s-r8"/>
    </node>
    <a label="u" ref="s-n8" as="xces">
        <fs>
            <f name="id" value="t1u9"/>
        </fs>
    </a>
    <region xml:id="s-r9" anchors="816 1380"/>
    <node xml:id="s-n9">
        <link targets="s-r9"/>
    </node>
    <a label="u" ref="s-n9" as="xces">
        <fs>
            <f name="id" value="t1u10"/>
        </fs>
    </a>
    <region xml:id="s-r10" anchors="1390 1486"/>
    <node xml:id="s-n10">
        <link targets="s-r10"/>
    </node>
    <a label="u" ref="s-n10" as="xces">
        <fs>
            <f name="id" value="t1u11"/>
        </fs>
    </a>
    <region xml:id="s-r11" anchors="1496 1655"/>
    <node xml:id="s-n11">
        <link targets="s-r11"/>
    </node>
    <a label="u" ref="s-n11" as="xces">
        <fs>
            <f name="id" value="t1u12"/>
        </fs>
    </a>
    <region xml:id="s-r12" anchors="1679 1720"/>
    <node xml:id="s-n12">
        <link targets="s-r12"/>
    </node>
    <a label="u" ref="s-n12" as="xces">
        <fs>
            <f name="id" value="t2u1"/>
        </fs>
    </a>
    <region xml:id="s-r13" anchors="1744 1790"/>
    <node xml:id="s-n13">
        <link targets="s-r13"/>
    </node>
    <a label="u" ref="s-n13" as="xces">
        <fs>
            <f name="id" value="t3u1"/>
        </fs>
    </a>
    <region xml:id="s-r14" anchors="1800 1840"/>
    <node xml:id="s-n14">
        <link targets="s-r14"/>
    </node>
    <a label="u" ref="s-n14" as="xces">
        <fs>
            <f name="id" value="t3u2"/>
        </fs>
    </a>
    <region xml:id="s-r15" anchors="1850 1976"/>
    <node xml:id="s-n15">
        <link targets="s-r15"/>
    </node>
    <a label="u" ref="s-n15" as="xces">
        <fs>
            <f name="id" value="t3u3"/>
        </fs>
    </a>
    <region xml:id="s-r16" anchors="2000 2011"/>
    <node xml:id="s-n16">
        <link targets="s-r16"/>
    </node>
    <a label="u" ref="s-n16" as="xces">
        <fs>
            <f name="id" value="t4u1"/>
        </fs>
    </a>
</graph>
