<?xml version="1.0" encoding="UTF-8"?>
<graph xmlns="http://www.xces.org/ns/GrAF/1.0/">
    <header>
        <tagsDecl>
        </tagsDecl>
    </header>
    <region xml:id="seg-r0" anchors="25 27"/>
    <region xml:id="seg-r2" anchors="28 32"/>
    <region xml:id="seg-r4" anchors="33 35"/>
    <region xml:id="seg-r6" anchors="36 42"/>
    <region xml:id="seg-r8" anchors="43 50"/>
    <region xml:id="seg-r10" anchors="51 54"/>
    <region xml:id="seg-r12" anchors="55 56"/>
    <region xml:id="seg-r14" anchors="57 60"/>
    <region xml:id="seg-r16" anchors="61 65"/>
    <region xml:id="seg-r18" anchors="66 68"/>
    <region xml:id="seg-r20" anchors="69 72"/>
    <region xml:id="seg-r22" anchors="73 80"/>
    <region xml:id="seg-r23" anchors="80 81"/>
    <region xml:id="seg-r25" anchors="82 84"/>
    <region xml:id="seg-r26" anchors="84 85"/>
    <region xml:id="seg-r28" anchors="86 89"/>
    <region xml:id="seg-r30" anchors="90 93"/>
    <region xml:id="seg-r32" anchors="94 99"/>
    <region xml:id="seg-r34" anchors="100 101"/>
    <region xml:id="seg-r35" anchors="101 103"/>
    <region xml:id="seg-r37" anchors="104 109"/>
    <region xml:id="seg-r39" anchors="110 112"/>
    <region xml:id="seg-r41" anchors="113 117"/>
    <region xml:id="seg-r43" anchors="118 120"/>
    <region xml:id="seg-r45" anchors="121 126"/>
    <region xml:id="seg-r47" anchors="127 129"/>
    <region xml:id="seg-r49" anchors="130 136"/>
    <region xml:id="seg-r50" anchors="136 137"/>
    <region xml:id="seg-r52" anchors="147 149"/>
    <region xml:id="seg-r53" anchors="149 150"/>
    <region xml:id="seg-r55" anchors="151 152"/>
    <region xml:id="seg-r57" anchors="153 159"/>
    <region xml:id="seg-r59" anchors="160 170"/>
    <region xml:id="seg-r61" anchors="171 176"/>
    <region xml:id="seg-r62" anchors="176 177"/>
    <region xml:id="seg-r64" anchors="187 190"/>
    <region xml:id="seg-r65" anchors="190 191"/>
    <region xml:id="seg-r67" anchors="192 195"/>
    <region xml:id="seg-r68" anchors="195 197"/>
    <region xml:id="seg-r70" anchors="198 201"/>
    <region xml:id="seg-r71" anchors="201 202"/>
    <region xml:id="seg-r73" anchors="203 206"/>
    <region xml:id="seg-r75" anchors="207 213"/>
    <region xml:id="seg-r76" anchors="213 215"/>
    <region xml:id="seg-r78" anchors="216 222"/>
    <region xml:id="seg-r80" anchors="223 227"/>
    <region xml:id="seg-r82" anchors="228 235"/>
    <region xml:id="seg-r84" anchors="236 242"/>
    <region xml:id="seg-r86" anchors="243 245"/>
    <region xml:id="seg-r88" anchors="246 249"/>
    <region xml:id="seg-r90" anchors="250 254"/>
    <region xml:id="seg-r91" anchors="254 255"/>
    <region xml:id="seg-r93" anchors="265 269"/>
    <region xml:id="seg-r95" anchors="270 275"/>
    <region xml:id="seg-r97" anchors="276 279"/>
    <region xml:id="seg-r99" anchors="280 291"/>
    <region xml:id="seg-r101" anchors="292 295"/>
    <region xml:id="seg-r103" anchors="296 305"/>
    <region xml:id="seg-r105" anchors="306 310"/>
    <region xml:id="seg-r106" anchors="310 311"/>
    <region xml:id="seg-r108" anchors="321 323"/>
    <region xml:id="seg-r109" anchors="323 324"/>
    <region xml:id="seg-r111" anchors="325 326"/>
    <region xml:id="seg-r113" anchors="327 329"/>
    <region xml:id="seg-r114" anchors="329 332"/>
    <region xml:id="seg-r116" anchors="333 337"/>
    <region xml:id="seg-r118" anchors="338 340"/>
    <region xml:id="seg-r120" anchors="341 345"/>
    <region xml:id="seg-r122" anchors="346 350"/>
    <region xml:id="seg-r124" anchors="351 358"/>
    <region xml:id="seg-r126" anchors="359 361"/>
    <region xml:id="seg-r128" anchors="362 365"/>
    <region xml:id="seg-r129" anchors="365 366"/>
    <region xml:id="seg-r131" anchors="367 370"/>
    <region xml:id="seg-r133" anchors="371 372"/>
    <region xml:id="seg-r135" anchors="373 377"/>
    <region xml:id="seg-r137" anchors="378 382"/>
    <region xml:id="seg-r139" anchors="383 387"/>
    <region xml:id="seg-r141" anchors="388 392"/>
    <region xml:id="seg-r143" anchors="393 399"/>
    <region xml:id="seg-r144" anchors="399 400"/>
    <region xml:id="seg-r146" anchors="401 403"/>
    <region xml:id="seg-r147" anchors="403 404"/>
    <region xml:id="seg-r149" anchors="405 409"/>
    <region xml:id="seg-r151" anchors="410 415"/>
    <region xml:id="seg-r153" anchors="416 419"/>
    <region xml:id="seg-r154" anchors="419 420"/>
    <region xml:id="seg-r156" anchors="421 423"/>
    <region xml:id="seg-r157" anchors="423 424"/>
    <region xml:id="seg-r159" anchors="425 428"/>
    <region xml:id="seg-r161" anchors="429 440"/>
    <region xml:id="seg-r163" anchors="441 444"/>
    <region xml:id="seg-r165" anchors="445 451"/>
    <region xml:id="seg-r167" anchors="452 454"/>
    <region xml:id="seg-r169" anchors="455 461"/>
    <region xml:id="seg-r170" anchors="461 462"/>
    <region xml:id="seg-r172" anchors="472 474"/>
    <region xml:id="seg-r173" anchors="474 475"/>
    <region xml:id="seg-r175" anchors="476 480"/>
    <region xml:id="seg-r177" anchors="481 484"/>
    <region xml:id="seg-r179" anchors="485 495"/>
    <region xml:id="seg-r181" anchors="496 500"/>
    <region xml:id="seg-r183" anchors="501 504"/>
    <region xml:id="seg-r185" anchors="505 515"/>
    <region xml:id="seg-r187" anchors="516 524"/>
    <region xml:id="seg-r189" anchors="525 529"/>
    <region xml:id="seg-r191" anchors="530 533"/>
    <region xml:id="seg-r193" anchors="534 539"/>
    <region xml:id="seg-r195" anchors="540 545"/>
    <region xml:id="seg-r196" anchors="545 546"/>
    <region xml:id="seg-r198" anchors="556 558"/>
    <region xml:id="seg-r199" anchors="558 559"/>
    <region xml:id="seg-r201" anchors="560 563"/>
    <region xml:id="seg-r203" anchors="564 567"/>
    <region xml:id="seg-r205" anchors="568 574"/>
    <region xml:id="seg-r207" anchors="575 577"/>
    <region xml:id="seg-r209" anchors="578 580"/>
    <region xml:id="seg-r210" anchors="580 581"/>
    <region xml:id="seg-r212" anchors="582 585"/>
    <region xml:id="seg-r214" anchors="586 589"/>
    <region xml:id="seg-r216" anchors="590 597"/>
    <region xml:id="seg-r218" anchors="598 599"/>
    <region xml:id="seg-r220" anchors="600 603"/>
    <region xml:id="seg-r221" anchors="603 604"/>
    <region xml:id="seg-r223" anchors="605 609"/>
    <region xml:id="seg-r225" anchors="610 612"/>
    <region xml:id="seg-r227" anchors="613 615"/>
    <region xml:id="seg-r229" anchors="616 627"/>
    <region xml:id="seg-r231" anchors="628 629"/>
    <region xml:id="seg-r232" anchors="629 631"/>
    <region xml:id="seg-r234" anchors="632 639"/>
    <region xml:id="seg-r236" anchors="640 645"/>
    <region xml:id="seg-r237" anchors="645 646"/>
    <region xml:id="seg-r239" anchors="656 659"/>
    <region xml:id="seg-r241" anchors="660 664"/>
    <region xml:id="seg-r243" anchors="665 669"/>
    <region xml:id="seg-r245" anchors="670 674"/>
    <region xml:id="seg-r247" anchors="675 679"/>
    <region xml:id="seg-r249" anchors="680 682"/>
    <region xml:id="seg-r251" anchors="683 687"/>
    <region xml:id="seg-r253" anchors="688 693"/>
    <region xml:id="seg-r254" anchors="693 694"/>
    <region xml:id="seg-r256" anchors="695 698"/>
    <region xml:id="seg-r258" anchors="699 703"/>
    <region xml:id="seg-r260" anchors="704 707"/>
    <region xml:id="seg-r261" anchors="707 708"/>
    <region xml:id="seg-r263" anchors="709 710"/>
    <region xml:id="seg-r265" anchors="711 716"/>
    <region xml:id="seg-r266" anchors="716 717"/>
    <region xml:id="seg-r268" anchors="718 723"/>
    <region xml:id="seg-r270" anchors="724 732"/>
    <region xml:id="seg-r271" anchors="732 733"/>
    <region xml:id="seg-r273" anchors="743 746"/>
    <region xml:id="seg-r275" anchors="747 750"/>
    <region xml:id="seg-r277" anchors="751 761"/>
    <region xml:id="seg-r279" anchors="762 771"/>
    <region xml:id="seg-r280" anchors="771 772"/>
    <region xml:id="seg-r282" anchors="773 779"/>
    <region xml:id="seg-r284" anchors="780 784"/>
    <region xml:id="seg-r286" anchors="785 789"/>
    <region xml:id="seg-r287" anchors="789 790"/>
    <region xml:id="seg-r289" anchors="791 795"/>
    <region xml:id="seg-r291" anchors="796 805"/>
    <region xml:id="seg-r292" anchors="805 806"/>
    <region xml:id="seg-r294" anchors="816 821"/>
    <region xml:id="seg-r296" anchors="822 825"/>
    <region xml:id="seg-r298" anchors="826 828"/>
    <region xml:id="seg-r300" anchors="829 834"/>
    <region xml:id="seg-r302" anchors="835 837"/>
    <region xml:id="seg-r304" anchors="838 841"/>
    <region xml:id="seg-r306" anchors="842 845"/>
    <region xml:id="seg-r308" anchors="846 854"/>
    <region xml:id="seg-r310" anchors="855 857"/>
    <region xml:id="seg-r312" anchors="858 861"/>
    <region xml:id="seg-r313" anchors="861 862"/>
    <region xml:id="seg-r315" anchors="863 865"/>
    <region xml:id="seg-r316" anchors="865 866"/>
    <region xml:id="seg-r318" anchors="867 870"/>
    <region xml:id="seg-r320" anchors="871 874"/>
    <region xml:id="seg-r322" anchors="875 883"/>
    <region xml:id="seg-r323" anchors="883 884"/>
    <region xml:id="seg-r325" anchors="885 888"/>
    <region xml:id="seg-r327" anchors="889 891"/>
    <region xml:id="seg-r329" anchors="892 903"/>
    <region xml:id="seg-r330" anchors="903 904"/>
    <region xml:id="seg-r332" anchors="905 908"/>
    <region xml:id="seg-r334" anchors="909 912"/>
    <region xml:id="seg-r336" anchors="913 919"/>
    <region xml:id="seg-r338" anchors="920 924"/>
    <region xml:id="seg-r340" anchors="925 927"/>
    <region xml:id="seg-r342" anchors="928 934"/>
    <region xml:id="seg-r344" anchors="935 938"/>
    <region xml:id="seg-r346" anchors="939 941"/>
    <region xml:id="seg-r347" anchors="941 942"/>
    <region xml:id="seg-r349" anchors="943 947"/>
    <region xml:id="seg-r351" anchors="948 951"/>
    <region xml:id="seg-r352" anchors="951 952"/>
    <region xml:id="seg-r354" anchors="953 955"/>
    <region xml:id="seg-r356" anchors="956 962"/>
    <region xml:id="seg-r357" anchors="962 963"/>
    <region xml:id="seg-r359" anchors="964 967"/>
    <region xml:id="seg-r361" anchors="968 974"/>
    <region xml:id="seg-r363" anchors="975 979"/>
    <region xml:id="seg-r364" anchors="979 980"/>
    <region xml:id="seg-r366" anchors="981 983"/>
    <region xml:id="seg-r367" anchors="983 984"/>
    <region xml:id="seg-r369" anchors="985 987"/>
    <region xml:id="seg-r371" anchors="988 992"/>
    <region xml:id="seg-r373" anchors="993 997"/>
    <region xml:id="seg-r375" anchors="998 1002"/>
    <region xml:id="seg-r377" anchors="1003 1004"/>
    <region xml:id="seg-r379" anchors="1005 1009"/>
    <region xml:id="seg-r381" anchors="1010 1018"/>
    <region xml:id="seg-r383" anchors="1019 1025"/>
    <region xml:id="seg-r385" anchors="1026 1033"/>
    <region xml:id="seg-r387" anchors="1034 1038"/>
    <region xml:id="seg-r389" anchors="1039 1041"/>
    <region xml:id="seg-r391" anchors="1042 1045"/>
    <region xml:id="seg-r393" anchors="1046 1050"/>
    <region xml:id="seg-r395" anchors="1051 1054"/>
    <region xml:id="seg-r397" anchors="1055 1064"/>
    <region xml:id="seg-r399" anchors="1065 1068"/>
    <region xml:id="seg-r401" anchors="1069 1071"/>
    <region xml:id="seg-r402" anchors="1071 1072"/>
    <region xml:id="seg-r404" anchors="1073 1075"/>
    <region xml:id="seg-r406" anchors="1076 1080"/>
    <region xml:id="seg-r408" anchors="1081 1084"/>
    <region xml:id="seg-r410" anchors="1085 1093"/>
    <region xml:id="seg-r412" anchors="1094 1098"/>
    <region xml:id="seg-r414" anchors="1099 1104"/>
    <region xml:id="seg-r416" anchors="1105 1109"/>
    <region xml:id="seg-r418" anchors="1110 1112"/>
    <region xml:id="seg-r420" anchors="1113 1121"/>
    <region xml:id="seg-r422" anchors="1122 1126"/>
    <region xml:id="seg-r424" anchors="1127 1136"/>
    <region xml:id="seg-r426" anchors="1137 1144"/>
    <region xml:id="seg-r428" anchors="1145 1149"/>
    <region xml:id="seg-r430" anchors="1150 1153"/>
    <region xml:id="seg-r432" anchors="1154 1159"/>
    <region xml:id="seg-r434" anchors="1160 1164"/>
    <region xml:id="seg-r436" anchors="1165 1168"/>
    <region xml:id="seg-r438" anchors="1169 1171"/>
    <region xml:id="seg-r440" anchors="1172 1177"/>
    <region xml:id="seg-r442" anchors="1178 1180"/>
    <region xml:id="seg-r444" anchors="1181 1185"/>
    <region xml:id="seg-r446" anchors="1186 1189"/>
    <region xml:id="seg-r448" anchors="1190 1194"/>
    <region xml:id="seg-r450" anchors="1195 1203"/>
    <region xml:id="seg-r452" anchors="1204 1207"/>
    <region xml:id="seg-r454" anchors="1208 1212"/>
    <region xml:id="seg-r456" anchors="1213 1217"/>
    <region xml:id="seg-r458" anchors="1218 1221"/>
    <region xml:id="seg-r460" anchors="1222 1230"/>
    <region xml:id="seg-r462" anchors="1231 1235"/>
    <region xml:id="seg-r464" anchors="1236 1241"/>
    <region xml:id="seg-r466" anchors="1242 1245"/>
    <region xml:id="seg-r468" anchors="1246 1251"/>
    <region xml:id="seg-r470" anchors="1252 1254"/>
    <region xml:id="seg-r472" anchors="1255 1265"/>
    <region xml:id="seg-r474" anchors="1266 1269"/>
    <region xml:id="seg-r476" anchors="1270 1272"/>
    <region xml:id="seg-r478" anchors="1273 1277"/>
    <region xml:id="seg-r480" anchors="1278 1282"/>
    <region xml:id="seg-r482" anchors="1283 1284"/>
    <region xml:id="seg-r484" anchors="1285 1289"/>
    <region xml:id="seg-r486" anchors="1290 1297"/>
    <region xml:id="seg-r488" anchors="1298 1302"/>
    <region xml:id="seg-r490" anchors="1303 1307"/>
    <region xml:id="seg-r492" anchors="1308 1311"/>
    <region xml:id="seg-r494" anchors="1312 1316"/>
    <region xml:id="seg-r496" anchors="1317 1326"/>
    <region xml:id="seg-r498" anchors="1327 1331"/>
    <region xml:id="seg-r500" anchors="1332 1336"/>
    <region xml:id="seg-r502" anchors="1337 1340"/>
    <region xml:id="seg-r504" anchors="1341 1348"/>
    <region xml:id="seg-r506" anchors="1349 1353"/>
    <region xml:id="seg-r508" anchors="1354 1363"/>
    <region xml:id="seg-r510" anchors="1364 1368"/>
    <region xml:id="seg-r512" anchors="1369 1379"/>
    <region xml:id="seg-r513" anchors="1379 1380"/>
    <region xml:id="seg-r515" anchors="1390 1392"/>
    <region xml:id="seg-r516" anchors="1392 1393"/>
    <region xml:id="seg-r518" anchors="1394 1395"/>
    <region xml:id="seg-r520" anchors="1396 1400"/>
    <region xml:id="seg-r522" anchors="1401 1405"/>
    <region xml:id="seg-r524" anchors="1406 1410"/>
    <region xml:id="seg-r526" anchors="1411 1414"/>
    <region xml:id="seg-r528" anchors="1415 1416"/>
    <region xml:id="seg-r530" anchors="1417 1420"/>
    <region xml:id="seg-r532" anchors="1421 1423"/>
    <region xml:id="seg-r534" anchors="1424 1428"/>
    <region xml:id="seg-r536" anchors="1429 1433"/>
    <region xml:id="seg-r538" anchors="1434 1443"/>
    <region xml:id="seg-r540" anchors="1444 1448"/>
    <region xml:id="seg-r542" anchors="1449 1453"/>
    <region xml:id="seg-r544" anchors="1454 1458"/>
    <region xml:id="seg-r546" anchors="1459 1462"/>
    <region xml:id="seg-r548" anchors="1463 1467"/>
    <region xml:id="seg-r550" anchors="1468 1471"/>
    <region xml:id="seg-r552" anchors="1472 1475"/>
    <region xml:id="seg-r554" anchors="1476 1480"/>
    <region xml:id="seg-r556" anchors="1481 1485"/>
    <region xml:id="seg-r557" anchors="1485 1486"/>
    <region xml:id="seg-r559" anchors="1496 1499"/>
    <region xml:id="seg-r561" anchors="1500 1508"/>
    <region xml:id="seg-r563" anchors="1509 1510"/>
    <region xml:id="seg-r565" anchors="1511 1516"/>
    <region xml:id="seg-r567" anchors="1517 1520"/>
    <region xml:id="seg-r569" anchors="1521 1523"/>
    <region xml:id="seg-r571" anchors="1524 1535"/>
    <region xml:id="seg-r572" anchors="1535 1536"/>
    <region xml:id="seg-r574" anchors="1537 1538"/>
    <region xml:id="seg-r576" anchors="1539 1543"/>
    <region xml:id="seg-r578" anchors="1544 1549"/>
    <region xml:id="seg-r580" anchors="1550 1559"/>
    <region xml:id="seg-r582" anchors="1560 1564"/>
    <region xml:id="seg-r584" anchors="1565 1570"/>
    <region xml:id="seg-r586" anchors="1571 1574"/>
    <region xml:id="seg-r588" anchors="1575 1579"/>
    <region xml:id="seg-r590" anchors="1580 1581"/>
    <region xml:id="seg-r592" anchors="1582 1586"/>
    <region xml:id="seg-r594" anchors="1587 1589"/>
    <region xml:id="seg-r596" anchors="1590 1593"/>
    <region xml:id="seg-r598" anchors="1594 1595"/>
    <region xml:id="seg-r600" anchors="1596 1601"/>
    <region xml:id="seg-r602" anchors="1602 1606"/>
    <region xml:id="seg-r604" anchors="1607 1608"/>
    <region xml:id="seg-r606" anchors="1609 1618"/>
    <region xml:id="seg-r607" anchors="1618 1619"/>
    <region xml:id="seg-r609" anchors="1620 1629"/>
    <region xml:id="seg-r611" anchors="1630 1636"/>
    <region xml:id="seg-r613" anchors="1637 1639"/>
    <region xml:id="seg-r615" anchors="1640 1644"/>
    <region xml:id="seg-r617" anchors="1645 1649"/>
    <region xml:id="seg-r619" anchors="1650 1654"/>
    <region xml:id="seg-r620" anchors="1654 1655"/>
    <region xml:id="seg-r622" anchors="1679 1682"/>
    <region xml:id="seg-r624" anchors="1683 1686"/>
    <region xml:id="seg-r626" anchors="1687 1691"/>
    <region xml:id="seg-r628" anchors="1692 1696"/>
    <region xml:id="seg-r630" anchors="1697 1700"/>
    <region xml:id="seg-r632" anchors="1701 1706"/>
    <region xml:id="seg-r634" anchors="1707 1709"/>
    <region xml:id="seg-r636" anchors="1710 1719"/>
    <region xml:id="seg-r637" anchors="1719 1720"/>
    <region xml:id="seg-r639" anchors="1744 1746"/>
    <region xml:id="seg-r640" anchors="1746 1747"/>
    <region xml:id="seg-r642" anchors="1748 1749"/>
    <region xml:id="seg-r644" anchors="1750 1754"/>
    <region xml:id="seg-r646" anchors="1755 1760"/>
    <region xml:id="seg-r648" anchors="1761 1763"/>
    <region xml:id="seg-r650" anchors="1764 1773"/>
    <region xml:id="seg-r651" anchors="1773 1774"/>
    <region xml:id="seg-r653" anchors="1775 1777"/>
    <region xml:id="seg-r654" anchors="1777 1778"/>
    <region xml:id="seg-r656" anchors="1779 1782"/>
    <region xml:id="seg-r658" anchors="1783 1784"/>
    <region xml:id="seg-r660" anchors="1785 1789"/>
    <region xml:id="seg-r661" anchors="1789 1790"/>
    <region xml:id="seg-r663" anchors="1800 1802"/>
    <region xml:id="seg-r664" anchors="1802 1803"/>
    <region xml:id="seg-r666" anchors="1804 1805"/>
    <region xml:id="seg-r668" anchors="1806 1811"/>
    <region xml:id="seg-r670" anchors="1812 1814"/>
    <region xml:id="seg-r672" anchors="1815 1824"/>
    <region xml:id="seg-r674" anchors="1825 1828"/>
    <region xml:id="seg-r676" anchors="1829 1833"/>
    <region xml:id="seg-r678" anchors="1834 1839"/>
    <region xml:id="seg-r679" anchors="1839 1840"/>
    <region xml:id="seg-r681" anchors="1850 1852"/>
    <region xml:id="seg-r683" anchors="1853 1857"/>
    <region xml:id="seg-r685" anchors="1858 1862"/>
    <region xml:id="seg-r687" anchors="1863 1865"/>
    <region xml:id="seg-r689" anchors="1866 1870"/>
    <region xml:id="seg-r690" anchors="1870 1871"/>
    <region xml:id="seg-r692" anchors="1872 1874"/>
    <region xml:id="seg-r694" anchors="1875 1880"/>
    <region xml:id="seg-r696" anchors="1881 1885"/>
    <region xml:id="seg-r698" anchors="1886 1889"/>
    <region xml:id="seg-r700" anchors="1890 1894"/>
    <region xml:id="seg-r702" anchors="1895 1900"/>
    <region xml:id="seg-r703" anchors="1900 1901"/>
    <region xml:id="seg-r705" anchors="1902 1906"/>
    <region xml:id="seg-r707" anchors="1907 1909"/>
    <region xml:id="seg-r709" anchors="1910 1915"/>
    <region xml:id="seg-r711" anchors="1916 1918"/>
    <region xml:id="seg-r713" anchors="1919 1926"/>
    <region xml:id="seg-r715" anchors="1927 1930"/>
    <region xml:id="seg-r717" anchors="1931 1936"/>
    <region xml:id="seg-r719" anchors="1937 1942"/>
    <region xml:id="seg-r721" anchors="1943 1946"/>
    <region xml:id="seg-r723" anchors="1947 1950"/>
    <region xml:id="seg-r725" anchors="1951 1953"/>
    <region xml:id="seg-r726" anchors="1953 1956"/>
    <region xml:id="seg-r728" anchors="1957 1961"/>
    <region xml:id="seg-r730" anchors="1962 1966"/>
    <region xml:id="seg-r732" anchors="1967 1970"/>
    <region xml:id="seg-r734" anchors="1971 1975"/>
    <region xml:id="seg-r735" anchors="1975 1976"/>
    <region xml:id="seg-r737" anchors="2000 2004"/>
    <region xml:id="seg-r738" anchors="2004 2005"/>
    <region xml:id="seg-r740" anchors="2006 2010"/>
    <region xml:id="seg-r741" anchors="2010 2011"/>
</graph>
