<?xml version="1.0" encoding="UTF-8"?>
<graph xmlns="http://www.xces.org/ns/GrAF/1.0/">
    <header>
        <tagsDecl>
            <tagUsage gi="vchunk" occurs="56"/>
        </tagsDecl>
        <dependencies>
            <dependsOn type="penn"/>
        </dependencies>
        <annotationSets>
            <annotationSet name="xces" type="http://www.xces.org/schema/2003"/>
        </annotationSets>
    </header>
    <node xml:id="vc-n0"/>
    <a label="vchunk" ref="vc-n0" as="xces">
        <fs>
            <f name="voice" value="active"/>
            <f name="tense" value="SimPre"/>
            <f name="type" value="FVG"/>
        </fs>
    </a>
    <node xml:id="vc-n1"/>
    <a label="vchunk" ref="vc-n1" as="xces">
        <fs>
            <f name="voice" value="passive"/>
            <f name="tense" value="SimPas"/>
            <f name="type" value="FVG"/>
        </fs>
    </a>
    <node xml:id="vc-n10"/>
    <a label="vchunk" ref="vc-n10" as="xces">
        <fs>
            <f name="voice" value="active"/>
            <f name="tense" value="SimPas"/>
            <f name="type" value="FVG"/>
        </fs>
    </a>
    <node xml:id="vc-n11"/>
    <a label="vchunk" ref="vc-n11" as="xces">
        <fs>
            <f name="voice" value="active"/>
            <f name="tense" value="SimPre"/>
            <f name="type" value="FVG"/>
        </fs>
    </a>
    <node xml:id="vc-n12"/>
    <a label="vchunk" ref="vc-n12" as="xces">
        <fs>
            <f name="voice" value="active"/>
            <f name="tense" value="SimPas"/>
            <f name="type" value="FVG"/>
        </fs>
    </a>
    <node xml:id="vc-n13"/>
    <a label="vchunk" ref="vc-n13" as="xces">
        <fs>
            <f name="voice" value="passive"/>
            <f name="tense" value="SimPas"/>
            <f name="type" value="FVG"/>
        </fs>
    </a>
    <node xml:id="vc-n14"/>
    <a label="vchunk" ref="vc-n14" as="xces">
        <fs>
            <f name="voice" value="active"/>
            <f name="tense" value="SimPas"/>
            <f name="type" value="FVG"/>
        </fs>
    </a>
    <node xml:id="vc-n15"/>
    <a label="vchunk" ref="vc-n15" as="xces">
        <fs>
            <f name="voice" value="active"/>
            <f name="tense" value="SimPas"/>
            <f name="type" value="FVG"/>
        </fs>
    </a>
    <node xml:id="vc-n16"/>
    <a label="vchunk" ref="vc-n16" as="xces">
        <fs>
            <f name="voice" value="passive"/>
            <f name="tense" value="SimPas"/>
            <f name="type" value="FVG"/>
        </fs>
    </a>
    <node xml:id="vc-n17"/>
    <a label="vchunk" ref="vc-n17" as="xces">
        <fs>
            <f name="voice" value="active"/>
            <f name="tense" value="SimPas"/>
            <f name="type" value="FVG"/>
        </fs>
    </a>
    <node xml:id="vc-n18"/>
    <a label="vchunk" ref="vc-n18" as="xces">
        <fs>
            <f name="voice" value="active"/>
            <f name="tense" value="SimPre"/>
            <f name="type" value="FVG"/>
        </fs>
    </a>
    <node xml:id="vc-n19"/>
    <a label="vchunk" ref="vc-n19" as="xces">
        <fs>
            <f name="voice" value="active"/>
            <f name="tense" value="PreCon"/>
            <f name="type" value="FVG"/>
        </fs>
    </a>
    <node xml:id="vc-n2"/>
    <a label="vchunk" ref="vc-n2" as="xces">
        <fs>
            <f name="voice" value="active"/>
            <f name="tense" value="PreCon"/>
            <f name="type" value="FVG"/>
        </fs>
    </a>
    <node xml:id="vc-n20"/>
    <a label="vchunk" ref="vc-n20" as="xces">
        <fs>
            <f name="voice" value="active"/>
            <f name="tense" value="SimPas"/>
            <f name="type" value="FVG"/>
        </fs>
    </a>
    <node xml:id="vc-n21"/>
    <a label="vchunk" ref="vc-n21" as="xces">
        <fs>
            <f name="voice" value="active"/>
            <f name="tense" value="SimPas"/>
            <f name="type" value="FVG"/>
        </fs>
    </a>
    <node xml:id="vc-n22"/>
    <a label="vchunk" ref="vc-n22" as="xces">
        <fs>
            <f name="voice" value="active"/>
            <f name="tense" value="SimPre"/>
            <f name="type" value="FVG"/>
        </fs>
    </a>
    <node xml:id="vc-n23"/>
    <a label="vchunk" ref="vc-n23" as="xces">
        <fs>
            <f name="voice" value="active"/>
            <f name="tense" value="SimPas"/>
            <f name="type" value="FVG"/>
        </fs>
    </a>
    <node xml:id="vc-n24"/>
    <a label="vchunk" ref="vc-n24" as="xces">
        <fs>
            <f name="voice" value="active"/>
            <f name="tense" value="SimPas"/>
            <f name="type" value="FVG"/>
        </fs>
    </a>
    <node xml:id="vc-n25"/>
    <a label="vchunk" ref="vc-n25" as="xces">
        <fs>
            <f name="voice" value="active"/>
            <f name="tense" value="Inf"/>
            <f name="type" value="NFVG"/>
        </fs>
    </a>
    <node xml:id="vc-n26"/>
    <a label="vchunk" ref="vc-n26" as="xces">
        <fs>
            <f name="voice" value="passive"/>
            <f name="tense" value="SimPas"/>
            <f name="type" value="FVG"/>
        </fs>
    </a>
    <node xml:id="vc-n27"/>
    <a label="vchunk" ref="vc-n27" as="xces">
        <fs>
            <f name="voice" value="active"/>
            <f name="tense" value="SimPas"/>
            <f name="type" value="FVG"/>
        </fs>
    </a>
    <node xml:id="vc-n28"/>
    <a label="vchunk" ref="vc-n28" as="xces">
        <fs>
            <f name="voice" value="active"/>
            <f name="tense" value="SimPas"/>
            <f name="type" value="FVG"/>
        </fs>
    </a>
    <node xml:id="vc-n29"/>
    <a label="vchunk" ref="vc-n29" as="xces">
        <fs>
            <f name="voice" value="none"/>
            <f name="tense" value="HaveVBN"/>
            <f name="type" value="MODAL"/>
        </fs>
    </a>
    <node xml:id="vc-n3"/>
    <a label="vchunk" ref="vc-n3" as="xces">
        <fs>
            <f name="voice" value="active"/>
            <f name="tense" value="Inf"/>
            <f name="type" value="NFVG"/>
        </fs>
    </a>
    <node xml:id="vc-n30"/>
    <a label="vchunk" ref="vc-n30" as="xces">
        <fs>
            <f name="voice" value="active"/>
            <f name="tense" value="SimPas"/>
            <f name="type" value="FVG"/>
        </fs>
    </a>
    <node xml:id="vc-n31"/>
    <a label="vchunk" ref="vc-n31" as="xces">
        <fs>
            <f name="voice" value="active"/>
            <f name="tense" value="SimPas"/>
            <f name="type" value="FVG"/>
        </fs>
    </a>
    <node xml:id="vc-n32"/>
    <a label="vchunk" ref="vc-n32" as="xces">
        <fs>
            <f name="voice" value="active"/>
            <f name="tense" value="SimPas"/>
            <f name="type" value="FVG"/>
        </fs>
    </a>
    <node xml:id="vc-n33"/>
    <a label="vchunk" ref="vc-n33" as="xces">
        <fs>
            <f name="voice" value="active"/>
            <f name="tense" value="SimPas"/>
            <f name="type" value="FVG"/>
        </fs>
    </a>
    <node xml:id="vc-n34"/>
    <a label="vchunk" ref="vc-n34" as="xces">
        <fs>
            <f name="voice" value="active"/>
            <f name="tense" value="PasPer"/>
            <f name="type" value="FVG"/>
        </fs>
    </a>
    <node xml:id="vc-n35"/>
    <a label="vchunk" ref="vc-n35" as="xces">
        <fs>
            <f name="voice" value="active"/>
            <f name="tense" value="Inf"/>
            <f name="type" value="NFVG"/>
        </fs>
    </a>
    <node xml:id="vc-n36"/>
    <a label="vchunk" ref="vc-n36" as="xces">
        <fs>
            <f name="voice" value="active"/>
            <f name="tense" value="SimPas"/>
            <f name="type" value="FVG"/>
        </fs>
    </a>
    <node xml:id="vc-n37"/>
    <a label="vchunk" ref="vc-n37" as="xces">
        <fs>
            <f name="voice" value="active"/>
            <f name="tense" value="SimPre"/>
            <f name="type" value="FVG"/>
        </fs>
    </a>
    <node xml:id="vc-n38"/>
    <a label="vchunk" ref="vc-n38" as="xces">
        <fs>
            <f name="voice" value="active"/>
            <f name="tense" value="SimPas"/>
            <f name="type" value="FVG"/>
        </fs>
    </a>
    <node xml:id="vc-n39"/>
    <a label="vchunk" ref="vc-n39" as="xces">
        <fs>
            <f name="voice" value="active"/>
            <f name="tense" value="PasPer"/>
            <f name="type" value="FVG"/>
        </fs>
    </a>
    <node xml:id="vc-n4"/>
    <a label="vchunk" ref="vc-n4" as="xces">
        <fs>
            <f name="voice" value="active"/>
            <f name="tense" value="SimPre"/>
            <f name="type" value="FVG"/>
        </fs>
    </a>
    <node xml:id="vc-n40"/>
    <a label="vchunk" ref="vc-n40" as="xces">
        <fs>
            <f name="voice" value="active"/>
            <f name="tense" value="SimPas"/>
            <f name="type" value="FVG"/>
        </fs>
    </a>
    <node xml:id="vc-n41"/>
    <a label="vchunk" ref="vc-n41" as="xces">
        <fs>
            <f name="voice" value="active"/>
            <f name="tense" value="SimPas"/>
            <f name="type" value="FVG"/>
        </fs>
    </a>
    <node xml:id="vc-n42"/>
    <a label="vchunk" ref="vc-n42" as="xces">
        <fs>
            <f name="voice" value="active"/>
            <f name="tense" value="Inf"/>
            <f name="type" value="NFVG"/>
        </fs>
    </a>
    <node xml:id="vc-n43"/>
    <a label="vchunk" ref="vc-n43" as="xces">
        <fs>
            <f name="voice" value="active"/>
            <f name="tense" value="SimPas"/>
            <f name="type" value="FVG"/>
        </fs>
    </a>
    <node xml:id="vc-n44"/>
    <a label="vchunk" ref="vc-n44" as="xces">
        <fs>
            <f name="voice" value="active"/>
            <f name="tense" value="PrePer"/>
            <f name="type" value="FVG"/>
        </fs>
    </a>
    <node xml:id="vc-n45"/>
    <a label="vchunk" ref="vc-n45" as="xces">
        <fs>
            <f name="voice" value="active"/>
            <f name="tense" value="SimPre"/>
            <f name="type" value="FVG"/>
        </fs>
    </a>
    <node xml:id="vc-n46"/>
    <a label="vchunk" ref="vc-n46" as="xces">
        <fs>
            <f name="voice" value="active"/>
            <f name="tense" value="SimPre"/>
            <f name="type" value="FVG"/>
        </fs>
    </a>
    <node xml:id="vc-n47"/>
    <a label="vchunk" ref="vc-n47" as="xces">
        <fs>
            <f name="voice" value="none"/>
            <f name="tense" value="HaveVBN"/>
            <f name="type" value="MODAL"/>
        </fs>
    </a>
    <node xml:id="vc-n48"/>
    <a label="vchunk" ref="vc-n48" as="xces">
        <fs>
            <f name="voice" value="active"/>
            <f name="tense" value="SimPre"/>
            <f name="type" value="FVG"/>
        </fs>
    </a>
    <node xml:id="vc-n49"/>
    <a label="vchunk" ref="vc-n49" as="xces">
        <fs>
            <f name="voice" value="active"/>
            <f name="tense" value="SimPas"/>
            <f name="type" value="FVG"/>
        </fs>
    </a>
    <node xml:id="vc-n5"/>
    <a label="vchunk" ref="vc-n5" as="xces">
        <fs>
            <f name="voice" value="active"/>
            <f name="tense" value="Inf"/>
            <f name="type" value="NFVG"/>
        </fs>
    </a>
    <node xml:id="vc-n50"/>
    <a label="vchunk" ref="vc-n50" as="xces">
        <fs>
            <f name="voice" value="active"/>
            <f name="tense" value="PrePer"/>
            <f name="type" value="FVG"/>
        </fs>
    </a>
    <node xml:id="vc-n51"/>
    <a label="vchunk" ref="vc-n51" as="xces">
        <fs>
            <f name="voice" value="active"/>
            <f name="tense" value="SimPas"/>
            <f name="type" value="FVG"/>
        </fs>
    </a>
    <node xml:id="vc-n52"/>
    <a label="vchunk" ref="vc-n52" as="xces">
        <fs>
            <f name="voice" value="active"/>
            <f name="tense" value="SimPas"/>
            <f name="type" value="FVG"/>
        </fs>
    </a>
    <node xml:id="vc-n53"/>
    <a label="vchunk" ref="vc-n53" as="xces">
        <fs>
            <f name="voice" value="active"/>
            <f name="tense" value="SimPas"/>
            <f name="type" value="FVG"/>
        </fs>
    </a>
    <node xml:id="vc-n54"/>
    <a label="vchunk" ref="vc-n54" as="xces">
        <fs>
            <f name="voice" value="active"/>
            <f name="tense" value="SimPas"/>
            <f name="type" value="FVG"/>
        </fs>
    </a>
    <node xml:id="vc-n55"/>
    <a label="vchunk" ref="vc-n55" as="xces">
        <fs>
            <f name="voice" value="none"/>
            <f name="tense" value="Pas"/>
            <f name="type" value="PART"/>
        </fs>
    </a>
    <node xml:id="vc-n6"/>
    <a label="vchunk" ref="vc-n6" as="xces">
        <fs>
            <f name="voice" value="active"/>
            <f name="tense" value="Inf"/>
            <f name="type" value="NFVG"/>
        </fs>
    </a>
    <node xml:id="vc-n7"/>
    <a label="vchunk" ref="vc-n7" as="xces">
        <fs>
            <f name="voice" value="active"/>
            <f name="tense" value="SimPas"/>
            <f name="type" value="FVG"/>
        </fs>
    </a>
    <node xml:id="vc-n8"/>
    <a label="vchunk" ref="vc-n8" as="xces">
        <fs>
            <f name="voice" value="active"/>
            <f name="tense" value="SimPas"/>
            <f name="type" value="FVG"/>
        </fs>
    </a>
    <node xml:id="vc-n9"/>
    <a label="vchunk" ref="vc-n9" as="xces">
        <fs>
            <f name="type" value="FVG"/>
            <f name="tense" value="SimPre"/>
            <f name="voice" value="active"/>
            <f name="neg" value="yes"/>
        </fs>
    </a>
    <edge xml:id="lnk69" from="vc-n49" to="penn-n341"/>
    <edge xml:id="lnk68" from="vc-n48" to="penn-n339"/>
    <edge xml:id="lnk67" from="vc-n47" to="penn-n334"/>
    <edge xml:id="lnk66" from="vc-n47" to="penn-n333"/>
    <edge xml:id="lnk65" from="vc-n47" to="penn-n332"/>
    <edge xml:id="lnk64" from="vc-n46" to="penn-n324"/>
    <edge xml:id="lnk63" from="vc-n45" to="penn-n320"/>
    <edge xml:id="lnk62" from="vc-n44" to="penn-n314"/>
    <edge xml:id="lnk61" from="vc-n44" to="penn-n313"/>
    <edge xml:id="lnk60" from="vc-n44" to="penn-n312"/>
    <edge xml:id="lnk59" from="vc-n43" to="penn-n307"/>
    <edge xml:id="lnk58" from="vc-n42" to="penn-n290"/>
    <edge xml:id="lnk57" from="vc-n42" to="penn-n289"/>
    <edge xml:id="lnk56" from="vc-n41" to="penn-n286"/>
    <edge xml:id="lnk55" from="vc-n40" to="penn-n283"/>
    <edge xml:id="lnk54" from="vc-n39" to="penn-n269"/>
    <edge xml:id="lnk53" from="vc-n39" to="penn-n268"/>
    <edge xml:id="lnk52" from="vc-n38" to="penn-n261"/>
    <edge xml:id="lnk51" from="vc-n37" to="penn-n253"/>
    <edge xml:id="lnk50" from="vc-n36" to="penn-n250"/>
    <edge xml:id="lnk49" from="vc-n35" to="penn-n244"/>
    <edge xml:id="lnk48" from="vc-n35" to="penn-n243"/>
    <edge xml:id="lnk47" from="vc-n34" to="penn-n238"/>
    <edge xml:id="lnk46" from="vc-n34" to="penn-n237"/>
    <edge xml:id="lnk45" from="vc-n33" to="penn-n230"/>
    <edge xml:id="lnk44" from="vc-n32" to="penn-n225"/>
    <edge xml:id="lnk43" from="vc-n31" to="penn-n221"/>
    <edge xml:id="lnk42" from="vc-n30" to="penn-n217"/>
    <edge xml:id="lnk41" from="vc-n29" to="penn-n209"/>
    <edge xml:id="lnk40" from="vc-n29" to="penn-n208"/>
    <edge xml:id="lnk39" from="vc-n29" to="penn-n207"/>
    <edge xml:id="lnk38" from="vc-n28" to="penn-n195"/>
    <edge xml:id="lnk37" from="vc-n27" to="penn-n191"/>
    <edge xml:id="lnk36" from="vc-n26" to="penn-n187"/>
    <edge xml:id="lnk35" from="vc-n26" to="penn-n186"/>
    <edge xml:id="lnk34" from="vc-n25" to="penn-n169"/>
    <edge xml:id="lnk33" from="vc-n25" to="penn-n168"/>
    <edge xml:id="lnk32" from="vc-n24" to="penn-n165"/>
    <edge xml:id="lnk31" from="vc-n23" to="penn-n158"/>
    <edge xml:id="lnk30" from="vc-n22" to="penn-n147"/>
    <edge xml:id="lnk9" from="vc-n6" to="penn-n39"/>
    <edge xml:id="lnk8" from="vc-n5" to="penn-n37"/>
    <edge xml:id="lnk7" from="vc-n4" to="penn-n23"/>
    <edge xml:id="lnk6" from="vc-n3" to="penn-n22"/>
    <edge xml:id="lnk5" from="vc-n3" to="penn-n21"/>
    <edge xml:id="lnk4" from="vc-n2" to="penn-n20"/>
    <edge xml:id="lnk3" from="vc-n2" to="penn-n19"/>
    <edge xml:id="lnk2" from="vc-n1" to="penn-n8"/>
    <edge xml:id="lnk29" from="vc-n21" to="penn-n144"/>
    <edge xml:id="lnk1" from="vc-n1" to="penn-n7"/>
    <edge xml:id="lnk28" from="vc-n20" to="penn-n135"/>
    <edge xml:id="lnk0" from="vc-n0" to="penn-n2"/>
    <edge xml:id="lnk27" from="vc-n19" to="penn-n130"/>
    <edge xml:id="lnk26" from="vc-n19" to="penn-n129"/>
    <edge xml:id="lnk25" from="vc-n18" to="penn-n125"/>
    <edge xml:id="lnk24" from="vc-n17" to="penn-n120"/>
    <edge xml:id="lnk23" from="vc-n16" to="penn-n114"/>
    <edge xml:id="lnk22" from="vc-n16" to="penn-n113"/>
    <edge xml:id="lnk21" from="vc-n15" to="penn-n105"/>
    <edge xml:id="lnk20" from="vc-n14" to="penn-n101"/>
    <edge xml:id="lnk19" from="vc-n13" to="penn-n92"/>
    <edge xml:id="lnk18" from="vc-n13" to="penn-n91"/>
    <edge xml:id="lnk17" from="vc-n12" to="penn-n77"/>
    <edge xml:id="lnk16" from="vc-n11" to="penn-n75"/>
    <edge xml:id="lnk15" from="vc-n10" to="penn-n68"/>
    <edge xml:id="lnk14" from="vc-n9" to="penn-n65"/>
    <edge xml:id="lnk13" from="vc-n9" to="penn-n64"/>
    <edge xml:id="lnk77" from="vc-n55" to="penn-n394"/>
    <edge xml:id="lnk12" from="vc-n9" to="penn-n63"/>
    <edge xml:id="lnk76" from="vc-n55" to="penn-n393"/>
    <edge xml:id="lnk11" from="vc-n8" to="penn-n53"/>
    <edge xml:id="lnk75" from="vc-n54" to="penn-n384"/>
    <edge xml:id="lnk10" from="vc-n7" to="penn-n45"/>
    <edge xml:id="lnk74" from="vc-n53" to="penn-n376"/>
    <edge xml:id="lnk73" from="vc-n52" to="penn-n370"/>
    <edge xml:id="lnk72" from="vc-n51" to="penn-n362"/>
    <edge xml:id="lnk71" from="vc-n50" to="penn-n349"/>
    <edge xml:id="lnk70" from="vc-n50" to="penn-n348"/>
</graph>
