<?xml version="1.0" encoding="UTF-8"?>
<graph xmlns="http://www.xces.org/ns/GrAF/1.0/">
    <header>
        <tagsDecl>
            <tagUsage gi="vchunk" occurs="163"/>
        </tagsDecl>
        <dependencies>
            <dependsOn type="penn"/>
        </dependencies>
        <annotationSets>
            <annotationSet name="xces" type="http://www.xces.org/schema/2003"/>
        </annotationSets>
    </header>
    <node xml:id="n0"/>
    <a label="vchunk" ref="n0" as="xces">
        <fs>
            <f name="voice" value="active"/>
            <f name="tense" value="SimPre"/>
            <f name="type" value="FVG"/>
        </fs>
    </a>
    <node xml:id="n1"/>
    <a label="vchunk" ref="n1" as="xces">
        <fs>
            <f name="voice" value="active"/>
            <f name="tense" value="SimPre"/>
            <f name="type" value="FVG"/>
        </fs>
    </a>
    <node xml:id="n10"/>
    <a label="vchunk" ref="n10" as="xces">
        <fs>
            <f name="voice" value="active"/>
            <f name="tense" value="SimPre"/>
            <f name="type" value="FVG"/>
        </fs>
    </a>
    <node xml:id="n100"/>
    <a label="vchunk" ref="n100" as="xces">
        <fs>
            <f name="neg" value="yes"/>
            <f name="voice" value="active"/>
            <f name="tense" value="PrePer"/>
            <f name="type" value="FVG"/>
        </fs>
    </a>
    <node xml:id="n101"/>
    <a label="vchunk" ref="n101" as="xces">
        <fs>
            <f name="voice" value="active"/>
            <f name="tense" value="SimPre"/>
            <f name="type" value="FVG"/>
        </fs>
    </a>
    <node xml:id="n102"/>
    <a label="vchunk" ref="n102" as="xces">
        <fs>
            <f name="voice" value="active"/>
            <f name="tense" value="SimPas"/>
            <f name="type" value="FVG"/>
        </fs>
    </a>
    <node xml:id="n103"/>
    <a label="vchunk" ref="n103" as="xces">
        <fs>
            <f name="voice" value="active"/>
            <f name="tense" value="SimPre"/>
            <f name="type" value="FVG"/>
        </fs>
    </a>
    <node xml:id="n104"/>
    <a label="vchunk" ref="n104" as="xces">
        <fs>
            <f name="neg" value="yes"/>
            <f name="voice" value="active"/>
            <f name="tense" value="SimPre"/>
            <f name="type" value="FVG"/>
        </fs>
    </a>
    <node xml:id="n105"/>
    <a label="vchunk" ref="n105" as="xces">
        <fs>
            <f name="voice" value="active"/>
            <f name="tense" value="Inf"/>
            <f name="type" value="NFVG"/>
        </fs>
    </a>
    <node xml:id="n106"/>
    <a label="vchunk" ref="n106" as="xces">
        <fs>
            <f name="voice" value="active"/>
            <f name="tense" value="SimPre"/>
            <f name="type" value="FVG"/>
        </fs>
    </a>
    <node xml:id="n107"/>
    <a label="vchunk" ref="n107" as="xces">
        <fs>
            <f name="voice" value="none"/>
            <f name="tense" value="Pas"/>
            <f name="type" value="PART"/>
        </fs>
    </a>
    <node xml:id="n108"/>
    <a label="vchunk" ref="n108" as="xces">
        <fs>
            <f name="voice" value="active"/>
            <f name="tense" value="SimPre"/>
            <f name="type" value="FVG"/>
        </fs>
    </a>
    <node xml:id="n109"/>
    <a label="vchunk" ref="n109" as="xces">
        <fs>
            <f name="voice" value="active"/>
            <f name="tense" value="PreCon"/>
            <f name="type" value="FVG"/>
        </fs>
    </a>
    <node xml:id="n11"/>
    <a label="vchunk" ref="n11" as="xces">
        <fs>
            <f name="voice" value="active"/>
            <f name="tense" value="SimPre"/>
            <f name="type" value="FVG"/>
        </fs>
    </a>
    <node xml:id="n110"/>
    <a label="vchunk" ref="n110" as="xces">
        <fs>
            <f name="voice" value="active"/>
            <f name="tense" value="SimPre"/>
            <f name="type" value="FVG"/>
        </fs>
    </a>
    <node xml:id="n111"/>
    <a label="vchunk" ref="n111" as="xces">
        <fs>
            <f name="voice" value="active"/>
            <f name="tense" value="SimPre"/>
            <f name="type" value="FVG"/>
        </fs>
    </a>
    <node xml:id="n112"/>
    <a label="vchunk" ref="n112" as="xces">
        <fs>
            <f name="voice" value="none"/>
            <f name="tense" value="PasPer"/>
            <f name="type" value="FVG"/>
        </fs>
    </a>
    <node xml:id="n113"/>
    <a label="vchunk" ref="n113" as="xces">
        <fs>
            <f name="voice" value="active"/>
            <f name="tense" value="PrePer"/>
            <f name="type" value="FVG"/>
        </fs>
    </a>
    <node xml:id="n114"/>
    <a label="vchunk" ref="n114" as="xces">
        <fs>
            <f name="voice" value="active"/>
            <f name="tense" value="PrePer"/>
            <f name="type" value="FVG"/>
        </fs>
    </a>
    <node xml:id="n115"/>
    <a label="vchunk" ref="n115" as="xces">
        <fs>
            <f name="voice" value="active"/>
            <f name="tense" value="SimPas"/>
            <f name="type" value="FVG"/>
        </fs>
    </a>
    <node xml:id="n116"/>
    <a label="vchunk" ref="n116" as="xces">
        <fs>
            <f name="voice" value="active"/>
            <f name="tense" value="SimPre"/>
            <f name="type" value="FVG"/>
        </fs>
    </a>
    <node xml:id="n117"/>
    <a label="vchunk" ref="n117" as="xces">
        <fs>
            <f name="voice" value="active"/>
            <f name="tense" value="SimPre"/>
            <f name="type" value="FVG"/>
        </fs>
    </a>
    <node xml:id="n118"/>
    <a label="vchunk" ref="n118" as="xces">
        <fs>
            <f name="voice" value="active"/>
            <f name="tense" value="SimPre"/>
            <f name="type" value="FVG"/>
        </fs>
    </a>
    <node xml:id="n119"/>
    <a label="vchunk" ref="n119" as="xces">
        <fs>
            <f name="voice" value="active"/>
            <f name="tense" value="SimPre"/>
            <f name="type" value="FVG"/>
        </fs>
    </a>
    <node xml:id="n12"/>
    <a label="vchunk" ref="n12" as="xces">
        <fs>
            <f name="voice" value="active"/>
            <f name="tense" value="SimPre"/>
            <f name="type" value="FVG"/>
        </fs>
    </a>
    <node xml:id="n120"/>
    <a label="vchunk" ref="n120" as="xces">
        <fs>
            <f name="voice" value="active"/>
            <f name="tense" value="PrePer"/>
            <f name="type" value="FVG"/>
        </fs>
    </a>
    <node xml:id="n121"/>
    <a label="vchunk" ref="n121" as="xces">
        <fs>
            <f name="voice" value="active"/>
            <f name="tense" value="SimPre"/>
            <f name="type" value="FVG"/>
        </fs>
    </a>
    <node xml:id="n122"/>
    <a label="vchunk" ref="n122" as="xces">
        <fs>
            <f name="voice" value="active"/>
            <f name="tense" value="PrePer"/>
            <f name="type" value="FVG"/>
        </fs>
    </a>
    <node xml:id="n123"/>
    <a label="vchunk" ref="n123" as="xces">
        <fs>
            <f name="voice" value="none"/>
            <f name="tense" value="Pas"/>
            <f name="type" value="PART"/>
        </fs>
    </a>
    <node xml:id="n124"/>
    <a label="vchunk" ref="n124" as="xces">
        <fs>
            <f name="voice" value="active"/>
            <f name="tense" value="SimPre"/>
            <f name="type" value="FVG"/>
        </fs>
    </a>
    <node xml:id="n125"/>
    <a label="vchunk" ref="n125" as="xces">
        <fs>
            <f name="voice" value="active"/>
            <f name="tense" value="SimPas"/>
            <f name="type" value="FVG"/>
        </fs>
    </a>
    <node xml:id="n126"/>
    <a label="vchunk" ref="n126" as="xces">
        <fs>
            <f name="voice" value="active"/>
            <f name="tense" value="SimPas"/>
            <f name="type" value="FVG"/>
        </fs>
    </a>
    <node xml:id="n127"/>
    <a label="vchunk" ref="n127" as="xces">
        <fs>
            <f name="voice" value="active"/>
            <f name="tense" value="SimPas"/>
            <f name="type" value="FVG"/>
        </fs>
    </a>
    <node xml:id="n128"/>
    <a label="vchunk" ref="n128" as="xces">
        <fs>
            <f name="voice" value="active"/>
            <f name="tense" value="SimPas"/>
            <f name="type" value="FVG"/>
        </fs>
    </a>
    <node xml:id="n129"/>
    <a label="vchunk" ref="n129" as="xces">
        <fs>
            <f name="voice" value="active"/>
            <f name="tense" value="SimPas"/>
            <f name="type" value="FVG"/>
        </fs>
    </a>
    <node xml:id="n13"/>
    <a label="vchunk" ref="n13" as="xces">
        <fs>
            <f name="voice" value="active"/>
            <f name="tense" value="SimPre"/>
            <f name="type" value="FVG"/>
        </fs>
    </a>
    <node xml:id="n130"/>
    <a label="vchunk" ref="n130" as="xces">
        <fs>
            <f name="voice" value="active"/>
            <f name="tense" value="SimPre"/>
            <f name="type" value="FVG"/>
        </fs>
    </a>
    <node xml:id="n131"/>
    <a label="vchunk" ref="n131" as="xces">
        <fs>
            <f name="voice" value="active"/>
            <f name="tense" value="SimPas"/>
            <f name="type" value="FVG"/>
        </fs>
    </a>
    <node xml:id="n132"/>
    <a label="vchunk" ref="n132" as="xces">
        <fs>
            <f name="voice" value="active"/>
            <f name="tense" value="SimPas"/>
            <f name="type" value="FVG"/>
        </fs>
    </a>
    <node xml:id="n133"/>
    <a label="vchunk" ref="n133" as="xces">
        <fs>
            <f name="voice" value="active"/>
            <f name="tense" value="PasPer"/>
            <f name="type" value="FVG"/>
        </fs>
    </a>
    <node xml:id="n134"/>
    <a label="vchunk" ref="n134" as="xces">
        <fs>
            <f name="voice" value="active"/>
            <f name="tense" value="SimPre"/>
            <f name="type" value="FVG"/>
        </fs>
    </a>
    <node xml:id="n135"/>
    <a label="vchunk" ref="n135" as="xces">
        <fs>
            <f name="voice" value="active"/>
            <f name="tense" value="SimPas"/>
            <f name="type" value="FVG"/>
        </fs>
    </a>
    <node xml:id="n136"/>
    <a label="vchunk" ref="n136" as="xces">
        <fs>
            <f name="voice" value="active"/>
            <f name="tense" value="SimPas"/>
            <f name="type" value="FVG"/>
        </fs>
    </a>
    <node xml:id="n137"/>
    <a label="vchunk" ref="n137" as="xces">
        <fs>
            <f name="voice" value="active"/>
            <f name="tense" value="none"/>
            <f name="type" value="MODAL"/>
        </fs>
    </a>
    <node xml:id="n138"/>
    <a label="vchunk" ref="n138" as="xces">
        <fs>
            <f name="voice" value="active"/>
            <f name="tense" value="SimPre"/>
            <f name="type" value="FVG"/>
        </fs>
    </a>
    <node xml:id="n139"/>
    <a label="vchunk" ref="n139" as="xces">
        <fs>
            <f name="voice" value="active"/>
            <f name="tense" value="Inf"/>
            <f name="type" value="NFVG"/>
        </fs>
    </a>
    <node xml:id="n14"/>
    <a label="vchunk" ref="n14" as="xces">
        <fs>
            <f name="voice" value="active"/>
            <f name="tense" value="SimPre"/>
            <f name="type" value="FVG"/>
        </fs>
    </a>
    <node xml:id="n140"/>
    <a label="vchunk" ref="n140" as="xces">
        <fs>
            <f name="neg" value="yes"/>
            <f name="voice" value="active"/>
            <f name="tense" value="SimPre"/>
            <f name="type" value="FVG"/>
        </fs>
    </a>
    <node xml:id="n141"/>
    <a label="vchunk" ref="n141" as="xces">
        <fs>
            <f name="voice" value="active"/>
            <f name="tense" value="SimPre"/>
            <f name="type" value="FVG"/>
        </fs>
    </a>
    <node xml:id="n142"/>
    <a label="vchunk" ref="n142" as="xces">
        <fs>
            <f name="voice" value="active"/>
            <f name="tense" value="SimPre"/>
            <f name="type" value="FVG"/>
        </fs>
    </a>
    <node xml:id="n143"/>
    <a label="vchunk" ref="n143" as="xces">
        <fs>
            <f name="voice" value="active"/>
            <f name="tense" value="Inf"/>
            <f name="type" value="NFVG"/>
        </fs>
    </a>
    <node xml:id="n144"/>
    <a label="vchunk" ref="n144" as="xces">
        <fs>
            <f name="neg" value="yes"/>
            <f name="voice" value="active"/>
            <f name="tense" value="SimPre"/>
            <f name="type" value="FVG"/>
        </fs>
    </a>
    <node xml:id="n145"/>
    <a label="vchunk" ref="n145" as="xces">
        <fs>
            <f name="voice" value="none"/>
            <f name="tense" value="Pre"/>
            <f name="type" value="SPECIAL"/>
        </fs>
    </a>
    <node xml:id="n146"/>
    <a label="vchunk" ref="n146" as="xces">
        <fs>
            <f name="voice" value="active"/>
            <f name="tense" value="Inf"/>
            <f name="type" value="NFVG"/>
        </fs>
    </a>
    <node xml:id="n147"/>
    <a label="vchunk" ref="n147" as="xces">
        <fs>
            <f name="voice" value="active"/>
            <f name="tense" value="Pre"/>
            <f name="type" value="PART"/>
        </fs>
    </a>
    <node xml:id="n148"/>
    <a label="vchunk" ref="n148" as="xces">
        <fs>
            <f name="voice" value="none"/>
            <f name="tense" value="Pre"/>
            <f name="type" value="SPECIAL"/>
        </fs>
    </a>
    <node xml:id="n149"/>
    <a label="vchunk" ref="n149" as="xces">
        <fs>
            <f name="voice" value="none"/>
            <f name="tense" value="none"/>
            <f name="type" value="MODAL"/>
        </fs>
    </a>
    <node xml:id="n15"/>
    <a label="vchunk" ref="n15" as="xces">
        <fs>
            <f name="voice" value="none"/>
            <f name="tense" value="Pas"/>
            <f name="type" value="SPECIAL"/>
        </fs>
    </a>
    <node xml:id="n150"/>
    <a label="vchunk" ref="n150" as="xces">
        <fs>
            <f name="voice" value="active"/>
            <f name="tense" value="Inf"/>
            <f name="type" value="NFVG"/>
        </fs>
    </a>
    <node xml:id="n151"/>
    <a label="vchunk" ref="n151" as="xces">
        <fs>
            <f name="voice" value="active"/>
            <f name="tense" value="SimPre"/>
            <f name="type" value="FVG"/>
        </fs>
    </a>
    <node xml:id="n152"/>
    <a label="vchunk" ref="n152" as="xces">
        <fs>
            <f name="voice" value="active"/>
            <f name="tense" value="SimPre"/>
            <f name="type" value="FVG"/>
        </fs>
    </a>
    <node xml:id="n153"/>
    <a label="vchunk" ref="n153" as="xces">
        <fs>
            <f name="voice" value="none"/>
            <f name="tense" value="Pre"/>
            <f name="type" value="SPECIAL"/>
        </fs>
    </a>
    <node xml:id="n154"/>
    <a label="vchunk" ref="n154" as="xces">
        <fs>
            <f name="voice" value="active"/>
            <f name="tense" value="SimPre"/>
            <f name="type" value="FVG"/>
        </fs>
    </a>
    <node xml:id="n155"/>
    <a label="vchunk" ref="n155" as="xces">
        <fs>
            <f name="voice" value="active"/>
            <f name="tense" value="SimPre"/>
            <f name="type" value="FVG"/>
        </fs>
    </a>
    <node xml:id="n156"/>
    <a label="vchunk" ref="n156" as="xces">
        <fs>
            <f name="voice" value="active"/>
            <f name="tense" value="Inf"/>
            <f name="type" value="NFVG"/>
        </fs>
    </a>
    <node xml:id="n157"/>
    <a label="vchunk" ref="n157" as="xces">
        <fs>
            <f name="voice" value="active"/>
            <f name="tense" value="SimPre"/>
            <f name="type" value="FVG"/>
        </fs>
    </a>
    <node xml:id="n158"/>
    <a label="vchunk" ref="n158" as="xces">
        <fs>
            <f name="voice" value="active"/>
            <f name="tense" value="SimPre"/>
            <f name="type" value="FVG"/>
        </fs>
    </a>
    <node xml:id="n159"/>
    <a label="vchunk" ref="n159" as="xces">
        <fs>
            <f name="voice" value="active"/>
            <f name="tense" value="SimPas"/>
            <f name="type" value="FVG"/>
        </fs>
    </a>
    <node xml:id="n16"/>
    <a label="vchunk" ref="n16" as="xces">
        <fs>
            <f name="voice" value="active"/>
            <f name="tense" value="Inf"/>
            <f name="type" value="NFVG"/>
        </fs>
    </a>
    <node xml:id="n160"/>
    <a label="vchunk" ref="n160" as="xces">
        <fs>
            <f name="voice" value="active"/>
            <f name="tense" value="SimPre"/>
            <f name="type" value="FVG"/>
        </fs>
    </a>
    <node xml:id="n161"/>
    <a label="vchunk" ref="n161" as="xces">
        <fs>
            <f name="voice" value="none"/>
            <f name="tense" value="Pas"/>
            <f name="type" value="PART"/>
        </fs>
    </a>
    <node xml:id="n162"/>
    <a label="vchunk" ref="n162" as="xces">
        <fs>
            <f name="voice" value="active"/>
            <f name="tense" value="SimPre"/>
            <f name="type" value="FVG"/>
        </fs>
    </a>
    <node xml:id="n17"/>
    <a label="vchunk" ref="n17" as="xces">
        <fs>
            <f name="voice" value="active"/>
            <f name="tense" value="SimPas"/>
            <f name="type" value="FVG"/>
        </fs>
    </a>
    <node xml:id="n18"/>
    <a label="vchunk" ref="n18" as="xces">
        <fs>
            <f name="voice" value="active"/>
            <f name="tense" value="SimPre"/>
            <f name="type" value="FVG"/>
        </fs>
    </a>
    <node xml:id="n19"/>
    <a label="vchunk" ref="n19" as="xces">
        <fs>
            <f name="voice" value="active"/>
            <f name="tense" value="SimPre"/>
            <f name="type" value="FVG"/>
        </fs>
    </a>
    <node xml:id="n2"/>
    <a label="vchunk" ref="n2" as="xces">
        <fs>
            <f name="voice" value="none"/>
            <f name="tense" value="Pas"/>
            <f name="type" value="SPECIAL"/>
        </fs>
    </a>
    <node xml:id="n20"/>
    <a label="vchunk" ref="n20" as="xces">
        <fs>
            <f name="voice" value="active"/>
            <f name="tense" value="SimPas"/>
            <f name="type" value="FVG"/>
        </fs>
    </a>
    <node xml:id="n21"/>
    <a label="vchunk" ref="n21" as="xces">
        <fs>
            <f name="voice" value="active"/>
            <f name="tense" value="SimPre"/>
            <f name="type" value="FVG"/>
        </fs>
    </a>
    <node xml:id="n22"/>
    <a label="vchunk" ref="n22" as="xces">
        <fs>
            <f name="voice" value="active"/>
            <f name="tense" value="SimPre"/>
            <f name="type" value="FVG"/>
        </fs>
    </a>
    <node xml:id="n23"/>
    <a label="vchunk" ref="n23" as="xces">
        <fs>
            <f name="voice" value="active"/>
            <f name="tense" value="SimPre"/>
            <f name="type" value="FVG"/>
        </fs>
    </a>
    <node xml:id="n24"/>
    <a label="vchunk" ref="n24" as="xces">
        <fs>
            <f name="voice" value="active"/>
            <f name="tense" value="SimPre"/>
            <f name="type" value="FVG"/>
        </fs>
    </a>
    <node xml:id="n25"/>
    <a label="vchunk" ref="n25" as="xces">
        <fs>
            <f name="neg" value="yes"/>
            <f name="voice" value="active"/>
            <f name="tense" value="SimPre"/>
            <f name="type" value="FVG"/>
        </fs>
    </a>
    <node xml:id="n26"/>
    <a label="vchunk" ref="n26" as="xces">
        <fs>
            <f name="voice" value="active"/>
            <f name="tense" value="Inf"/>
            <f name="type" value="NFVG"/>
        </fs>
    </a>
    <node xml:id="n27"/>
    <a label="vchunk" ref="n27" as="xces">
        <fs>
            <f name="voice" value="active"/>
            <f name="tense" value="SimPre"/>
            <f name="type" value="FVG"/>
        </fs>
    </a>
    <node xml:id="n28"/>
    <a label="vchunk" ref="n28" as="xces">
        <fs>
            <f name="voice" value="active"/>
            <f name="tense" value="SimPre"/>
            <f name="type" value="FVG"/>
        </fs>
    </a>
    <node xml:id="n29"/>
    <a label="vchunk" ref="n29" as="xces">
        <fs>
            <f name="voice" value="active"/>
            <f name="tense" value="SimPre"/>
            <f name="type" value="FVG"/>
        </fs>
    </a>
    <node xml:id="n3"/>
    <a label="vchunk" ref="n3" as="xces">
        <fs>
            <f name="voice" value="active"/>
            <f name="tense" value="PasCon"/>
            <f name="type" value="FVG"/>
        </fs>
    </a>
    <node xml:id="n30"/>
    <a label="vchunk" ref="n30" as="xces">
        <fs>
            <f name="voice" value="none"/>
            <f name="tense" value="none"/>
            <f name="type" value="MODAL"/>
        </fs>
    </a>
    <node xml:id="n31"/>
    <a label="vchunk" ref="n31" as="xces">
        <fs>
            <f name="voice" value="active"/>
            <f name="tense" value="Inf"/>
            <f name="type" value="NFVG"/>
        </fs>
    </a>
    <node xml:id="n32"/>
    <a label="vchunk" ref="n32" as="xces">
        <fs>
            <f name="voice" value="active"/>
            <f name="tense" value="SimPre"/>
            <f name="type" value="FVG"/>
        </fs>
    </a>
    <node xml:id="n33"/>
    <a label="vchunk" ref="n33" as="xces">
        <fs>
            <f name="voice" value="active"/>
            <f name="tense" value="SimPre"/>
            <f name="type" value="FVG"/>
        </fs>
    </a>
    <node xml:id="n34"/>
    <a label="vchunk" ref="n34" as="xces">
        <fs>
            <f name="voice" value="active"/>
            <f name="tense" value="SimPas"/>
            <f name="type" value="FVG"/>
        </fs>
    </a>
    <node xml:id="n35"/>
    <a label="vchunk" ref="n35" as="xces">
        <fs>
            <f name="voice" value="none"/>
            <f name="tense" value="none"/>
            <f name="type" value="MODAL"/>
        </fs>
    </a>
    <node xml:id="n36"/>
    <a label="vchunk" ref="n36" as="xces">
        <fs>
            <f name="voice" value="active"/>
            <f name="tense" value="SimPas"/>
            <f name="type" value="FVG"/>
        </fs>
    </a>
    <node xml:id="n37"/>
    <a label="vchunk" ref="n37" as="xces">
        <fs>
            <f name="voice" value="active"/>
            <f name="tense" value="SimPas"/>
            <f name="type" value="FVG"/>
        </fs>
    </a>
    <node xml:id="n38"/>
    <a label="vchunk" ref="n38" as="xces">
        <fs>
            <f name="neg" value="yes"/>
            <f name="voice" value="active"/>
            <f name="tense" value="PrePer"/>
            <f name="type" value="FVG"/>
        </fs>
    </a>
    <node xml:id="n39"/>
    <a label="vchunk" ref="n39" as="xces">
        <fs>
            <f name="neg" value="yes"/>
            <f name="voice" value="active"/>
            <f name="tense" value="SimPre"/>
            <f name="type" value="FVG"/>
        </fs>
    </a>
    <node xml:id="n4"/>
    <a label="vchunk" ref="n4" as="xces">
        <fs>
            <f name="neg" value="yes"/>
            <f name="voice" value="active"/>
            <f name="tense" value="SimPre"/>
            <f name="type" value="FVG"/>
        </fs>
    </a>
    <node xml:id="n40"/>
    <a label="vchunk" ref="n40" as="xces">
        <fs>
            <f name="voice" value="active"/>
            <f name="tense" value="SimPre"/>
            <f name="type" value="FVG"/>
        </fs>
    </a>
    <node xml:id="n41"/>
    <a label="vchunk" ref="n41" as="xces">
        <fs>
            <f name="voice" value="active"/>
            <f name="tense" value="SimPas"/>
            <f name="type" value="FVG"/>
        </fs>
    </a>
    <node xml:id="n42"/>
    <a label="vchunk" ref="n42" as="xces">
        <fs>
            <f name="voice" value="active"/>
            <f name="tense" value="Inf"/>
            <f name="type" value="NFVG"/>
        </fs>
    </a>
    <node xml:id="n43"/>
    <a label="vchunk" ref="n43" as="xces">
        <fs>
            <f name="voice" value="active"/>
            <f name="tense" value="SimPas"/>
            <f name="type" value="FVG"/>
        </fs>
    </a>
    <node xml:id="n44"/>
    <a label="vchunk" ref="n44" as="xces">
        <fs>
            <f name="neg" value="yes"/>
            <f name="voice" value="active"/>
            <f name="tense" value="SimPas"/>
            <f name="type" value="FVG"/>
        </fs>
    </a>
    <node xml:id="n45"/>
    <a label="vchunk" ref="n45" as="xces">
        <fs>
            <f name="voice" value="none"/>
            <f name="tense" value="HaveVBN"/>
            <f name="type" value="MODAL"/>
        </fs>
    </a>
    <node xml:id="n46"/>
    <a label="vchunk" ref="n46" as="xces">
        <fs>
            <f name="voice" value="active"/>
            <f name="tense" value="SimPas"/>
            <f name="type" value="FVG"/>
        </fs>
    </a>
    <node xml:id="n47"/>
    <a label="vchunk" ref="n47" as="xces">
        <fs>
            <f name="voice" value="active"/>
            <f name="tense" value="SimPre"/>
            <f name="type" value="FVG"/>
        </fs>
    </a>
    <node xml:id="n48"/>
    <a label="vchunk" ref="n48" as="xces">
        <fs>
            <f name="voice" value="active"/>
            <f name="tense" value="SimPas"/>
            <f name="type" value="FVG"/>
        </fs>
    </a>
    <node xml:id="n49"/>
    <a label="vchunk" ref="n49" as="xces">
        <fs>
            <f name="voice" value="none"/>
            <f name="tense" value="Pre"/>
            <f name="type" value="SPECIAL"/>
        </fs>
    </a>
    <node xml:id="n5"/>
    <a label="vchunk" ref="n5" as="xces">
        <fs>
            <f name="voice" value="none"/>
            <f name="tense" value="none"/>
            <f name="type" value="MODAL"/>
        </fs>
    </a>
    <node xml:id="n50"/>
    <a label="vchunk" ref="n50" as="xces">
        <fs>
            <f name="voice" value="active"/>
            <f name="tense" value="SimPas"/>
            <f name="type" value="FVG"/>
        </fs>
    </a>
    <node xml:id="n51"/>
    <a label="vchunk" ref="n51" as="xces">
        <fs>
            <f name="voice" value="active"/>
            <f name="tense" value="SimPre"/>
            <f name="type" value="FVG"/>
        </fs>
    </a>
    <node xml:id="n52"/>
    <a label="vchunk" ref="n52" as="xces">
        <fs>
            <f name="voice" value="active"/>
            <f name="tense" value="SimPre"/>
            <f name="type" value="FVG"/>
        </fs>
    </a>
    <node xml:id="n53"/>
    <a label="vchunk" ref="n53" as="xces">
        <fs>
            <f name="voice" value="active"/>
            <f name="tense" value="SimPas"/>
            <f name="type" value="FVG"/>
        </fs>
    </a>
    <node xml:id="n54"/>
    <a label="vchunk" ref="n54" as="xces">
        <fs>
            <f name="voice" value="active"/>
            <f name="tense" value="SimPre"/>
            <f name="type" value="FVG"/>
        </fs>
    </a>
    <node xml:id="n55"/>
    <a label="vchunk" ref="n55" as="xces">
        <fs>
            <f name="voice" value="active"/>
            <f name="tense" value="SimPre"/>
            <f name="type" value="FVG"/>
        </fs>
    </a>
    <node xml:id="n56"/>
    <a label="vchunk" ref="n56" as="xces">
        <fs>
            <f name="voice" value="active"/>
            <f name="tense" value="Inf"/>
            <f name="type" value="NFVG"/>
        </fs>
    </a>
    <node xml:id="n57"/>
    <a label="vchunk" ref="n57" as="xces">
        <fs>
            <f name="voice" value="active"/>
            <f name="tense" value="SimPas"/>
            <f name="type" value="FVG"/>
        </fs>
    </a>
    <node xml:id="n58"/>
    <a label="vchunk" ref="n58" as="xces">
        <fs>
            <f name="voice" value="active"/>
            <f name="tense" value="SimPas"/>
            <f name="type" value="FVG"/>
        </fs>
    </a>
    <node xml:id="n59"/>
    <a label="vchunk" ref="n59" as="xces">
        <fs>
            <f name="voice" value="none"/>
            <f name="tense" value="HaveVBN"/>
            <f name="type" value="MODAL"/>
        </fs>
    </a>
    <node xml:id="n6"/>
    <a label="vchunk" ref="n6" as="xces">
        <fs>
            <f name="voice" value="active"/>
            <f name="tense" value="SimPre"/>
            <f name="type" value="FVG"/>
        </fs>
    </a>
    <node xml:id="n60"/>
    <a label="vchunk" ref="n60" as="xces">
        <fs>
            <f name="voice" value="active"/>
            <f name="tense" value="SimPas"/>
            <f name="type" value="FVG"/>
        </fs>
    </a>
    <node xml:id="n61"/>
    <a label="vchunk" ref="n61" as="xces">
        <fs>
            <f name="voice" value="active"/>
            <f name="tense" value="SimPas"/>
            <f name="type" value="FVG"/>
        </fs>
    </a>
    <node xml:id="n62"/>
    <a label="vchunk" ref="n62" as="xces">
        <fs>
            <f name="voice" value="active"/>
            <f name="tense" value="SimPre"/>
            <f name="type" value="FVG"/>
        </fs>
    </a>
    <node xml:id="n63"/>
    <a label="vchunk" ref="n63" as="xces">
        <fs>
            <f name="voice" value="active"/>
            <f name="tense" value="SimPre"/>
            <f name="type" value="FVG"/>
        </fs>
    </a>
    <node xml:id="n64"/>
    <a label="vchunk" ref="n64" as="xces">
        <fs>
            <f name="voice" value="active"/>
            <f name="tense" value="Inf"/>
            <f name="type" value="NFVG"/>
        </fs>
    </a>
    <node xml:id="n65"/>
    <a label="vchunk" ref="n65" as="xces">
        <fs>
            <f name="voice" value="active"/>
            <f name="tense" value="PasPer"/>
            <f name="type" value="FVG"/>
        </fs>
    </a>
    <node xml:id="n66"/>
    <a label="vchunk" ref="n66" as="xces">
        <fs>
            <f name="voice" value="active"/>
            <f name="tense" value="Inf"/>
            <f name="type" value="NFVG"/>
        </fs>
    </a>
    <node xml:id="n67"/>
    <a label="vchunk" ref="n67" as="xces">
        <fs>
            <f name="voice" value="active"/>
            <f name="tense" value="SimPre"/>
            <f name="type" value="FVG"/>
        </fs>
    </a>
    <node xml:id="n68"/>
    <a label="vchunk" ref="n68" as="xces">
        <fs>
            <f name="voice" value="active"/>
            <f name="tense" value="SimPre"/>
            <f name="type" value="FVG"/>
        </fs>
    </a>
    <node xml:id="n69"/>
    <a label="vchunk" ref="n69" as="xces">
        <fs>
            <f name="voice" value="active"/>
            <f name="tense" value="SimPre"/>
            <f name="type" value="FVG"/>
        </fs>
    </a>
    <node xml:id="n7"/>
    <a label="vchunk" ref="n7" as="xces">
        <fs>
            <f name="voice" value="active"/>
            <f name="tense" value="SimPre"/>
            <f name="type" value="FVG"/>
        </fs>
    </a>
    <node xml:id="n70"/>
    <a label="vchunk" ref="n70" as="xces">
        <fs>
            <f name="voice" value="active"/>
            <f name="tense" value="SimPre"/>
            <f name="type" value="FVG"/>
        </fs>
    </a>
    <node xml:id="n71"/>
    <a label="vchunk" ref="n71" as="xces">
        <fs>
            <f name="voice" value="none"/>
            <f name="tense" value="Pas"/>
            <f name="type" value="PART"/>
        </fs>
    </a>
    <node xml:id="n72"/>
    <a label="vchunk" ref="n72" as="xces">
        <fs>
            <f name="voice" value="active"/>
            <f name="tense" value="SimPre"/>
            <f name="type" value="FVG"/>
        </fs>
    </a>
    <node xml:id="n73"/>
    <a label="vchunk" ref="n73" as="xces">
        <fs>
            <f name="neg" value="yes"/>
            <f name="voice" value="active"/>
            <f name="tense" value="SimPre"/>
            <f name="type" value="FVG"/>
        </fs>
    </a>
    <node xml:id="n74"/>
    <a label="vchunk" ref="n74" as="xces">
        <fs>
            <f name="voice" value="active"/>
            <f name="tense" value="Pre"/>
            <f name="type" value="PART"/>
        </fs>
    </a>
    <node xml:id="n75"/>
    <a label="vchunk" ref="n75" as="xces">
        <fs>
            <f name="voice" value="none"/>
            <f name="tense" value="none"/>
            <f name="type" value="MODAL"/>
        </fs>
    </a>
    <node xml:id="n76"/>
    <a label="vchunk" ref="n76" as="xces">
        <fs>
            <f name="voice" value="none"/>
            <f name="tense" value="BeVBN"/>
            <f name="type" value="MODAL"/>
        </fs>
    </a>
    <node xml:id="n77"/>
    <a label="vchunk" ref="n77" as="xces">
        <fs>
            <f name="voice" value="none"/>
            <f name="tense" value="none"/>
            <f name="type" value="MODAL"/>
        </fs>
    </a>
    <node xml:id="n78"/>
    <a label="vchunk" ref="n78" as="xces">
        <fs>
            <f name="voice" value="active"/>
            <f name="tense" value="Pre"/>
            <f name="type" value="PART"/>
        </fs>
    </a>
    <node xml:id="n79"/>
    <a label="vchunk" ref="n79" as="xces">
        <fs>
            <f name="voice" value="active"/>
            <f name="tense" value="Inf"/>
            <f name="type" value="NFVG"/>
        </fs>
    </a>
    <node xml:id="n8"/>
    <a label="vchunk" ref="n8" as="xces">
        <fs>
            <f name="voice" value="active"/>
            <f name="tense" value="SimPre"/>
            <f name="type" value="FVG"/>
        </fs>
    </a>
    <node xml:id="n80"/>
    <a label="vchunk" ref="n80" as="xces">
        <fs>
            <f name="voice" value="active"/>
            <f name="tense" value="SimPre"/>
            <f name="type" value="FVG"/>
        </fs>
    </a>
    <node xml:id="n81"/>
    <a label="vchunk" ref="n81" as="xces">
        <fs>
            <f name="voice" value="none"/>
            <f name="tense" value="Pre"/>
            <f name="type" value="SPECIAL"/>
        </fs>
    </a>
    <node xml:id="n82"/>
    <a label="vchunk" ref="n82" as="xces">
        <fs>
            <f name="voice" value="none"/>
            <f name="tense" value="Pas"/>
            <f name="type" value="PART"/>
        </fs>
    </a>
    <node xml:id="n83"/>
    <a label="vchunk" ref="n83" as="xces">
        <fs>
            <f name="voice" value="active"/>
            <f name="tense" value="SimPre"/>
            <f name="type" value="FVG"/>
        </fs>
    </a>
    <node xml:id="n84"/>
    <a label="vchunk" ref="n84" as="xces">
        <fs>
            <f name="neg" value="yes"/>
            <f name="voice" value="active"/>
            <f name="tense" value="SimPre"/>
            <f name="type" value="FVG"/>
        </fs>
    </a>
    <node xml:id="n85"/>
    <a label="vchunk" ref="n85" as="xces">
        <fs>
            <f name="voice" value="active"/>
            <f name="tense" value="SimPre"/>
            <f name="type" value="FVG"/>
        </fs>
    </a>
    <node xml:id="n86"/>
    <a label="vchunk" ref="n86" as="xces">
        <fs>
            <f name="voice" value="none"/>
            <f name="tense" value="Pas"/>
            <f name="type" value="PART"/>
        </fs>
    </a>
    <node xml:id="n87"/>
    <a label="vchunk" ref="n87" as="xces">
        <fs>
            <f name="voice" value="active"/>
            <f name="tense" value="PrePer"/>
            <f name="type" value="FVG"/>
        </fs>
    </a>
    <node xml:id="n88"/>
    <a label="vchunk" ref="n88" as="xces">
        <fs>
            <f name="voice" value="active"/>
            <f name="tense" value="SimPre"/>
            <f name="type" value="FVG"/>
        </fs>
    </a>
    <node xml:id="n89"/>
    <a label="vchunk" ref="n89" as="xces">
        <fs>
            <f name="voice" value="active"/>
            <f name="tense" value="Pre"/>
            <f name="type" value="PART"/>
        </fs>
    </a>
    <node xml:id="n9"/>
    <a label="vchunk" ref="n9" as="xces">
        <fs>
            <f name="voice" value="active"/>
            <f name="tense" value="SimPre"/>
            <f name="type" value="FVG"/>
        </fs>
    </a>
    <node xml:id="n90"/>
    <a label="vchunk" ref="n90" as="xces">
        <fs>
            <f name="voice" value="active"/>
            <f name="tense" value="SimPre"/>
            <f name="type" value="FVG"/>
        </fs>
    </a>
    <node xml:id="n91"/>
    <a label="vchunk" ref="n91" as="xces">
        <fs>
            <f name="voice" value="active"/>
            <f name="tense" value="SimPre"/>
            <f name="type" value="FVG"/>
        </fs>
    </a>
    <node xml:id="n92"/>
    <a label="vchunk" ref="n92" as="xces">
        <fs>
            <f name="voice" value="active"/>
            <f name="tense" value="SimPre"/>
            <f name="type" value="FVG"/>
        </fs>
    </a>
    <node xml:id="n93"/>
    <a label="vchunk" ref="n93" as="xces">
        <fs>
            <f name="voice" value="active"/>
            <f name="tense" value="SimPre"/>
            <f name="type" value="FVG"/>
        </fs>
    </a>
    <node xml:id="n94"/>
    <a label="vchunk" ref="n94" as="xces">
        <fs>
            <f name="voice" value="active"/>
            <f name="tense" value="Inf"/>
            <f name="type" value="NFVG"/>
        </fs>
    </a>
    <node xml:id="n95"/>
    <a label="vchunk" ref="n95" as="xces">
        <fs>
            <f name="voice" value="active"/>
            <f name="tense" value="SimPre"/>
            <f name="type" value="FVG"/>
        </fs>
    </a>
    <node xml:id="n96"/>
    <a label="vchunk" ref="n96" as="xces">
        <fs>
            <f name="voice" value="active"/>
            <f name="tense" value="Pre"/>
            <f name="type" value="PART"/>
        </fs>
    </a>
    <node xml:id="n97"/>
    <a label="vchunk" ref="n97" as="xces">
        <fs>
            <f name="voice" value="active"/>
            <f name="tense" value="Pre"/>
            <f name="type" value="PART"/>
        </fs>
    </a>
    <node xml:id="n98"/>
    <a label="vchunk" ref="n98" as="xces">
        <fs>
            <f name="voice" value="active"/>
            <f name="tense" value="SimPre"/>
            <f name="type" value="FVG"/>
        </fs>
    </a>
    <node xml:id="n99"/>
    <a label="vchunk" ref="n99" as="xces">
        <fs>
            <f name="voice" value="active"/>
            <f name="tense" value="Pre"/>
            <f name="type" value="PART"/>
        </fs>
    </a>
    <edge xml:id="lnk109" from="n2" to="penn-n11"/>
    <edge xml:id="lnk108" from="n19" to="penn-n138"/>
    <edge xml:id="lnk107" from="n18" to="penn-n136"/>
    <edge xml:id="lnk106" from="n17" to="penn-n128"/>
    <edge xml:id="lnk105" from="n162" to="penn-n972"/>
    <edge xml:id="lnk104" from="n161" to="penn-n967"/>
    <edge xml:id="lnk103" from="n160" to="penn-n963"/>
    <edge xml:id="lnk102" from="n16" to="penn-n124"/>
    <edge xml:id="lnk101" from="n159" to="penn-n959"/>
    <edge xml:id="lnk100" from="n158" to="penn-n943"/>
    <edge xml:id="lnk250" from="n99" to="penn-n618"/>
    <edge xml:id="lnk99" from="n157" to="penn-n936"/>
    <edge xml:id="lnk98" from="n156" to="penn-n929"/>
    <edge xml:id="lnk97" from="n156" to="penn-n928"/>
    <edge xml:id="lnk96" from="n155" to="penn-n926"/>
    <edge xml:id="lnk95" from="n154" to="penn-n922"/>
    <edge xml:id="lnk94" from="n153" to="penn-n910"/>
    <edge xml:id="lnk93" from="n153" to="penn-n909"/>
    <edge xml:id="lnk92" from="n153" to="penn-n908"/>
    <edge xml:id="lnk91" from="n152" to="penn-n905"/>
    <edge xml:id="lnk90" from="n151" to="penn-n903"/>
    <edge xml:id="lnk249" from="n98" to="penn-n616"/>
    <edge xml:id="lnk248" from="n97" to="penn-n611"/>
    <edge xml:id="lnk247" from="n96" to="penn-n609"/>
    <edge xml:id="lnk246" from="n95" to="penn-n607"/>
    <edge xml:id="lnk245" from="n94" to="penn-n597"/>
    <edge xml:id="lnk244" from="n94" to="penn-n596"/>
    <edge xml:id="lnk243" from="n93" to="penn-n590"/>
    <edge xml:id="lnk242" from="n92" to="penn-n588"/>
    <edge xml:id="lnk241" from="n91" to="penn-n581"/>
    <edge xml:id="lnk240" from="n90" to="penn-n580"/>
    <edge xml:id="lnk89" from="n150" to="penn-n895"/>
    <edge xml:id="lnk88" from="n150" to="penn-n894"/>
    <edge xml:id="lnk87" from="n15" to="penn-n122"/>
    <edge xml:id="lnk86" from="n15" to="penn-n121"/>
    <edge xml:id="lnk85" from="n15" to="penn-n120"/>
    <edge xml:id="lnk84" from="n149" to="penn-n893"/>
    <edge xml:id="lnk83" from="n149" to="penn-n892"/>
    <edge xml:id="lnk82" from="n148" to="penn-n885"/>
    <edge xml:id="lnk81" from="n148" to="penn-n884"/>
    <edge xml:id="lnk80" from="n148" to="penn-n883"/>
    <edge xml:id="lnk239" from="n9" to="penn-n84"/>
    <edge xml:id="lnk238" from="n89" to="penn-n575"/>
    <edge xml:id="lnk237" from="n88" to="penn-n566"/>
    <edge xml:id="lnk236" from="n87" to="penn-n555"/>
    <edge xml:id="lnk235" from="n87" to="penn-n554"/>
    <edge xml:id="lnk234" from="n86" to="penn-n547"/>
    <edge xml:id="lnk233" from="n85" to="penn-n545"/>
    <edge xml:id="lnk232" from="n84" to="penn-n542"/>
    <edge xml:id="lnk231" from="n84" to="penn-n541"/>
    <edge xml:id="lnk230" from="n84" to="penn-n540"/>
    <edge xml:id="lnk199" from="n68" to="penn-n435"/>
    <edge xml:id="lnk198" from="n67" to="penn-n428"/>
    <edge xml:id="lnk197" from="n66" to="penn-n423"/>
    <edge xml:id="lnk196" from="n66" to="penn-n422"/>
    <edge xml:id="lnk195" from="n65" to="penn-n421"/>
    <edge xml:id="lnk194" from="n65" to="penn-n420"/>
    <edge xml:id="lnk193" from="n64" to="penn-n416"/>
    <edge xml:id="lnk79" from="n148" to="penn-n882"/>
    <edge xml:id="lnk192" from="n64" to="penn-n415"/>
    <edge xml:id="lnk78" from="n147" to="penn-n876"/>
    <edge xml:id="lnk191" from="n63" to="penn-n411"/>
    <edge xml:id="lnk77" from="n146" to="penn-n874"/>
    <edge xml:id="lnk190" from="n62" to="penn-n409"/>
    <edge xml:id="lnk76" from="n146" to="penn-n873"/>
    <edge xml:id="lnk75" from="n145" to="penn-n871"/>
    <edge xml:id="lnk74" from="n145" to="penn-n870"/>
    <edge xml:id="lnk73" from="n145" to="penn-n869"/>
    <edge xml:id="lnk72" from="n145" to="penn-n868"/>
    <edge xml:id="lnk71" from="n144" to="penn-n861"/>
    <edge xml:id="lnk70" from="n144" to="penn-n860"/>
    <edge xml:id="lnk229" from="n83" to="penn-n534"/>
    <edge xml:id="lnk228" from="n82" to="penn-n528"/>
    <edge xml:id="lnk227" from="n81" to="penn-n524"/>
    <edge xml:id="lnk226" from="n81" to="penn-n523"/>
    <edge xml:id="lnk225" from="n81" to="penn-n522"/>
    <edge xml:id="lnk224" from="n81" to="penn-n521"/>
    <edge xml:id="lnk223" from="n80" to="penn-n516"/>
    <edge xml:id="lnk222" from="n8" to="penn-n77"/>
    <edge xml:id="lnk221" from="n79" to="penn-n494"/>
    <edge xml:id="lnk220" from="n79" to="penn-n493"/>
    <edge xml:id="lnk189" from="n61" to="penn-n399"/>
    <edge xml:id="lnk188" from="n60" to="penn-n397"/>
    <edge xml:id="lnk187" from="n6" to="penn-n46"/>
    <edge xml:id="lnk186" from="n59" to="penn-n391"/>
    <edge xml:id="lnk185" from="n59" to="penn-n390"/>
    <edge xml:id="lnk184" from="n59" to="penn-n389"/>
    <edge xml:id="lnk183" from="n59" to="penn-n388"/>
    <edge xml:id="lnk69" from="n144" to="penn-n859"/>
    <edge xml:id="lnk182" from="n58" to="penn-n382"/>
    <edge xml:id="lnk68" from="n143" to="penn-n852"/>
    <edge xml:id="lnk181" from="n57" to="penn-n379"/>
    <edge xml:id="lnk67" from="n143" to="penn-n851"/>
    <edge xml:id="lnk180" from="n56" to="penn-n374"/>
    <edge xml:id="lnk66" from="n142" to="penn-n848"/>
    <edge xml:id="lnk65" from="n141" to="penn-n846"/>
    <edge xml:id="lnk64" from="n140" to="penn-n844"/>
    <edge xml:id="lnk63" from="n140" to="penn-n843"/>
    <edge xml:id="lnk62" from="n140" to="penn-n842"/>
    <edge xml:id="lnk61" from="n14" to="penn-n118"/>
    <edge xml:id="lnk60" from="n139" to="penn-n836"/>
    <edge xml:id="lnk219" from="n78" to="penn-n492"/>
    <edge xml:id="lnk218" from="n77" to="penn-n490"/>
    <edge xml:id="lnk217" from="n77" to="penn-n489"/>
    <edge xml:id="lnk216" from="n77" to="penn-n488"/>
    <edge xml:id="lnk215" from="n76" to="penn-n484"/>
    <edge xml:id="lnk214" from="n76" to="penn-n483"/>
    <edge xml:id="lnk213" from="n76" to="penn-n482"/>
    <edge xml:id="lnk212" from="n76" to="penn-n481"/>
    <edge xml:id="lnk211" from="n76" to="penn-n480"/>
    <edge xml:id="lnk210" from="n75" to="penn-n478"/>
    <edge xml:id="lnk179" from="n55" to="penn-n372"/>
    <edge xml:id="lnk178" from="n54" to="penn-n369"/>
    <edge xml:id="lnk177" from="n53" to="penn-n364"/>
    <edge xml:id="lnk176" from="n52" to="penn-n360"/>
    <edge xml:id="lnk175" from="n51" to="penn-n358"/>
    <edge xml:id="lnk174" from="n50" to="penn-n355"/>
    <edge xml:id="lnk173" from="n5" to="penn-n43"/>
    <edge xml:id="lnk59" from="n139" to="penn-n835"/>
    <edge xml:id="lnk172" from="n5" to="penn-n42"/>
    <edge xml:id="lnk58" from="n138" to="penn-n834"/>
    <edge xml:id="lnk171" from="n5" to="penn-n41"/>
    <edge xml:id="lnk57" from="n137" to="penn-n832"/>
    <edge xml:id="lnk170" from="n5" to="penn-n40"/>
    <edge xml:id="lnk56" from="n136" to="penn-n830"/>
    <edge xml:id="lnk55" from="n135" to="penn-n822"/>
    <edge xml:id="lnk54" from="n134" to="penn-n819"/>
    <edge xml:id="lnk53" from="n133" to="penn-n810"/>
    <edge xml:id="lnk52" from="n133" to="penn-n809"/>
    <edge xml:id="lnk51" from="n132" to="penn-n808"/>
    <edge xml:id="lnk50" from="n131" to="penn-n806"/>
    <edge xml:id="lnk209" from="n75" to="penn-n477"/>
    <edge xml:id="lnk208" from="n74" to="penn-n470"/>
    <edge xml:id="lnk207" from="n73" to="penn-n466"/>
    <edge xml:id="lnk206" from="n73" to="penn-n465"/>
    <edge xml:id="lnk205" from="n73" to="penn-n464"/>
    <edge xml:id="lnk204" from="n72" to="penn-n452"/>
    <edge xml:id="lnk203" from="n71" to="penn-n446"/>
    <edge xml:id="lnk202" from="n70" to="penn-n445"/>
    <edge xml:id="lnk201" from="n7" to="penn-n65"/>
    <edge xml:id="lnk200" from="n69" to="penn-n440"/>
    <edge xml:id="lnk169" from="n49" to="penn-n348"/>
    <edge xml:id="lnk168" from="n49" to="penn-n347"/>
    <edge xml:id="lnk167" from="n49" to="penn-n346"/>
    <edge xml:id="lnk166" from="n48" to="penn-n332"/>
    <edge xml:id="lnk165" from="n47" to="penn-n330"/>
    <edge xml:id="lnk164" from="n46" to="penn-n325"/>
    <edge xml:id="lnk163" from="n45" to="penn-n319"/>
    <edge xml:id="lnk49" from="n130" to="penn-n796"/>
    <edge xml:id="lnk162" from="n45" to="penn-n318"/>
    <edge xml:id="lnk48" from="n13" to="penn-n109"/>
    <edge xml:id="lnk161" from="n45" to="penn-n317"/>
    <edge xml:id="lnk47" from="n129" to="penn-n788"/>
    <edge xml:id="lnk160" from="n45" to="penn-n316"/>
    <edge xml:id="lnk46" from="n128" to="penn-n779"/>
    <edge xml:id="lnk45" from="n127" to="penn-n772"/>
    <edge xml:id="lnk44" from="n126" to="penn-n766"/>
    <edge xml:id="lnk43" from="n125" to="penn-n762"/>
    <edge xml:id="lnk42" from="n124" to="penn-n749"/>
    <edge xml:id="lnk41" from="n123" to="penn-n744"/>
    <edge xml:id="lnk40" from="n122" to="penn-n741"/>
    <edge xml:id="lnk9" from="n101" to="penn-n633"/>
    <edge xml:id="lnk8" from="n100" to="penn-n626"/>
    <edge xml:id="lnk7" from="n100" to="penn-n625"/>
    <edge xml:id="lnk6" from="n100" to="penn-n624"/>
    <edge xml:id="lnk5" from="n100" to="penn-n623"/>
    <edge xml:id="lnk4" from="n100" to="penn-n622"/>
    <edge xml:id="lnk3" from="n10" to="penn-n91"/>
    <edge xml:id="lnk2" from="n10" to="penn-n90"/>
    <edge xml:id="lnk1" from="n1" to="penn-n9"/>
    <edge xml:id="lnk159" from="n45" to="penn-n315"/>
    <edge xml:id="lnk0" from="n0" to="penn-n7"/>
    <edge xml:id="lnk158" from="n44" to="penn-n312"/>
    <edge xml:id="lnk157" from="n44" to="penn-n311"/>
    <edge xml:id="lnk156" from="n44" to="penn-n310"/>
    <edge xml:id="lnk155" from="n43" to="penn-n304"/>
    <edge xml:id="lnk154" from="n42" to="penn-n291"/>
    <edge xml:id="lnk153" from="n42" to="penn-n290"/>
    <edge xml:id="lnk39" from="n122" to="penn-n740"/>
    <edge xml:id="lnk152" from="n41" to="penn-n288"/>
    <edge xml:id="lnk38" from="n121" to="penn-n738"/>
    <edge xml:id="lnk151" from="n40" to="penn-n282"/>
    <edge xml:id="lnk37" from="n120" to="penn-n731"/>
    <edge xml:id="lnk150" from="n4" to="penn-n35"/>
    <edge xml:id="lnk36" from="n120" to="penn-n730"/>
    <edge xml:id="lnk35" from="n12" to="penn-n103"/>
    <edge xml:id="lnk34" from="n119" to="penn-n720"/>
    <edge xml:id="lnk33" from="n118" to="penn-n718"/>
    <edge xml:id="lnk32" from="n117" to="penn-n716"/>
    <edge xml:id="lnk31" from="n116" to="penn-n714"/>
    <edge xml:id="lnk30" from="n115" to="penn-n705"/>
    <edge xml:id="lnk149" from="n4" to="penn-n34"/>
    <edge xml:id="lnk148" from="n4" to="penn-n33"/>
    <edge xml:id="lnk147" from="n39" to="penn-n278"/>
    <edge xml:id="lnk146" from="n39" to="penn-n277"/>
    <edge xml:id="lnk145" from="n39" to="penn-n276"/>
    <edge xml:id="lnk144" from="n38" to="penn-n265"/>
    <edge xml:id="lnk143" from="n38" to="penn-n264"/>
    <edge xml:id="lnk29" from="n114" to="penn-n697"/>
    <edge xml:id="lnk28" from="n114" to="penn-n696"/>
    <edge xml:id="lnk142" from="n38" to="penn-n263"/>
    <edge xml:id="lnk27" from="n113" to="penn-n694"/>
    <edge xml:id="lnk141" from="n37" to="penn-n254"/>
    <edge xml:id="lnk26" from="n113" to="penn-n693"/>
    <edge xml:id="lnk140" from="n36" to="penn-n253"/>
    <edge xml:id="lnk25" from="n112" to="penn-n691"/>
    <edge xml:id="lnk24" from="n112" to="penn-n690"/>
    <edge xml:id="lnk23" from="n111" to="penn-n688"/>
    <edge xml:id="lnk22" from="n110" to="penn-n681"/>
    <edge xml:id="lnk21" from="n11" to="penn-n101"/>
    <edge xml:id="lnk20" from="n109" to="penn-n673"/>
    <edge xml:id="lnk139" from="n35" to="penn-n241"/>
    <edge xml:id="lnk138" from="n35" to="penn-n240"/>
    <edge xml:id="lnk137" from="n35" to="penn-n239"/>
    <edge xml:id="lnk136" from="n34" to="penn-n233"/>
    <edge xml:id="lnk135" from="n33" to="penn-n229"/>
    <edge xml:id="lnk134" from="n32" to="penn-n227"/>
    <edge xml:id="lnk19" from="n109" to="penn-n672"/>
    <edge xml:id="lnk133" from="n31" to="penn-n222"/>
    <edge xml:id="lnk18" from="n108" to="penn-n669"/>
    <edge xml:id="lnk132" from="n31" to="penn-n221"/>
    <edge xml:id="lnk17" from="n107" to="penn-n664"/>
    <edge xml:id="lnk131" from="n30" to="penn-n220"/>
    <edge xml:id="lnk16" from="n106" to="penn-n663"/>
    <edge xml:id="lnk130" from="n30" to="penn-n219"/>
    <edge xml:id="lnk15" from="n105" to="penn-n661"/>
    <edge xml:id="lnk14" from="n104" to="penn-n659"/>
    <edge xml:id="lnk13" from="n104" to="penn-n658"/>
    <edge xml:id="lnk12" from="n104" to="penn-n657"/>
    <edge xml:id="lnk11" from="n103" to="penn-n654"/>
    <edge xml:id="lnk10" from="n102" to="penn-n637"/>
    <edge xml:id="lnk129" from="n30" to="penn-n218"/>
    <edge xml:id="lnk128" from="n30" to="penn-n217"/>
    <edge xml:id="lnk127" from="n3" to="penn-n23"/>
    <edge xml:id="lnk126" from="n3" to="penn-n22"/>
    <edge xml:id="lnk125" from="n29" to="penn-n204"/>
    <edge xml:id="lnk124" from="n28" to="penn-n192"/>
    <edge xml:id="lnk123" from="n27" to="penn-n190"/>
    <edge xml:id="lnk122" from="n26" to="penn-n183"/>
    <edge xml:id="lnk121" from="n26" to="penn-n182"/>
    <edge xml:id="lnk120" from="n25" to="penn-n181"/>
    <edge xml:id="lnk119" from="n25" to="penn-n180"/>
    <edge xml:id="lnk118" from="n25" to="penn-n179"/>
    <edge xml:id="lnk117" from="n24" to="penn-n174"/>
    <edge xml:id="lnk116" from="n23" to="penn-n167"/>
    <edge xml:id="lnk115" from="n22" to="penn-n164"/>
    <edge xml:id="lnk114" from="n21" to="penn-n146"/>
    <edge xml:id="lnk113" from="n20" to="penn-n141"/>
    <edge xml:id="lnk112" from="n2" to="penn-n14"/>
    <edge xml:id="lnk111" from="n2" to="penn-n13"/>
    <edge xml:id="lnk110" from="n2" to="penn-n12"/>
</graph>
