<?xml version="1.0" encoding="UTF-8"?>
<graph xmlns="http://www.xces.org/ns/GrAF/1.0/">
    <header>
        <tagsDecl>
            <tagUsage gi="nchunk" occurs="394"/>
        </tagsDecl>
        <dependencies>
            <dependsOn type="penn"/>
        </dependencies>
        <annotationSets>
            <annotationSet name="xces" type="http://www.xces.org/schema/2003"/>
        </annotationSets>
    </header>
    <node xml:id="n0"/>
    <a label="nchunk" ref="n0" as="xces"/>
    <node xml:id="n1"/>
    <a label="nchunk" ref="n1" as="xces"/>
    <node xml:id="n10"/>
    <a label="nchunk" ref="n10" as="xces"/>
    <node xml:id="n100"/>
    <a label="nchunk" ref="n100" as="xces"/>
    <node xml:id="n101"/>
    <a label="nchunk" ref="n101" as="xces"/>
    <node xml:id="n102"/>
    <a label="nchunk" ref="n102" as="xces"/>
    <node xml:id="n103"/>
    <a label="nchunk" ref="n103" as="xces"/>
    <node xml:id="n104"/>
    <a label="nchunk" ref="n104" as="xces"/>
    <node xml:id="n105"/>
    <a label="nchunk" ref="n105" as="xces"/>
    <node xml:id="n106"/>
    <a label="nchunk" ref="n106" as="xces"/>
    <node xml:id="n107"/>
    <a label="nchunk" ref="n107" as="xces"/>
    <node xml:id="n108"/>
    <a label="nchunk" ref="n108" as="xces"/>
    <node xml:id="n109"/>
    <a label="nchunk" ref="n109" as="xces"/>
    <node xml:id="n11"/>
    <a label="nchunk" ref="n11" as="xces"/>
    <node xml:id="n110"/>
    <a label="nchunk" ref="n110" as="xces"/>
    <node xml:id="n111"/>
    <a label="nchunk" ref="n111" as="xces"/>
    <node xml:id="n112"/>
    <a label="nchunk" ref="n112" as="xces"/>
    <node xml:id="n113"/>
    <a label="nchunk" ref="n113" as="xces"/>
    <node xml:id="n114"/>
    <a label="nchunk" ref="n114" as="xces"/>
    <node xml:id="n115"/>
    <a label="nchunk" ref="n115" as="xces"/>
    <node xml:id="n116"/>
    <a label="nchunk" ref="n116" as="xces"/>
    <node xml:id="n117"/>
    <a label="nchunk" ref="n117" as="xces"/>
    <node xml:id="n118"/>
    <a label="nchunk" ref="n118" as="xces"/>
    <node xml:id="n119"/>
    <a label="nchunk" ref="n119" as="xces"/>
    <node xml:id="n12"/>
    <a label="nchunk" ref="n12" as="xces"/>
    <node xml:id="n120"/>
    <a label="nchunk" ref="n120" as="xces"/>
    <node xml:id="n121"/>
    <a label="nchunk" ref="n121" as="xces"/>
    <node xml:id="n122"/>
    <a label="nchunk" ref="n122" as="xces"/>
    <node xml:id="n123"/>
    <a label="nchunk" ref="n123" as="xces"/>
    <node xml:id="n124"/>
    <a label="nchunk" ref="n124" as="xces"/>
    <node xml:id="n125"/>
    <a label="nchunk" ref="n125" as="xces"/>
    <node xml:id="n126"/>
    <a label="nchunk" ref="n126" as="xces"/>
    <node xml:id="n127"/>
    <a label="nchunk" ref="n127" as="xces"/>
    <node xml:id="n128"/>
    <a label="nchunk" ref="n128" as="xces"/>
    <node xml:id="n129"/>
    <a label="nchunk" ref="n129" as="xces"/>
    <node xml:id="n13"/>
    <a label="nchunk" ref="n13" as="xces"/>
    <node xml:id="n130"/>
    <a label="nchunk" ref="n130" as="xces"/>
    <node xml:id="n131"/>
    <a label="nchunk" ref="n131" as="xces"/>
    <node xml:id="n132"/>
    <a label="nchunk" ref="n132" as="xces"/>
    <node xml:id="n133"/>
    <a label="nchunk" ref="n133" as="xces"/>
    <node xml:id="n134"/>
    <a label="nchunk" ref="n134" as="xces"/>
    <node xml:id="n135"/>
    <a label="nchunk" ref="n135" as="xces"/>
    <node xml:id="n136"/>
    <a label="nchunk" ref="n136" as="xces"/>
    <node xml:id="n137"/>
    <a label="nchunk" ref="n137" as="xces"/>
    <node xml:id="n138"/>
    <a label="nchunk" ref="n138" as="xces"/>
    <node xml:id="n139"/>
    <a label="nchunk" ref="n139" as="xces"/>
    <node xml:id="n14"/>
    <a label="nchunk" ref="n14" as="xces"/>
    <node xml:id="n140"/>
    <a label="nchunk" ref="n140" as="xces"/>
    <node xml:id="n141"/>
    <a label="nchunk" ref="n141" as="xces"/>
    <node xml:id="n142"/>
    <a label="nchunk" ref="n142" as="xces"/>
    <node xml:id="n143"/>
    <a label="nchunk" ref="n143" as="xces"/>
    <node xml:id="n144"/>
    <a label="nchunk" ref="n144" as="xces"/>
    <node xml:id="n145"/>
    <a label="nchunk" ref="n145" as="xces"/>
    <node xml:id="n146"/>
    <a label="nchunk" ref="n146" as="xces"/>
    <node xml:id="n147"/>
    <a label="nchunk" ref="n147" as="xces"/>
    <node xml:id="n148"/>
    <a label="nchunk" ref="n148" as="xces"/>
    <node xml:id="n149"/>
    <a label="nchunk" ref="n149" as="xces"/>
    <node xml:id="n15"/>
    <a label="nchunk" ref="n15" as="xces"/>
    <node xml:id="n150"/>
    <a label="nchunk" ref="n150" as="xces"/>
    <node xml:id="n151"/>
    <a label="nchunk" ref="n151" as="xces"/>
    <node xml:id="n152"/>
    <a label="nchunk" ref="n152" as="xces"/>
    <node xml:id="n153"/>
    <a label="nchunk" ref="n153" as="xces"/>
    <node xml:id="n154"/>
    <a label="nchunk" ref="n154" as="xces"/>
    <node xml:id="n155"/>
    <a label="nchunk" ref="n155" as="xces"/>
    <node xml:id="n156"/>
    <a label="nchunk" ref="n156" as="xces"/>
    <node xml:id="n157"/>
    <a label="nchunk" ref="n157" as="xces"/>
    <node xml:id="n158"/>
    <a label="nchunk" ref="n158" as="xces"/>
    <node xml:id="n159"/>
    <a label="nchunk" ref="n159" as="xces"/>
    <node xml:id="n16"/>
    <a label="nchunk" ref="n16" as="xces"/>
    <node xml:id="n160"/>
    <a label="nchunk" ref="n160" as="xces"/>
    <node xml:id="n161"/>
    <a label="nchunk" ref="n161" as="xces"/>
    <node xml:id="n162"/>
    <a label="nchunk" ref="n162" as="xces"/>
    <node xml:id="n163"/>
    <a label="nchunk" ref="n163" as="xces"/>
    <node xml:id="n164"/>
    <a label="nchunk" ref="n164" as="xces"/>
    <node xml:id="n165"/>
    <a label="nchunk" ref="n165" as="xces"/>
    <node xml:id="n166"/>
    <a label="nchunk" ref="n166" as="xces"/>
    <node xml:id="n167"/>
    <a label="nchunk" ref="n167" as="xces"/>
    <node xml:id="n168"/>
    <a label="nchunk" ref="n168" as="xces"/>
    <node xml:id="n169"/>
    <a label="nchunk" ref="n169" as="xces"/>
    <node xml:id="n17"/>
    <a label="nchunk" ref="n17" as="xces"/>
    <node xml:id="n170"/>
    <a label="nchunk" ref="n170" as="xces"/>
    <node xml:id="n171"/>
    <a label="nchunk" ref="n171" as="xces"/>
    <node xml:id="n172"/>
    <a label="nchunk" ref="n172" as="xces"/>
    <node xml:id="n173"/>
    <a label="nchunk" ref="n173" as="xces"/>
    <node xml:id="n174"/>
    <a label="nchunk" ref="n174" as="xces"/>
    <node xml:id="n175"/>
    <a label="nchunk" ref="n175" as="xces"/>
    <node xml:id="n176"/>
    <a label="nchunk" ref="n176" as="xces"/>
    <node xml:id="n177"/>
    <a label="nchunk" ref="n177" as="xces"/>
    <node xml:id="n178"/>
    <a label="nchunk" ref="n178" as="xces"/>
    <node xml:id="n179"/>
    <a label="nchunk" ref="n179" as="xces"/>
    <node xml:id="n18"/>
    <a label="nchunk" ref="n18" as="xces"/>
    <node xml:id="n180"/>
    <a label="nchunk" ref="n180" as="xces"/>
    <node xml:id="n181"/>
    <a label="nchunk" ref="n181" as="xces"/>
    <node xml:id="n182"/>
    <a label="nchunk" ref="n182" as="xces"/>
    <node xml:id="n183"/>
    <a label="nchunk" ref="n183" as="xces"/>
    <node xml:id="n184"/>
    <a label="nchunk" ref="n184" as="xces"/>
    <node xml:id="n185"/>
    <a label="nchunk" ref="n185" as="xces"/>
    <node xml:id="n186"/>
    <a label="nchunk" ref="n186" as="xces"/>
    <node xml:id="n187"/>
    <a label="nchunk" ref="n187" as="xces"/>
    <node xml:id="n188"/>
    <a label="nchunk" ref="n188" as="xces"/>
    <node xml:id="n189"/>
    <a label="nchunk" ref="n189" as="xces"/>
    <node xml:id="n19"/>
    <a label="nchunk" ref="n19" as="xces"/>
    <node xml:id="n190"/>
    <a label="nchunk" ref="n190" as="xces"/>
    <node xml:id="n191"/>
    <a label="nchunk" ref="n191" as="xces"/>
    <node xml:id="n192"/>
    <a label="nchunk" ref="n192" as="xces"/>
    <node xml:id="n193"/>
    <a label="nchunk" ref="n193" as="xces"/>
    <node xml:id="n194"/>
    <a label="nchunk" ref="n194" as="xces"/>
    <node xml:id="n195"/>
    <a label="nchunk" ref="n195" as="xces"/>
    <node xml:id="n196"/>
    <a label="nchunk" ref="n196" as="xces"/>
    <node xml:id="n197"/>
    <a label="nchunk" ref="n197" as="xces"/>
    <node xml:id="n198"/>
    <a label="nchunk" ref="n198" as="xces"/>
    <node xml:id="n199"/>
    <a label="nchunk" ref="n199" as="xces"/>
    <node xml:id="n2"/>
    <a label="nchunk" ref="n2" as="xces"/>
    <node xml:id="n20"/>
    <a label="nchunk" ref="n20" as="xces"/>
    <node xml:id="n200"/>
    <a label="nchunk" ref="n200" as="xces"/>
    <node xml:id="n201"/>
    <a label="nchunk" ref="n201" as="xces"/>
    <node xml:id="n202"/>
    <a label="nchunk" ref="n202" as="xces"/>
    <node xml:id="n203"/>
    <a label="nchunk" ref="n203" as="xces"/>
    <node xml:id="n204"/>
    <a label="nchunk" ref="n204" as="xces"/>
    <node xml:id="n205"/>
    <a label="nchunk" ref="n205" as="xces"/>
    <node xml:id="n206"/>
    <a label="nchunk" ref="n206" as="xces"/>
    <node xml:id="n207"/>
    <a label="nchunk" ref="n207" as="xces"/>
    <node xml:id="n208"/>
    <a label="nchunk" ref="n208" as="xces"/>
    <node xml:id="n209"/>
    <a label="nchunk" ref="n209" as="xces"/>
    <node xml:id="n21"/>
    <a label="nchunk" ref="n21" as="xces"/>
    <node xml:id="n210"/>
    <a label="nchunk" ref="n210" as="xces"/>
    <node xml:id="n211"/>
    <a label="nchunk" ref="n211" as="xces"/>
    <node xml:id="n212"/>
    <a label="nchunk" ref="n212" as="xces"/>
    <node xml:id="n213"/>
    <a label="nchunk" ref="n213" as="xces"/>
    <node xml:id="n214"/>
    <a label="nchunk" ref="n214" as="xces"/>
    <node xml:id="n215"/>
    <a label="nchunk" ref="n215" as="xces"/>
    <node xml:id="n216"/>
    <a label="nchunk" ref="n216" as="xces"/>
    <node xml:id="n217"/>
    <a label="nchunk" ref="n217" as="xces"/>
    <node xml:id="n218"/>
    <a label="nchunk" ref="n218" as="xces"/>
    <node xml:id="n219"/>
    <a label="nchunk" ref="n219" as="xces"/>
    <node xml:id="n22"/>
    <a label="nchunk" ref="n22" as="xces"/>
    <node xml:id="n220"/>
    <a label="nchunk" ref="n220" as="xces"/>
    <node xml:id="n221"/>
    <a label="nchunk" ref="n221" as="xces"/>
    <node xml:id="n222"/>
    <a label="nchunk" ref="n222" as="xces"/>
    <node xml:id="n223"/>
    <a label="nchunk" ref="n223" as="xces"/>
    <node xml:id="n224"/>
    <a label="nchunk" ref="n224" as="xces"/>
    <node xml:id="n225"/>
    <a label="nchunk" ref="n225" as="xces"/>
    <node xml:id="n226"/>
    <a label="nchunk" ref="n226" as="xces"/>
    <node xml:id="n227"/>
    <a label="nchunk" ref="n227" as="xces"/>
    <node xml:id="n228"/>
    <a label="nchunk" ref="n228" as="xces"/>
    <node xml:id="n229"/>
    <a label="nchunk" ref="n229" as="xces"/>
    <node xml:id="n23"/>
    <a label="nchunk" ref="n23" as="xces"/>
    <node xml:id="n230"/>
    <a label="nchunk" ref="n230" as="xces"/>
    <node xml:id="n231"/>
    <a label="nchunk" ref="n231" as="xces"/>
    <node xml:id="n232"/>
    <a label="nchunk" ref="n232" as="xces"/>
    <node xml:id="n233"/>
    <a label="nchunk" ref="n233" as="xces"/>
    <node xml:id="n234"/>
    <a label="nchunk" ref="n234" as="xces"/>
    <node xml:id="n235"/>
    <a label="nchunk" ref="n235" as="xces"/>
    <node xml:id="n236"/>
    <a label="nchunk" ref="n236" as="xces"/>
    <node xml:id="n237"/>
    <a label="nchunk" ref="n237" as="xces"/>
    <node xml:id="n238"/>
    <a label="nchunk" ref="n238" as="xces"/>
    <node xml:id="n239"/>
    <a label="nchunk" ref="n239" as="xces"/>
    <node xml:id="n24"/>
    <a label="nchunk" ref="n24" as="xces"/>
    <node xml:id="n240"/>
    <a label="nchunk" ref="n240" as="xces"/>
    <node xml:id="n241"/>
    <a label="nchunk" ref="n241" as="xces"/>
    <node xml:id="n242"/>
    <a label="nchunk" ref="n242" as="xces"/>
    <node xml:id="n243"/>
    <a label="nchunk" ref="n243" as="xces"/>
    <node xml:id="n244"/>
    <a label="nchunk" ref="n244" as="xces"/>
    <node xml:id="n245"/>
    <a label="nchunk" ref="n245" as="xces"/>
    <node xml:id="n246"/>
    <a label="nchunk" ref="n246" as="xces"/>
    <node xml:id="n247"/>
    <a label="nchunk" ref="n247" as="xces"/>
    <node xml:id="n248"/>
    <a label="nchunk" ref="n248" as="xces"/>
    <node xml:id="n249"/>
    <a label="nchunk" ref="n249" as="xces"/>
    <node xml:id="n25"/>
    <a label="nchunk" ref="n25" as="xces"/>
    <node xml:id="n250"/>
    <a label="nchunk" ref="n250" as="xces"/>
    <node xml:id="n251"/>
    <a label="nchunk" ref="n251" as="xces"/>
    <node xml:id="n252"/>
    <a label="nchunk" ref="n252" as="xces"/>
    <node xml:id="n253"/>
    <a label="nchunk" ref="n253" as="xces"/>
    <node xml:id="n254"/>
    <a label="nchunk" ref="n254" as="xces"/>
    <node xml:id="n255"/>
    <a label="nchunk" ref="n255" as="xces"/>
    <node xml:id="n256"/>
    <a label="nchunk" ref="n256" as="xces"/>
    <node xml:id="n257"/>
    <a label="nchunk" ref="n257" as="xces"/>
    <node xml:id="n258"/>
    <a label="nchunk" ref="n258" as="xces"/>
    <node xml:id="n259"/>
    <a label="nchunk" ref="n259" as="xces"/>
    <node xml:id="n26"/>
    <a label="nchunk" ref="n26" as="xces"/>
    <node xml:id="n260"/>
    <a label="nchunk" ref="n260" as="xces"/>
    <node xml:id="n261"/>
    <a label="nchunk" ref="n261" as="xces"/>
    <node xml:id="n262"/>
    <a label="nchunk" ref="n262" as="xces"/>
    <node xml:id="n263"/>
    <a label="nchunk" ref="n263" as="xces"/>
    <node xml:id="n264"/>
    <a label="nchunk" ref="n264" as="xces"/>
    <node xml:id="n265"/>
    <a label="nchunk" ref="n265" as="xces"/>
    <node xml:id="n266"/>
    <a label="nchunk" ref="n266" as="xces"/>
    <node xml:id="n267"/>
    <a label="nchunk" ref="n267" as="xces"/>
    <node xml:id="n268"/>
    <a label="nchunk" ref="n268" as="xces"/>
    <node xml:id="n269"/>
    <a label="nchunk" ref="n269" as="xces"/>
    <node xml:id="n27"/>
    <a label="nchunk" ref="n27" as="xces"/>
    <node xml:id="n270"/>
    <a label="nchunk" ref="n270" as="xces"/>
    <node xml:id="n271"/>
    <a label="nchunk" ref="n271" as="xces"/>
    <node xml:id="n272"/>
    <a label="nchunk" ref="n272" as="xces"/>
    <node xml:id="n273"/>
    <a label="nchunk" ref="n273" as="xces"/>
    <node xml:id="n274"/>
    <a label="nchunk" ref="n274" as="xces"/>
    <node xml:id="n275"/>
    <a label="nchunk" ref="n275" as="xces"/>
    <node xml:id="n276"/>
    <a label="nchunk" ref="n276" as="xces"/>
    <node xml:id="n277"/>
    <a label="nchunk" ref="n277" as="xces"/>
    <node xml:id="n278"/>
    <a label="nchunk" ref="n278" as="xces"/>
    <node xml:id="n279"/>
    <a label="nchunk" ref="n279" as="xces"/>
    <node xml:id="n28"/>
    <a label="nchunk" ref="n28" as="xces"/>
    <node xml:id="n280"/>
    <a label="nchunk" ref="n280" as="xces"/>
    <node xml:id="n281"/>
    <a label="nchunk" ref="n281" as="xces"/>
    <node xml:id="n282"/>
    <a label="nchunk" ref="n282" as="xces"/>
    <node xml:id="n283"/>
    <a label="nchunk" ref="n283" as="xces"/>
    <node xml:id="n284"/>
    <a label="nchunk" ref="n284" as="xces"/>
    <node xml:id="n285"/>
    <a label="nchunk" ref="n285" as="xces"/>
    <node xml:id="n286"/>
    <a label="nchunk" ref="n286" as="xces"/>
    <node xml:id="n287"/>
    <a label="nchunk" ref="n287" as="xces"/>
    <node xml:id="n288"/>
    <a label="nchunk" ref="n288" as="xces"/>
    <node xml:id="n289"/>
    <a label="nchunk" ref="n289" as="xces"/>
    <node xml:id="n29"/>
    <a label="nchunk" ref="n29" as="xces"/>
    <node xml:id="n290"/>
    <a label="nchunk" ref="n290" as="xces"/>
    <node xml:id="n291"/>
    <a label="nchunk" ref="n291" as="xces"/>
    <node xml:id="n292"/>
    <a label="nchunk" ref="n292" as="xces"/>
    <node xml:id="n293"/>
    <a label="nchunk" ref="n293" as="xces"/>
    <node xml:id="n294"/>
    <a label="nchunk" ref="n294" as="xces"/>
    <node xml:id="n295"/>
    <a label="nchunk" ref="n295" as="xces"/>
    <node xml:id="n296"/>
    <a label="nchunk" ref="n296" as="xces"/>
    <node xml:id="n297"/>
    <a label="nchunk" ref="n297" as="xces"/>
    <node xml:id="n298"/>
    <a label="nchunk" ref="n298" as="xces"/>
    <node xml:id="n299"/>
    <a label="nchunk" ref="n299" as="xces"/>
    <node xml:id="n3"/>
    <a label="nchunk" ref="n3" as="xces"/>
    <node xml:id="n30"/>
    <a label="nchunk" ref="n30" as="xces"/>
    <node xml:id="n300"/>
    <a label="nchunk" ref="n300" as="xces"/>
    <node xml:id="n301"/>
    <a label="nchunk" ref="n301" as="xces"/>
    <node xml:id="n302"/>
    <a label="nchunk" ref="n302" as="xces"/>
    <node xml:id="n303"/>
    <a label="nchunk" ref="n303" as="xces"/>
    <node xml:id="n304"/>
    <a label="nchunk" ref="n304" as="xces"/>
    <node xml:id="n305"/>
    <a label="nchunk" ref="n305" as="xces"/>
    <node xml:id="n306"/>
    <a label="nchunk" ref="n306" as="xces"/>
    <node xml:id="n307"/>
    <a label="nchunk" ref="n307" as="xces"/>
    <node xml:id="n308"/>
    <a label="nchunk" ref="n308" as="xces"/>
    <node xml:id="n309"/>
    <a label="nchunk" ref="n309" as="xces"/>
    <node xml:id="n31"/>
    <a label="nchunk" ref="n31" as="xces"/>
    <node xml:id="n310"/>
    <a label="nchunk" ref="n310" as="xces"/>
    <node xml:id="n311"/>
    <a label="nchunk" ref="n311" as="xces"/>
    <node xml:id="n312"/>
    <a label="nchunk" ref="n312" as="xces"/>
    <node xml:id="n313"/>
    <a label="nchunk" ref="n313" as="xces"/>
    <node xml:id="n314"/>
    <a label="nchunk" ref="n314" as="xces"/>
    <node xml:id="n315"/>
    <a label="nchunk" ref="n315" as="xces"/>
    <node xml:id="n316"/>
    <a label="nchunk" ref="n316" as="xces"/>
    <node xml:id="n317"/>
    <a label="nchunk" ref="n317" as="xces"/>
    <node xml:id="n318"/>
    <a label="nchunk" ref="n318" as="xces"/>
    <node xml:id="n319"/>
    <a label="nchunk" ref="n319" as="xces"/>
    <node xml:id="n32"/>
    <a label="nchunk" ref="n32" as="xces"/>
    <node xml:id="n320"/>
    <a label="nchunk" ref="n320" as="xces"/>
    <node xml:id="n321"/>
    <a label="nchunk" ref="n321" as="xces"/>
    <node xml:id="n322"/>
    <a label="nchunk" ref="n322" as="xces"/>
    <node xml:id="n323"/>
    <a label="nchunk" ref="n323" as="xces"/>
    <node xml:id="n324"/>
    <a label="nchunk" ref="n324" as="xces"/>
    <node xml:id="n325"/>
    <a label="nchunk" ref="n325" as="xces"/>
    <node xml:id="n326"/>
    <a label="nchunk" ref="n326" as="xces"/>
    <node xml:id="n327"/>
    <a label="nchunk" ref="n327" as="xces"/>
    <node xml:id="n328"/>
    <a label="nchunk" ref="n328" as="xces"/>
    <node xml:id="n329"/>
    <a label="nchunk" ref="n329" as="xces"/>
    <node xml:id="n33"/>
    <a label="nchunk" ref="n33" as="xces"/>
    <node xml:id="n330"/>
    <a label="nchunk" ref="n330" as="xces"/>
    <node xml:id="n331"/>
    <a label="nchunk" ref="n331" as="xces"/>
    <node xml:id="n332"/>
    <a label="nchunk" ref="n332" as="xces"/>
    <node xml:id="n333"/>
    <a label="nchunk" ref="n333" as="xces"/>
    <node xml:id="n334"/>
    <a label="nchunk" ref="n334" as="xces"/>
    <node xml:id="n335"/>
    <a label="nchunk" ref="n335" as="xces"/>
    <node xml:id="n336"/>
    <a label="nchunk" ref="n336" as="xces"/>
    <node xml:id="n337"/>
    <a label="nchunk" ref="n337" as="xces"/>
    <node xml:id="n338"/>
    <a label="nchunk" ref="n338" as="xces"/>
    <node xml:id="n339"/>
    <a label="nchunk" ref="n339" as="xces"/>
    <node xml:id="n34"/>
    <a label="nchunk" ref="n34" as="xces"/>
    <node xml:id="n340"/>
    <a label="nchunk" ref="n340" as="xces"/>
    <node xml:id="n341"/>
    <a label="nchunk" ref="n341" as="xces"/>
    <node xml:id="n342"/>
    <a label="nchunk" ref="n342" as="xces"/>
    <node xml:id="n343"/>
    <a label="nchunk" ref="n343" as="xces"/>
    <node xml:id="n344"/>
    <a label="nchunk" ref="n344" as="xces"/>
    <node xml:id="n345"/>
    <a label="nchunk" ref="n345" as="xces"/>
    <node xml:id="n346"/>
    <a label="nchunk" ref="n346" as="xces"/>
    <node xml:id="n347"/>
    <a label="nchunk" ref="n347" as="xces"/>
    <node xml:id="n348"/>
    <a label="nchunk" ref="n348" as="xces"/>
    <node xml:id="n349"/>
    <a label="nchunk" ref="n349" as="xces"/>
    <node xml:id="n35"/>
    <a label="nchunk" ref="n35" as="xces"/>
    <node xml:id="n350"/>
    <a label="nchunk" ref="n350" as="xces"/>
    <node xml:id="n351"/>
    <a label="nchunk" ref="n351" as="xces"/>
    <node xml:id="n352"/>
    <a label="nchunk" ref="n352" as="xces"/>
    <node xml:id="n353"/>
    <a label="nchunk" ref="n353" as="xces"/>
    <node xml:id="n354"/>
    <a label="nchunk" ref="n354" as="xces"/>
    <node xml:id="n355"/>
    <a label="nchunk" ref="n355" as="xces"/>
    <node xml:id="n356"/>
    <a label="nchunk" ref="n356" as="xces"/>
    <node xml:id="n357"/>
    <a label="nchunk" ref="n357" as="xces"/>
    <node xml:id="n358"/>
    <a label="nchunk" ref="n358" as="xces"/>
    <node xml:id="n359"/>
    <a label="nchunk" ref="n359" as="xces"/>
    <node xml:id="n36"/>
    <a label="nchunk" ref="n36" as="xces"/>
    <node xml:id="n360"/>
    <a label="nchunk" ref="n360" as="xces"/>
    <node xml:id="n361"/>
    <a label="nchunk" ref="n361" as="xces"/>
    <node xml:id="n362"/>
    <a label="nchunk" ref="n362" as="xces"/>
    <node xml:id="n363"/>
    <a label="nchunk" ref="n363" as="xces"/>
    <node xml:id="n364"/>
    <a label="nchunk" ref="n364" as="xces"/>
    <node xml:id="n365"/>
    <a label="nchunk" ref="n365" as="xces"/>
    <node xml:id="n366"/>
    <a label="nchunk" ref="n366" as="xces"/>
    <node xml:id="n367"/>
    <a label="nchunk" ref="n367" as="xces"/>
    <node xml:id="n368"/>
    <a label="nchunk" ref="n368" as="xces"/>
    <node xml:id="n369"/>
    <a label="nchunk" ref="n369" as="xces"/>
    <node xml:id="n37"/>
    <a label="nchunk" ref="n37" as="xces"/>
    <node xml:id="n370"/>
    <a label="nchunk" ref="n370" as="xces"/>
    <node xml:id="n371"/>
    <a label="nchunk" ref="n371" as="xces"/>
    <node xml:id="n372"/>
    <a label="nchunk" ref="n372" as="xces"/>
    <node xml:id="n373"/>
    <a label="nchunk" ref="n373" as="xces"/>
    <node xml:id="n374"/>
    <a label="nchunk" ref="n374" as="xces"/>
    <node xml:id="n375"/>
    <a label="nchunk" ref="n375" as="xces"/>
    <node xml:id="n376"/>
    <a label="nchunk" ref="n376" as="xces"/>
    <node xml:id="n377"/>
    <a label="nchunk" ref="n377" as="xces"/>
    <node xml:id="n378"/>
    <a label="nchunk" ref="n378" as="xces"/>
    <node xml:id="n379"/>
    <a label="nchunk" ref="n379" as="xces"/>
    <node xml:id="n38"/>
    <a label="nchunk" ref="n38" as="xces"/>
    <node xml:id="n380"/>
    <a label="nchunk" ref="n380" as="xces"/>
    <node xml:id="n381"/>
    <a label="nchunk" ref="n381" as="xces"/>
    <node xml:id="n382"/>
    <a label="nchunk" ref="n382" as="xces"/>
    <node xml:id="n383"/>
    <a label="nchunk" ref="n383" as="xces"/>
    <node xml:id="n384"/>
    <a label="nchunk" ref="n384" as="xces"/>
    <node xml:id="n385"/>
    <a label="nchunk" ref="n385" as="xces"/>
    <node xml:id="n386"/>
    <a label="nchunk" ref="n386" as="xces"/>
    <node xml:id="n387"/>
    <a label="nchunk" ref="n387" as="xces"/>
    <node xml:id="n388"/>
    <a label="nchunk" ref="n388" as="xces"/>
    <node xml:id="n389"/>
    <a label="nchunk" ref="n389" as="xces"/>
    <node xml:id="n39"/>
    <a label="nchunk" ref="n39" as="xces"/>
    <node xml:id="n390"/>
    <a label="nchunk" ref="n390" as="xces"/>
    <node xml:id="n391"/>
    <a label="nchunk" ref="n391" as="xces"/>
    <node xml:id="n392"/>
    <a label="nchunk" ref="n392" as="xces"/>
    <node xml:id="n393"/>
    <a label="nchunk" ref="n393" as="xces"/>
    <node xml:id="n4"/>
    <a label="nchunk" ref="n4" as="xces"/>
    <node xml:id="n40"/>
    <a label="nchunk" ref="n40" as="xces"/>
    <node xml:id="n41"/>
    <a label="nchunk" ref="n41" as="xces"/>
    <node xml:id="n42"/>
    <a label="nchunk" ref="n42" as="xces"/>
    <node xml:id="n43"/>
    <a label="nchunk" ref="n43" as="xces"/>
    <node xml:id="n44"/>
    <a label="nchunk" ref="n44" as="xces"/>
    <node xml:id="n45"/>
    <a label="nchunk" ref="n45" as="xces"/>
    <node xml:id="n46"/>
    <a label="nchunk" ref="n46" as="xces"/>
    <node xml:id="n47"/>
    <a label="nchunk" ref="n47" as="xces"/>
    <node xml:id="n48"/>
    <a label="nchunk" ref="n48" as="xces"/>
    <node xml:id="n49"/>
    <a label="nchunk" ref="n49" as="xces"/>
    <node xml:id="n5"/>
    <a label="nchunk" ref="n5" as="xces"/>
    <node xml:id="n50"/>
    <a label="nchunk" ref="n50" as="xces"/>
    <node xml:id="n51"/>
    <a label="nchunk" ref="n51" as="xces"/>
    <node xml:id="n52"/>
    <a label="nchunk" ref="n52" as="xces"/>
    <node xml:id="n53"/>
    <a label="nchunk" ref="n53" as="xces"/>
    <node xml:id="n54"/>
    <a label="nchunk" ref="n54" as="xces"/>
    <node xml:id="n55"/>
    <a label="nchunk" ref="n55" as="xces"/>
    <node xml:id="n56"/>
    <a label="nchunk" ref="n56" as="xces"/>
    <node xml:id="n57"/>
    <a label="nchunk" ref="n57" as="xces"/>
    <node xml:id="n58"/>
    <a label="nchunk" ref="n58" as="xces"/>
    <node xml:id="n59"/>
    <a label="nchunk" ref="n59" as="xces"/>
    <node xml:id="n6"/>
    <a label="nchunk" ref="n6" as="xces"/>
    <node xml:id="n60"/>
    <a label="nchunk" ref="n60" as="xces"/>
    <node xml:id="n61"/>
    <a label="nchunk" ref="n61" as="xces"/>
    <node xml:id="n62"/>
    <a label="nchunk" ref="n62" as="xces"/>
    <node xml:id="n63"/>
    <a label="nchunk" ref="n63" as="xces"/>
    <node xml:id="n64"/>
    <a label="nchunk" ref="n64" as="xces"/>
    <node xml:id="n65"/>
    <a label="nchunk" ref="n65" as="xces"/>
    <node xml:id="n66"/>
    <a label="nchunk" ref="n66" as="xces"/>
    <node xml:id="n67"/>
    <a label="nchunk" ref="n67" as="xces"/>
    <node xml:id="n68"/>
    <a label="nchunk" ref="n68" as="xces"/>
    <node xml:id="n69"/>
    <a label="nchunk" ref="n69" as="xces"/>
    <node xml:id="n7"/>
    <a label="nchunk" ref="n7" as="xces"/>
    <node xml:id="n70"/>
    <a label="nchunk" ref="n70" as="xces"/>
    <node xml:id="n71"/>
    <a label="nchunk" ref="n71" as="xces"/>
    <node xml:id="n72"/>
    <a label="nchunk" ref="n72" as="xces"/>
    <node xml:id="n73"/>
    <a label="nchunk" ref="n73" as="xces"/>
    <node xml:id="n74"/>
    <a label="nchunk" ref="n74" as="xces"/>
    <node xml:id="n75"/>
    <a label="nchunk" ref="n75" as="xces"/>
    <node xml:id="n76"/>
    <a label="nchunk" ref="n76" as="xces"/>
    <node xml:id="n77"/>
    <a label="nchunk" ref="n77" as="xces"/>
    <node xml:id="n78"/>
    <a label="nchunk" ref="n78" as="xces"/>
    <node xml:id="n79"/>
    <a label="nchunk" ref="n79" as="xces"/>
    <node xml:id="n8"/>
    <a label="nchunk" ref="n8" as="xces"/>
    <node xml:id="n80"/>
    <a label="nchunk" ref="n80" as="xces"/>
    <node xml:id="n81"/>
    <a label="nchunk" ref="n81" as="xces"/>
    <node xml:id="n82"/>
    <a label="nchunk" ref="n82" as="xces"/>
    <node xml:id="n83"/>
    <a label="nchunk" ref="n83" as="xces"/>
    <node xml:id="n84"/>
    <a label="nchunk" ref="n84" as="xces"/>
    <node xml:id="n85"/>
    <a label="nchunk" ref="n85" as="xces"/>
    <node xml:id="n86"/>
    <a label="nchunk" ref="n86" as="xces"/>
    <node xml:id="n87"/>
    <a label="nchunk" ref="n87" as="xces"/>
    <node xml:id="n88"/>
    <a label="nchunk" ref="n88" as="xces"/>
    <node xml:id="n89"/>
    <a label="nchunk" ref="n89" as="xces"/>
    <node xml:id="n9"/>
    <a label="nchunk" ref="n9" as="xces"/>
    <node xml:id="n90"/>
    <a label="nchunk" ref="n90" as="xces"/>
    <node xml:id="n91"/>
    <a label="nchunk" ref="n91" as="xces"/>
    <node xml:id="n92"/>
    <a label="nchunk" ref="n92" as="xces"/>
    <node xml:id="n93"/>
    <a label="nchunk" ref="n93" as="xces"/>
    <node xml:id="n94"/>
    <a label="nchunk" ref="n94" as="xces"/>
    <node xml:id="n95"/>
    <a label="nchunk" ref="n95" as="xces"/>
    <node xml:id="n96"/>
    <a label="nchunk" ref="n96" as="xces"/>
    <node xml:id="n97"/>
    <a label="nchunk" ref="n97" as="xces"/>
    <node xml:id="n98"/>
    <a label="nchunk" ref="n98" as="xces"/>
    <node xml:id="n99"/>
    <a label="nchunk" ref="n99" as="xces"/>
    <edge xml:id="lnk459" from="n383" to="penn-n1290"/>
    <edge xml:id="lnk458" from="n383" to="penn-n1289"/>
    <edge xml:id="lnk457" from="n382" to="penn-n1286"/>
    <edge xml:id="lnk456" from="n381" to="penn-n1284"/>
    <edge xml:id="lnk455" from="n381" to="penn-n1283"/>
    <edge xml:id="lnk454" from="n380" to="penn-n1280"/>
    <edge xml:id="lnk453" from="n38" to="penn-n135"/>
    <edge xml:id="lnk452" from="n379" to="penn-n1279"/>
    <edge xml:id="lnk451" from="n379" to="penn-n1278"/>
    <edge xml:id="lnk450" from="n379" to="penn-n1277"/>
    <edge xml:id="lnk449" from="n378" to="penn-n1275"/>
    <edge xml:id="lnk448" from="n377" to="penn-n1272"/>
    <edge xml:id="lnk447" from="n377" to="penn-n1271"/>
    <edge xml:id="lnk446" from="n377" to="penn-n1270"/>
    <edge xml:id="lnk445" from="n377" to="penn-n1269"/>
    <edge xml:id="lnk444" from="n376" to="penn-n1264"/>
    <edge xml:id="lnk443" from="n375" to="penn-n1261"/>
    <edge xml:id="lnk442" from="n374" to="penn-n1259"/>
    <edge xml:id="lnk441" from="n373" to="penn-n1257"/>
    <edge xml:id="lnk440" from="n373" to="penn-n1256"/>
    <edge xml:id="lnk439" from="n372" to="penn-n1253"/>
    <edge xml:id="lnk438" from="n371" to="penn-n1252"/>
    <edge xml:id="lnk437" from="n370" to="penn-n1251"/>
    <edge xml:id="lnk436" from="n37" to="penn-n131"/>
    <edge xml:id="lnk435" from="n37" to="penn-n130"/>
    <edge xml:id="lnk434" from="n369" to="penn-n1248"/>
    <edge xml:id="lnk433" from="n368" to="penn-n1245"/>
    <edge xml:id="lnk432" from="n367" to="penn-n1244"/>
    <edge xml:id="lnk431" from="n366" to="penn-n1240"/>
    <edge xml:id="lnk399" from="n343" to="penn-n1174"/>
    <edge xml:id="lnk430" from="n365" to="penn-n1238"/>
    <edge xml:id="lnk398" from="n342" to="penn-n1171"/>
    <edge xml:id="lnk397" from="n342" to="penn-n1170"/>
    <edge xml:id="lnk396" from="n341" to="penn-n1168"/>
    <edge xml:id="lnk395" from="n340" to="penn-n1166"/>
    <edge xml:id="lnk394" from="n34" to="penn-n122"/>
    <edge xml:id="lnk393" from="n34" to="penn-n121"/>
    <edge xml:id="lnk392" from="n34" to="penn-n120"/>
    <edge xml:id="lnk391" from="n34" to="penn-n119"/>
    <edge xml:id="lnk390" from="n339" to="penn-n1162"/>
    <edge xml:id="lnk429" from="n365" to="penn-n1237"/>
    <edge xml:id="lnk428" from="n364" to="penn-n1235"/>
    <edge xml:id="lnk427" from="n363" to="penn-n1234"/>
    <edge xml:id="lnk426" from="n363" to="penn-n1233"/>
    <edge xml:id="lnk425" from="n362" to="penn-n1231"/>
    <edge xml:id="lnk424" from="n361" to="penn-n1226"/>
    <edge xml:id="lnk423" from="n360" to="penn-n1225"/>
    <edge xml:id="lnk422" from="n360" to="penn-n1224"/>
    <edge xml:id="lnk421" from="n360" to="penn-n1223"/>
    <edge xml:id="lnk389" from="n338" to="penn-n1159"/>
    <edge xml:id="lnk420" from="n36" to="penn-n127"/>
    <edge xml:id="lnk388" from="n337" to="penn-n1154"/>
    <edge xml:id="lnk387" from="n336" to="penn-n1150"/>
    <edge xml:id="lnk386" from="n335" to="penn-n1146"/>
    <edge xml:id="lnk385" from="n335" to="penn-n1145"/>
    <edge xml:id="lnk384" from="n335" to="penn-n1144"/>
    <edge xml:id="lnk383" from="n334" to="penn-n1142"/>
    <edge xml:id="lnk382" from="n334" to="penn-n1141"/>
    <edge xml:id="lnk381" from="n333" to="penn-n1140"/>
    <edge xml:id="lnk380" from="n333" to="penn-n1139"/>
    <edge xml:id="lnk419" from="n359" to="penn-n1220"/>
    <edge xml:id="lnk418" from="n358" to="penn-n1218"/>
    <edge xml:id="lnk417" from="n357" to="penn-n1214"/>
    <edge xml:id="lnk416" from="n356" to="penn-n1210"/>
    <edge xml:id="lnk415" from="n355" to="penn-n1209"/>
    <edge xml:id="lnk414" from="n354" to="penn-n1206"/>
    <edge xml:id="lnk413" from="n353" to="penn-n1205"/>
    <edge xml:id="lnk412" from="n352" to="penn-n1203"/>
    <edge xml:id="lnk411" from="n351" to="penn-n1200"/>
    <edge xml:id="lnk379" from="n332" to="penn-n1137"/>
    <edge xml:id="lnk410" from="n350" to="penn-n1198"/>
    <edge xml:id="lnk378" from="n331" to="penn-n1135"/>
    <edge xml:id="lnk377" from="n330" to="penn-n1134"/>
    <edge xml:id="lnk376" from="n330" to="penn-n1133"/>
    <edge xml:id="lnk375" from="n33" to="penn-n112"/>
    <edge xml:id="lnk374" from="n329" to="penn-n1130"/>
    <edge xml:id="lnk373" from="n328" to="penn-n1129"/>
    <edge xml:id="lnk372" from="n328" to="penn-n1128"/>
    <edge xml:id="lnk371" from="n327" to="penn-n1125"/>
    <edge xml:id="lnk370" from="n326" to="penn-n1122"/>
    <edge xml:id="lnk409" from="n35" to="penn-n126"/>
    <edge xml:id="lnk408" from="n35" to="penn-n125"/>
    <edge xml:id="lnk407" from="n349" to="penn-n1193"/>
    <edge xml:id="lnk406" from="n348" to="penn-n1191"/>
    <edge xml:id="lnk405" from="n347" to="penn-n1190"/>
    <edge xml:id="lnk404" from="n347" to="penn-n1189"/>
    <edge xml:id="lnk403" from="n346" to="penn-n1184"/>
    <edge xml:id="lnk402" from="n345" to="penn-n1181"/>
    <edge xml:id="lnk401" from="n344" to="penn-n1177"/>
    <edge xml:id="lnk369" from="n325" to="penn-n1114"/>
    <edge xml:id="lnk400" from="n343" to="penn-n1175"/>
    <edge xml:id="lnk368" from="n324" to="penn-n1112"/>
    <edge xml:id="lnk367" from="n324" to="penn-n1111"/>
    <edge xml:id="lnk366" from="n323" to="penn-n1109"/>
    <edge xml:id="lnk365" from="n322" to="penn-n1108"/>
    <edge xml:id="lnk364" from="n321" to="penn-n1105"/>
    <edge xml:id="lnk363" from="n320" to="penn-n1103"/>
    <edge xml:id="lnk362" from="n32" to="penn-n108"/>
    <edge xml:id="lnk361" from="n32" to="penn-n107"/>
    <edge xml:id="lnk360" from="n319" to="penn-n1102"/>
    <edge xml:id="lnk359" from="n318" to="penn-n1099"/>
    <edge xml:id="lnk358" from="n317" to="penn-n1094"/>
    <edge xml:id="lnk357" from="n316" to="penn-n1092"/>
    <edge xml:id="lnk356" from="n315" to="penn-n1090"/>
    <edge xml:id="lnk355" from="n314" to="penn-n1086"/>
    <edge xml:id="lnk354" from="n313" to="penn-n1083"/>
    <edge xml:id="lnk353" from="n312" to="penn-n1081"/>
    <edge xml:id="lnk352" from="n312" to="penn-n1080"/>
    <edge xml:id="lnk351" from="n312" to="penn-n1079"/>
    <edge xml:id="lnk350" from="n311" to="penn-n1075"/>
    <edge xml:id="lnk349" from="n310" to="penn-n1073"/>
    <edge xml:id="lnk348" from="n31" to="penn-n104"/>
    <edge xml:id="lnk347" from="n31" to="penn-n103"/>
    <edge xml:id="lnk346" from="n309" to="penn-n1071"/>
    <edge xml:id="lnk345" from="n309" to="penn-n1070"/>
    <edge xml:id="lnk344" from="n309" to="penn-n1069"/>
    <edge xml:id="lnk343" from="n308" to="penn-n1065"/>
    <edge xml:id="lnk342" from="n307" to="penn-n1056"/>
    <edge xml:id="lnk341" from="n306" to="penn-n1052"/>
    <edge xml:id="lnk340" from="n305" to="penn-n1048"/>
    <edge xml:id="lnk339" from="n304" to="penn-n1043"/>
    <edge xml:id="lnk338" from="n303" to="penn-n1038"/>
    <edge xml:id="lnk337" from="n302" to="penn-n1032"/>
    <edge xml:id="lnk336" from="n301" to="penn-n1031"/>
    <edge xml:id="lnk335" from="n301" to="penn-n1030"/>
    <edge xml:id="lnk334" from="n300" to="penn-n1027"/>
    <edge xml:id="lnk333" from="n30" to="penn-n98"/>
    <edge xml:id="lnk332" from="n3" to="penn-n8"/>
    <edge xml:id="lnk331" from="n299" to="penn-n1025"/>
    <edge xml:id="lnk299" from="n281" to="penn-n955"/>
    <edge xml:id="lnk330" from="n298" to="penn-n1021"/>
    <edge xml:id="lnk298" from="n281" to="penn-n954"/>
    <edge xml:id="lnk297" from="n280" to="penn-n952"/>
    <edge xml:id="lnk296" from="n28" to="penn-n91"/>
    <edge xml:id="lnk295" from="n28" to="penn-n90"/>
    <edge xml:id="lnk294" from="n279" to="penn-n950"/>
    <edge xml:id="lnk293" from="n279" to="penn-n949"/>
    <edge xml:id="lnk292" from="n278" to="penn-n944"/>
    <edge xml:id="lnk291" from="n277" to="penn-n940"/>
    <edge xml:id="lnk290" from="n276" to="penn-n934"/>
    <edge xml:id="lnk329" from="n297" to="penn-n1017"/>
    <edge xml:id="lnk328" from="n297" to="penn-n1016"/>
    <edge xml:id="lnk327" from="n296" to="penn-n1014"/>
    <edge xml:id="lnk326" from="n296" to="penn-n1013"/>
    <edge xml:id="lnk325" from="n296" to="penn-n1012"/>
    <edge xml:id="lnk324" from="n295" to="penn-n1010"/>
    <edge xml:id="lnk323" from="n294" to="penn-n1007"/>
    <edge xml:id="lnk322" from="n293" to="penn-n1000"/>
    <edge xml:id="lnk321" from="n292" to="penn-n996"/>
    <edge xml:id="lnk289" from="n275" to="penn-n929"/>
    <edge xml:id="lnk320" from="n291" to="penn-n994"/>
    <edge xml:id="lnk288" from="n275" to="penn-n928"/>
    <edge xml:id="lnk287" from="n274" to="penn-n926"/>
    <edge xml:id="lnk286" from="n274" to="penn-n925"/>
    <edge xml:id="lnk285" from="n273" to="penn-n921"/>
    <edge xml:id="lnk284" from="n272" to="penn-n919"/>
    <edge xml:id="lnk283" from="n271" to="penn-n911"/>
    <edge xml:id="lnk282" from="n270" to="penn-n909"/>
    <edge xml:id="lnk281" from="n270" to="penn-n908"/>
    <edge xml:id="lnk280" from="n27" to="penn-n88"/>
    <edge xml:id="lnk319" from="n291" to="penn-n993"/>
    <edge xml:id="lnk318" from="n290" to="penn-n991"/>
    <edge xml:id="lnk317" from="n290" to="penn-n990"/>
    <edge xml:id="lnk316" from="n29" to="penn-n97"/>
    <edge xml:id="lnk315" from="n29" to="penn-n96"/>
    <edge xml:id="lnk314" from="n29" to="penn-n95"/>
    <edge xml:id="lnk313" from="n29" to="penn-n94"/>
    <edge xml:id="lnk312" from="n289" to="penn-n988"/>
    <edge xml:id="lnk311" from="n289" to="penn-n987"/>
    <edge xml:id="lnk279" from="n269" to="penn-n906"/>
    <edge xml:id="lnk310" from="n289" to="penn-n986"/>
    <edge xml:id="lnk278" from="n268" to="penn-n905"/>
    <edge xml:id="lnk277" from="n267" to="penn-n903"/>
    <edge xml:id="lnk276" from="n266" to="penn-n901"/>
    <edge xml:id="lnk275" from="n265" to="penn-n894"/>
    <edge xml:id="lnk274" from="n264" to="penn-n891"/>
    <edge xml:id="lnk273" from="n263" to="penn-n887"/>
    <edge xml:id="lnk272" from="n262" to="penn-n885"/>
    <edge xml:id="lnk271" from="n262" to="penn-n884"/>
    <edge xml:id="lnk270" from="n262" to="penn-n883"/>
    <edge xml:id="lnk309" from="n288" to="penn-n983"/>
    <edge xml:id="lnk308" from="n287" to="penn-n982"/>
    <edge xml:id="lnk307" from="n286" to="penn-n973"/>
    <edge xml:id="lnk306" from="n285" to="penn-n968"/>
    <edge xml:id="lnk305" from="n284" to="penn-n965"/>
    <edge xml:id="lnk304" from="n284" to="penn-n964"/>
    <edge xml:id="lnk303" from="n284" to="penn-n963"/>
    <edge xml:id="lnk302" from="n283" to="penn-n961"/>
    <edge xml:id="lnk301" from="n282" to="penn-n958"/>
    <edge xml:id="lnk269" from="n261" to="penn-n877"/>
    <edge xml:id="lnk300" from="n282" to="penn-n957"/>
    <edge xml:id="lnk268" from="n261" to="penn-n876"/>
    <edge xml:id="lnk267" from="n260" to="penn-n874"/>
    <edge xml:id="lnk266" from="n260" to="penn-n873"/>
    <edge xml:id="lnk265" from="n26" to="penn-n84"/>
    <edge xml:id="lnk264" from="n259" to="penn-n868"/>
    <edge xml:id="lnk263" from="n258" to="penn-n866"/>
    <edge xml:id="lnk262" from="n258" to="penn-n865"/>
    <edge xml:id="lnk261" from="n257" to="penn-n863"/>
    <edge xml:id="lnk260" from="n257" to="penn-n862"/>
    <edge xml:id="lnk259" from="n257" to="penn-n861"/>
    <edge xml:id="lnk258" from="n256" to="penn-n858"/>
    <edge xml:id="lnk257" from="n255" to="penn-n856"/>
    <edge xml:id="lnk256" from="n255" to="penn-n855"/>
    <edge xml:id="lnk255" from="n254" to="penn-n851"/>
    <edge xml:id="lnk254" from="n253" to="penn-n847"/>
    <edge xml:id="lnk253" from="n252" to="penn-n844"/>
    <edge xml:id="lnk252" from="n251" to="penn-n842"/>
    <edge xml:id="lnk251" from="n251" to="penn-n841"/>
    <edge xml:id="lnk250" from="n250" to="penn-n839"/>
    <edge xml:id="lnk249" from="n25" to="penn-n83"/>
    <edge xml:id="lnk248" from="n25" to="penn-n82"/>
    <edge xml:id="lnk247" from="n25" to="penn-n81"/>
    <edge xml:id="lnk246" from="n249" to="penn-n835"/>
    <edge xml:id="lnk245" from="n248" to="penn-n833"/>
    <edge xml:id="lnk244" from="n247" to="penn-n831"/>
    <edge xml:id="lnk243" from="n247" to="penn-n830"/>
    <edge xml:id="lnk242" from="n246" to="penn-n826"/>
    <edge xml:id="lnk241" from="n245" to="penn-n822"/>
    <edge xml:id="lnk240" from="n244" to="penn-n818"/>
    <edge xml:id="lnk239" from="n243" to="penn-n812"/>
    <edge xml:id="lnk238" from="n242" to="penn-n807"/>
    <edge xml:id="lnk99" from="n152" to="penn-n513"/>
    <edge xml:id="lnk237" from="n241" to="penn-n805"/>
    <edge xml:id="lnk98" from="n152" to="penn-n512"/>
    <edge xml:id="lnk236" from="n240" to="penn-n801"/>
    <edge xml:id="lnk97" from="n151" to="penn-n507"/>
    <edge xml:id="lnk235" from="n24" to="penn-n79"/>
    <edge xml:id="lnk96" from="n150" to="penn-n500"/>
    <edge xml:id="lnk234" from="n239" to="penn-n799"/>
    <edge xml:id="lnk95" from="n15" to="penn-n53"/>
    <edge xml:id="lnk233" from="n239" to="penn-n798"/>
    <edge xml:id="lnk94" from="n15" to="penn-n52"/>
    <edge xml:id="lnk232" from="n239" to="penn-n797"/>
    <edge xml:id="lnk93" from="n149" to="penn-n499"/>
    <edge xml:id="lnk199" from="n215" to="penn-n727"/>
    <edge xml:id="lnk231" from="n238" to="penn-n793"/>
    <edge xml:id="lnk92" from="n149" to="penn-n498"/>
    <edge xml:id="lnk198" from="n214" to="penn-n724"/>
    <edge xml:id="lnk230" from="n237" to="penn-n791"/>
    <edge xml:id="lnk91" from="n148" to="penn-n493"/>
    <edge xml:id="lnk197" from="n213" to="penn-n722"/>
    <edge xml:id="lnk90" from="n147" to="penn-n491"/>
    <edge xml:id="lnk196" from="n213" to="penn-n721"/>
    <edge xml:id="lnk195" from="n212" to="penn-n717"/>
    <edge xml:id="lnk194" from="n212" to="penn-n716"/>
    <edge xml:id="lnk193" from="n211" to="penn-n713"/>
    <edge xml:id="lnk192" from="n210" to="penn-n711"/>
    <edge xml:id="lnk191" from="n21" to="penn-n73"/>
    <edge xml:id="lnk190" from="n21" to="penn-n72"/>
    <edge xml:id="lnk229" from="n236" to="penn-n789"/>
    <edge xml:id="lnk228" from="n235" to="penn-n788"/>
    <edge xml:id="lnk89" from="n146" to="penn-n488"/>
    <edge xml:id="lnk227" from="n234" to="penn-n785"/>
    <edge xml:id="lnk88" from="n146" to="penn-n487"/>
    <edge xml:id="lnk226" from="n233" to="penn-n784"/>
    <edge xml:id="lnk87" from="n145" to="penn-n481"/>
    <edge xml:id="lnk225" from="n232" to="penn-n778"/>
    <edge xml:id="lnk86" from="n144" to="penn-n480"/>
    <edge xml:id="lnk224" from="n231" to="penn-n772"/>
    <edge xml:id="lnk85" from="n144" to="penn-n479"/>
    <edge xml:id="lnk223" from="n230" to="penn-n770"/>
    <edge xml:id="lnk84" from="n143" to="penn-n477"/>
    <edge xml:id="lnk222" from="n23" to="penn-n75"/>
    <edge xml:id="lnk83" from="n142" to="penn-n475"/>
    <edge xml:id="lnk189" from="n209" to="penn-n705"/>
    <edge xml:id="lnk221" from="n229" to="penn-n766"/>
    <edge xml:id="lnk82" from="n141" to="penn-n472"/>
    <edge xml:id="lnk188" from="n209" to="penn-n704"/>
    <edge xml:id="lnk220" from="n228" to="penn-n765"/>
    <edge xml:id="lnk81" from="n141" to="penn-n471"/>
    <edge xml:id="lnk187" from="n208" to="penn-n699"/>
    <edge xml:id="lnk80" from="n141" to="penn-n470"/>
    <edge xml:id="lnk186" from="n207" to="penn-n693"/>
    <edge xml:id="lnk185" from="n206" to="penn-n691"/>
    <edge xml:id="lnk184" from="n205" to="penn-n685"/>
    <edge xml:id="lnk183" from="n204" to="penn-n683"/>
    <edge xml:id="lnk182" from="n204" to="penn-n682"/>
    <edge xml:id="lnk181" from="n204" to="penn-n681"/>
    <edge xml:id="lnk180" from="n203" to="penn-n678"/>
    <edge xml:id="lnk219" from="n227" to="penn-n764"/>
    <edge xml:id="lnk218" from="n226" to="penn-n762"/>
    <edge xml:id="lnk79" from="n141" to="penn-n469"/>
    <edge xml:id="lnk217" from="n225" to="penn-n760"/>
    <edge xml:id="lnk78" from="n141" to="penn-n468"/>
    <edge xml:id="lnk216" from="n225" to="penn-n759"/>
    <edge xml:id="lnk77" from="n141" to="penn-n467"/>
    <edge xml:id="lnk215" from="n224" to="penn-n756"/>
    <edge xml:id="lnk76" from="n141" to="penn-n466"/>
    <edge xml:id="lnk214" from="n223" to="penn-n754"/>
    <edge xml:id="lnk75" from="n140" to="penn-n462"/>
    <edge xml:id="lnk213" from="n223" to="penn-n753"/>
    <edge xml:id="lnk74" from="n14" to="penn-n50"/>
    <edge xml:id="lnk212" from="n222" to="penn-n750"/>
    <edge xml:id="lnk73" from="n139" to="penn-n460"/>
    <edge xml:id="lnk179" from="n203" to="penn-n677"/>
    <edge xml:id="lnk211" from="n222" to="penn-n749"/>
    <edge xml:id="lnk72" from="n138" to="penn-n458"/>
    <edge xml:id="lnk178" from="n202" to="penn-n674"/>
    <edge xml:id="lnk210" from="n221" to="penn-n746"/>
    <edge xml:id="lnk71" from="n138" to="penn-n457"/>
    <edge xml:id="lnk177" from="n201" to="penn-n671"/>
    <edge xml:id="lnk70" from="n137" to="penn-n455"/>
    <edge xml:id="lnk176" from="n201" to="penn-n670"/>
    <edge xml:id="lnk175" from="n201" to="penn-n669"/>
    <edge xml:id="lnk174" from="n200" to="penn-n667"/>
    <edge xml:id="lnk173" from="n200" to="penn-n666"/>
    <edge xml:id="lnk172" from="n200" to="penn-n665"/>
    <edge xml:id="lnk171" from="n200" to="penn-n664"/>
    <edge xml:id="lnk170" from="n20" to="penn-n70"/>
    <edge xml:id="lnk569" from="n99" to="penn-n323"/>
    <edge xml:id="lnk568" from="n98" to="penn-n321"/>
    <edge xml:id="lnk209" from="n220" to="penn-n744"/>
    <edge xml:id="lnk567" from="n97" to="penn-n317"/>
    <edge xml:id="lnk208" from="n220" to="penn-n743"/>
    <edge xml:id="lnk69" from="n136" to="penn-n454"/>
    <edge xml:id="lnk566" from="n96" to="penn-n315"/>
    <edge xml:id="lnk207" from="n220" to="penn-n742"/>
    <edge xml:id="lnk68" from="n136" to="penn-n453"/>
    <edge xml:id="lnk565" from="n95" to="penn-n314"/>
    <edge xml:id="lnk206" from="n22" to="penn-n74"/>
    <edge xml:id="lnk67" from="n136" to="penn-n452"/>
    <edge xml:id="lnk564" from="n95" to="penn-n313"/>
    <edge xml:id="lnk205" from="n219" to="penn-n740"/>
    <edge xml:id="lnk66" from="n136" to="penn-n451"/>
    <edge xml:id="lnk563" from="n94" to="penn-n311"/>
    <edge xml:id="lnk204" from="n219" to="penn-n739"/>
    <edge xml:id="lnk65" from="n135" to="penn-n447"/>
    <edge xml:id="lnk562" from="n93" to="penn-n305"/>
    <edge xml:id="lnk203" from="n218" to="penn-n735"/>
    <edge xml:id="lnk64" from="n134" to="penn-n444"/>
    <edge xml:id="lnk561" from="n93" to="penn-n304"/>
    <edge xml:id="lnk202" from="n217" to="penn-n733"/>
    <edge xml:id="lnk63" from="n133" to="penn-n442"/>
    <edge xml:id="lnk560" from="n92" to="penn-n302"/>
    <edge xml:id="lnk169" from="n2" to="penn-n7"/>
    <edge xml:id="lnk201" from="n216" to="penn-n729"/>
    <edge xml:id="lnk62" from="n132" to="penn-n440"/>
    <edge xml:id="lnk168" from="n2" to="penn-n6"/>
    <edge xml:id="lnk200" from="n215" to="penn-n728"/>
    <edge xml:id="lnk61" from="n131" to="penn-n439"/>
    <edge xml:id="lnk167" from="n199" to="penn-n663"/>
    <edge xml:id="lnk60" from="n131" to="penn-n438"/>
    <edge xml:id="lnk166" from="n198" to="penn-n661"/>
    <edge xml:id="lnk165" from="n197" to="penn-n657"/>
    <edge xml:id="lnk164" from="n196" to="penn-n655"/>
    <edge xml:id="lnk163" from="n195" to="penn-n651"/>
    <edge xml:id="lnk162" from="n194" to="penn-n646"/>
    <edge xml:id="lnk161" from="n193" to="penn-n644"/>
    <edge xml:id="lnk160" from="n192" to="penn-n642"/>
    <edge xml:id="lnk559" from="n91" to="penn-n299"/>
    <edge xml:id="lnk558" from="n91" to="penn-n298"/>
    <edge xml:id="lnk557" from="n91" to="penn-n297"/>
    <edge xml:id="lnk59" from="n131" to="penn-n437"/>
    <edge xml:id="lnk556" from="n90" to="penn-n294"/>
    <edge xml:id="lnk58" from="n130" to="penn-n435"/>
    <edge xml:id="lnk555" from="n9" to="penn-n34"/>
    <edge xml:id="lnk57" from="n13" to="penn-n48"/>
    <edge xml:id="lnk554" from="n9" to="penn-n33"/>
    <edge xml:id="lnk56" from="n13" to="penn-n47"/>
    <edge xml:id="lnk553" from="n9" to="penn-n32"/>
    <edge xml:id="lnk55" from="n129" to="penn-n432"/>
    <edge xml:id="lnk552" from="n89" to="penn-n293"/>
    <edge xml:id="lnk54" from="n128" to="penn-n431"/>
    <edge xml:id="lnk551" from="n89" to="penn-n292"/>
    <edge xml:id="lnk53" from="n128" to="penn-n430"/>
    <edge xml:id="lnk550" from="n88" to="penn-n290"/>
    <edge xml:id="lnk159" from="n191" to="penn-n641"/>
    <edge xml:id="lnk52" from="n127" to="penn-n428"/>
    <edge xml:id="lnk158" from="n191" to="penn-n640"/>
    <edge xml:id="lnk51" from="n127" to="penn-n427"/>
    <edge xml:id="lnk157" from="n191" to="penn-n639"/>
    <edge xml:id="lnk50" from="n126" to="penn-n424"/>
    <edge xml:id="lnk156" from="n190" to="penn-n637"/>
    <edge xml:id="lnk155" from="n19" to="penn-n67"/>
    <edge xml:id="lnk154" from="n19" to="penn-n66"/>
    <edge xml:id="lnk153" from="n189" to="penn-n634"/>
    <edge xml:id="lnk152" from="n188" to="penn-n633"/>
    <edge xml:id="lnk151" from="n187" to="penn-n629"/>
    <edge xml:id="lnk150" from="n186" to="penn-n627"/>
    <edge xml:id="lnk549" from="n88" to="penn-n289"/>
    <edge xml:id="lnk548" from="n87" to="penn-n286"/>
    <edge xml:id="lnk547" from="n86" to="penn-n284"/>
    <edge xml:id="lnk49" from="n125" to="penn-n420"/>
    <edge xml:id="lnk546" from="n85" to="penn-n282"/>
    <edge xml:id="lnk48" from="n124" to="penn-n418"/>
    <edge xml:id="lnk545" from="n84" to="penn-n274"/>
    <edge xml:id="lnk47" from="n123" to="penn-n411"/>
    <edge xml:id="lnk544" from="n83" to="penn-n273"/>
    <edge xml:id="lnk46" from="n122" to="penn-n409"/>
    <edge xml:id="lnk543" from="n82" to="penn-n272"/>
    <edge xml:id="lnk45" from="n122" to="penn-n408"/>
    <edge xml:id="lnk542" from="n81" to="penn-n270"/>
    <edge xml:id="lnk44" from="n122" to="penn-n407"/>
    <edge xml:id="lnk541" from="n80" to="penn-n266"/>
    <edge xml:id="lnk43" from="n121" to="penn-n403"/>
    <edge xml:id="lnk540" from="n8" to="penn-n29"/>
    <edge xml:id="lnk149" from="n186" to="penn-n626"/>
    <edge xml:id="lnk42" from="n120" to="penn-n401"/>
    <edge xml:id="lnk148" from="n186" to="penn-n625"/>
    <edge xml:id="lnk41" from="n12" to="penn-n43"/>
    <edge xml:id="lnk147" from="n186" to="penn-n624"/>
    <edge xml:id="lnk40" from="n119" to="penn-n398"/>
    <edge xml:id="lnk146" from="n185" to="penn-n621"/>
    <edge xml:id="lnk145" from="n184" to="penn-n620"/>
    <edge xml:id="lnk144" from="n183" to="penn-n616"/>
    <edge xml:id="lnk143" from="n183" to="penn-n615"/>
    <edge xml:id="lnk142" from="n182" to="penn-n613"/>
    <edge xml:id="lnk141" from="n182" to="penn-n612"/>
    <edge xml:id="lnk140" from="n181" to="penn-n609"/>
    <edge xml:id="lnk539" from="n79" to="penn-n264"/>
    <edge xml:id="lnk538" from="n78" to="penn-n262"/>
    <edge xml:id="lnk537" from="n77" to="penn-n259"/>
    <edge xml:id="lnk39" from="n119" to="penn-n397"/>
    <edge xml:id="lnk536" from="n76" to="penn-n257"/>
    <edge xml:id="lnk38" from="n118" to="penn-n395"/>
    <edge xml:id="lnk535" from="n75" to="penn-n255"/>
    <edge xml:id="lnk37" from="n117" to="penn-n392"/>
    <edge xml:id="lnk534" from="n75" to="penn-n254"/>
    <edge xml:id="lnk36" from="n116" to="penn-n390"/>
    <edge xml:id="lnk533" from="n75" to="penn-n253"/>
    <edge xml:id="lnk35" from="n116" to="penn-n389"/>
    <edge xml:id="lnk532" from="n74" to="penn-n250"/>
    <edge xml:id="lnk34" from="n116" to="penn-n388"/>
    <edge xml:id="lnk531" from="n73" to="penn-n248"/>
    <edge xml:id="lnk499" from="n52" to="penn-n183"/>
    <edge xml:id="lnk33" from="n116" to="penn-n387"/>
    <edge xml:id="lnk530" from="n72" to="penn-n246"/>
    <edge xml:id="lnk498" from="n51" to="penn-n177"/>
    <edge xml:id="lnk139" from="n180" to="penn-n607"/>
    <edge xml:id="lnk32" from="n115" to="penn-n385"/>
    <edge xml:id="lnk497" from="n51" to="penn-n176"/>
    <edge xml:id="lnk138" from="n18" to="penn-n62"/>
    <edge xml:id="lnk31" from="n114" to="penn-n381"/>
    <edge xml:id="lnk496" from="n50" to="penn-n172"/>
    <edge xml:id="lnk137" from="n179" to="penn-n603"/>
    <edge xml:id="lnk30" from="n113" to="penn-n378"/>
    <edge xml:id="lnk495" from="n5" to="penn-n20"/>
    <edge xml:id="lnk136" from="n178" to="penn-n602"/>
    <edge xml:id="lnk494" from="n5" to="penn-n19"/>
    <edge xml:id="lnk135" from="n177" to="penn-n599"/>
    <edge xml:id="lnk493" from="n49" to="penn-n170"/>
    <edge xml:id="lnk134" from="n176" to="penn-n597"/>
    <edge xml:id="lnk492" from="n49" to="penn-n169"/>
    <edge xml:id="lnk133" from="n176" to="penn-n596"/>
    <edge xml:id="lnk491" from="n48" to="penn-n168"/>
    <edge xml:id="lnk132" from="n176" to="penn-n595"/>
    <edge xml:id="lnk490" from="n48" to="penn-n167"/>
    <edge xml:id="lnk131" from="n175" to="penn-n592"/>
    <edge xml:id="lnk130" from="n174" to="penn-n589"/>
    <edge xml:id="lnk529" from="n71" to="penn-n243"/>
    <edge xml:id="lnk528" from="n70" to="penn-n241"/>
    <edge xml:id="lnk527" from="n70" to="penn-n240"/>
    <edge xml:id="lnk29" from="n113" to="penn-n377"/>
    <edge xml:id="lnk526" from="n70" to="penn-n239"/>
    <edge xml:id="lnk28" from="n113" to="penn-n376"/>
    <edge xml:id="lnk525" from="n70" to="penn-n238"/>
    <edge xml:id="lnk27" from="n113" to="penn-n375"/>
    <edge xml:id="lnk524" from="n7" to="penn-n27"/>
    <edge xml:id="lnk26" from="n112" to="penn-n373"/>
    <edge xml:id="lnk523" from="n7" to="penn-n26"/>
    <edge xml:id="lnk25" from="n111" to="penn-n371"/>
    <edge xml:id="lnk522" from="n69" to="penn-n236"/>
    <edge xml:id="lnk24" from="n111" to="penn-n370"/>
    <edge xml:id="lnk521" from="n68" to="penn-n234"/>
    <edge xml:id="lnk489" from="n48" to="penn-n166"/>
    <edge xml:id="lnk23" from="n110" to="penn-n362"/>
    <edge xml:id="lnk520" from="n67" to="penn-n233"/>
    <edge xml:id="lnk488" from="n47" to="penn-n162"/>
    <edge xml:id="lnk129" from="n173" to="penn-n584"/>
    <edge xml:id="lnk22" from="n110" to="penn-n361"/>
    <edge xml:id="lnk487" from="n46" to="penn-n160"/>
    <edge xml:id="lnk128" from="n172" to="penn-n581"/>
    <edge xml:id="lnk21" from="n11" to="penn-n41"/>
    <edge xml:id="lnk486" from="n45" to="penn-n158"/>
    <edge xml:id="lnk127" from="n171" to="penn-n578"/>
    <edge xml:id="lnk20" from="n109" to="penn-n357"/>
    <edge xml:id="lnk485" from="n45" to="penn-n157"/>
    <edge xml:id="lnk126" from="n170" to="penn-n576"/>
    <edge xml:id="lnk484" from="n44" to="penn-n151"/>
    <edge xml:id="lnk125" from="n17" to="penn-n58"/>
    <edge xml:id="lnk483" from="n43" to="penn-n149"/>
    <edge xml:id="lnk124" from="n169" to="penn-n574"/>
    <edge xml:id="lnk482" from="n42" to="penn-n144"/>
    <edge xml:id="lnk123" from="n168" to="penn-n571"/>
    <edge xml:id="lnk481" from="n42" to="penn-n143"/>
    <edge xml:id="lnk122" from="n168" to="penn-n570"/>
    <edge xml:id="lnk480" from="n41" to="penn-n141"/>
    <edge xml:id="lnk121" from="n168" to="penn-n569"/>
    <edge xml:id="lnk120" from="n167" to="penn-n566"/>
    <edge xml:id="lnk519" from="n66" to="penn-n232"/>
    <edge xml:id="lnk518" from="n65" to="penn-n228"/>
    <edge xml:id="lnk517" from="n64" to="penn-n225"/>
    <edge xml:id="lnk19" from="n109" to="penn-n356"/>
    <edge xml:id="lnk516" from="n63" to="penn-n222"/>
    <edge xml:id="lnk18" from="n108" to="penn-n354"/>
    <edge xml:id="lnk515" from="n62" to="penn-n217"/>
    <edge xml:id="lnk17" from="n108" to="penn-n353"/>
    <edge xml:id="lnk514" from="n61" to="penn-n212"/>
    <edge xml:id="lnk16" from="n108" to="penn-n352"/>
    <edge xml:id="lnk513" from="n60" to="penn-n210"/>
    <edge xml:id="lnk15" from="n107" to="penn-n345"/>
    <edge xml:id="lnk512" from="n6" to="penn-n22"/>
    <edge xml:id="lnk14" from="n106" to="penn-n344"/>
    <edge xml:id="lnk511" from="n59" to="penn-n208"/>
    <edge xml:id="lnk479" from="n41" to="penn-n140"/>
    <edge xml:id="lnk13" from="n105" to="penn-n343"/>
    <edge xml:id="lnk510" from="n58" to="penn-n201"/>
    <edge xml:id="lnk478" from="n40" to="penn-n138"/>
    <edge xml:id="lnk119" from="n166" to="penn-n563"/>
    <edge xml:id="lnk12" from="n105" to="penn-n342"/>
    <edge xml:id="lnk477" from="n4" to="penn-n16"/>
    <edge xml:id="lnk118" from="n165" to="penn-n562"/>
    <edge xml:id="lnk11" from="n105" to="penn-n341"/>
    <edge xml:id="lnk476" from="n4" to="penn-n15"/>
    <edge xml:id="lnk117" from="n164" to="penn-n556"/>
    <edge xml:id="lnk10" from="n104" to="penn-n339"/>
    <edge xml:id="lnk475" from="n4" to="penn-n14"/>
    <edge xml:id="lnk116" from="n163" to="penn-n553"/>
    <edge xml:id="lnk474" from="n4" to="penn-n13"/>
    <edge xml:id="lnk115" from="n163" to="penn-n552"/>
    <edge xml:id="lnk473" from="n393" to="penn-n1325"/>
    <edge xml:id="lnk114" from="n163" to="penn-n551"/>
    <edge xml:id="lnk472" from="n392" to="penn-n1322"/>
    <edge xml:id="lnk113" from="n162" to="penn-n546"/>
    <edge xml:id="lnk471" from="n392" to="penn-n1321"/>
    <edge xml:id="lnk112" from="n161" to="penn-n543"/>
    <edge xml:id="lnk470" from="n391" to="penn-n1318"/>
    <edge xml:id="lnk111" from="n161" to="penn-n542"/>
    <edge xml:id="lnk110" from="n160" to="penn-n540"/>
    <edge xml:id="lnk509" from="n57" to="penn-n199"/>
    <edge xml:id="lnk508" from="n57" to="penn-n198"/>
    <edge xml:id="lnk507" from="n56" to="penn-n196"/>
    <edge xml:id="lnk506" from="n55" to="penn-n195"/>
    <edge xml:id="lnk9" from="n104" to="penn-n338"/>
    <edge xml:id="lnk505" from="n55" to="penn-n194"/>
    <edge xml:id="lnk8" from="n103" to="penn-n333"/>
    <edge xml:id="lnk504" from="n54" to="penn-n190"/>
    <edge xml:id="lnk7" from="n102" to="penn-n330"/>
    <edge xml:id="lnk503" from="n54" to="penn-n189"/>
    <edge xml:id="lnk6" from="n101" to="penn-n328"/>
    <edge xml:id="lnk502" from="n54" to="penn-n188"/>
    <edge xml:id="lnk5" from="n101" to="penn-n327"/>
    <edge xml:id="lnk501" from="n53" to="penn-n185"/>
    <edge xml:id="lnk469" from="n390" to="penn-n1315"/>
    <edge xml:id="lnk4" from="n100" to="penn-n325"/>
    <edge xml:id="lnk500" from="n52" to="penn-n184"/>
    <edge xml:id="lnk468" from="n39" to="penn-n137"/>
    <edge xml:id="lnk3" from="n10" to="penn-n37"/>
    <edge xml:id="lnk109" from="n16" to="penn-n56"/>
    <edge xml:id="lnk467" from="n389" to="penn-n1313"/>
    <edge xml:id="lnk2" from="n10" to="penn-n36"/>
    <edge xml:id="lnk108" from="n159" to="penn-n539"/>
    <edge xml:id="lnk466" from="n388" to="penn-n1311"/>
    <edge xml:id="lnk1" from="n1" to="penn-n4"/>
    <edge xml:id="lnk107" from="n158" to="penn-n537"/>
    <edge xml:id="lnk465" from="n388" to="penn-n1310"/>
    <edge xml:id="lnk0" from="n0" to="penn-n1"/>
    <edge xml:id="lnk106" from="n157" to="penn-n534"/>
    <edge xml:id="lnk464" from="n387" to="penn-n1308"/>
    <edge xml:id="lnk105" from="n156" to="penn-n528"/>
    <edge xml:id="lnk463" from="n386" to="penn-n1304"/>
    <edge xml:id="lnk104" from="n156" to="penn-n527"/>
    <edge xml:id="lnk462" from="n385" to="penn-n1299"/>
    <edge xml:id="lnk103" from="n155" to="penn-n522"/>
    <edge xml:id="lnk461" from="n384" to="penn-n1297"/>
    <edge xml:id="lnk102" from="n154" to="penn-n518"/>
    <edge xml:id="lnk460" from="n383" to="penn-n1291"/>
    <edge xml:id="lnk101" from="n153" to="penn-n516"/>
    <edge xml:id="lnk100" from="n152" to="penn-n514"/>
</graph>
