<?xml version="1.0" encoding="UTF-8"?>
<graph xmlns="http://www.xces.org/ns/GrAF/1.0/">
    <header>
        <tagsDecl>
            <tagUsage gi="vchunk" occurs="244"/>
        </tagsDecl>
        <dependencies>
            <dependsOn type="penn"/>
        </dependencies>
        <annotationSets>
            <annotationSet name="xces" type="http://www.xces.org/schema/2003"/>
        </annotationSets>
    </header>
    <node xml:id="n0"/>
    <a label="vchunk" ref="n0" as="xces">
        <fs>
            <f name="voice" value="active"/>
            <f name="tense" value="SimPre"/>
            <f name="type" value="FVG"/>
        </fs>
    </a>
    <node xml:id="n1"/>
    <a label="vchunk" ref="n1" as="xces">
        <fs>
            <f name="voice" value="active"/>
            <f name="tense" value="Pre"/>
            <f name="type" value="PART"/>
        </fs>
    </a>
    <node xml:id="n10"/>
    <a label="vchunk" ref="n10" as="xces">
        <fs>
            <f name="voice" value="active"/>
            <f name="tense" value="Inf"/>
            <f name="type" value="NFVG"/>
        </fs>
    </a>
    <node xml:id="n100"/>
    <a label="vchunk" ref="n100" as="xces">
        <fs>
            <f name="voice" value="none"/>
            <f name="tense" value="Pas"/>
            <f name="type" value="PART"/>
        </fs>
    </a>
    <node xml:id="n101"/>
    <a label="vchunk" ref="n101" as="xces">
        <fs>
            <f name="voice" value="active"/>
            <f name="tense" value="SimPas"/>
            <f name="type" value="FVG"/>
        </fs>
    </a>
    <node xml:id="n102"/>
    <a label="vchunk" ref="n102" as="xces">
        <fs>
            <f name="voice" value="active"/>
            <f name="tense" value="SimPre"/>
            <f name="type" value="FVG"/>
        </fs>
    </a>
    <node xml:id="n103"/>
    <a label="vchunk" ref="n103" as="xces">
        <fs>
            <f name="voice" value="active"/>
            <f name="tense" value="PrePer"/>
            <f name="type" value="FVG"/>
        </fs>
    </a>
    <node xml:id="n104"/>
    <a label="vchunk" ref="n104" as="xces">
        <fs>
            <f name="voice" value="active"/>
            <f name="tense" value="SimPre"/>
            <f name="type" value="FVG"/>
        </fs>
    </a>
    <node xml:id="n105"/>
    <a label="vchunk" ref="n105" as="xces">
        <fs>
            <f name="voice" value="active"/>
            <f name="tense" value="Pre"/>
            <f name="type" value="PART"/>
        </fs>
    </a>
    <node xml:id="n106"/>
    <a label="vchunk" ref="n106" as="xces">
        <fs>
            <f name="voice" value="active"/>
            <f name="tense" value="Inf"/>
            <f name="type" value="NFVG"/>
        </fs>
    </a>
    <node xml:id="n107"/>
    <a label="vchunk" ref="n107" as="xces">
        <fs>
            <f name="voice" value="active"/>
            <f name="tense" value="Inf"/>
            <f name="type" value="NFVG"/>
        </fs>
    </a>
    <node xml:id="n108"/>
    <a label="vchunk" ref="n108" as="xces">
        <fs>
            <f name="voice" value="active"/>
            <f name="tense" value="SimPre"/>
            <f name="type" value="FVG"/>
        </fs>
    </a>
    <node xml:id="n109"/>
    <a label="vchunk" ref="n109" as="xces">
        <fs>
            <f name="voice" value="active"/>
            <f name="tense" value="SimPre"/>
            <f name="type" value="FVG"/>
        </fs>
    </a>
    <node xml:id="n11"/>
    <a label="vchunk" ref="n11" as="xces">
        <fs>
            <f name="voice" value="active"/>
            <f name="tense" value="SimPre"/>
            <f name="type" value="FVG"/>
        </fs>
    </a>
    <node xml:id="n110"/>
    <a label="vchunk" ref="n110" as="xces">
        <fs>
            <f name="voice" value="active"/>
            <f name="tense" value="SimPas"/>
            <f name="type" value="FVG"/>
        </fs>
    </a>
    <node xml:id="n111"/>
    <a label="vchunk" ref="n111" as="xces">
        <fs>
            <f name="voice" value="active"/>
            <f name="tense" value="SimPre"/>
            <f name="type" value="FVG"/>
        </fs>
    </a>
    <node xml:id="n112"/>
    <a label="vchunk" ref="n112" as="xces">
        <fs>
            <f name="voice" value="active"/>
            <f name="tense" value="SimPas"/>
            <f name="type" value="FVG"/>
        </fs>
    </a>
    <node xml:id="n113"/>
    <a label="vchunk" ref="n113" as="xces">
        <fs>
            <f name="voice" value="active"/>
            <f name="tense" value="SimPre"/>
            <f name="type" value="FVG"/>
        </fs>
    </a>
    <node xml:id="n114"/>
    <a label="vchunk" ref="n114" as="xces">
        <fs>
            <f name="voice" value="active"/>
            <f name="tense" value="Inf"/>
            <f name="type" value="PART"/>
        </fs>
    </a>
    <node xml:id="n115"/>
    <a label="vchunk" ref="n115" as="xces">
        <fs>
            <f name="voice" value="active"/>
            <f name="tense" value="Inf"/>
            <f name="type" value="NFVG"/>
        </fs>
    </a>
    <node xml:id="n116"/>
    <a label="vchunk" ref="n116" as="xces">
        <fs>
            <f name="voice" value="active"/>
            <f name="tense" value="Inf"/>
            <f name="type" value="NFVG"/>
        </fs>
    </a>
    <node xml:id="n117"/>
    <a label="vchunk" ref="n117" as="xces">
        <fs>
            <f name="voice" value="active"/>
            <f name="tense" value="SimPre"/>
            <f name="type" value="FVG"/>
        </fs>
    </a>
    <node xml:id="n118"/>
    <a label="vchunk" ref="n118" as="xces">
        <fs>
            <f name="voice" value="active"/>
            <f name="tense" value="SimPre"/>
            <f name="type" value="FVG"/>
        </fs>
    </a>
    <node xml:id="n119"/>
    <a label="vchunk" ref="n119" as="xces">
        <fs>
            <f name="voice" value="active"/>
            <f name="tense" value="Pre"/>
            <f name="type" value="PART"/>
        </fs>
    </a>
    <node xml:id="n12"/>
    <a label="vchunk" ref="n12" as="xces">
        <fs>
            <f name="voice" value="none"/>
            <f name="tense" value="none"/>
            <f name="type" value="MODAL"/>
        </fs>
    </a>
    <node xml:id="n120"/>
    <a label="vchunk" ref="n120" as="xces">
        <fs>
            <f name="voice" value="active"/>
            <f name="tense" value="SimPre"/>
            <f name="type" value="FVVG"/>
        </fs>
    </a>
    <node xml:id="n121"/>
    <a label="vchunk" ref="n121" as="xces">
        <fs>
            <f name="voice" value="active"/>
            <f name="tense" value="Inf"/>
            <f name="type" value="NFVG"/>
        </fs>
    </a>
    <node xml:id="n122"/>
    <a label="vchunk" ref="n122" as="xces">
        <fs>
            <f name="voice" value="active"/>
            <f name="tense" value="SimPre"/>
            <f name="type" value="FVG"/>
        </fs>
    </a>
    <node xml:id="n123"/>
    <a label="vchunk" ref="n123" as="xces">
        <fs>
            <f name="voice" value="active"/>
            <f name="tense" value="SimPre"/>
            <f name="type" value="FVG"/>
        </fs>
    </a>
    <node xml:id="n124"/>
    <a label="vchunk" ref="n124" as="xces">
        <fs>
            <f name="voice" value="passive"/>
            <f name="tense" value="PrePer"/>
            <f name="type" value="FVG"/>
        </fs>
    </a>
    <node xml:id="n125"/>
    <a label="vchunk" ref="n125" as="xces">
        <fs>
            <f name="voice" value="none"/>
            <f name="tense" value="Pre"/>
            <f name="type" value="SPECIAL"/>
        </fs>
    </a>
    <node xml:id="n126"/>
    <a label="vchunk" ref="n126" as="xces">
        <fs>
            <f name="voice" value="active"/>
            <f name="tense" value="SimPas"/>
            <f name="type" value="FVG"/>
        </fs>
    </a>
    <node xml:id="n127"/>
    <a label="vchunk" ref="n127" as="xces">
        <fs>
            <f name="voice" value="active"/>
            <f name="tense" value="SimPre"/>
            <f name="type" value="FVG"/>
        </fs>
    </a>
    <node xml:id="n128"/>
    <a label="vchunk" ref="n128" as="xces">
        <fs>
            <f name="voice" value="active"/>
            <f name="tense" value="SimPre"/>
            <f name="type" value="FVG"/>
        </fs>
    </a>
    <node xml:id="n129"/>
    <a label="vchunk" ref="n129" as="xces">
        <fs>
            <f name="voice" value="active"/>
            <f name="tense" value="SimPre"/>
            <f name="type" value="FVG"/>
        </fs>
    </a>
    <node xml:id="n13"/>
    <a label="vchunk" ref="n13" as="xces">
        <fs>
            <f name="voice" value="active"/>
            <f name="tense" value="SimPre"/>
            <f name="type" value="FVG"/>
        </fs>
    </a>
    <node xml:id="n130"/>
    <a label="vchunk" ref="n130" as="xces">
        <fs>
            <f name="voice" value="active"/>
            <f name="tense" value="SimPre"/>
            <f name="type" value="FVG"/>
        </fs>
    </a>
    <node xml:id="n131"/>
    <a label="vchunk" ref="n131" as="xces">
        <fs>
            <f name="voice" value="active"/>
            <f name="tense" value="SimPre"/>
            <f name="type" value="FVG"/>
        </fs>
    </a>
    <node xml:id="n132"/>
    <a label="vchunk" ref="n132" as="xces">
        <fs>
            <f name="voice" value="active"/>
            <f name="tense" value="SimPre"/>
            <f name="type" value="FVG"/>
        </fs>
    </a>
    <node xml:id="n133"/>
    <a label="vchunk" ref="n133" as="xces">
        <fs>
            <f name="voice" value="active"/>
            <f name="tense" value="SimPre"/>
            <f name="type" value="FVG"/>
        </fs>
    </a>
    <node xml:id="n134"/>
    <a label="vchunk" ref="n134" as="xces">
        <fs>
            <f name="voice" value="active"/>
            <f name="tense" value="SimPre"/>
            <f name="type" value="FVG"/>
        </fs>
    </a>
    <node xml:id="n135"/>
    <a label="vchunk" ref="n135" as="xces">
        <fs>
            <f name="voice" value="active"/>
            <f name="tense" value="Inf"/>
            <f name="type" value="NFVG"/>
        </fs>
    </a>
    <node xml:id="n136"/>
    <a label="vchunk" ref="n136" as="xces">
        <fs>
            <f name="voice" value="active"/>
            <f name="tense" value="Inf"/>
            <f name="type" value="NFVG"/>
        </fs>
    </a>
    <node xml:id="n137"/>
    <a label="vchunk" ref="n137" as="xces">
        <fs>
            <f name="voice" value="active"/>
            <f name="tense" value="Inf"/>
            <f name="type" value="NFVG"/>
        </fs>
    </a>
    <node xml:id="n138"/>
    <a label="vchunk" ref="n138" as="xces">
        <fs>
            <f name="voice" value="none"/>
            <f name="tense" value="none"/>
            <f name="type" value="MODAL"/>
        </fs>
    </a>
    <node xml:id="n139"/>
    <a label="vchunk" ref="n139" as="xces">
        <fs>
            <f name="voice" value="active"/>
            <f name="tense" value="SimPre"/>
            <f name="type" value="FVG"/>
        </fs>
    </a>
    <node xml:id="n14"/>
    <a label="vchunk" ref="n14" as="xces">
        <fs>
            <f name="voice" value="active"/>
            <f name="tense" value="SimPre"/>
            <f name="type" value="FVG"/>
        </fs>
    </a>
    <node xml:id="n140"/>
    <a label="vchunk" ref="n140" as="xces">
        <fs>
            <f name="voice" value="active"/>
            <f name="tense" value="SimPre"/>
            <f name="type" value="FVG"/>
        </fs>
    </a>
    <node xml:id="n141"/>
    <a label="vchunk" ref="n141" as="xces">
        <fs>
            <f name="voice" value="active"/>
            <f name="tense" value="SimPre"/>
            <f name="type" value="FVG"/>
        </fs>
    </a>
    <node xml:id="n142"/>
    <a label="vchunk" ref="n142" as="xces">
        <fs>
            <f name="voice" value="none"/>
            <f name="tense" value="Pre"/>
            <f name="type" value="SPECIAL"/>
        </fs>
    </a>
    <node xml:id="n143"/>
    <a label="vchunk" ref="n143" as="xces">
        <fs>
            <f name="voice" value="active"/>
            <f name="tense" value="SimPre"/>
            <f name="type" value="FVG"/>
        </fs>
    </a>
    <node xml:id="n144"/>
    <a label="vchunk" ref="n144" as="xces">
        <fs>
            <f name="voice" value="active"/>
            <f name="tense" value="SimPas"/>
            <f name="type" value="FVG"/>
        </fs>
    </a>
    <node xml:id="n145"/>
    <a label="vchunk" ref="n145" as="xces">
        <fs>
            <f name="voice" value="active"/>
            <f name="tense" value="SimPre"/>
            <f name="type" value="FVG"/>
        </fs>
    </a>
    <node xml:id="n146"/>
    <a label="vchunk" ref="n146" as="xces">
        <fs>
            <f name="voice" value="active"/>
            <f name="tense" value="SimPre"/>
            <f name="type" value="FVG"/>
        </fs>
    </a>
    <node xml:id="n147"/>
    <a label="vchunk" ref="n147" as="xces">
        <fs>
            <f name="voice" value="active"/>
            <f name="tense" value="SimPas"/>
            <f name="type" value="FVG"/>
        </fs>
    </a>
    <node xml:id="n148"/>
    <a label="vchunk" ref="n148" as="xces">
        <fs>
            <f name="voice" value="active"/>
            <f name="tense" value="SimPas"/>
            <f name="type" value="FVG"/>
        </fs>
    </a>
    <node xml:id="n149"/>
    <a label="vchunk" ref="n149" as="xces">
        <fs>
            <f name="voice" value="active"/>
            <f name="tense" value="SimPre"/>
            <f name="type" value="FVG"/>
        </fs>
    </a>
    <node xml:id="n15"/>
    <a label="vchunk" ref="n15" as="xces">
        <fs>
            <f name="voice" value="active"/>
            <f name="tense" value="SimPre"/>
            <f name="type" value="FVG"/>
        </fs>
    </a>
    <node xml:id="n150"/>
    <a label="vchunk" ref="n150" as="xces">
        <fs>
            <f name="voice" value="active"/>
            <f name="tense" value="SimPas"/>
            <f name="type" value="FVG"/>
        </fs>
    </a>
    <node xml:id="n151"/>
    <a label="vchunk" ref="n151" as="xces">
        <fs>
            <f name="voice" value="active"/>
            <f name="tense" value="Inf"/>
            <f name="type" value="NFVG"/>
        </fs>
    </a>
    <node xml:id="n152"/>
    <a label="vchunk" ref="n152" as="xces">
        <fs>
            <f name="voice" value="active"/>
            <f name="tense" value="SimPas"/>
            <f name="type" value="FVG"/>
        </fs>
    </a>
    <node xml:id="n153"/>
    <a label="vchunk" ref="n153" as="xces">
        <fs>
            <f name="oice" value="none"/>
            <f name="tense" value="none"/>
            <f name="type" value="MODAL"/>
        </fs>
    </a>
    <node xml:id="n154"/>
    <a label="vchunk" ref="n154" as="xces">
        <fs>
            <f name="voice" value="none"/>
            <f name="tense" value="none"/>
            <f name="type" value="MODAL"/>
        </fs>
    </a>
    <node xml:id="n155"/>
    <a label="vchunk" ref="n155" as="xces">
        <fs>
            <f name="voice" value="none"/>
            <f name="tense" value="none"/>
            <f name="type" value="MODAL"/>
        </fs>
    </a>
    <node xml:id="n156"/>
    <a label="vchunk" ref="n156" as="xces">
        <fs>
            <f name="voice" value="none"/>
            <f name="tense" value="none"/>
            <f name="type" value="MODAL"/>
        </fs>
    </a>
    <node xml:id="n157"/>
    <a label="vchunk" ref="n157" as="xces">
        <fs>
            <f name="voice" value="active"/>
            <f name="tense" value="SimPre"/>
            <f name="type" value="FVG"/>
        </fs>
    </a>
    <node xml:id="n158"/>
    <a label="vchunk" ref="n158" as="xces">
        <fs>
            <f name="voice" value="passive"/>
            <f name="tense" value="SimPas"/>
            <f name="type" value="FVG"/>
        </fs>
    </a>
    <node xml:id="n159"/>
    <a label="vchunk" ref="n159" as="xces">
        <fs>
            <f name="voice" value="active"/>
            <f name="tense" value="SimPre"/>
            <f name="type" value="FVG"/>
        </fs>
    </a>
    <node xml:id="n16"/>
    <a label="vchunk" ref="n16" as="xces">
        <fs>
            <f name="voice" value="active"/>
            <f name="tense" value="SimPre"/>
            <f name="type" value="FVG"/>
        </fs>
    </a>
    <node xml:id="n160"/>
    <a label="vchunk" ref="n160" as="xces">
        <fs>
            <f name="voice" value="active"/>
            <f name="tense" value="SimPas"/>
            <f name="type" value="FVG"/>
        </fs>
    </a>
    <node xml:id="n161"/>
    <a label="vchunk" ref="n161" as="xces">
        <fs>
            <f name="voice" value="active"/>
            <f name="tense" value="SimPre"/>
            <f name="type" value="FVG"/>
        </fs>
    </a>
    <node xml:id="n162"/>
    <a label="vchunk" ref="n162" as="xces">
        <fs>
            <f name="voice" value="active"/>
            <f name="tense" value="SimPre"/>
            <f name="type" value="FVG"/>
        </fs>
    </a>
    <node xml:id="n163"/>
    <a label="vchunk" ref="n163" as="xces">
        <fs>
            <f name="voice" value="none"/>
            <f name="tense" value="none"/>
            <f name="type" value="MODAL"/>
        </fs>
    </a>
    <node xml:id="n164"/>
    <a label="vchunk" ref="n164" as="xces">
        <fs>
            <f name="voice" value="none"/>
            <f name="tense" value="none"/>
            <f name="type" value="MODAL"/>
        </fs>
    </a>
    <node xml:id="n165"/>
    <a label="vchunk" ref="n165" as="xces">
        <fs>
            <f name="voice" value="active"/>
            <f name="tense" value="SimPre"/>
            <f name="type" value="FVG"/>
        </fs>
    </a>
    <node xml:id="n166"/>
    <a label="vchunk" ref="n166" as="xces">
        <fs>
            <f name="voice" value="none"/>
            <f name="tense" value="Pas"/>
            <f name="type" value="PART"/>
        </fs>
    </a>
    <node xml:id="n167"/>
    <a label="vchunk" ref="n167" as="xces">
        <fs>
            <f name="voice" value="active"/>
            <f name="tense" value="SimPre"/>
            <f name="type" value="FVG"/>
        </fs>
    </a>
    <node xml:id="n168"/>
    <a label="vchunk" ref="n168" as="xces">
        <fs>
            <f name="voice" value="active"/>
            <f name="tense" value="Inf"/>
            <f name="type" value="NFVG"/>
        </fs>
    </a>
    <node xml:id="n169"/>
    <a label="vchunk" ref="n169" as="xces">
        <fs>
            <f name="voice" value="active"/>
            <f name="tense" value="SimPre"/>
            <f name="type" value="FVG"/>
        </fs>
    </a>
    <node xml:id="n17"/>
    <a label="vchunk" ref="n17" as="xces">
        <fs>
            <f name="voice" value="active"/>
            <f name="tense" value="Inf"/>
            <f name="type" value="NFVG"/>
        </fs>
    </a>
    <node xml:id="n170"/>
    <a label="vchunk" ref="n170" as="xces">
        <fs>
            <f name="voice" value="active"/>
            <f name="tense" value="Inf"/>
            <f name="type" value="NFVG"/>
        </fs>
    </a>
    <node xml:id="n171"/>
    <a label="vchunk" ref="n171" as="xces">
        <fs>
            <f name="neg" value="yes"/>
            <f name="voice" value="active"/>
            <f name="tense" value="SimPre"/>
            <f name="type" value="FVG"/>
        </fs>
    </a>
    <node xml:id="n172"/>
    <a label="vchunk" ref="n172" as="xces">
        <fs>
            <f name="voice" value="active"/>
            <f name="tense" value="SimPre"/>
            <f name="type" value="FVG"/>
        </fs>
    </a>
    <node xml:id="n173"/>
    <a label="vchunk" ref="n173" as="xces">
        <fs>
            <f name="voice" value="active"/>
            <f name="tense" value="SimPre"/>
            <f name="type" value="FVG"/>
        </fs>
    </a>
    <node xml:id="n174"/>
    <a label="vchunk" ref="n174" as="xces">
        <fs>
            <f name="voice" value="active"/>
            <f name="tense" value="SimPre"/>
            <f name="type" value="FVG"/>
        </fs>
    </a>
    <node xml:id="n175"/>
    <a label="vchunk" ref="n175" as="xces">
        <fs>
            <f name="voice" value="active"/>
            <f name="tense" value="SimPre"/>
            <f name="type" value="FVG"/>
        </fs>
    </a>
    <node xml:id="n176"/>
    <a label="vchunk" ref="n176" as="xces">
        <fs>
            <f name="voice" value="none"/>
            <f name="tense" value="Pas"/>
            <f name="type" value="PART"/>
        </fs>
    </a>
    <node xml:id="n177"/>
    <a label="vchunk" ref="n177" as="xces">
        <fs>
            <f name="voice" value="active"/>
            <f name="tense" value="SimPre"/>
            <f name="type" value="FVG"/>
        </fs>
    </a>
    <node xml:id="n178"/>
    <a label="vchunk" ref="n178" as="xces">
        <fs>
            <f name="voice" value="active"/>
            <f name="tense" value="SimPre"/>
            <f name="type" value="FVG"/>
        </fs>
    </a>
    <node xml:id="n179"/>
    <a label="vchunk" ref="n179" as="xces">
        <fs>
            <f name="voice" value="active"/>
            <f name="tense" value="SimPre"/>
            <f name="type" value="FVG"/>
        </fs>
    </a>
    <node xml:id="n18"/>
    <a label="vchunk" ref="n18" as="xces">
        <fs>
            <f name="voice" value="active"/>
            <f name="tense" value="SimPas"/>
            <f name="type" value="FVG"/>
        </fs>
    </a>
    <node xml:id="n180"/>
    <a label="vchunk" ref="n180" as="xces">
        <fs>
            <f name="voice" value="none"/>
            <f name="tense" value="Pre"/>
            <f name="type" value="SPECIAL"/>
        </fs>
    </a>
    <node xml:id="n181"/>
    <a label="vchunk" ref="n181" as="xces">
        <fs>
            <f name="voice" value="none"/>
            <f name="tense" value="Pre"/>
            <f name="type" value="SPECIAL"/>
        </fs>
    </a>
    <node xml:id="n182"/>
    <a label="vchunk" ref="n182" as="xces">
        <fs>
            <f name="voice" value="active"/>
            <f name="tense" value="SimPre"/>
            <f name="type" value="FVG"/>
        </fs>
    </a>
    <node xml:id="n183"/>
    <a label="vchunk" ref="n183" as="xces">
        <fs>
            <f name="neg" value="yes"/>
            <f name="voice" value="active"/>
            <f name="tense" value="SimPre"/>
            <f name="type" value="FVG"/>
        </fs>
    </a>
    <node xml:id="n184"/>
    <a label="vchunk" ref="n184" as="xces">
        <fs>
            <f name="voice" value="active"/>
            <f name="tense" value="Pre"/>
            <f name="type" value="PART"/>
        </fs>
    </a>
    <node xml:id="n185"/>
    <a label="vchunk" ref="n185" as="xces">
        <fs>
            <f name="voice" value="active"/>
            <f name="tense" value="SimPre"/>
            <f name="type" value="FVG"/>
        </fs>
    </a>
    <node xml:id="n186"/>
    <a label="vchunk" ref="n186" as="xces">
        <fs>
            <f name="voice" value="active"/>
            <f name="tense" value="Pre"/>
            <f name="type" value="PART"/>
        </fs>
    </a>
    <node xml:id="n187"/>
    <a label="vchunk" ref="n187" as="xces">
        <fs>
            <f name="voice" value="active"/>
            <f name="tense" value="SimPre"/>
            <f name="type" value="FVG"/>
        </fs>
    </a>
    <node xml:id="n188"/>
    <a label="vchunk" ref="n188" as="xces">
        <fs>
            <f name="voice" value="none"/>
            <f name="tense" value="none"/>
            <f name="type" value="MODAL"/>
        </fs>
    </a>
    <node xml:id="n189"/>
    <a label="vchunk" ref="n189" as="xces">
        <fs>
            <f name="voice" value="active"/>
            <f name="tense" value="SimPre"/>
            <f name="type" value="FVG"/>
        </fs>
    </a>
    <node xml:id="n19"/>
    <a label="vchunk" ref="n19" as="xces">
        <fs>
            <f name="neg" value="yes"/>
            <f name="voice" value="active"/>
            <f name="tense" value="SimPre"/>
            <f name="type" value="FVG"/>
        </fs>
    </a>
    <node xml:id="n190"/>
    <a label="vchunk" ref="n190" as="xces">
        <fs>
            <f name="voice" value="active"/>
            <f name="tense" value="SimPre"/>
            <f name="type" value="FVG"/>
        </fs>
    </a>
    <node xml:id="n191"/>
    <a label="vchunk" ref="n191" as="xces">
        <fs>
            <f name="voice" value="active"/>
            <f name="tense" value="SimPre"/>
            <f name="type" value="FVG"/>
        </fs>
    </a>
    <node xml:id="n192"/>
    <a label="vchunk" ref="n192" as="xces">
        <fs>
            <f name="voice" value="active"/>
            <f name="tense" value="SimPre"/>
            <f name="type" value="FVG"/>
        </fs>
    </a>
    <node xml:id="n193"/>
    <a label="vchunk" ref="n193" as="xces">
        <fs>
            <f name="voice" value="active"/>
            <f name="tense" value="Inf"/>
            <f name="type" value="NFVG"/>
        </fs>
    </a>
    <node xml:id="n194"/>
    <a label="vchunk" ref="n194" as="xces">
        <fs>
            <f name="voice" value="passive"/>
            <f name="tense" value="SimPas"/>
            <f name="type" value="FVG"/>
        </fs>
    </a>
    <node xml:id="n195"/>
    <a label="vchunk" ref="n195" as="xces">
        <fs>
            <f name="voice" value="active"/>
            <f name="tense" value="SimPas"/>
            <f name="type" value="FVG"/>
        </fs>
    </a>
    <node xml:id="n196"/>
    <a label="vchunk" ref="n196" as="xces">
        <fs>
            <f name="neg" value="yes"/>
            <f name="voice" value="active"/>
            <f name="tense" value="SimPas"/>
            <f name="type" value="FVG"/>
        </fs>
    </a>
    <node xml:id="n197"/>
    <a label="vchunk" ref="n197" as="xces">
        <fs>
            <f name="voice" value="active"/>
            <f name="tense" value="SimPre"/>
            <f name="type" value="FVG"/>
        </fs>
    </a>
    <node xml:id="n198"/>
    <a label="vchunk" ref="n198" as="xces">
        <fs>
            <f name="voice" value="active"/>
            <f name="tense" value="SimPre"/>
            <f name="type" value="FVG"/>
        </fs>
    </a>
    <node xml:id="n199"/>
    <a label="vchunk" ref="n199" as="xces">
        <fs>
            <f name="voice" value="active"/>
            <f name="tense" value="SimPre"/>
            <f name="type" value="FVG"/>
        </fs>
    </a>
    <node xml:id="n2"/>
    <a label="vchunk" ref="n2" as="xces">
        <fs>
            <f name="voice" value="active"/>
            <f name="tense" value="SimPre"/>
            <f name="type" value="FVG"/>
        </fs>
    </a>
    <node xml:id="n20"/>
    <a label="vchunk" ref="n20" as="xces">
        <fs>
            <f name="voice" value="active"/>
            <f name="tense" value="SimPre"/>
            <f name="type" value="FVG"/>
        </fs>
    </a>
    <node xml:id="n200"/>
    <a label="vchunk" ref="n200" as="xces">
        <fs>
            <f name="voice" value="none"/>
            <f name="tense" value="none"/>
            <f name="type" value="MODAL"/>
        </fs>
    </a>
    <node xml:id="n201"/>
    <a label="vchunk" ref="n201" as="xces">
        <fs>
            <f name="voice" value="active"/>
            <f name="tense" value="Inf"/>
            <f name="type" value="NFVG"/>
        </fs>
    </a>
    <node xml:id="n202"/>
    <a label="vchunk" ref="n202" as="xces">
        <fs>
            <f name="voice" value="active"/>
            <f name="tense" value="PrePer"/>
            <f name="type" value="FVG"/>
        </fs>
    </a>
    <node xml:id="n203"/>
    <a label="vchunk" ref="n203" as="xces">
        <fs>
            <f name="voice" value="active"/>
            <f name="tense" value="Inf"/>
            <f name="type" value="NFVG"/>
        </fs>
    </a>
    <node xml:id="n204"/>
    <a label="vchunk" ref="n204" as="xces">
        <fs>
            <f name="voice" value="active"/>
            <f name="tense" value="SimPre"/>
            <f name="type" value="FVG"/>
        </fs>
    </a>
    <node xml:id="n205"/>
    <a label="vchunk" ref="n205" as="xces">
        <fs>
            <f name="voice" value="active"/>
            <f name="tense" value="SimPre"/>
            <f name="type" value="FVG"/>
        </fs>
    </a>
    <node xml:id="n206"/>
    <a label="vchunk" ref="n206" as="xces">
        <fs>
            <f name="voice" value="active"/>
            <f name="tense" value="Inf"/>
            <f name="type" value="NFVG"/>
        </fs>
    </a>
    <node xml:id="n207"/>
    <a label="vchunk" ref="n207" as="xces">
        <fs>
            <f name="voice" value="active"/>
            <f name="tense" value="SimPre"/>
            <f name="type" value="FVG"/>
        </fs>
    </a>
    <node xml:id="n208"/>
    <a label="vchunk" ref="n208" as="xces">
        <fs>
            <f name="neg" value="yes"/>
            <f name="voice" value="active"/>
            <f name="tense" value="SimPre"/>
            <f name="type" value="FVG"/>
        </fs>
    </a>
    <node xml:id="n209"/>
    <a label="vchunk" ref="n209" as="xces">
        <fs>
            <f name="voice" value="active"/>
            <f name="tense" value="Inf"/>
            <f name="type" value="NFVG"/>
        </fs>
    </a>
    <node xml:id="n21"/>
    <a label="vchunk" ref="n21" as="xces">
        <fs>
            <f name="voice" value="active"/>
            <f name="tense" value="SimPre"/>
            <f name="type" value="FVG"/>
        </fs>
    </a>
    <node xml:id="n210"/>
    <a label="vchunk" ref="n210" as="xces">
        <fs>
            <f name="voice" value="none"/>
            <f name="tense" value="none"/>
            <f name="type" value="MODAL"/>
        </fs>
    </a>
    <node xml:id="n211"/>
    <a label="vchunk" ref="n211" as="xces">
        <fs>
            <f name="voice" value="active"/>
            <f name="tense" value="Inf"/>
            <f name="type" value="NFVG"/>
        </fs>
    </a>
    <node xml:id="n212"/>
    <a label="vchunk" ref="n212" as="xces">
        <fs>
            <f name="voice" value="none"/>
            <f name="tense" value="Pre"/>
            <f name="type" value="SPECIAL"/>
        </fs>
    </a>
    <node xml:id="n213"/>
    <a label="vchunk" ref="n213" as="xces">
        <fs>
            <f name="voice" value="active"/>
            <f name="tense" value="Inf"/>
            <f name="type" value="NFVG"/>
        </fs>
    </a>
    <node xml:id="n214"/>
    <a label="vchunk" ref="n214" as="xces">
        <fs>
            <f name="voice" value="active"/>
            <f name="tense" value="Pre"/>
            <f name="type" value="PART"/>
        </fs>
    </a>
    <node xml:id="n215"/>
    <a label="vchunk" ref="n215" as="xces">
        <fs>
            <f name="voice" value="active"/>
            <f name="tense" value="Pre"/>
            <f name="type" value="PART"/>
        </fs>
    </a>
    <node xml:id="n216"/>
    <a label="vchunk" ref="n216" as="xces">
        <fs>
            <f name="neg" value="yes"/>
            <f name="voice" value="active"/>
            <f name="tense" value="SimPre"/>
            <f name="type" value="FVG"/>
        </fs>
    </a>
    <node xml:id="n217"/>
    <a label="vchunk" ref="n217" as="xces">
        <fs>
            <f name="voice" value="none"/>
            <f name="tense" value="none"/>
            <f name="type" value="MODAL"/>
        </fs>
    </a>
    <node xml:id="n218"/>
    <a label="vchunk" ref="n218" as="xces">
        <fs>
            <f name="voice" value="active"/>
            <f name="tense" value="Inf"/>
            <f name="type" value="NFVG"/>
        </fs>
    </a>
    <node xml:id="n219"/>
    <a label="vchunk" ref="n219" as="xces">
        <fs>
            <f name="voice" value="active"/>
            <f name="tense" value="SimPre"/>
            <f name="type" value="FVG"/>
        </fs>
    </a>
    <node xml:id="n22"/>
    <a label="vchunk" ref="n22" as="xces">
        <fs>
            <f name="voice" value="active"/>
            <f name="tense" value="SimPas"/>
            <f name="type" value="FVG"/>
        </fs>
    </a>
    <node xml:id="n220"/>
    <a label="vchunk" ref="n220" as="xces">
        <fs>
            <f name="voice" value="active"/>
            <f name="tense" value="PrePer"/>
            <f name="type" value="FVG"/>
        </fs>
    </a>
    <node xml:id="n221"/>
    <a label="vchunk" ref="n221" as="xces">
        <fs>
            <f name="voice" value="active"/>
            <f name="tense" value="SimPre"/>
            <f name="type" value="FVG"/>
        </fs>
    </a>
    <node xml:id="n222"/>
    <a label="vchunk" ref="n222" as="xces">
        <fs>
            <f name="voice" value="active"/>
            <f name="tense" value="SimPre"/>
            <f name="type" value="FVG"/>
        </fs>
    </a>
    <node xml:id="n223"/>
    <a label="vchunk" ref="n223" as="xces">
        <fs>
            <f name="voice" value="active"/>
            <f name="tense" value="Pre"/>
            <f name="type" value="PART"/>
        </fs>
    </a>
    <node xml:id="n224"/>
    <a label="vchunk" ref="n224" as="xces">
        <fs>
            <f name="voice" value="active"/>
            <f name="tense" value="Pre"/>
            <f name="type" value="PART"/>
        </fs>
    </a>
    <node xml:id="n225"/>
    <a label="vchunk" ref="n225" as="xces">
        <fs>
            <f name="voice" value="active"/>
            <f name="tense" value="Inf"/>
            <f name="type" value="NFVG"/>
        </fs>
    </a>
    <node xml:id="n226"/>
    <a label="vchunk" ref="n226" as="xces">
        <fs>
            <f name="voice" value="active"/>
            <f name="tense" value="Inf"/>
            <f name="type" value="NFVG"/>
        </fs>
    </a>
    <node xml:id="n227"/>
    <a label="vchunk" ref="n227" as="xces">
        <fs>
            <f name="voice" value="active"/>
            <f name="tense" value="SimPre"/>
            <f name="type" value="FVG"/>
        </fs>
    </a>
    <node xml:id="n228"/>
    <a label="vchunk" ref="n228" as="xces">
        <fs>
            <f name="voice" value="active"/>
            <f name="tense" value="SimPre"/>
            <f name="type" value="FVG"/>
        </fs>
    </a>
    <node xml:id="n229"/>
    <a label="vchunk" ref="n229" as="xces">
        <fs>
            <f name="voice" value="active"/>
            <f name="tense" value="SimPre"/>
            <f name="type" value="FVG"/>
        </fs>
    </a>
    <node xml:id="n23"/>
    <a label="vchunk" ref="n23" as="xces">
        <fs>
            <f name="voice" value="active"/>
            <f name="tense" value="Pre"/>
            <f name="type" value="PART"/>
        </fs>
    </a>
    <node xml:id="n230"/>
    <a label="vchunk" ref="n230" as="xces">
        <fs>
            <f name="voice" value="active"/>
            <f name="tense" value="SimPre"/>
            <f name="type" value="FVG"/>
        </fs>
    </a>
    <node xml:id="n231"/>
    <a label="vchunk" ref="n231" as="xces">
        <fs>
            <f name="voice" value="active"/>
            <f name="tense" value="Inf"/>
            <f name="type" value="NFVG"/>
        </fs>
    </a>
    <node xml:id="n232"/>
    <a label="vchunk" ref="n232" as="xces">
        <fs>
            <f name="voice" value="active"/>
            <f name="tense" value="SimPre"/>
            <f name="type" value="FVG"/>
        </fs>
    </a>
    <node xml:id="n233"/>
    <a label="vchunk" ref="n233" as="xces">
        <fs>
            <f name="voice" value="active"/>
            <f name="tense" value="SimPre"/>
            <f name="type" value="FVG"/>
        </fs>
    </a>
    <node xml:id="n234"/>
    <a label="vchunk" ref="n234" as="xces">
        <fs>
            <f name="voice" value="active"/>
            <f name="tense" value="SimPas"/>
            <f name="type" value="FVG"/>
        </fs>
    </a>
    <node xml:id="n235"/>
    <a label="vchunk" ref="n235" as="xces">
        <fs>
            <f name="voice" value="active"/>
            <f name="tense" value="SimPas"/>
            <f name="type" value="FVG"/>
        </fs>
    </a>
    <node xml:id="n236"/>
    <a label="vchunk" ref="n236" as="xces">
        <fs>
            <f name="neg" value="yes"/>
            <f name="voice" value="active"/>
            <f name="tense" value="SimPre"/>
            <f name="type" value="FVG"/>
        </fs>
    </a>
    <node xml:id="n237"/>
    <a label="vchunk" ref="n237" as="xces">
        <fs>
            <f name="voice" value="none"/>
            <f name="tense" value="Pas"/>
            <f name="type" value="PART"/>
        </fs>
    </a>
    <node xml:id="n238"/>
    <a label="vchunk" ref="n238" as="xces">
        <fs>
            <f name="voice" value="active"/>
            <f name="tense" value="Pre"/>
            <f name="type" value="PART"/>
        </fs>
    </a>
    <node xml:id="n239"/>
    <a label="vchunk" ref="n239" as="xces">
        <fs>
            <f name="voice" value="none"/>
            <f name="tense" value="Pas"/>
            <f name="type" value="PART"/>
        </fs>
    </a>
    <node xml:id="n24"/>
    <a label="vchunk" ref="n24" as="xces">
        <fs>
            <f name="voice" value="active"/>
            <f name="tense" value="Inf"/>
            <f name="type" value="NFVG"/>
        </fs>
    </a>
    <node xml:id="n240"/>
    <a label="vchunk" ref="n240" as="xces">
        <fs>
            <f name="voice" value="active"/>
            <f name="tense" value="SimPre"/>
            <f name="type" value="FVG"/>
        </fs>
    </a>
    <node xml:id="n241"/>
    <a label="vchunk" ref="n241" as="xces">
        <fs>
            <f name="voice" value="active"/>
            <f name="tense" value="SimFut"/>
            <f name="type" value="FVG"/>
        </fs>
    </a>
    <node xml:id="n242"/>
    <a label="vchunk" ref="n242" as="xces">
        <fs>
            <f name="voice" value="active"/>
            <f name="tense" value="Inf"/>
            <f name="type" value="NFVG"/>
        </fs>
    </a>
    <node xml:id="n243"/>
    <a label="vchunk" ref="n243" as="xces">
        <fs>
            <f name="voice" value="active"/>
            <f name="tense" value="SimPas"/>
            <f name="type" value="FVG"/>
        </fs>
    </a>
    <node xml:id="n25"/>
    <a label="vchunk" ref="n25" as="xces">
        <fs>
            <f name="voice" value="none"/>
            <f name="tense" value="none"/>
            <f name="type" value="MODAL"/>
        </fs>
    </a>
    <node xml:id="n26"/>
    <a label="vchunk" ref="n26" as="xces">
        <fs>
            <f name="voice" value="active"/>
            <f name="tense" value="Pre"/>
            <f name="type" value="PART"/>
        </fs>
    </a>
    <node xml:id="n27"/>
    <a label="vchunk" ref="n27" as="xces">
        <fs>
            <f name="voice" value="active"/>
            <f name="tense" value="Inf"/>
            <f name="type" value="NFVG"/>
        </fs>
    </a>
    <node xml:id="n28"/>
    <a label="vchunk" ref="n28" as="xces">
        <fs>
            <f name="voice" value="active"/>
            <f name="tense" value="Pre"/>
            <f name="type" value="PART"/>
        </fs>
    </a>
    <node xml:id="n29"/>
    <a label="vchunk" ref="n29" as="xces">
        <fs>
            <f name="voice" value="active"/>
            <f name="tense" value="SimPre"/>
            <f name="type" value="FVG"/>
        </fs>
    </a>
    <node xml:id="n3"/>
    <a label="vchunk" ref="n3" as="xces">
        <fs>
            <f name="voice" value="active"/>
            <f name="tense" value="SimPre"/>
            <f name="type" value="FVG"/>
        </fs>
    </a>
    <node xml:id="n30"/>
    <a label="vchunk" ref="n30" as="xces">
        <fs>
            <f name="voice" value="active"/>
            <f name="tense" value="SimPas"/>
            <f name="type" value="FVG"/>
        </fs>
    </a>
    <node xml:id="n31"/>
    <a label="vchunk" ref="n31" as="xces">
        <fs>
            <f name="voice" value="active"/>
            <f name="tense" value="SimPas"/>
            <f name="type" value="FVG"/>
        </fs>
    </a>
    <node xml:id="n32"/>
    <a label="vchunk" ref="n32" as="xces">
        <fs>
            <f name="voice" value="active"/>
            <f name="tense" value="SimPre"/>
            <f name="type" value="FVG"/>
        </fs>
    </a>
    <node xml:id="n33"/>
    <a label="vchunk" ref="n33" as="xces">
        <fs>
            <f name="voice" value="active"/>
            <f name="tense" value="SimPre"/>
            <f name="type" value="FVG"/>
        </fs>
    </a>
    <node xml:id="n34"/>
    <a label="vchunk" ref="n34" as="xces">
        <fs>
            <f name="voice" value="active"/>
            <f name="tense" value="SimPre"/>
            <f name="type" value="FVG"/>
        </fs>
    </a>
    <node xml:id="n35"/>
    <a label="vchunk" ref="n35" as="xces">
        <fs>
            <f name="voice" value="active"/>
            <f name="tense" value="SimPre"/>
            <f name="type" value="FVG"/>
        </fs>
    </a>
    <node xml:id="n36"/>
    <a label="vchunk" ref="n36" as="xces">
        <fs>
            <f name="voice" value="active"/>
            <f name="tense" value="SimPre"/>
            <f name="type" value="FVG"/>
        </fs>
    </a>
    <node xml:id="n37"/>
    <a label="vchunk" ref="n37" as="xces">
        <fs>
            <f name="voice" value="active"/>
            <f name="tense" value="SimPre"/>
            <f name="type" value="FVG"/>
        </fs>
    </a>
    <node xml:id="n38"/>
    <a label="vchunk" ref="n38" as="xces">
        <fs>
            <f name="voice" value="active"/>
            <f name="tense" value="SimPre"/>
            <f name="type" value="FVG"/>
        </fs>
    </a>
    <node xml:id="n39"/>
    <a label="vchunk" ref="n39" as="xces">
        <fs>
            <f name="voice" value="active"/>
            <f name="tense" value="SimPre"/>
            <f name="type" value="FVG"/>
        </fs>
    </a>
    <node xml:id="n4"/>
    <a label="vchunk" ref="n4" as="xces">
        <fs>
            <f name="voice" value="none"/>
            <f name="tense" value="Pre"/>
            <f name="type" value="SPECIAL"/>
        </fs>
    </a>
    <node xml:id="n40"/>
    <a label="vchunk" ref="n40" as="xces">
        <fs>
            <f name="voice" value="active"/>
            <f name="tense" value="SimPre"/>
            <f name="type" value="FVG"/>
        </fs>
    </a>
    <node xml:id="n41"/>
    <a label="vchunk" ref="n41" as="xces">
        <fs>
            <f name="voice" value="active"/>
            <f name="tense" value="SimPre"/>
            <f name="type" value="FVG"/>
        </fs>
    </a>
    <node xml:id="n42"/>
    <a label="vchunk" ref="n42" as="xces">
        <fs>
            <f name="voice" value="active"/>
            <f name="tense" value="SimPre"/>
            <f name="type" value="FVG"/>
        </fs>
    </a>
    <node xml:id="n43"/>
    <a label="vchunk" ref="n43" as="xces">
        <fs>
            <f name="voice" value="active"/>
            <f name="tense" value="SimPre"/>
            <f name="type" value="FVG"/>
        </fs>
    </a>
    <node xml:id="n44"/>
    <a label="vchunk" ref="n44" as="xces">
        <fs>
            <f name="voice" value="active"/>
            <f name="tense" value="SimPre"/>
            <f name="type" value="FVG"/>
        </fs>
    </a>
    <node xml:id="n45"/>
    <a label="vchunk" ref="n45" as="xces">
        <fs>
            <f name="voice" value="active"/>
            <f name="tense" value="SimPre"/>
            <f name="type" value="FVG"/>
        </fs>
    </a>
    <node xml:id="n46"/>
    <a label="vchunk" ref="n46" as="xces">
        <fs>
            <f name="voice" value="active"/>
            <f name="tense" value="SimPre"/>
            <f name="type" value="FVG"/>
        </fs>
    </a>
    <node xml:id="n47"/>
    <a label="vchunk" ref="n47" as="xces">
        <fs>
            <f name="voice" value="active"/>
            <f name="tense" value="Pre"/>
            <f name="type" value="PART"/>
        </fs>
    </a>
    <node xml:id="n48"/>
    <a label="vchunk" ref="n48" as="xces">
        <fs>
            <f name="voice" value="active"/>
            <f name="tense" value="SimPre"/>
            <f name="type" value="FVG"/>
        </fs>
    </a>
    <node xml:id="n49"/>
    <a label="vchunk" ref="n49" as="xces">
        <fs>
            <f name="voice" value="active"/>
            <f name="tense" value="SimPre"/>
            <f name="type" value="FVG"/>
        </fs>
    </a>
    <node xml:id="n5"/>
    <a label="vchunk" ref="n5" as="xces">
        <fs>
            <f name="voice" value="active"/>
            <f name="tense" value="Inf"/>
            <f name="type" value="NFVG"/>
        </fs>
    </a>
    <node xml:id="n50"/>
    <a label="vchunk" ref="n50" as="xces">
        <fs>
            <f name="voice" value="active"/>
            <f name="tense" value="SimPre"/>
            <f name="type" value="FVG"/>
        </fs>
    </a>
    <node xml:id="n51"/>
    <a label="vchunk" ref="n51" as="xces">
        <fs>
            <f name="voice" value="active"/>
            <f name="tense" value="SimPre"/>
            <f name="type" value="FVG"/>
        </fs>
    </a>
    <node xml:id="n52"/>
    <a label="vchunk" ref="n52" as="xces">
        <fs>
            <f name="voice" value="active"/>
            <f name="tense" value="Inf"/>
            <f name="type" value="NFVG"/>
        </fs>
    </a>
    <node xml:id="n53"/>
    <a label="vchunk" ref="n53" as="xces">
        <fs>
            <f name="voice" value="none"/>
            <f name="tense" value="none"/>
            <f name="type" value="MODAL"/>
        </fs>
    </a>
    <node xml:id="n54"/>
    <a label="vchunk" ref="n54" as="xces">
        <fs>
            <f name="voice" value="active"/>
            <f name="tense" value="SimPre"/>
            <f name="type" value="FVG"/>
        </fs>
    </a>
    <node xml:id="n55"/>
    <a label="vchunk" ref="n55" as="xces">
        <fs>
            <f name="voice" value="active"/>
            <f name="tense" value="SimPre"/>
            <f name="type" value="FVG"/>
        </fs>
    </a>
    <node xml:id="n56"/>
    <a label="vchunk" ref="n56" as="xces">
        <fs>
            <f name="voice" value="active"/>
            <f name="tense" value="SimPre"/>
            <f name="type" value="FVG"/>
        </fs>
    </a>
    <node xml:id="n57"/>
    <a label="vchunk" ref="n57" as="xces">
        <fs>
            <f name="voice" value="active"/>
            <f name="tense" value="SimPre"/>
            <f name="type" value="FVG"/>
        </fs>
    </a>
    <node xml:id="n58"/>
    <a label="vchunk" ref="n58" as="xces">
        <fs>
            <f name="voice" value="active"/>
            <f name="tense" value="SimPre"/>
            <f name="type" value="FVG"/>
        </fs>
    </a>
    <node xml:id="n59"/>
    <a label="vchunk" ref="n59" as="xces">
        <fs>
            <f name="voice" value="active"/>
            <f name="tense" value="SimPre"/>
            <f name="type" value="FVG"/>
        </fs>
    </a>
    <node xml:id="n6"/>
    <a label="vchunk" ref="n6" as="xces">
        <fs>
            <f name="voice" value="active"/>
            <f name="tense" value="SimFut"/>
            <f name="type" value="FVG"/>
        </fs>
    </a>
    <node xml:id="n60"/>
    <a label="vchunk" ref="n60" as="xces">
        <fs>
            <f name="voice" value="active"/>
            <f name="tense" value="SimPre"/>
            <f name="type" value="FVG"/>
        </fs>
    </a>
    <node xml:id="n61"/>
    <a label="vchunk" ref="n61" as="xces">
        <fs>
            <f name="voice" value="active"/>
            <f name="tense" value="SimPre"/>
            <f name="type" value="FVG"/>
        </fs>
    </a>
    <node xml:id="n62"/>
    <a label="vchunk" ref="n62" as="xces">
        <fs>
            <f name="voice" value="active"/>
            <f name="tense" value="SimPre"/>
            <f name="type" value="FVG"/>
        </fs>
    </a>
    <node xml:id="n63"/>
    <a label="vchunk" ref="n63" as="xces">
        <fs>
            <f name="voice" value="active"/>
            <f name="tense" value="Inf"/>
            <f name="type" value="NFVG"/>
        </fs>
    </a>
    <node xml:id="n64"/>
    <a label="vchunk" ref="n64" as="xces">
        <fs>
            <f name="voice" value="active"/>
            <f name="tense" value="SimPas"/>
            <f name="type" value="FVG"/>
        </fs>
    </a>
    <node xml:id="n65"/>
    <a label="vchunk" ref="n65" as="xces">
        <fs>
            <f name="voice" value="active"/>
            <f name="tense" value="Pre"/>
            <f name="type" value="PART"/>
        </fs>
    </a>
    <node xml:id="n66"/>
    <a label="vchunk" ref="n66" as="xces">
        <fs>
            <f name="voice" value="active"/>
            <f name="tense" value="SimPre"/>
            <f name="type" value="FVG"/>
        </fs>
    </a>
    <node xml:id="n67"/>
    <a label="vchunk" ref="n67" as="xces">
        <fs>
            <f name="voice" value="active"/>
            <f name="tense" value="SimPre"/>
            <f name="type" value="FVG"/>
        </fs>
    </a>
    <node xml:id="n68"/>
    <a label="vchunk" ref="n68" as="xces">
        <fs>
            <f name="voice" value="active"/>
            <f name="tense" value="SimPre"/>
            <f name="type" value="FVG"/>
        </fs>
    </a>
    <node xml:id="n69"/>
    <a label="vchunk" ref="n69" as="xces">
        <fs>
            <f name="voice" value="active"/>
            <f name="tense" value="Pre"/>
            <f name="type" value="FVG"/>
        </fs>
    </a>
    <node xml:id="n7"/>
    <a label="vchunk" ref="n7" as="xces">
        <fs>
            <f name="voice" value="active"/>
            <f name="tense" value="SimPre"/>
            <f name="type" value="FVG"/>
        </fs>
    </a>
    <node xml:id="n70"/>
    <a label="vchunk" ref="n70" as="xces">
        <fs>
            <f name="voice" value="active"/>
            <f name="tense" value="Inf"/>
            <f name="type" value="NFVG"/>
        </fs>
    </a>
    <node xml:id="n71"/>
    <a label="vchunk" ref="n71" as="xces">
        <fs>
            <f name="voice" value="active"/>
            <f name="tense" value="SimPre"/>
            <f name="type" value="FVG"/>
        </fs>
    </a>
    <node xml:id="n72"/>
    <a label="vchunk" ref="n72" as="xces">
        <fs>
            <f name="voice" value="none"/>
            <f name="tense" value="none"/>
            <f name="type" value="MODAL"/>
        </fs>
    </a>
    <node xml:id="n73"/>
    <a label="vchunk" ref="n73" as="xces">
        <fs>
            <f name="voice" value="active"/>
            <f name="tense" value="SimPre"/>
            <f name="type" value="FVG"/>
        </fs>
    </a>
    <node xml:id="n74"/>
    <a label="vchunk" ref="n74" as="xces">
        <fs>
            <f name="voice" value="active"/>
            <f name="tense" value="PreCon"/>
            <f name="type" value="FVG"/>
        </fs>
    </a>
    <node xml:id="n75"/>
    <a label="vchunk" ref="n75" as="xces">
        <fs>
            <f name="voice" value="none"/>
            <f name="tense" value="none"/>
            <f name="type" value="MODAL"/>
        </fs>
    </a>
    <node xml:id="n76"/>
    <a label="vchunk" ref="n76" as="xces">
        <fs>
            <f name="voice" value="active"/>
            <f name="tense" value="SimPre"/>
            <f name="type" value="FVG"/>
        </fs>
    </a>
    <node xml:id="n77"/>
    <a label="vchunk" ref="n77" as="xces">
        <fs>
            <f name="voice" value="active"/>
            <f name="tense" value="SimPre"/>
            <f name="type" value="FVG"/>
        </fs>
    </a>
    <node xml:id="n78"/>
    <a label="vchunk" ref="n78" as="xces">
        <fs>
            <f name="voice" value="none"/>
            <f name="tense" value="none"/>
            <f name="type" value="MODAL"/>
        </fs>
    </a>
    <node xml:id="n79"/>
    <a label="vchunk" ref="n79" as="xces">
        <fs>
            <f name="voice" value="none"/>
            <f name="tense" value="none"/>
            <f name="type" value="MODAL"/>
        </fs>
    </a>
    <node xml:id="n8"/>
    <a label="vchunk" ref="n8" as="xces">
        <fs>
            <f name="voice" value="active"/>
            <f name="tense" value="SimPre"/>
            <f name="type" value="FVG"/>
        </fs>
    </a>
    <node xml:id="n80"/>
    <a label="vchunk" ref="n80" as="xces">
        <fs>
            <f name="voice" value="active"/>
            <f name="tense" value="SimPre"/>
            <f name="type" value="FVG"/>
        </fs>
    </a>
    <node xml:id="n81"/>
    <a label="vchunk" ref="n81" as="xces">
        <fs>
            <f name="voice" value="active"/>
            <f name="tense" value="Inf"/>
            <f name="type" value="NFVG"/>
        </fs>
    </a>
    <node xml:id="n82"/>
    <a label="vchunk" ref="n82" as="xces">
        <fs>
            <f name="voice" value="active"/>
            <f name="tense" value="SimPre"/>
            <f name="type" value="FVG"/>
        </fs>
    </a>
    <node xml:id="n83"/>
    <a label="vchunk" ref="n83" as="xces">
        <fs>
            <f name="voice" value="active"/>
            <f name="tense" value="SimPre"/>
            <f name="type" value="FVG"/>
        </fs>
    </a>
    <node xml:id="n84"/>
    <a label="vchunk" ref="n84" as="xces">
        <fs>
            <f name="voice" value="active"/>
            <f name="tense" value="SimPre"/>
            <f name="type" value="FVG"/>
        </fs>
    </a>
    <node xml:id="n85"/>
    <a label="vchunk" ref="n85" as="xces">
        <fs>
            <f name="voice" value="active"/>
            <f name="tense" value="SimPre"/>
            <f name="type" value="FVG"/>
        </fs>
    </a>
    <node xml:id="n86"/>
    <a label="vchunk" ref="n86" as="xces">
        <fs>
            <f name="voice" value="active"/>
            <f name="tense" value="Inf"/>
            <f name="type" value="NFVG"/>
        </fs>
    </a>
    <node xml:id="n87"/>
    <a label="vchunk" ref="n87" as="xces">
        <fs>
            <f name="voice" value="active"/>
            <f name="tense" value="SimPre"/>
            <f name="type" value="FVG"/>
        </fs>
    </a>
    <node xml:id="n88"/>
    <a label="vchunk" ref="n88" as="xces">
        <fs>
            <f name="voice" value="active"/>
            <f name="tense" value="SimPre"/>
            <f name="type" value="FVG"/>
        </fs>
    </a>
    <node xml:id="n89"/>
    <a label="vchunk" ref="n89" as="xces">
        <fs>
            <f name="voice" value="active"/>
            <f name="tense" value="SimPre"/>
            <f name="type" value="FVG"/>
        </fs>
    </a>
    <node xml:id="n9"/>
    <a label="vchunk" ref="n9" as="xces">
        <fs>
            <f name="voice" value="active"/>
            <f name="tense" value="SimPre"/>
            <f name="type" value="FVG"/>
        </fs>
    </a>
    <node xml:id="n90"/>
    <a label="vchunk" ref="n90" as="xces">
        <fs>
            <f name="voice" value="none"/>
            <f name="tense" value="BeVBN"/>
            <f name="type" value="MODAL"/>
        </fs>
    </a>
    <node xml:id="n91"/>
    <a label="vchunk" ref="n91" as="xces">
        <fs>
            <f name="voice" value="active"/>
            <f name="tense" value="Inf"/>
            <f name="type" value="NFVG"/>
        </fs>
    </a>
    <node xml:id="n92"/>
    <a label="vchunk" ref="n92" as="xces">
        <fs>
            <f name="voice" value="active"/>
            <f name="tense" value="SimPre"/>
            <f name="type" value="FVG"/>
        </fs>
    </a>
    <node xml:id="n93"/>
    <a label="vchunk" ref="n93" as="xces">
        <fs>
            <f name="voice" value="active"/>
            <f name="tense" value="Inf"/>
            <f name="type" value="NFVG"/>
        </fs>
    </a>
    <node xml:id="n94"/>
    <a label="vchunk" ref="n94" as="xces">
        <fs>
            <f name="voice" value="active"/>
            <f name="tense" value="SimPre"/>
            <f name="type" value="FVG"/>
        </fs>
    </a>
    <node xml:id="n95"/>
    <a label="vchunk" ref="n95" as="xces">
        <fs>
            <f name="voice" value="active"/>
            <f name="tense" value="SimPre"/>
            <f name="type" value="FVG"/>
        </fs>
    </a>
    <node xml:id="n96"/>
    <a label="vchunk" ref="n96" as="xces">
        <fs>
            <f name="voice" value="active"/>
            <f name="tense" value="SimPre"/>
            <f name="type" value="FVG"/>
        </fs>
    </a>
    <node xml:id="n97"/>
    <a label="vchunk" ref="n97" as="xces">
        <fs>
            <f name="voice" value="active"/>
            <f name="tense" value="SimPas"/>
            <f name="type" value="FVG"/>
        </fs>
    </a>
    <node xml:id="n98"/>
    <a label="vchunk" ref="n98" as="xces">
        <fs>
            <f name="voice" value="active"/>
            <f name="tense" value="SimPas"/>
            <f name="type" value="FVG"/>
        </fs>
    </a>
    <node xml:id="n99"/>
    <a label="vchunk" ref="n99" as="xces">
        <fs>
            <f name="voice" value="active"/>
            <f name="tense" value="SimPas"/>
            <f name="type" value="FVG"/>
        </fs>
    </a>
    <edge xml:id="lnk340" from="n99" to="penn-n591"/>
    <edge xml:id="lnk339" from="n98" to="penn-n587"/>
    <edge xml:id="lnk338" from="n97" to="penn-n583"/>
    <edge xml:id="lnk337" from="n96" to="penn-n564"/>
    <edge xml:id="lnk336" from="n95" to="penn-n555"/>
    <edge xml:id="lnk335" from="n94" to="penn-n549"/>
    <edge xml:id="lnk334" from="n93" to="penn-n545"/>
    <edge xml:id="lnk333" from="n93" to="penn-n544"/>
    <edge xml:id="lnk332" from="n92" to="penn-n541"/>
    <edge xml:id="lnk331" from="n91" to="penn-n525"/>
    <edge xml:id="lnk299" from="n72" to="penn-n397"/>
    <edge xml:id="lnk330" from="n91" to="penn-n524"/>
    <edge xml:id="lnk298" from="n71" to="penn-n390"/>
    <edge xml:id="lnk297" from="n70" to="penn-n387"/>
    <edge xml:id="lnk296" from="n70" to="penn-n386"/>
    <edge xml:id="lnk295" from="n7" to="penn-n33"/>
    <edge xml:id="lnk294" from="n69" to="penn-n380"/>
    <edge xml:id="lnk293" from="n68" to="penn-n378"/>
    <edge xml:id="lnk292" from="n67" to="penn-n376"/>
    <edge xml:id="lnk291" from="n66" to="penn-n372"/>
    <edge xml:id="lnk290" from="n65" to="penn-n363"/>
    <edge xml:id="lnk329" from="n91" to="penn-n523"/>
    <edge xml:id="lnk328" from="n91" to="penn-n522"/>
    <edge xml:id="lnk327" from="n90" to="penn-n520"/>
    <edge xml:id="lnk326" from="n90" to="penn-n519"/>
    <edge xml:id="lnk325" from="n90" to="penn-n518"/>
    <edge xml:id="lnk324" from="n90" to="penn-n517"/>
    <edge xml:id="lnk323" from="n9" to="penn-n43"/>
    <edge xml:id="lnk322" from="n89" to="penn-n506"/>
    <edge xml:id="lnk321" from="n88" to="penn-n502"/>
    <edge xml:id="lnk289" from="n64" to="penn-n362"/>
    <edge xml:id="lnk320" from="n87" to="penn-n495"/>
    <edge xml:id="lnk288" from="n63" to="penn-n360"/>
    <edge xml:id="lnk287" from="n62" to="penn-n352"/>
    <edge xml:id="lnk286" from="n62" to="penn-n351"/>
    <edge xml:id="lnk285" from="n61" to="penn-n344"/>
    <edge xml:id="lnk284" from="n60" to="penn-n341"/>
    <edge xml:id="lnk283" from="n6" to="penn-n30"/>
    <edge xml:id="lnk282" from="n6" to="penn-n29"/>
    <edge xml:id="lnk281" from="n59" to="penn-n335"/>
    <edge xml:id="lnk280" from="n58" to="penn-n328"/>
    <edge xml:id="lnk319" from="n86" to="penn-n492"/>
    <edge xml:id="lnk318" from="n85" to="penn-n484"/>
    <edge xml:id="lnk317" from="n84" to="penn-n475"/>
    <edge xml:id="lnk316" from="n83" to="penn-n467"/>
    <edge xml:id="lnk315" from="n83" to="penn-n466"/>
    <edge xml:id="lnk314" from="n82" to="penn-n456"/>
    <edge xml:id="lnk313" from="n81" to="penn-n454"/>
    <edge xml:id="lnk312" from="n80" to="penn-n441"/>
    <edge xml:id="lnk311" from="n8" to="penn-n38"/>
    <edge xml:id="lnk279" from="n57" to="penn-n326"/>
    <edge xml:id="lnk310" from="n79" to="penn-n438"/>
    <edge xml:id="lnk278" from="n56" to="penn-n322"/>
    <edge xml:id="lnk277" from="n55" to="penn-n318"/>
    <edge xml:id="lnk276" from="n54" to="penn-n307"/>
    <edge xml:id="lnk275" from="n53" to="penn-n303"/>
    <edge xml:id="lnk274" from="n53" to="penn-n302"/>
    <edge xml:id="lnk273" from="n52" to="penn-n300"/>
    <edge xml:id="lnk272" from="n52" to="penn-n299"/>
    <edge xml:id="lnk271" from="n51" to="penn-n296"/>
    <edge xml:id="lnk270" from="n50" to="penn-n294"/>
    <edge xml:id="lnk309" from="n79" to="penn-n437"/>
    <edge xml:id="lnk308" from="n78" to="penn-n435"/>
    <edge xml:id="lnk307" from="n77" to="penn-n429"/>
    <edge xml:id="lnk306" from="n76" to="penn-n426"/>
    <edge xml:id="lnk305" from="n75" to="penn-n415"/>
    <edge xml:id="lnk304" from="n75" to="penn-n414"/>
    <edge xml:id="lnk303" from="n74" to="penn-n408"/>
    <edge xml:id="lnk302" from="n74" to="penn-n407"/>
    <edge xml:id="lnk301" from="n73" to="penn-n402"/>
    <edge xml:id="lnk269" from="n5" to="penn-n25"/>
    <edge xml:id="lnk300" from="n72" to="penn-n398"/>
    <edge xml:id="lnk268" from="n49" to="penn-n285"/>
    <edge xml:id="lnk267" from="n48" to="penn-n280"/>
    <edge xml:id="lnk266" from="n47" to="penn-n276"/>
    <edge xml:id="lnk265" from="n47" to="penn-n275"/>
    <edge xml:id="lnk264" from="n46" to="penn-n270"/>
    <edge xml:id="lnk263" from="n45" to="penn-n261"/>
    <edge xml:id="lnk262" from="n44" to="penn-n257"/>
    <edge xml:id="lnk261" from="n43" to="penn-n255"/>
    <edge xml:id="lnk260" from="n42" to="penn-n247"/>
    <edge xml:id="lnk259" from="n41" to="penn-n239"/>
    <edge xml:id="lnk258" from="n40" to="penn-n237"/>
    <edge xml:id="lnk257" from="n4" to="penn-n22"/>
    <edge xml:id="lnk256" from="n4" to="penn-n21"/>
    <edge xml:id="lnk255" from="n4" to="penn-n20"/>
    <edge xml:id="lnk254" from="n4" to="penn-n19"/>
    <edge xml:id="lnk253" from="n39" to="penn-n233"/>
    <edge xml:id="lnk252" from="n38" to="penn-n230"/>
    <edge xml:id="lnk251" from="n37" to="penn-n227"/>
    <edge xml:id="lnk250" from="n36" to="penn-n222"/>
    <edge xml:id="lnk249" from="n35" to="penn-n215"/>
    <edge xml:id="lnk248" from="n34" to="penn-n211"/>
    <edge xml:id="lnk247" from="n34" to="penn-n210"/>
    <edge xml:id="lnk246" from="n33" to="penn-n205"/>
    <edge xml:id="lnk245" from="n32" to="penn-n202"/>
    <edge xml:id="lnk244" from="n31" to="penn-n193"/>
    <edge xml:id="lnk243" from="n30" to="penn-n185"/>
    <edge xml:id="lnk242" from="n3" to="penn-n16"/>
    <edge xml:id="lnk241" from="n29" to="penn-n180"/>
    <edge xml:id="lnk240" from="n28" to="penn-n171"/>
    <edge xml:id="lnk239" from="n27" to="penn-n163"/>
    <edge xml:id="lnk238" from="n26" to="penn-n160"/>
    <edge xml:id="lnk99" from="n164" to="penn-n995"/>
    <edge xml:id="lnk237" from="n25" to="penn-n159"/>
    <edge xml:id="lnk98" from="n163" to="penn-n990"/>
    <edge xml:id="lnk236" from="n25" to="penn-n158"/>
    <edge xml:id="lnk97" from="n163" to="penn-n989"/>
    <edge xml:id="lnk235" from="n243" to="penn-n1440"/>
    <edge xml:id="lnk96" from="n162" to="penn-n980"/>
    <edge xml:id="lnk234" from="n242" to="penn-n1438"/>
    <edge xml:id="lnk95" from="n161" to="penn-n977"/>
    <edge xml:id="lnk233" from="n241" to="penn-n1436"/>
    <edge xml:id="lnk94" from="n160" to="penn-n965"/>
    <edge xml:id="lnk232" from="n241" to="penn-n1435"/>
    <edge xml:id="lnk93" from="n16" to="penn-n91"/>
    <edge xml:id="lnk199" from="n217" to="penn-n1305"/>
    <edge xml:id="lnk231" from="n240" to="penn-n1427"/>
    <edge xml:id="lnk92" from="n159" to="penn-n964"/>
    <edge xml:id="lnk198" from="n217" to="penn-n1304"/>
    <edge xml:id="lnk230" from="n24" to="penn-n144"/>
    <edge xml:id="lnk91" from="n158" to="penn-n960"/>
    <edge xml:id="lnk197" from="n217" to="penn-n1303"/>
    <edge xml:id="lnk90" from="n158" to="penn-n959"/>
    <edge xml:id="lnk196" from="n217" to="penn-n1302"/>
    <edge xml:id="lnk195" from="n216" to="penn-n1296"/>
    <edge xml:id="lnk194" from="n216" to="penn-n1295"/>
    <edge xml:id="lnk193" from="n215" to="penn-n1288"/>
    <edge xml:id="lnk192" from="n214" to="penn-n1285"/>
    <edge xml:id="lnk191" from="n214" to="penn-n1284"/>
    <edge xml:id="lnk190" from="n213" to="penn-n1282"/>
    <edge xml:id="lnk229" from="n24" to="penn-n143"/>
    <edge xml:id="lnk228" from="n239" to="penn-n1420"/>
    <edge xml:id="lnk89" from="n157" to="penn-n955"/>
    <edge xml:id="lnk227" from="n239" to="penn-n1419"/>
    <edge xml:id="lnk88" from="n156" to="penn-n950"/>
    <edge xml:id="lnk226" from="n238" to="penn-n1416"/>
    <edge xml:id="lnk87" from="n156" to="penn-n949"/>
    <edge xml:id="lnk225" from="n237" to="penn-n1410"/>
    <edge xml:id="lnk86" from="n155" to="penn-n942"/>
    <edge xml:id="lnk224" from="n237" to="penn-n1409"/>
    <edge xml:id="lnk85" from="n155" to="penn-n941"/>
    <edge xml:id="lnk223" from="n236" to="penn-n1402"/>
    <edge xml:id="lnk84" from="n155" to="penn-n940"/>
    <edge xml:id="lnk222" from="n236" to="penn-n1401"/>
    <edge xml:id="lnk83" from="n154" to="penn-n935"/>
    <edge xml:id="lnk189" from="n213" to="penn-n1281"/>
    <edge xml:id="lnk221" from="n235" to="penn-n1392"/>
    <edge xml:id="lnk82" from="n154" to="penn-n934"/>
    <edge xml:id="lnk188" from="n212" to="penn-n1276"/>
    <edge xml:id="lnk220" from="n234" to="penn-n1390"/>
    <edge xml:id="lnk81" from="n153" to="penn-n932"/>
    <edge xml:id="lnk187" from="n212" to="penn-n1275"/>
    <edge xml:id="lnk80" from="n152" to="penn-n930"/>
    <edge xml:id="lnk186" from="n212" to="penn-n1274"/>
    <edge xml:id="lnk185" from="n211" to="penn-n1272"/>
    <edge xml:id="lnk184" from="n211" to="penn-n1271"/>
    <edge xml:id="lnk183" from="n210" to="penn-n1266"/>
    <edge xml:id="lnk182" from="n210" to="penn-n1265"/>
    <edge xml:id="lnk181" from="n210" to="penn-n1264"/>
    <edge xml:id="lnk180" from="n21" to="penn-n123"/>
    <edge xml:id="lnk219" from="n233" to="penn-n1387"/>
    <edge xml:id="lnk218" from="n232" to="penn-n1384"/>
    <edge xml:id="lnk79" from="n152" to="penn-n929"/>
    <edge xml:id="lnk217" from="n231" to="penn-n1380"/>
    <edge xml:id="lnk78" from="n151" to="penn-n924"/>
    <edge xml:id="lnk216" from="n230" to="penn-n1374"/>
    <edge xml:id="lnk77" from="n151" to="penn-n923"/>
    <edge xml:id="lnk215" from="n23" to="penn-n128"/>
    <edge xml:id="lnk76" from="n150" to="penn-n920"/>
    <edge xml:id="lnk214" from="n229" to="penn-n1369"/>
    <edge xml:id="lnk75" from="n15" to="penn-n88"/>
    <edge xml:id="lnk213" from="n228" to="penn-n1363"/>
    <edge xml:id="lnk74" from="n149" to="penn-n919"/>
    <edge xml:id="lnk212" from="n227" to="penn-n1353"/>
    <edge xml:id="lnk73" from="n148" to="penn-n914"/>
    <edge xml:id="lnk179" from="n209" to="penn-n1256"/>
    <edge xml:id="lnk211" from="n226" to="penn-n1350"/>
    <edge xml:id="lnk72" from="n147" to="penn-n903"/>
    <edge xml:id="lnk178" from="n208" to="penn-n1249"/>
    <edge xml:id="lnk210" from="n225" to="penn-n1346"/>
    <edge xml:id="lnk71" from="n146" to="penn-n896"/>
    <edge xml:id="lnk177" from="n208" to="penn-n1248"/>
    <edge xml:id="lnk70" from="n145" to="penn-n890"/>
    <edge xml:id="lnk176" from="n208" to="penn-n1247"/>
    <edge xml:id="lnk175" from="n207" to="penn-n1243"/>
    <edge xml:id="lnk174" from="n206" to="penn-n1233"/>
    <edge xml:id="lnk173" from="n206" to="penn-n1232"/>
    <edge xml:id="lnk172" from="n205" to="penn-n1225"/>
    <edge xml:id="lnk171" from="n204" to="penn-n1223"/>
    <edge xml:id="lnk170" from="n203" to="penn-n1221"/>
    <edge xml:id="lnk209" from="n224" to="penn-n1343"/>
    <edge xml:id="lnk208" from="n223" to="penn-n1340"/>
    <edge xml:id="lnk69" from="n144" to="penn-n879"/>
    <edge xml:id="lnk207" from="n222" to="penn-n1335"/>
    <edge xml:id="lnk68" from="n143" to="penn-n870"/>
    <edge xml:id="lnk206" from="n221" to="penn-n1334"/>
    <edge xml:id="lnk67" from="n142" to="penn-n865"/>
    <edge xml:id="lnk205" from="n220" to="penn-n1325"/>
    <edge xml:id="lnk66" from="n142" to="penn-n864"/>
    <edge xml:id="lnk204" from="n220" to="penn-n1324"/>
    <edge xml:id="lnk65" from="n142" to="penn-n863"/>
    <edge xml:id="lnk203" from="n22" to="penn-n126"/>
    <edge xml:id="lnk64" from="n141" to="penn-n861"/>
    <edge xml:id="lnk202" from="n219" to="penn-n1318"/>
    <edge xml:id="lnk63" from="n140" to="penn-n857"/>
    <edge xml:id="lnk169" from="n202" to="penn-n1211"/>
    <edge xml:id="lnk201" from="n218" to="penn-n1313"/>
    <edge xml:id="lnk62" from="n14" to="penn-n80"/>
    <edge xml:id="lnk168" from="n202" to="penn-n1210"/>
    <edge xml:id="lnk200" from="n218" to="penn-n1312"/>
    <edge xml:id="lnk61" from="n139" to="penn-n852"/>
    <edge xml:id="lnk167" from="n201" to="penn-n1207"/>
    <edge xml:id="lnk60" from="n138" to="penn-n847"/>
    <edge xml:id="lnk166" from="n201" to="penn-n1206"/>
    <edge xml:id="lnk165" from="n200" to="penn-n1198"/>
    <edge xml:id="lnk164" from="n200" to="penn-n1197"/>
    <edge xml:id="lnk163" from="n200" to="penn-n1196"/>
    <edge xml:id="lnk162" from="n200" to="penn-n1195"/>
    <edge xml:id="lnk161" from="n20" to="penn-n113"/>
    <edge xml:id="lnk160" from="n2" to="penn-n14"/>
    <edge xml:id="lnk59" from="n138" to="penn-n846"/>
    <edge xml:id="lnk58" from="n138" to="penn-n845"/>
    <edge xml:id="lnk57" from="n138" to="penn-n844"/>
    <edge xml:id="lnk56" from="n137" to="penn-n826"/>
    <edge xml:id="lnk55" from="n137" to="penn-n825"/>
    <edge xml:id="lnk54" from="n136" to="penn-n823"/>
    <edge xml:id="lnk53" from="n135" to="penn-n817"/>
    <edge xml:id="lnk159" from="n199" to="penn-n1193"/>
    <edge xml:id="lnk52" from="n134" to="penn-n811"/>
    <edge xml:id="lnk158" from="n198" to="penn-n1191"/>
    <edge xml:id="lnk51" from="n133" to="penn-n808"/>
    <edge xml:id="lnk157" from="n197" to="penn-n1186"/>
    <edge xml:id="lnk50" from="n132" to="penn-n803"/>
    <edge xml:id="lnk156" from="n196" to="penn-n1173"/>
    <edge xml:id="lnk155" from="n196" to="penn-n1172"/>
    <edge xml:id="lnk154" from="n196" to="penn-n1171"/>
    <edge xml:id="lnk153" from="n195" to="penn-n1168"/>
    <edge xml:id="lnk152" from="n194" to="penn-n1165"/>
    <edge xml:id="lnk151" from="n194" to="penn-n1164"/>
    <edge xml:id="lnk150" from="n193" to="penn-n1155"/>
    <edge xml:id="lnk49" from="n131" to="penn-n793"/>
    <edge xml:id="lnk48" from="n130" to="penn-n786"/>
    <edge xml:id="lnk47" from="n13" to="penn-n76"/>
    <edge xml:id="lnk46" from="n129" to="penn-n780"/>
    <edge xml:id="lnk45" from="n128" to="penn-n775"/>
    <edge xml:id="lnk44" from="n127" to="penn-n769"/>
    <edge xml:id="lnk43" from="n126" to="penn-n760"/>
    <edge xml:id="lnk149" from="n192" to="penn-n1150"/>
    <edge xml:id="lnk42" from="n125" to="penn-n758"/>
    <edge xml:id="lnk148" from="n191" to="penn-n1144"/>
    <edge xml:id="lnk41" from="n125" to="penn-n757"/>
    <edge xml:id="lnk147" from="n190" to="penn-n1136"/>
    <edge xml:id="lnk40" from="n125" to="penn-n756"/>
    <edge xml:id="lnk146" from="n19" to="penn-n108"/>
    <edge xml:id="lnk145" from="n19" to="penn-n107"/>
    <edge xml:id="lnk144" from="n19" to="penn-n106"/>
    <edge xml:id="lnk143" from="n189" to="penn-n1134"/>
    <edge xml:id="lnk142" from="n188" to="penn-n1126"/>
    <edge xml:id="lnk141" from="n188" to="penn-n1125"/>
    <edge xml:id="lnk140" from="n187" to="penn-n1117"/>
    <edge xml:id="lnk39" from="n124" to="penn-n753"/>
    <edge xml:id="lnk38" from="n124" to="penn-n752"/>
    <edge xml:id="lnk37" from="n124" to="penn-n751"/>
    <edge xml:id="lnk36" from="n123" to="penn-n744"/>
    <edge xml:id="lnk35" from="n122" to="penn-n737"/>
    <edge xml:id="lnk34" from="n121" to="penn-n733"/>
    <edge xml:id="lnk33" from="n121" to="penn-n732"/>
    <edge xml:id="lnk139" from="n186" to="penn-n1112"/>
    <edge xml:id="lnk32" from="n121" to="penn-n731"/>
    <edge xml:id="lnk138" from="n185" to="penn-n1110"/>
    <edge xml:id="lnk31" from="n120" to="penn-n728"/>
    <edge xml:id="lnk137" from="n184" to="penn-n1099"/>
    <edge xml:id="lnk30" from="n12" to="penn-n63"/>
    <edge xml:id="lnk136" from="n184" to="penn-n1098"/>
    <edge xml:id="lnk135" from="n183" to="penn-n1094"/>
    <edge xml:id="lnk134" from="n183" to="penn-n1093"/>
    <edge xml:id="lnk133" from="n183" to="penn-n1092"/>
    <edge xml:id="lnk132" from="n182" to="penn-n1089"/>
    <edge xml:id="lnk131" from="n181" to="penn-n1084"/>
    <edge xml:id="lnk130" from="n181" to="penn-n1083"/>
    <edge xml:id="lnk29" from="n12" to="penn-n62"/>
    <edge xml:id="lnk28" from="n119" to="penn-n722"/>
    <edge xml:id="lnk27" from="n118" to="penn-n720"/>
    <edge xml:id="lnk26" from="n117" to="penn-n717"/>
    <edge xml:id="lnk25" from="n116" to="penn-n707"/>
    <edge xml:id="lnk24" from="n115" to="penn-n698"/>
    <edge xml:id="lnk23" from="n114" to="penn-n692"/>
    <edge xml:id="lnk129" from="n181" to="penn-n1082"/>
    <edge xml:id="lnk22" from="n114" to="penn-n691"/>
    <edge xml:id="lnk128" from="n181" to="penn-n1081"/>
    <edge xml:id="lnk21" from="n113" to="penn-n690"/>
    <edge xml:id="lnk127" from="n180" to="penn-n1077"/>
    <edge xml:id="lnk20" from="n112" to="penn-n685"/>
    <edge xml:id="lnk126" from="n180" to="penn-n1076"/>
    <edge xml:id="lnk125" from="n180" to="penn-n1075"/>
    <edge xml:id="lnk124" from="n180" to="penn-n1074"/>
    <edge xml:id="lnk123" from="n18" to="penn-n96"/>
    <edge xml:id="lnk122" from="n179" to="penn-n1073"/>
    <edge xml:id="lnk121" from="n178" to="penn-n1068"/>
    <edge xml:id="lnk120" from="n178" to="penn-n1067"/>
    <edge xml:id="lnk19" from="n111" to="penn-n664"/>
    <edge xml:id="lnk18" from="n110" to="penn-n661"/>
    <edge xml:id="lnk17" from="n11" to="penn-n55"/>
    <edge xml:id="lnk16" from="n11" to="penn-n54"/>
    <edge xml:id="lnk15" from="n109" to="penn-n657"/>
    <edge xml:id="lnk14" from="n108" to="penn-n649"/>
    <edge xml:id="lnk13" from="n107" to="penn-n646"/>
    <edge xml:id="lnk119" from="n177" to="penn-n1059"/>
    <edge xml:id="lnk12" from="n106" to="penn-n644"/>
    <edge xml:id="lnk118" from="n176" to="penn-n1053"/>
    <edge xml:id="lnk11" from="n105" to="penn-n633"/>
    <edge xml:id="lnk117" from="n175" to="penn-n1051"/>
    <edge xml:id="lnk10" from="n104" to="penn-n629"/>
    <edge xml:id="lnk116" from="n174" to="penn-n1043"/>
    <edge xml:id="lnk115" from="n174" to="penn-n1042"/>
    <edge xml:id="lnk114" from="n173" to="penn-n1037"/>
    <edge xml:id="lnk113" from="n172" to="penn-n1034"/>
    <edge xml:id="lnk112" from="n171" to="penn-n1031"/>
    <edge xml:id="lnk111" from="n171" to="penn-n1030"/>
    <edge xml:id="lnk110" from="n171" to="penn-n1029"/>
    <edge xml:id="lnk9" from="n103" to="penn-n625"/>
    <edge xml:id="lnk8" from="n103" to="penn-n624"/>
    <edge xml:id="lnk7" from="n103" to="penn-n623"/>
    <edge xml:id="lnk6" from="n102" to="penn-n616"/>
    <edge xml:id="lnk5" from="n101" to="penn-n606"/>
    <edge xml:id="lnk4" from="n100" to="penn-n595"/>
    <edge xml:id="lnk3" from="n10" to="penn-n45"/>
    <edge xml:id="lnk109" from="n170" to="penn-n1023"/>
    <edge xml:id="lnk2" from="n10" to="penn-n44"/>
    <edge xml:id="lnk108" from="n17" to="penn-n93"/>
    <edge xml:id="lnk1" from="n1" to="penn-n6"/>
    <edge xml:id="lnk107" from="n17" to="penn-n92"/>
    <edge xml:id="lnk0" from="n0" to="penn-n4"/>
    <edge xml:id="lnk106" from="n169" to="penn-n1021"/>
    <edge xml:id="lnk105" from="n168" to="penn-n1018"/>
    <edge xml:id="lnk104" from="n168" to="penn-n1017"/>
    <edge xml:id="lnk103" from="n167" to="penn-n1015"/>
    <edge xml:id="lnk102" from="n166" to="penn-n1007"/>
    <edge xml:id="lnk101" from="n165" to="penn-n1005"/>
    <edge xml:id="lnk100" from="n164" to="penn-n996"/>
</graph>
