<?xml version="1.0" encoding="UTF-8"?>
<graph xmlns="http://www.xces.org/ns/GrAF/1.0/">
    <header>
        <tagsDecl>
            <tagUsage gi="body" occurs="1"/>
            <tagUsage gi="turn" occurs="37"/>
            <tagUsage gi="u" occurs="56"/>
            <tagUsage gi="cesDoc" occurs="1"/>
        </tagsDecl>
        <annotationSets>
            <annotationSet name="xces" type="http://www.xces.org/schema/2003"/>
        </annotationSets>
    </header>
    <region xml:id="r0" anchors="0 4130"/>
    <node xml:id="n0">
        <link targets="r0"/>
    </node>
    <a label="cesDoc" ref="n0" as="xces">
        <fs>
            <f name="xmlns:xlink" value="http://www.w3.org/1999/xlink"/>
            <f name="xmlns:xsi" value="http://www.w3.org/2001/XMLSchema-instance"/>
            <f name="version" value="1.0"/>
            <f name="xmlns" value="http://www.xces.org/schema/2003"/>
        </fs>
    </a>
    <region xml:id="r1" anchors="10 4127"/>
    <node xml:id="n1">
        <link targets="r1"/>
    </node>
    <a label="body" ref="n1" as="xces"/>
    <region xml:id="r2" anchors="13 22"/>
    <node xml:id="n2">
        <link targets="r2"/>
    </node>
    <a label="turn" ref="n2" as="xces">
        <fs>
            <f name="who" value="A"/>
            <f name="id" value="t1"/>
        </fs>
    </a>
    <region xml:id="r3" anchors="17 19"/>
    <node xml:id="n3">
        <link targets="r3"/>
    </node>
    <a label="u" ref="n3" as="xces">
        <fs>
            <f name="id" value="sw2014A-0001"/>
            <f name="end" value="1.434875"/>
            <f name="start" value="0.000000"/>
        </fs>
    </a>
    <region xml:id="r4" anchors="25 34"/>
    <node xml:id="n4">
        <link targets="r4"/>
    </node>
    <a label="turn" ref="n4" as="xces">
        <fs>
            <f name="who" value="B"/>
            <f name="id" value="t2"/>
        </fs>
    </a>
    <region xml:id="r5" anchors="29 31"/>
    <node xml:id="n5">
        <link targets="r5"/>
    </node>
    <a label="u" ref="n5" as="xces">
        <fs>
            <f name="id" value="sw2014B-0001"/>
            <f name="end" value="0.713750"/>
            <f name="start" value="0.000000"/>
        </fs>
    </a>
    <region xml:id="r6" anchors="37 80"/>
    <node xml:id="n6">
        <link targets="r6"/>
    </node>
    <a label="turn" ref="n6" as="xces">
        <fs>
            <f name="who" value="A"/>
            <f name="id" value="t3"/>
        </fs>
    </a>
    <region xml:id="r7" anchors="41 77"/>
    <node xml:id="n7">
        <link targets="r7"/>
    </node>
    <a label="u" ref="n7" as="xces">
        <fs>
            <f name="id" value="sw2014A-0002"/>
            <f name="end" value="3.962500"/>
            <f name="start" value="1.434875"/>
        </fs>
    </a>
    <region xml:id="r8" anchors="83 444"/>
    <node xml:id="n8">
        <link targets="r8"/>
    </node>
    <a label="turn" ref="n8" as="xces">
        <fs>
            <f name="who" value="B"/>
            <f name="id" value="t4"/>
        </fs>
    </a>
    <region xml:id="r9" anchors="87 151"/>
    <node xml:id="n9">
        <link targets="r9"/>
    </node>
    <a label="u" ref="n9" as="xces">
        <fs>
            <f name="id" value="sw2014B-0003"/>
            <f name="end" value="8.349000"/>
            <f name="start" value="3.140625"/>
        </fs>
    </a>
    <region xml:id="r10" anchors="155 178"/>
    <node xml:id="n10">
        <link targets="r10"/>
    </node>
    <a label="u" ref="n10" as="xces">
        <fs>
            <f name="id" value="sw2014B-0004"/>
            <f name="end" value="12.568500"/>
            <f name="start" value="8.349000"/>
        </fs>
    </a>
    <region xml:id="r11" anchors="182 441"/>
    <node xml:id="n11">
        <link targets="r11"/>
    </node>
    <a label="u" ref="n11" as="xces">
        <fs>
            <f name="id" value="sw2014B-0005"/>
            <f name="end" value="27.193125"/>
            <f name="start" value="12.568500"/>
        </fs>
    </a>
    <region xml:id="r12" anchors="447 475"/>
    <node xml:id="n12">
        <link targets="r12"/>
    </node>
    <a label="turn" ref="n12" as="xces">
        <fs>
            <f name="who" value="A"/>
            <f name="id" value="t5"/>
        </fs>
    </a>
    <region xml:id="r13" anchors="451 472"/>
    <node xml:id="n13">
        <link targets="r13"/>
    </node>
    <a label="u" ref="n13" as="xces">
        <fs>
            <f name="id" value="sw2014A-0004"/>
            <f name="end" value="23.495125"/>
            <f name="start" value="17.952625"/>
        </fs>
    </a>
    <region xml:id="r14" anchors="478 745"/>
    <node xml:id="n14">
        <link targets="r14"/>
    </node>
    <a label="turn" ref="n14" as="xces">
        <fs>
            <f name="who" value="B"/>
            <f name="id" value="t6"/>
        </fs>
    </a>
    <region xml:id="r15" anchors="482 742"/>
    <node xml:id="n15">
        <link targets="r15"/>
    </node>
    <a label="u" ref="n15" as="xces">
        <fs>
            <f name="id" value="sw2014B-0006"/>
            <f name="end" value="40.134125"/>
            <f name="start" value="27.193125"/>
        </fs>
    </a>
    <region xml:id="r16" anchors="748 918"/>
    <node xml:id="n16">
        <link targets="r16"/>
    </node>
    <a label="turn" ref="n16" as="xces">
        <fs>
            <f name="who" value="A"/>
            <f name="id" value="t7"/>
        </fs>
    </a>
    <region xml:id="r17" anchors="752 757"/>
    <node xml:id="n17">
        <link targets="r17"/>
    </node>
    <a label="u" ref="n17" as="xces">
        <fs>
            <f name="id" value="sw2014A-0006"/>
            <f name="end" value="32.495875"/>
            <f name="start" value="30.994750"/>
        </fs>
    </a>
    <region xml:id="r18" anchors="761 915"/>
    <node xml:id="n18">
        <link targets="r18"/>
    </node>
    <a label="u" ref="n18" as="xces">
        <fs>
            <f name="id" value="sw2014A-0008"/>
            <f name="end" value="49.583000"/>
            <f name="start" value="40.064625"/>
        </fs>
    </a>
    <region xml:id="r19" anchors="921 1031"/>
    <node xml:id="n19">
        <link targets="r19"/>
    </node>
    <a label="turn" ref="n19" as="xces">
        <fs>
            <f name="who" value="B"/>
            <f name="id" value="t8"/>
        </fs>
    </a>
    <region xml:id="r20" anchors="925 929"/>
    <node xml:id="n20">
        <link targets="r20"/>
    </node>
    <a label="u" ref="n20" as="xces">
        <fs>
            <f name="id" value="sw2014B-0008"/>
            <f name="end" value="45.123000"/>
            <f name="start" value="43.487750"/>
        </fs>
    </a>
    <region xml:id="r21" anchors="933 1028"/>
    <node xml:id="n21">
        <link targets="r21"/>
    </node>
    <a label="u" ref="n21" as="xces">
        <fs>
            <f name="id" value="sw2014B-0010"/>
            <f name="end" value="54.347750"/>
            <f name="start" value="47.262625"/>
        </fs>
    </a>
    <region xml:id="r22" anchors="1034 1195"/>
    <node xml:id="n22">
        <link targets="r22"/>
    </node>
    <a label="turn" ref="n22" as="xces">
        <fs>
            <f name="who" value="A"/>
            <f name="id" value="t9"/>
        </fs>
    </a>
    <region xml:id="r23" anchors="1038 1192"/>
    <node xml:id="n23">
        <link targets="r23"/>
    </node>
    <a label="u" ref="n23" as="xces">
        <fs>
            <f name="id" value="sw2014A-0010"/>
            <f name="end" value="65.548500"/>
            <f name="start" value="51.764750"/>
        </fs>
    </a>
    <region xml:id="r24" anchors="1198 1211"/>
    <node xml:id="n24">
        <link targets="r24"/>
    </node>
    <a label="turn" ref="n24" as="xces">
        <fs>
            <f name="who" value="B"/>
            <f name="id" value="t10"/>
        </fs>
    </a>
    <region xml:id="r25" anchors="1202 1208"/>
    <node xml:id="n25">
        <link targets="r25"/>
    </node>
    <a label="u" ref="n25" as="xces">
        <fs>
            <f name="id" value="sw2014B-0012"/>
            <f name="end" value="64.745750"/>
            <f name="start" value="63.182125"/>
        </fs>
    </a>
    <region xml:id="r26" anchors="1214 1308"/>
    <node xml:id="n26">
        <link targets="r26"/>
    </node>
    <a label="turn" ref="n26" as="xces">
        <fs>
            <f name="who" value="A"/>
            <f name="id" value="t11"/>
        </fs>
    </a>
    <region xml:id="r27" anchors="1218 1305"/>
    <node xml:id="n27">
        <link targets="r27"/>
    </node>
    <a label="u" ref="n27" as="xces">
        <fs>
            <f name="id" value="sw2014A-0011"/>
            <f name="end" value="71.119875"/>
            <f name="start" value="65.548500"/>
        </fs>
    </a>
    <region xml:id="r28" anchors="1311 1437"/>
    <node xml:id="n28">
        <link targets="r28"/>
    </node>
    <a label="turn" ref="n28" as="xces">
        <fs>
            <f name="who" value="B"/>
            <f name="id" value="t12"/>
        </fs>
    </a>
    <region xml:id="r29" anchors="1315 1434"/>
    <node xml:id="n29">
        <link targets="r29"/>
    </node>
    <a label="u" ref="n29" as="xces">
        <fs>
            <f name="id" value="sw2014B-0014"/>
            <f name="end" value="77.332125"/>
            <f name="start" value="68.854250"/>
        </fs>
    </a>
    <region xml:id="r30" anchors="1440 1459"/>
    <node xml:id="n30">
        <link targets="r30"/>
    </node>
    <a label="turn" ref="n30" as="xces">
        <fs>
            <f name="who" value="A"/>
            <f name="id" value="t13"/>
        </fs>
    </a>
    <region xml:id="r31" anchors="1444 1448"/>
    <node xml:id="n31">
        <link targets="r31"/>
    </node>
    <a label="u" ref="n31" as="xces">
        <fs>
            <f name="id" value="sw2014A-0012"/>
            <f name="end" value="76.365250"/>
            <f name="start" value="71.119875"/>
        </fs>
    </a>
    <region xml:id="r32" anchors="1452 1456"/>
    <node xml:id="n32">
        <link targets="r32"/>
    </node>
    <a label="u" ref="n32" as="xces">
        <fs>
            <f name="id" value="sw2014A-0013"/>
            <f name="end" value="78.499375"/>
            <f name="start" value="76.365250"/>
        </fs>
    </a>
    <region xml:id="r33" anchors="1462 1628"/>
    <node xml:id="n33">
        <link targets="r33"/>
    </node>
    <a label="turn" ref="n33" as="xces">
        <fs>
            <f name="who" value="B"/>
            <f name="id" value="t14"/>
        </fs>
    </a>
    <region xml:id="r34" anchors="1466 1625"/>
    <node xml:id="n34">
        <link targets="r34"/>
    </node>
    <a label="u" ref="n34" as="xces">
        <fs>
            <f name="id" value="sw2014B-0015"/>
            <f name="end" value="87.833375"/>
            <f name="start" value="77.332125"/>
        </fs>
    </a>
    <region xml:id="r35" anchors="1631 1684"/>
    <node xml:id="n35">
        <link targets="r35"/>
    </node>
    <a label="turn" ref="n35" as="xces">
        <fs>
            <f name="who" value="A"/>
            <f name="id" value="t15"/>
        </fs>
    </a>
    <region xml:id="r36" anchors="1635 1637"/>
    <node xml:id="n36">
        <link targets="r36"/>
    </node>
    <a label="u" ref="n36" as="xces">
        <fs>
            <f name="id" value="sw2014A-0015"/>
            <f name="end" value="85.742000"/>
            <f name="start" value="83.992250"/>
        </fs>
    </a>
    <region xml:id="r37" anchors="1641 1681"/>
    <node xml:id="n37">
        <link targets="r37"/>
    </node>
    <a label="u" ref="n37" as="xces">
        <fs>
            <f name="id" value="sw2014A-0017"/>
            <f name="end" value="90.730500"/>
            <f name="start" value="87.140125"/>
        </fs>
    </a>
    <region xml:id="r38" anchors="1687 1903"/>
    <node xml:id="n38">
        <link targets="r38"/>
    </node>
    <a label="turn" ref="n38" as="xces">
        <fs>
            <f name="who" value="B"/>
            <f name="id" value="t16"/>
        </fs>
    </a>
    <region xml:id="r39" anchors="1691 1900"/>
    <node xml:id="n39">
        <link targets="r39"/>
    </node>
    <a label="u" ref="n39" as="xces">
        <fs>
            <f name="id" value="sw2014B-0017"/>
            <f name="end" value="102.342500"/>
            <f name="start" value="89.711750"/>
        </fs>
    </a>
    <region xml:id="r40" anchors="1906 1952"/>
    <node xml:id="n40">
        <link targets="r40"/>
    </node>
    <a label="turn" ref="n40" as="xces">
        <fs>
            <f name="who" value="A"/>
            <f name="id" value="t17"/>
        </fs>
    </a>
    <region xml:id="r41" anchors="1910 1949"/>
    <node xml:id="n41">
        <link targets="r41"/>
    </node>
    <a label="u" ref="n41" as="xces">
        <fs>
            <f name="id" value="sw2014A-0019"/>
            <f name="end" value="106.910000"/>
            <f name="start" value="101.462500"/>
        </fs>
    </a>
    <region xml:id="r42" anchors="1955 2123"/>
    <node xml:id="n42">
        <link targets="r42"/>
    </node>
    <a label="turn" ref="n42" as="xces">
        <fs>
            <f name="who" value="B"/>
            <f name="id" value="t18"/>
        </fs>
    </a>
    <region xml:id="r43" anchors="1959 2120"/>
    <node xml:id="n43">
        <link targets="r43"/>
    </node>
    <a label="u" ref="n43" as="xces">
        <fs>
            <f name="id" value="sw2014B-0018"/>
            <f name="end" value="112.231750"/>
            <f name="start" value="102.342500"/>
        </fs>
    </a>
    <region xml:id="r44" anchors="2126 2153"/>
    <node xml:id="n44">
        <link targets="r44"/>
    </node>
    <a label="turn" ref="n44" as="xces">
        <fs>
            <f name="who" value="A"/>
            <f name="id" value="t19"/>
        </fs>
    </a>
    <region xml:id="r45" anchors="2130 2135"/>
    <node xml:id="n45">
        <link targets="r45"/>
    </node>
    <a label="u" ref="n45" as="xces">
        <fs>
            <f name="id" value="sw2014A-0020"/>
            <f name="end" value="108.725000"/>
            <f name="start" value="106.910000"/>
        </fs>
    </a>
    <region xml:id="r46" anchors="2139 2150"/>
    <node xml:id="n46">
        <link targets="r46"/>
    </node>
    <a label="u" ref="n46" as="xces">
        <fs>
            <f name="id" value="sw2014A-0022"/>
            <f name="end" value="112.664000"/>
            <f name="start" value="109.758250"/>
        </fs>
    </a>
    <region xml:id="r47" anchors="2156 2251"/>
    <node xml:id="n47">
        <link targets="r47"/>
    </node>
    <a label="turn" ref="n47" as="xces">
        <fs>
            <f name="who" value="B"/>
            <f name="id" value="t20"/>
        </fs>
    </a>
    <region xml:id="r48" anchors="2160 2248"/>
    <node xml:id="n48">
        <link targets="r48"/>
    </node>
    <a label="u" ref="n48" as="xces">
        <fs>
            <f name="id" value="sw2014B-0019"/>
            <f name="end" value="117.888125"/>
            <f name="start" value="112.231750"/>
        </fs>
    </a>
    <region xml:id="r49" anchors="2254 2491"/>
    <node xml:id="n49">
        <link targets="r49"/>
    </node>
    <a label="turn" ref="n49" as="xces">
        <fs>
            <f name="who" value="A"/>
            <f name="id" value="t21"/>
        </fs>
    </a>
    <region xml:id="r50" anchors="2258 2260"/>
    <node xml:id="n50">
        <link targets="r50"/>
    </node>
    <a label="u" ref="n50" as="xces">
        <fs>
            <f name="id" value="sw2014A-0023"/>
            <f name="end" value="115.483250"/>
            <f name="start" value="112.664000"/>
        </fs>
    </a>
    <region xml:id="r51" anchors="2264 2321"/>
    <node xml:id="n51">
        <link targets="r51"/>
    </node>
    <a label="u" ref="n51" as="xces">
        <fs>
            <f name="id" value="sw2014A-0025"/>
            <f name="end" value="122.819375"/>
            <f name="start" value="116.672500"/>
        </fs>
    </a>
    <region xml:id="r52" anchors="2325 2488"/>
    <node xml:id="n52">
        <link targets="r52"/>
    </node>
    <a label="u" ref="n52" as="xces">
        <fs>
            <f name="id" value="sw2014A-0026"/>
            <f name="end" value="132.521625"/>
            <f name="start" value="122.819375"/>
        </fs>
    </a>
    <region xml:id="r53" anchors="2494 2646"/>
    <node xml:id="n53">
        <link targets="r53"/>
    </node>
    <a label="turn" ref="n53" as="xces">
        <fs>
            <f name="who" value="B"/>
            <f name="id" value="t22"/>
        </fs>
    </a>
    <region xml:id="r54" anchors="2498 2503"/>
    <node xml:id="n54">
        <link targets="r54"/>
    </node>
    <a label="u" ref="n54" as="xces">
        <fs>
            <f name="id" value="sw2014B-0021"/>
            <f name="end" value="127.630125"/>
            <f name="start" value="126.191000"/>
        </fs>
    </a>
    <region xml:id="r55" anchors="2507 2518"/>
    <node xml:id="n55">
        <link targets="r55"/>
    </node>
    <a label="u" ref="n55" as="xces">
        <fs>
            <f name="id" value="sw2014B-0023"/>
            <f name="end" value="131.243250"/>
            <f name="start" value="129.509500"/>
        </fs>
    </a>
    <region xml:id="r56" anchors="2522 2643"/>
    <node xml:id="n56">
        <link targets="r56"/>
    </node>
    <a label="u" ref="n56" as="xces">
        <fs>
            <f name="id" value="sw2014B-0025"/>
            <f name="end" value="138.924500"/>
            <f name="start" value="132.272125"/>
        </fs>
    </a>
    <region xml:id="r57" anchors="2649 2709"/>
    <node xml:id="n57">
        <link targets="r57"/>
    </node>
    <a label="turn" ref="n57" as="xces">
        <fs>
            <f name="who" value="A"/>
            <f name="id" value="t23"/>
        </fs>
    </a>
    <region xml:id="r58" anchors="2653 2706"/>
    <node xml:id="n58">
        <link targets="r58"/>
    </node>
    <a label="u" ref="n58" as="xces">
        <fs>
            <f name="id" value="sw2014A-0028"/>
            <f name="end" value="143.675375"/>
            <f name="start" value="136.717125"/>
        </fs>
    </a>
    <region xml:id="r59" anchors="2712 2831"/>
    <node xml:id="n59">
        <link targets="r59"/>
    </node>
    <a label="turn" ref="n59" as="xces">
        <fs>
            <f name="who" value="B"/>
            <f name="id" value="t24"/>
        </fs>
    </a>
    <region xml:id="r60" anchors="2716 2828"/>
    <node xml:id="n60">
        <link targets="r60"/>
    </node>
    <a label="u" ref="n60" as="xces">
        <fs>
            <f name="id" value="sw2014B-0027"/>
            <f name="end" value="149.862625"/>
            <f name="start" value="140.715250"/>
        </fs>
    </a>
    <region xml:id="r61" anchors="2834 2905"/>
    <node xml:id="n61">
        <link targets="r61"/>
    </node>
    <a label="turn" ref="n61" as="xces">
        <fs>
            <f name="who" value="A"/>
            <f name="id" value="t25"/>
        </fs>
    </a>
    <region xml:id="r62" anchors="2838 2902"/>
    <node xml:id="n62">
        <link targets="r62"/>
    </node>
    <a label="u" ref="n62" as="xces">
        <fs>
            <f name="id" value="sw2014A-0030"/>
            <f name="end" value="157.604500"/>
            <f name="start" value="145.235750"/>
        </fs>
    </a>
    <region xml:id="r63" anchors="2908 2947"/>
    <node xml:id="n63">
        <link targets="r63"/>
    </node>
    <a label="turn" ref="n63" as="xces">
        <fs>
            <f name="who" value="B"/>
            <f name="id" value="t26"/>
        </fs>
    </a>
    <region xml:id="r64" anchors="2912 2944"/>
    <node xml:id="n64">
        <link targets="r64"/>
    </node>
    <a label="u" ref="n64" as="xces">
        <fs>
            <f name="id" value="sw2014B-0029"/>
            <f name="end" value="157.983250"/>
            <f name="start" value="151.986375"/>
        </fs>
    </a>
    <region xml:id="r65" anchors="2950 3051"/>
    <node xml:id="n65">
        <link targets="r65"/>
    </node>
    <a label="turn" ref="n65" as="xces">
        <fs>
            <f name="who" value="A"/>
            <f name="id" value="t27"/>
        </fs>
    </a>
    <region xml:id="r66" anchors="2954 3048"/>
    <node xml:id="n66">
        <link targets="r66"/>
    </node>
    <a label="u" ref="n66" as="xces">
        <fs>
            <f name="id" value="sw2014A-0031"/>
            <f name="end" value="166.949250"/>
            <f name="start" value="157.604500"/>
        </fs>
    </a>
    <region xml:id="r67" anchors="3054 3417"/>
    <node xml:id="n67">
        <link targets="r67"/>
    </node>
    <a label="turn" ref="n67" as="xces">
        <fs>
            <f name="who" value="B"/>
            <f name="id" value="t28"/>
        </fs>
    </a>
    <region xml:id="r68" anchors="3058 3061"/>
    <node xml:id="n68">
        <link targets="r68"/>
    </node>
    <a label="u" ref="n68" as="xces">
        <fs>
            <f name="id" value="sw2014B-0031"/>
            <f name="end" value="161.410750"/>
            <f name="start" value="159.995250"/>
        </fs>
    </a>
    <region xml:id="r69" anchors="3065 3221"/>
    <node xml:id="n69">
        <link targets="r69"/>
    </node>
    <a label="u" ref="n69" as="xces">
        <fs>
            <f name="id" value="sw2014B-0033"/>
            <f name="end" value="175.860625"/>
            <f name="start" value="165.465375"/>
        </fs>
    </a>
    <region xml:id="r70" anchors="3225 3414"/>
    <node xml:id="n70">
        <link targets="r70"/>
    </node>
    <a label="u" ref="n70" as="xces">
        <fs>
            <f name="id" value="sw2014B-0034"/>
            <f name="end" value="182.513125"/>
            <f name="start" value="175.860625"/>
        </fs>
    </a>
    <region xml:id="r71" anchors="3420 3520"/>
    <node xml:id="n71">
        <link targets="r71"/>
    </node>
    <a label="turn" ref="n71" as="xces">
        <fs>
            <f name="who" value="A"/>
            <f name="id" value="t29"/>
        </fs>
    </a>
    <region xml:id="r72" anchors="3424 3517"/>
    <node xml:id="n72">
        <link targets="r72"/>
    </node>
    <a label="u" ref="n72" as="xces">
        <fs>
            <f name="id" value="sw2014A-0033"/>
            <f name="end" value="191.880375"/>
            <f name="start" value="182.172500"/>
        </fs>
    </a>
    <region xml:id="r73" anchors="3523 3679"/>
    <node xml:id="n73">
        <link targets="r73"/>
    </node>
    <a label="turn" ref="n73" as="xces">
        <fs>
            <f name="who" value="B"/>
            <f name="id" value="t30"/>
        </fs>
    </a>
    <region xml:id="r74" anchors="3527 3676"/>
    <node xml:id="n74">
        <link targets="r74"/>
    </node>
    <a label="u" ref="n74" as="xces">
        <fs>
            <f name="id" value="sw2014B-0035"/>
            <f name="end" value="195.719875"/>
            <f name="start" value="182.513125"/>
        </fs>
    </a>
    <region xml:id="r75" anchors="3682 3766"/>
    <node xml:id="n75">
        <link targets="r75"/>
    </node>
    <a label="turn" ref="n75" as="xces">
        <fs>
            <f name="who" value="A"/>
            <f name="id" value="t31"/>
        </fs>
    </a>
    <region xml:id="r76" anchors="3686 3763"/>
    <node xml:id="n76">
        <link targets="r76"/>
    </node>
    <a label="u" ref="n76" as="xces">
        <fs>
            <f name="id" value="sw2014A-0034"/>
            <f name="end" value="201.683500"/>
            <f name="start" value="191.880375"/>
        </fs>
    </a>
    <region xml:id="r77" anchors="3769 3844"/>
    <node xml:id="n77">
        <link targets="r77"/>
    </node>
    <a label="turn" ref="n77" as="xces">
        <fs>
            <f name="who" value="B"/>
            <f name="id" value="t32"/>
        </fs>
    </a>
    <region xml:id="r78" anchors="3773 3805"/>
    <node xml:id="n78">
        <link targets="r78"/>
    </node>
    <a label="u" ref="n78" as="xces">
        <fs>
            <f name="id" value="sw2014B-0036"/>
            <f name="end" value="198.596625"/>
            <f name="start" value="195.719875"/>
        </fs>
    </a>
    <region xml:id="r79" anchors="3809 3811"/>
    <node xml:id="n79">
        <link targets="r79"/>
    </node>
    <a label="u" ref="n79" as="xces">
        <fs>
            <f name="id" value="sw2014B-0037"/>
            <f name="end" value="202.849875"/>
            <f name="start" value="198.596625"/>
        </fs>
    </a>
    <region xml:id="r80" anchors="3815 3841"/>
    <node xml:id="n80">
        <link targets="r80"/>
    </node>
    <a label="u" ref="n80" as="xces">
        <fs>
            <f name="id" value="sw2014B-0038"/>
            <f name="end" value="206.080250"/>
            <f name="start" value="202.849875"/>
        </fs>
    </a>
    <region xml:id="r81" anchors="3847 3862"/>
    <node xml:id="n81">
        <link targets="r81"/>
    </node>
    <a label="turn" ref="n81" as="xces">
        <fs>
            <f name="who" value="A"/>
            <f name="id" value="t33"/>
        </fs>
    </a>
    <region xml:id="r82" anchors="3851 3859"/>
    <node xml:id="n82">
        <link targets="r82"/>
    </node>
    <a label="u" ref="n82" as="xces">
        <fs>
            <f name="id" value="sw2014A-0036"/>
            <f name="end" value="208.980750"/>
            <f name="start" value="204.985750"/>
        </fs>
    </a>
    <region xml:id="r83" anchors="3865 3933"/>
    <node xml:id="n83">
        <link targets="r83"/>
    </node>
    <a label="turn" ref="n83" as="xces">
        <fs>
            <f name="who" value="B"/>
            <f name="id" value="t34"/>
        </fs>
    </a>
    <region xml:id="r84" anchors="3869 3890"/>
    <node xml:id="n84">
        <link targets="r84"/>
    </node>
    <a label="u" ref="n84" as="xces">
        <fs>
            <f name="id" value="sw2014B-0040"/>
            <f name="end" value="211.309375"/>
            <f name="start" value="207.995250"/>
        </fs>
    </a>
    <region xml:id="r85" anchors="3894 3930"/>
    <node xml:id="n85">
        <link targets="r85"/>
    </node>
    <a label="u" ref="n85" as="xces">
        <fs>
            <f name="id" value="sw2014B-0041"/>
            <f name="end" value="217.298500"/>
            <f name="start" value="211.309375"/>
        </fs>
    </a>
    <region xml:id="r86" anchors="3936 3961"/>
    <node xml:id="n86">
        <link targets="r86"/>
    </node>
    <a label="turn" ref="n86" as="xces">
        <fs>
            <f name="who" value="A"/>
            <f name="id" value="t35"/>
        </fs>
    </a>
    <region xml:id="r87" anchors="3940 3942"/>
    <node xml:id="n87">
        <link targets="r87"/>
    </node>
    <a label="u" ref="n87" as="xces">
        <fs>
            <f name="id" value="sw2014A-0038"/>
            <f name="end" value="215.988625"/>
            <f name="start" value="212.748375"/>
        </fs>
    </a>
    <region xml:id="r88" anchors="3946 3958"/>
    <node xml:id="n88">
        <link targets="r88"/>
    </node>
    <a label="u" ref="n88" as="xces">
        <fs>
            <f name="id" value="sw2014A-0039"/>
            <f name="end" value="217.998125"/>
            <f name="start" value="215.988625"/>
        </fs>
    </a>
    <region xml:id="r89" anchors="3964 4025"/>
    <node xml:id="n89">
        <link targets="r89"/>
    </node>
    <a label="turn" ref="n89" as="xces">
        <fs>
            <f name="who" value="B"/>
            <f name="id" value="t36"/>
        </fs>
    </a>
    <region xml:id="r90" anchors="3968 3970"/>
    <node xml:id="n90">
        <link targets="r90"/>
    </node>
    <a label="u" ref="n90" as="xces">
        <fs>
            <f name="id" value="sw2014B-0042"/>
            <f name="end" value="219.472375"/>
            <f name="start" value="217.298500"/>
        </fs>
    </a>
    <region xml:id="r91" anchors="3974 4022"/>
    <node xml:id="n91">
        <link targets="r91"/>
    </node>
    <a label="u" ref="n91" as="xces">
        <fs>
            <f name="id" value="sw2014B-0043"/>
            <f name="end" value="230.063125"/>
            <f name="start" value="219.472375"/>
        </fs>
    </a>
    <region xml:id="r92" anchors="4028 4123"/>
    <node xml:id="n92">
        <link targets="r92"/>
    </node>
    <a label="turn" ref="n92" as="xces">
        <fs>
            <f name="who" value="A"/>
            <f name="id" value="t37"/>
        </fs>
    </a>
    <region xml:id="r93" anchors="4032 4043"/>
    <node xml:id="n93">
        <link targets="r93"/>
    </node>
    <a label="u" ref="n93" as="xces">
        <fs>
            <f name="id" value="sw2014A-0041"/>
            <f name="end" value="222.489750"/>
            <f name="start" value="219.496250"/>
        </fs>
    </a>
    <region xml:id="r94" anchors="4047 4119"/>
    <node xml:id="n94">
        <link targets="r94"/>
    </node>
    <a label="u" ref="n94" as="xces">
        <fs>
            <f name="id" value="sw2014A-0042"/>
            <f name="end" value="230.063125"/>
            <f name="start" value="222.489750"/>
        </fs>
    </a>
</graph>
