<?xml version="1.0" encoding="UTF-8"?>
<graph xmlns="http://www.xces.org/ns/GrAF/1.0/">
    <header>
        <tagsDecl>
            <tagUsage gi="vchunk" occurs="262"/>
        </tagsDecl>
        <dependencies>
            <dependsOn type="penn"/>
        </dependencies>
        <annotationSets>
            <annotationSet name="xces" type="http://www.xces.org/schema/2003"/>
        </annotationSets>
    </header>
    <node xml:id="n0"/>
    <a label="vchunk" ref="n0" as="xces">
        <fs>
            <f name="voice" value="active"/>
            <f name="tense" value="SimPre"/>
            <f name="type" value="FVG"/>
        </fs>
    </a>
    <node xml:id="n1"/>
    <a label="vchunk" ref="n1" as="xces">
        <fs>
            <f name="voice" value="active"/>
            <f name="tense" value="SimPas"/>
            <f name="type" value="FVG"/>
        </fs>
    </a>
    <node xml:id="n10"/>
    <a label="vchunk" ref="n10" as="xces">
        <fs>
            <f name="voice" value="active"/>
            <f name="tense" value="SimPre"/>
            <f name="type" value="FVG"/>
        </fs>
    </a>
    <node xml:id="n100"/>
    <a label="vchunk" ref="n100" as="xces">
        <fs>
            <f name="voice" value="active"/>
            <f name="tense" value="SimPre"/>
            <f name="type" value="FVG"/>
        </fs>
    </a>
    <node xml:id="n101"/>
    <a label="vchunk" ref="n101" as="xces">
        <fs>
            <f name="voice" value="active"/>
            <f name="tense" value="SimPre"/>
            <f name="type" value="FVG"/>
        </fs>
    </a>
    <node xml:id="n102"/>
    <a label="vchunk" ref="n102" as="xces">
        <fs>
            <f name="voice" value="active"/>
            <f name="tense" value="Inf"/>
            <f name="type" value="NFVG"/>
        </fs>
    </a>
    <node xml:id="n103"/>
    <a label="vchunk" ref="n103" as="xces">
        <fs>
            <f name="voice" value="active"/>
            <f name="tense" value="SimPre"/>
            <f name="type" value="FVG"/>
        </fs>
    </a>
    <node xml:id="n104"/>
    <a label="vchunk" ref="n104" as="xces">
        <fs>
            <f name="voice" value="active"/>
            <f name="tense" value="SimPre"/>
            <f name="type" value="FVG"/>
        </fs>
    </a>
    <node xml:id="n105"/>
    <a label="vchunk" ref="n105" as="xces">
        <fs>
            <f name="voice" value="active"/>
            <f name="tense" value="SimFut"/>
            <f name="type" value="FVG"/>
        </fs>
    </a>
    <node xml:id="n106"/>
    <a label="vchunk" ref="n106" as="xces">
        <fs>
            <f name="voice" value="active"/>
            <f name="tense" value="Inf"/>
            <f name="type" value="NFVG"/>
        </fs>
    </a>
    <node xml:id="n107"/>
    <a label="vchunk" ref="n107" as="xces">
        <fs>
            <f name="voice" value="active"/>
            <f name="tense" value="SimPre"/>
            <f name="type" value="FVG"/>
        </fs>
    </a>
    <node xml:id="n108"/>
    <a label="vchunk" ref="n108" as="xces">
        <fs>
            <f name="voice" value="active"/>
            <f name="tense" value="Pre"/>
            <f name="type" value="PART"/>
        </fs>
    </a>
    <node xml:id="n109"/>
    <a label="vchunk" ref="n109" as="xces">
        <fs>
            <f name="voice" value="active"/>
            <f name="tense" value="SimPre"/>
            <f name="type" value="FVG"/>
        </fs>
    </a>
    <node xml:id="n11"/>
    <a label="vchunk" ref="n11" as="xces">
        <fs>
            <f name="voice" value="active"/>
            <f name="tense" value="Pre"/>
            <f name="type" value="PART"/>
        </fs>
    </a>
    <node xml:id="n110"/>
    <a label="vchunk" ref="n110" as="xces">
        <fs>
            <f name="voice" value="active"/>
            <f name="tense" value="SimPre"/>
            <f name="type" value="FVG"/>
        </fs>
    </a>
    <node xml:id="n111"/>
    <a label="vchunk" ref="n111" as="xces">
        <fs>
            <f name="voice" value="active"/>
            <f name="tense" value="Pre"/>
            <f name="type" value="PART"/>
        </fs>
    </a>
    <node xml:id="n112"/>
    <a label="vchunk" ref="n112" as="xces">
        <fs>
            <f name="voice" value="active"/>
            <f name="tense" value="Inf"/>
            <f name="type" value="NFVG"/>
        </fs>
    </a>
    <node xml:id="n113"/>
    <a label="vchunk" ref="n113" as="xces">
        <fs>
            <f name="voice" value="active"/>
            <f name="tense" value="SimPre"/>
            <f name="type" value="FVG"/>
        </fs>
    </a>
    <node xml:id="n114"/>
    <a label="vchunk" ref="n114" as="xces">
        <fs>
            <f name="voice" value="active"/>
            <f name="tense" value="SimPre"/>
            <f name="type" value="FVG"/>
        </fs>
    </a>
    <node xml:id="n115"/>
    <a label="vchunk" ref="n115" as="xces">
        <fs>
            <f name="voice" value="active"/>
            <f name="tense" value="SimPre"/>
            <f name="type" value="FVG"/>
        </fs>
    </a>
    <node xml:id="n116"/>
    <a label="vchunk" ref="n116" as="xces">
        <fs>
            <f name="voice" value="none"/>
            <f name="tense" value="Pas"/>
            <f name="type" value="PART"/>
        </fs>
    </a>
    <node xml:id="n117"/>
    <a label="vchunk" ref="n117" as="xces">
        <fs>
            <f name="voice" value="active"/>
            <f name="tense" value="Inf"/>
            <f name="type" value="NFVG"/>
        </fs>
    </a>
    <node xml:id="n118"/>
    <a label="vchunk" ref="n118" as="xces">
        <fs>
            <f name="voice" value="active"/>
            <f name="tense" value="SimPas"/>
            <f name="type" value="FVG"/>
        </fs>
    </a>
    <node xml:id="n119"/>
    <a label="vchunk" ref="n119" as="xces">
        <fs>
            <f name="neg" value="yes"/>
            <f name="voice" value="active"/>
            <f name="tense" value="SimPre"/>
            <f name="type" value="FVG"/>
        </fs>
    </a>
    <node xml:id="n12"/>
    <a label="vchunk" ref="n12" as="xces">
        <fs>
            <f name="voice" value="none"/>
            <f name="tense" value="Pre"/>
            <f name="type" value="SPECIAL"/>
        </fs>
    </a>
    <node xml:id="n120"/>
    <a label="vchunk" ref="n120" as="xces">
        <fs>
            <f name="voice" value="none"/>
            <f name="tense" value="none"/>
            <f name="type" value="MODAL"/>
        </fs>
    </a>
    <node xml:id="n121"/>
    <a label="vchunk" ref="n121" as="xces">
        <fs>
            <f name="voice" value="active"/>
            <f name="tense" value="Inf"/>
            <f name="type" value="NFVG"/>
        </fs>
    </a>
    <node xml:id="n122"/>
    <a label="vchunk" ref="n122" as="xces">
        <fs>
            <f name="voice" value="active"/>
            <f name="tense" value="SimPre"/>
            <f name="type" value="FVG"/>
        </fs>
    </a>
    <node xml:id="n123"/>
    <a label="vchunk" ref="n123" as="xces">
        <fs>
            <f name="voice" value="active"/>
            <f name="tense" value="SimPre"/>
            <f name="type" value="FVG"/>
        </fs>
    </a>
    <node xml:id="n124"/>
    <a label="vchunk" ref="n124" as="xces">
        <fs>
            <f name="voice" value="active"/>
            <f name="tense" value="Inf"/>
            <f name="type" value="NFVG"/>
        </fs>
    </a>
    <node xml:id="n125"/>
    <a label="vchunk" ref="n125" as="xces">
        <fs>
            <f name="voice" value="active"/>
            <f name="tense" value="Pre"/>
            <f name="type" value="PART"/>
        </fs>
    </a>
    <node xml:id="n126"/>
    <a label="vchunk" ref="n126" as="xces">
        <fs>
            <f name="voice" value="active"/>
            <f name="tense" value="SimPas"/>
            <f name="type" value="FVG"/>
        </fs>
    </a>
    <node xml:id="n127"/>
    <a label="vchunk" ref="n127" as="xces">
        <fs>
            <f name="voice" value="active"/>
            <f name="tense" value="SimPas"/>
            <f name="type" value="FVG"/>
        </fs>
    </a>
    <node xml:id="n128"/>
    <a label="vchunk" ref="n128" as="xces">
        <fs>
            <f name="voice" value="active"/>
            <f name="tense" value="SimPre"/>
            <f name="type" value="FVG"/>
        </fs>
    </a>
    <node xml:id="n129"/>
    <a label="vchunk" ref="n129" as="xces">
        <fs>
            <f name="voice" value="none"/>
            <f name="tense" value="Pas"/>
            <f name="type" value="PART"/>
        </fs>
    </a>
    <node xml:id="n13"/>
    <a label="vchunk" ref="n13" as="xces">
        <fs>
            <f name="voice" value="active"/>
            <f name="tense" value="Inf"/>
            <f name="type" value="NFVG"/>
        </fs>
    </a>
    <node xml:id="n130"/>
    <a label="vchunk" ref="n130" as="xces">
        <fs>
            <f name="neg" value="yes"/>
            <f name="voice" value="active"/>
            <f name="tense" value="SimPre"/>
            <f name="type" value="FVG"/>
        </fs>
    </a>
    <node xml:id="n131"/>
    <a label="vchunk" ref="n131" as="xces">
        <fs>
            <f name="neg" value="yes"/>
            <f name="voice" value="active"/>
            <f name="tense" value="SimPre"/>
            <f name="type" value="FVG"/>
        </fs>
    </a>
    <node xml:id="n132"/>
    <a label="vchunk" ref="n132" as="xces">
        <fs>
            <f name="voice" value="active"/>
            <f name="tense" value="Inf"/>
            <f name="type" value="NFVG"/>
        </fs>
    </a>
    <node xml:id="n133"/>
    <a label="vchunk" ref="n133" as="xces">
        <fs>
            <f name="voice" value="active"/>
            <f name="tense" value="Inf"/>
            <f name="type" value="NFVG"/>
        </fs>
    </a>
    <node xml:id="n134"/>
    <a label="vchunk" ref="n134" as="xces">
        <fs>
            <f name="voice" value="active"/>
            <f name="tense" value="Inf"/>
            <f name="type" value="NFVG"/>
        </fs>
    </a>
    <node xml:id="n135"/>
    <a label="vchunk" ref="n135" as="xces">
        <fs>
            <f name="voice" value="active"/>
            <f name="tense" value="SimPre"/>
            <f name="type" value="FVG"/>
        </fs>
    </a>
    <node xml:id="n136"/>
    <a label="vchunk" ref="n136" as="xces">
        <fs>
            <f name="voice" value="active"/>
            <f name="tense" value="Inf"/>
            <f name="type" value="NFVG"/>
        </fs>
    </a>
    <node xml:id="n137"/>
    <a label="vchunk" ref="n137" as="xces">
        <fs>
            <f name="voice" value="active"/>
            <f name="tense" value="SimPre"/>
            <f name="type" value="FVG"/>
        </fs>
    </a>
    <node xml:id="n138"/>
    <a label="vchunk" ref="n138" as="xces">
        <fs>
            <f name="voice" value="active"/>
            <f name="tense" value="SimPre"/>
            <f name="type" value="FVG"/>
        </fs>
    </a>
    <node xml:id="n139"/>
    <a label="vchunk" ref="n139" as="xces">
        <fs>
            <f name="voice" value="none"/>
            <f name="tense" value="none"/>
            <f name="type" value="MODAL"/>
        </fs>
    </a>
    <node xml:id="n14"/>
    <a label="vchunk" ref="n14" as="xces">
        <fs>
            <f name="voice" value="active"/>
            <f name="tense" value="SimPre"/>
            <f name="type" value="FVG"/>
        </fs>
    </a>
    <node xml:id="n140"/>
    <a label="vchunk" ref="n140" as="xces">
        <fs>
            <f name="voice" value="active"/>
            <f name="tense" value="Inf"/>
            <f name="type" value="NFVG"/>
        </fs>
    </a>
    <node xml:id="n141"/>
    <a label="vchunk" ref="n141" as="xces">
        <fs>
            <f name="voice" value="active"/>
            <f name="tense" value="SimPre"/>
            <f name="type" value="FVG"/>
        </fs>
    </a>
    <node xml:id="n142"/>
    <a label="vchunk" ref="n142" as="xces">
        <fs>
            <f name="voice" value="active"/>
            <f name="tense" value="SimPre"/>
            <f name="type" value="FVG"/>
        </fs>
    </a>
    <node xml:id="n143"/>
    <a label="vchunk" ref="n143" as="xces">
        <fs>
            <f name="voice" value="active"/>
            <f name="tense" value="SimFut"/>
            <f name="type" value="FVG"/>
        </fs>
    </a>
    <node xml:id="n144"/>
    <a label="vchunk" ref="n144" as="xces">
        <fs>
            <f name="neg" value="yes"/>
            <f name="voice" value="active"/>
            <f name="tense" value="SimPre"/>
            <f name="type" value="FVG"/>
        </fs>
    </a>
    <node xml:id="n145"/>
    <a label="vchunk" ref="n145" as="xces">
        <fs>
            <f name="voice" value="active"/>
            <f name="tense" value="Inf"/>
            <f name="type" value="NFVG"/>
        </fs>
    </a>
    <node xml:id="n146"/>
    <a label="vchunk" ref="n146" as="xces">
        <fs>
            <f name="voice" value="active"/>
            <f name="tense" value="Inf"/>
            <f name="type" value="NFVG"/>
        </fs>
    </a>
    <node xml:id="n147"/>
    <a label="vchunk" ref="n147" as="xces">
        <fs>
            <f name="voice" value="active"/>
            <f name="tense" value="SimPre"/>
            <f name="type" value="FVG"/>
        </fs>
    </a>
    <node xml:id="n148"/>
    <a label="vchunk" ref="n148" as="xces">
        <fs>
            <f name="voice" value="active"/>
            <f name="tense" value="Inf"/>
            <f name="type" value="NFVG"/>
        </fs>
    </a>
    <node xml:id="n149"/>
    <a label="vchunk" ref="n149" as="xces">
        <fs>
            <f name="voice" value="active"/>
            <f name="tense" value="SimPre"/>
            <f name="type" value="FVG"/>
        </fs>
    </a>
    <node xml:id="n15"/>
    <a label="vchunk" ref="n15" as="xces">
        <fs>
            <f name="voice" value="active"/>
            <f name="tense" value="PasCon"/>
            <f name="type" value="FVG"/>
        </fs>
    </a>
    <node xml:id="n150"/>
    <a label="vchunk" ref="n150" as="xces">
        <fs>
            <f name="voice" value="active"/>
            <f name="tense" value="Inf"/>
            <f name="type" value="NFVG"/>
        </fs>
    </a>
    <node xml:id="n151"/>
    <a label="vchunk" ref="n151" as="xces">
        <fs>
            <f name="voice" value="active"/>
            <f name="tense" value="SimPre"/>
            <f name="type" value="FVG"/>
        </fs>
    </a>
    <node xml:id="n152"/>
    <a label="vchunk" ref="n152" as="xces">
        <fs>
            <f name="voice" value="active"/>
            <f name="tense" value="SimPre"/>
            <f name="type" value="FVG"/>
        </fs>
    </a>
    <node xml:id="n153"/>
    <a label="vchunk" ref="n153" as="xces">
        <fs>
            <f name="neg" value="yes"/>
            <f name="voice" value="active"/>
            <f name="tense" value="SimPre"/>
            <f name="type" value="FVG"/>
        </fs>
    </a>
    <node xml:id="n154"/>
    <a label="vchunk" ref="n154" as="xces">
        <fs>
            <f name="voice" value="active"/>
            <f name="tense" value="Inf"/>
            <f name="type" value="NFVG"/>
        </fs>
    </a>
    <node xml:id="n155"/>
    <a label="vchunk" ref="n155" as="xces">
        <fs>
            <f name="voice" value="active"/>
            <f name="tense" value="Inf"/>
            <f name="type" value="NFVG"/>
        </fs>
    </a>
    <node xml:id="n156"/>
    <a label="vchunk" ref="n156" as="xces">
        <fs>
            <f name="neg" value="yes"/>
            <f name="voice" value="active"/>
            <f name="tense" value="SimPre"/>
            <f name="type" value="FVG"/>
        </fs>
    </a>
    <node xml:id="n157"/>
    <a label="vchunk" ref="n157" as="xces">
        <fs>
            <f name="voice" value="active"/>
            <f name="tense" value="SimPre"/>
            <f name="type" value="FVG"/>
        </fs>
    </a>
    <node xml:id="n158"/>
    <a label="vchunk" ref="n158" as="xces">
        <fs>
            <f name="voice" value="active"/>
            <f name="tense" value="SimPre"/>
            <f name="type" value="FVG"/>
        </fs>
    </a>
    <node xml:id="n159"/>
    <a label="vchunk" ref="n159" as="xces">
        <fs>
            <f name="voice" value="active"/>
            <f name="tense" value="SimPre"/>
            <f name="type" value="FVG"/>
        </fs>
    </a>
    <node xml:id="n16"/>
    <a label="vchunk" ref="n16" as="xces">
        <fs>
            <f name="voice" value="active"/>
            <f name="tense" value="SimPas"/>
            <f name="type" value="FVG"/>
        </fs>
    </a>
    <node xml:id="n160"/>
    <a label="vchunk" ref="n160" as="xces">
        <fs>
            <f name="voice" value="active"/>
            <f name="tense" value="SimPre"/>
            <f name="type" value="FVG"/>
        </fs>
    </a>
    <node xml:id="n161"/>
    <a label="vchunk" ref="n161" as="xces">
        <fs>
            <f name="voice" value="active"/>
            <f name="tense" value="SimPre"/>
            <f name="type" value="FVG"/>
        </fs>
    </a>
    <node xml:id="n162"/>
    <a label="vchunk" ref="n162" as="xces">
        <fs>
            <f name="voice" value="active"/>
            <f name="tense" value="SimPre"/>
            <f name="type" value="FVG"/>
        </fs>
    </a>
    <node xml:id="n163"/>
    <a label="vchunk" ref="n163" as="xces">
        <fs>
            <f name="voice" value="active"/>
            <f name="tense" value="Pre"/>
            <f name="type" value="PART"/>
        </fs>
    </a>
    <node xml:id="n164"/>
    <a label="vchunk" ref="n164" as="xces">
        <fs>
            <f name="voice" value="none"/>
            <f name="tense" value="none"/>
            <f name="type" value="MODAL"/>
        </fs>
    </a>
    <node xml:id="n165"/>
    <a label="vchunk" ref="n165" as="xces">
        <fs>
            <f name="voice" value="active"/>
            <f name="tense" value="Pre"/>
            <f name="type" value="PART"/>
        </fs>
    </a>
    <node xml:id="n166"/>
    <a label="vchunk" ref="n166" as="xces">
        <fs>
            <f name="voice" value="active"/>
            <f name="tense" value="Pre"/>
            <f name="type" value="PART"/>
        </fs>
    </a>
    <node xml:id="n167"/>
    <a label="vchunk" ref="n167" as="xces">
        <fs>
            <f name="neg" value="yes"/>
            <f name="voice" value="active"/>
            <f name="tense" value="SimPre"/>
            <f name="type" value="FVG"/>
        </fs>
    </a>
    <node xml:id="n168"/>
    <a label="vchunk" ref="n168" as="xces">
        <fs>
            <f name="neg" value="yes"/>
            <f name="voice" value="active"/>
            <f name="tense" value="SimPre"/>
            <f name="type" value="FVG"/>
        </fs>
    </a>
    <node xml:id="n169"/>
    <a label="vchunk" ref="n169" as="xces">
        <fs>
            <f name="voice" value="active"/>
            <f name="tense" value="SimPre"/>
            <f name="type" value="FVG"/>
        </fs>
    </a>
    <node xml:id="n17"/>
    <a label="vchunk" ref="n17" as="xces">
        <fs>
            <f name="voice" value="active"/>
            <f name="tense" value="PreCon"/>
            <f name="type" value="FVG"/>
        </fs>
    </a>
    <node xml:id="n170"/>
    <a label="vchunk" ref="n170" as="xces">
        <fs>
            <f name="voice" value="active"/>
            <f name="tense" value="SimPre"/>
            <f name="type" value="FVG"/>
        </fs>
    </a>
    <node xml:id="n171"/>
    <a label="vchunk" ref="n171" as="xces">
        <fs>
            <f name="voice" value="active"/>
            <f name="tense" value="SimPre"/>
            <f name="type" value="FVG"/>
        </fs>
    </a>
    <node xml:id="n172"/>
    <a label="vchunk" ref="n172" as="xces">
        <fs>
            <f name="voice" value="active"/>
            <f name="tense" value="SimPre"/>
            <f name="type" value="FVG"/>
        </fs>
    </a>
    <node xml:id="n173"/>
    <a label="vchunk" ref="n173" as="xces">
        <fs>
            <f name="voice" value="active"/>
            <f name="tense" value="Pre"/>
            <f name="type" value="PART"/>
        </fs>
    </a>
    <node xml:id="n174"/>
    <a label="vchunk" ref="n174" as="xces">
        <fs>
            <f name="voice" value="active"/>
            <f name="tense" value="Pre"/>
            <f name="type" value="PART"/>
        </fs>
    </a>
    <node xml:id="n175"/>
    <a label="vchunk" ref="n175" as="xces">
        <fs>
            <f name="voice" value="active"/>
            <f name="tense" value="SimPre"/>
            <f name="type" value="FVG"/>
        </fs>
    </a>
    <node xml:id="n176"/>
    <a label="vchunk" ref="n176" as="xces">
        <fs>
            <f name="voice" value="active"/>
            <f name="tense" value="Inf"/>
            <f name="type" value="NFVG"/>
        </fs>
    </a>
    <node xml:id="n177"/>
    <a label="vchunk" ref="n177" as="xces">
        <fs>
            <f name="voice" value="active"/>
            <f name="tense" value="Inf"/>
            <f name="type" value="NFVG"/>
        </fs>
    </a>
    <node xml:id="n178"/>
    <a label="vchunk" ref="n178" as="xces">
        <fs>
            <f name="voice" value="active"/>
            <f name="tense" value="Inf"/>
            <f name="type" value="NFVG"/>
        </fs>
    </a>
    <node xml:id="n179"/>
    <a label="vchunk" ref="n179" as="xces">
        <fs>
            <f name="voice" value="active"/>
            <f name="tense" value="SimPre"/>
            <f name="type" value="FVG"/>
        </fs>
    </a>
    <node xml:id="n18"/>
    <a label="vchunk" ref="n18" as="xces">
        <fs>
            <f name="voice" value="active"/>
            <f name="tense" value="SimPre"/>
            <f name="type" value="FVG"/>
        </fs>
    </a>
    <node xml:id="n180"/>
    <a label="vchunk" ref="n180" as="xces">
        <fs>
            <f name="voice" value="active"/>
            <f name="tense" value="Inf"/>
            <f name="type" value="NFVG"/>
        </fs>
    </a>
    <node xml:id="n181"/>
    <a label="vchunk" ref="n181" as="xces">
        <fs>
            <f name="voice" value="none"/>
            <f name="tense" value="Pas"/>
            <f name="type" value="PART"/>
        </fs>
    </a>
    <node xml:id="n182"/>
    <a label="vchunk" ref="n182" as="xces">
        <fs>
            <f name="voice" value="active"/>
            <f name="tense" value="SimPre"/>
            <f name="type" value="FVG"/>
        </fs>
    </a>
    <node xml:id="n183"/>
    <a label="vchunk" ref="n183" as="xces">
        <fs>
            <f name="voice" value="active"/>
            <f name="tense" value="SimPas"/>
            <f name="type" value="FVG"/>
        </fs>
    </a>
    <node xml:id="n184"/>
    <a label="vchunk" ref="n184" as="xces">
        <fs>
            <f name="voice" value="active"/>
            <f name="tense" value="SimPre"/>
            <f name="type" value="FVG"/>
        </fs>
    </a>
    <node xml:id="n185"/>
    <a label="vchunk" ref="n185" as="xces">
        <fs>
            <f name="voice" value="active"/>
            <f name="tense" value="SimPre"/>
            <f name="type" value="FVG"/>
        </fs>
    </a>
    <node xml:id="n186"/>
    <a label="vchunk" ref="n186" as="xces">
        <fs>
            <f name="voice" value="active"/>
            <f name="tense" value="Pre"/>
            <f name="type" value="PART"/>
        </fs>
    </a>
    <node xml:id="n187"/>
    <a label="vchunk" ref="n187" as="xces">
        <fs>
            <f name="voice" value="active"/>
            <f name="tense" value="SimPre"/>
            <f name="type" value="FVG"/>
        </fs>
    </a>
    <node xml:id="n188"/>
    <a label="vchunk" ref="n188" as="xces">
        <fs>
            <f name="voice" value="none"/>
            <f name="tense" value="Pas"/>
            <f name="type" value="PART"/>
        </fs>
    </a>
    <node xml:id="n189"/>
    <a label="vchunk" ref="n189" as="xces">
        <fs>
            <f name="voice" value="active"/>
            <f name="tense" value="Inf"/>
            <f name="type" value="NFVG"/>
        </fs>
    </a>
    <node xml:id="n19"/>
    <a label="vchunk" ref="n19" as="xces">
        <fs>
            <f name="voice" value="active"/>
            <f name="tense" value="PreCon"/>
            <f name="type" value="FVG"/>
        </fs>
    </a>
    <node xml:id="n190"/>
    <a label="vchunk" ref="n190" as="xces">
        <fs>
            <f name="voice" value="active"/>
            <f name="tense" value="PrePer"/>
            <f name="type" value="FVG"/>
        </fs>
    </a>
    <node xml:id="n191"/>
    <a label="vchunk" ref="n191" as="xces">
        <fs>
            <f name="voice" value="active"/>
            <f name="tense" value="PrePer"/>
            <f name="type" value="FVG"/>
        </fs>
    </a>
    <node xml:id="n192"/>
    <a label="vchunk" ref="n192" as="xces">
        <fs>
            <f name="neg" value="yes"/>
            <f name="voice" value="active"/>
            <f name="tense" value="SimPre"/>
            <f name="type" value="FVG"/>
        </fs>
    </a>
    <node xml:id="n193"/>
    <a label="vchunk" ref="n193" as="xces">
        <fs>
            <f name="voice" value="none"/>
            <f name="tense" value="none"/>
            <f name="type" value="MODAL"/>
        </fs>
    </a>
    <node xml:id="n194"/>
    <a label="vchunk" ref="n194" as="xces">
        <fs>
            <f name="voice" value="active"/>
            <f name="tense" value="SimPre"/>
            <f name="type" value="FVG"/>
        </fs>
    </a>
    <node xml:id="n195"/>
    <a label="vchunk" ref="n195" as="xces">
        <fs>
            <f name="voice" value="active"/>
            <f name="tense" value="Pre"/>
            <f name="type" value="PART"/>
        </fs>
    </a>
    <node xml:id="n196"/>
    <a label="vchunk" ref="n196" as="xces">
        <fs>
            <f name="voice" value="active"/>
            <f name="tense" value="Pre"/>
            <f name="type" value="PART"/>
        </fs>
    </a>
    <node xml:id="n197"/>
    <a label="vchunk" ref="n197" as="xces">
        <fs>
            <f name="voice" value="none"/>
            <f name="tense" value="none"/>
            <f name="type" value="MODAL"/>
        </fs>
    </a>
    <node xml:id="n198"/>
    <a label="vchunk" ref="n198" as="xces">
        <fs>
            <f name="voice" value="active"/>
            <f name="tense" value="SimPas"/>
            <f name="type" value="FVG"/>
        </fs>
    </a>
    <node xml:id="n199"/>
    <a label="vchunk" ref="n199" as="xces">
        <fs>
            <f name="voice" value="active"/>
            <f name="tense" value="SimPre"/>
            <f name="type" value="FVG"/>
        </fs>
    </a>
    <node xml:id="n2"/>
    <a label="vchunk" ref="n2" as="xces">
        <fs>
            <f name="voice" value="active"/>
            <f name="tense" value="SimPre"/>
            <f name="type" value="FVG"/>
        </fs>
    </a>
    <node xml:id="n20"/>
    <a label="vchunk" ref="n20" as="xces">
        <fs>
            <f name="voice" value="active"/>
            <f name="tense" value="Inf"/>
            <f name="type" value="NFVG"/>
        </fs>
    </a>
    <node xml:id="n200"/>
    <a label="vchunk" ref="n200" as="xces">
        <fs>
            <f name="voice" value="none"/>
            <f name="tense" value="none"/>
            <f name="type" value="MODAL"/>
        </fs>
    </a>
    <node xml:id="n201"/>
    <a label="vchunk" ref="n201" as="xces">
        <fs>
            <f name="voice" value="active"/>
            <f name="tense" value="SimPre"/>
            <f name="type" value="FVG"/>
        </fs>
    </a>
    <node xml:id="n202"/>
    <a label="vchunk" ref="n202" as="xces">
        <fs>
            <f name="voice" value="active"/>
            <f name="tense" value="SimPre"/>
            <f name="type" value="FVG"/>
        </fs>
    </a>
    <node xml:id="n203"/>
    <a label="vchunk" ref="n203" as="xces">
        <fs>
            <f name="voice" value="active"/>
            <f name="tense" value="SimPre"/>
            <f name="type" value="FVG"/>
        </fs>
    </a>
    <node xml:id="n204"/>
    <a label="vchunk" ref="n204" as="xces">
        <fs>
            <f name="voice" value="active"/>
            <f name="tense" value="SimPre"/>
            <f name="type" value="FVG"/>
        </fs>
    </a>
    <node xml:id="n205"/>
    <a label="vchunk" ref="n205" as="xces">
        <fs>
            <f name="neg" value="yes"/>
            <f name="voice" value="active"/>
            <f name="tense" value="SimPre"/>
            <f name="type" value="FVG"/>
        </fs>
    </a>
    <node xml:id="n206"/>
    <a label="vchunk" ref="n206" as="xces">
        <fs>
            <f name="neg" value="yes"/>
            <f name="voice" value="active"/>
            <f name="tense" value="SimPas"/>
            <f name="type" value="FVG"/>
        </fs>
    </a>
    <node xml:id="n207"/>
    <a label="vchunk" ref="n207" as="xces">
        <fs>
            <f name="voice" value="none"/>
            <f name="tense" value="none"/>
            <f name="type" value="MODAL"/>
        </fs>
    </a>
    <node xml:id="n208"/>
    <a label="vchunk" ref="n208" as="xces">
        <fs>
            <f name="voice" value="active"/>
            <f name="tense" value="SimPre"/>
            <f name="type" value="FVG"/>
        </fs>
    </a>
    <node xml:id="n209"/>
    <a label="vchunk" ref="n209" as="xces">
        <fs>
            <f name="neg" value="yes"/>
            <f name="voice" value="active"/>
            <f name="tense" value="SimPre"/>
            <f name="type" value="FVG"/>
        </fs>
    </a>
    <node xml:id="n21"/>
    <a label="vchunk" ref="n21" as="xces">
        <fs>
            <f name="voice" value="active"/>
            <f name="tense" value="SimPre"/>
            <f name="type" value="FVG"/>
        </fs>
    </a>
    <node xml:id="n210"/>
    <a label="vchunk" ref="n210" as="xces">
        <fs>
            <f name="voice" value="active"/>
            <f name="tense" value="SimPre"/>
            <f name="type" value="FVG"/>
        </fs>
    </a>
    <node xml:id="n211"/>
    <a label="vchunk" ref="n211" as="xces">
        <fs>
            <f name="voice" value="active"/>
            <f name="tense" value="SimPre"/>
            <f name="type" value="FVG"/>
        </fs>
    </a>
    <node xml:id="n212"/>
    <a label="vchunk" ref="n212" as="xces">
        <fs>
            <f name="neg" value="yes"/>
            <f name="voice" value="active"/>
            <f name="tense" value="SimPre"/>
            <f name="type" value="FVG"/>
        </fs>
    </a>
    <node xml:id="n213"/>
    <a label="vchunk" ref="n213" as="xces">
        <fs>
            <f name="voice" value="none"/>
            <f name="tense" value="none"/>
            <f name="type" value="MODAL"/>
        </fs>
    </a>
    <node xml:id="n214"/>
    <a label="vchunk" ref="n214" as="xces">
        <fs>
            <f name="voice" value="active"/>
            <f name="tense" value="Inf"/>
            <f name="type" value="NFVG"/>
        </fs>
    </a>
    <node xml:id="n215"/>
    <a label="vchunk" ref="n215" as="xces">
        <fs>
            <f name="voice" value="active"/>
            <f name="tense" value="SimPre"/>
            <f name="type" value="FVG"/>
        </fs>
    </a>
    <node xml:id="n216"/>
    <a label="vchunk" ref="n216" as="xces">
        <fs>
            <f name="voice" value="active"/>
            <f name="tense" value="SimPre"/>
            <f name="type" value="FVG"/>
        </fs>
    </a>
    <node xml:id="n217"/>
    <a label="vchunk" ref="n217" as="xces">
        <fs>
            <f name="voice" value="active"/>
            <f name="tense" value="SimPre"/>
            <f name="type" value="FVG"/>
        </fs>
    </a>
    <node xml:id="n218"/>
    <a label="vchunk" ref="n218" as="xces">
        <fs>
            <f name="voice" value="active"/>
            <f name="tense" value="Inf"/>
            <f name="type" value="NFVG"/>
        </fs>
    </a>
    <node xml:id="n219"/>
    <a label="vchunk" ref="n219" as="xces">
        <fs>
            <f name="voice" value="active"/>
            <f name="tense" value="SimPre"/>
            <f name="type" value="FVG"/>
        </fs>
    </a>
    <node xml:id="n22"/>
    <a label="vchunk" ref="n22" as="xces">
        <fs>
            <f name="voice" value="active"/>
            <f name="tense" value="PreCon"/>
            <f name="type" value="FVG"/>
        </fs>
    </a>
    <node xml:id="n220"/>
    <a label="vchunk" ref="n220" as="xces">
        <fs>
            <f name="voice" value="active"/>
            <f name="tense" value="SimPre"/>
            <f name="type" value="FVG"/>
        </fs>
    </a>
    <node xml:id="n221"/>
    <a label="vchunk" ref="n221" as="xces">
        <fs>
            <f name="voice" value="none"/>
            <f name="tense" value="none"/>
            <f name="type" value="MODAL"/>
        </fs>
    </a>
    <node xml:id="n222"/>
    <a label="vchunk" ref="n222" as="xces">
        <fs>
            <f name="voice" value="none"/>
            <f name="tense" value="none"/>
            <f name="type" value="MODAL"/>
        </fs>
    </a>
    <node xml:id="n223"/>
    <a label="vchunk" ref="n223" as="xces">
        <fs>
            <f name="voice" value="active"/>
            <f name="tense" value="SimPre"/>
            <f name="type" value="FVG"/>
        </fs>
    </a>
    <node xml:id="n224"/>
    <a label="vchunk" ref="n224" as="xces">
        <fs>
            <f name="voice" value="active"/>
            <f name="tense" value="Inf"/>
            <f name="type" value="NFVG"/>
        </fs>
    </a>
    <node xml:id="n225"/>
    <a label="vchunk" ref="n225" as="xces">
        <fs>
            <f name="voice" value="active"/>
            <f name="tense" value="Inf"/>
            <f name="type" value="NFVG"/>
        </fs>
    </a>
    <node xml:id="n226"/>
    <a label="vchunk" ref="n226" as="xces">
        <fs>
            <f name="voice" value="active"/>
            <f name="tense" value="SimPre"/>
            <f name="type" value="FVG"/>
        </fs>
    </a>
    <node xml:id="n227"/>
    <a label="vchunk" ref="n227" as="xces">
        <fs>
            <f name="voice" value="none"/>
            <f name="tense" value="none"/>
            <f name="type" value="MODAL"/>
        </fs>
    </a>
    <node xml:id="n228"/>
    <a label="vchunk" ref="n228" as="xces">
        <fs>
            <f name="voice" value="none"/>
            <f name="tense" value="none"/>
            <f name="type" value="MODAL"/>
        </fs>
    </a>
    <node xml:id="n229"/>
    <a label="vchunk" ref="n229" as="xces">
        <fs>
            <f name="voice" value="active"/>
            <f name="tense" value="SimPre"/>
            <f name="type" value="FVG"/>
        </fs>
    </a>
    <node xml:id="n23"/>
    <a label="vchunk" ref="n23" as="xces">
        <fs>
            <f name="voice" value="active"/>
            <f name="tense" value="Inf"/>
            <f name="type" value="NFVG"/>
        </fs>
    </a>
    <node xml:id="n230"/>
    <a label="vchunk" ref="n230" as="xces">
        <fs>
            <f name="voice" value="active"/>
            <f name="tense" value="SimPre"/>
            <f name="type" value="FVG"/>
        </fs>
    </a>
    <node xml:id="n231"/>
    <a label="vchunk" ref="n231" as="xces">
        <fs>
            <f name="voice" value="active"/>
            <f name="tense" value="SimPre"/>
            <f name="type" value="FVG"/>
        </fs>
    </a>
    <node xml:id="n232"/>
    <a label="vchunk" ref="n232" as="xces">
        <fs>
            <f name="voice" value="active"/>
            <f name="tense" value="SimPre"/>
            <f name="type" value="FVG"/>
        </fs>
    </a>
    <node xml:id="n233"/>
    <a label="vchunk" ref="n233" as="xces">
        <fs>
            <f name="voice" value="active"/>
            <f name="tense" value="SimPre"/>
            <f name="type" value="FVG"/>
        </fs>
    </a>
    <node xml:id="n234"/>
    <a label="vchunk" ref="n234" as="xces">
        <fs>
            <f name="voice" value="active"/>
            <f name="tense" value="SimPas"/>
            <f name="type" value="FVG"/>
        </fs>
    </a>
    <node xml:id="n235"/>
    <a label="vchunk" ref="n235" as="xces">
        <fs>
            <f name="voice" value="active"/>
            <f name="tense" value="Inf"/>
            <f name="type" value="NFVG"/>
        </fs>
    </a>
    <node xml:id="n236"/>
    <a label="vchunk" ref="n236" as="xces">
        <fs>
            <f name="voice" value="active"/>
            <f name="tense" value="SimPre"/>
            <f name="type" value="FVG"/>
        </fs>
    </a>
    <node xml:id="n237"/>
    <a label="vchunk" ref="n237" as="xces">
        <fs>
            <f name="voice" value="active"/>
            <f name="tense" value="SimPas"/>
            <f name="type" value="FVG"/>
        </fs>
    </a>
    <node xml:id="n238"/>
    <a label="vchunk" ref="n238" as="xces">
        <fs>
            <f name="voice" value="active"/>
            <f name="tense" value="SimPas"/>
            <f name="type" value="FVG"/>
        </fs>
    </a>
    <node xml:id="n239"/>
    <a label="vchunk" ref="n239" as="xces">
        <fs>
            <f name="voice" value="active"/>
            <f name="tense" value="SimPas"/>
            <f name="type" value="FVG"/>
        </fs>
    </a>
    <node xml:id="n24"/>
    <a label="vchunk" ref="n24" as="xces">
        <fs>
            <f name="voice" value="active"/>
            <f name="tense" value="Inf"/>
            <f name="type" value="NFVG"/>
        </fs>
    </a>
    <node xml:id="n240"/>
    <a label="vchunk" ref="n240" as="xces">
        <fs>
            <f name="voice" value="active"/>
            <f name="tense" value="Inf"/>
            <f name="type" value="NFVG"/>
        </fs>
    </a>
    <node xml:id="n241"/>
    <a label="vchunk" ref="n241" as="xces">
        <fs>
            <f name="voice" value="active"/>
            <f name="tense" value="SimPre"/>
            <f name="type" value="FVG"/>
        </fs>
    </a>
    <node xml:id="n242"/>
    <a label="vchunk" ref="n242" as="xces">
        <fs>
            <f name="voice" value="active"/>
            <f name="tense" value="SimPas"/>
            <f name="type" value="FVG"/>
        </fs>
    </a>
    <node xml:id="n243"/>
    <a label="vchunk" ref="n243" as="xces">
        <fs>
            <f name="voice" value="active"/>
            <f name="tense" value="Pre"/>
            <f name="type" value="PART"/>
        </fs>
    </a>
    <node xml:id="n244"/>
    <a label="vchunk" ref="n244" as="xces">
        <fs>
            <f name="voice" value="active"/>
            <f name="tense" value="Pre"/>
            <f name="type" value="PART"/>
        </fs>
    </a>
    <node xml:id="n245"/>
    <a label="vchunk" ref="n245" as="xces">
        <fs>
            <f name="voice" value="active"/>
            <f name="tense" value="Pre"/>
            <f name="type" value="PART"/>
        </fs>
    </a>
    <node xml:id="n246"/>
    <a label="vchunk" ref="n246" as="xces">
        <fs>
            <f name="voice" value="active"/>
            <f name="tense" value="SimPas"/>
            <f name="type" value="FVG"/>
        </fs>
    </a>
    <node xml:id="n247"/>
    <a label="vchunk" ref="n247" as="xces">
        <fs>
            <f name="voice" value="active"/>
            <f name="tense" value="Inf"/>
            <f name="type" value="NFVG"/>
        </fs>
    </a>
    <node xml:id="n248"/>
    <a label="vchunk" ref="n248" as="xces">
        <fs>
            <f name="voice" value="active"/>
            <f name="tense" value="SimPas"/>
            <f name="type" value="FVG"/>
        </fs>
    </a>
    <node xml:id="n249"/>
    <a label="vchunk" ref="n249" as="xces">
        <fs>
            <f name="voice" value="active"/>
            <f name="tense" value="SimPas"/>
            <f name="type" value="FVG"/>
        </fs>
    </a>
    <node xml:id="n25"/>
    <a label="vchunk" ref="n25" as="xces">
        <fs>
            <f name="voice" value="active"/>
            <f name="tense" value="Inf"/>
            <f name="type" value="NFVG"/>
        </fs>
    </a>
    <node xml:id="n250"/>
    <a label="vchunk" ref="n250" as="xces">
        <fs>
            <f name="voice" value="active"/>
            <f name="tense" value="SimPas"/>
            <f name="type" value="FVG"/>
        </fs>
    </a>
    <node xml:id="n251"/>
    <a label="vchunk" ref="n251" as="xces">
        <fs>
            <f name="voice" value="active"/>
            <f name="tense" value="SimPas"/>
            <f name="type" value="FVG"/>
        </fs>
    </a>
    <node xml:id="n252"/>
    <a label="vchunk" ref="n252" as="xces">
        <fs>
            <f name="voice" value="active"/>
            <f name="tense" value="SimPas"/>
            <f name="type" value="FVG"/>
        </fs>
    </a>
    <node xml:id="n253"/>
    <a label="vchunk" ref="n253" as="xces">
        <fs>
            <f name="voice" value="active"/>
            <f name="tense" value="Pre"/>
            <f name="type" value="PART"/>
        </fs>
    </a>
    <node xml:id="n254"/>
    <a label="vchunk" ref="n254" as="xces">
        <fs>
            <f name="voice" value="active"/>
            <f name="tense" value="Pre"/>
            <f name="type" value="PART"/>
        </fs>
    </a>
    <node xml:id="n255"/>
    <a label="vchunk" ref="n255" as="xces">
        <fs>
            <f name="voice" value="active"/>
            <f name="tense" value="PreCon"/>
            <f name="type" value="FVG"/>
        </fs>
    </a>
    <node xml:id="n256"/>
    <a label="vchunk" ref="n256" as="xces">
        <fs>
            <f name="voice" value="active"/>
            <f name="tense" value="SimPre"/>
            <f name="type" value="FVG"/>
        </fs>
    </a>
    <node xml:id="n257"/>
    <a label="vchunk" ref="n257" as="xces">
        <fs>
            <f name="voice" value="active"/>
            <f name="tense" value="PrePer"/>
            <f name="type" value="FVG"/>
        </fs>
    </a>
    <node xml:id="n258"/>
    <a label="vchunk" ref="n258" as="xces">
        <fs>
            <f name="voice" value="active"/>
            <f name="tense" value="Pre"/>
            <f name="type" value="PART"/>
        </fs>
    </a>
    <node xml:id="n259"/>
    <a label="vchunk" ref="n259" as="xces">
        <fs>
            <f name="voice" value="active"/>
            <f name="tense" value="SimPas"/>
            <f name="type" value="FVG"/>
        </fs>
    </a>
    <node xml:id="n26"/>
    <a label="vchunk" ref="n26" as="xces">
        <fs>
            <f name="voice" value="active"/>
            <f name="tense" value="SimPre"/>
            <f name="type" value="FVG"/>
        </fs>
    </a>
    <node xml:id="n260"/>
    <a label="vchunk" ref="n260" as="xces">
        <fs>
            <f name="voice" value="active"/>
            <f name="tense" value="Pre"/>
            <f name="type" value="PART"/>
        </fs>
    </a>
    <node xml:id="n261"/>
    <a label="vchunk" ref="n261" as="xces">
        <fs>
            <f name="voice" value="active"/>
            <f name="tense" value="Inf"/>
            <f name="type" value="NFVG"/>
        </fs>
    </a>
    <node xml:id="n27"/>
    <a label="vchunk" ref="n27" as="xces">
        <fs>
            <f name="voice" value="active"/>
            <f name="tense" value="SimPre"/>
            <f name="type" value="FVG"/>
        </fs>
    </a>
    <node xml:id="n28"/>
    <a label="vchunk" ref="n28" as="xces">
        <fs>
            <f name="voice" value="active"/>
            <f name="tense" value="Pre"/>
            <f name="type" value="PART"/>
        </fs>
    </a>
    <node xml:id="n29"/>
    <a label="vchunk" ref="n29" as="xces">
        <fs>
            <f name="voice" value="active"/>
            <f name="tense" value="SimPre"/>
            <f name="type" value="FVG"/>
        </fs>
    </a>
    <node xml:id="n3"/>
    <a label="vchunk" ref="n3" as="xces">
        <fs>
            <f name="voice" value="none"/>
            <f name="tense" value="Pas"/>
            <f name="type" value="PART"/>
        </fs>
    </a>
    <node xml:id="n30"/>
    <a label="vchunk" ref="n30" as="xces">
        <fs>
            <f name="voice" value="active"/>
            <f name="tense" value="Pre"/>
            <f name="type" value="PART"/>
        </fs>
    </a>
    <node xml:id="n31"/>
    <a label="vchunk" ref="n31" as="xces">
        <fs>
            <f name="voice" value="active"/>
            <f name="type" value="PART"/>
            <f name="tesne" value="Pre"/>
        </fs>
    </a>
    <node xml:id="n32"/>
    <a label="vchunk" ref="n32" as="xces">
        <fs>
            <f name="voice" value="active"/>
            <f name="tense" value="SImPre"/>
            <f name="type" value="FVG"/>
        </fs>
    </a>
    <node xml:id="n33"/>
    <a label="vchunk" ref="n33" as="xces">
        <fs>
            <f name="voice" value="active"/>
            <f name="tense" value="SimPre"/>
            <f name="type" value="FVG"/>
        </fs>
    </a>
    <node xml:id="n34"/>
    <a label="vchunk" ref="n34" as="xces">
        <fs>
            <f name="voice" value="none"/>
            <f name="tense" value="Pas"/>
            <f name="type" value="PART"/>
        </fs>
    </a>
    <node xml:id="n35"/>
    <a label="vchunk" ref="n35" as="xces">
        <fs>
            <f name="voice" value="active"/>
            <f name="tense" value="SimPre"/>
            <f name="type" value="FVG"/>
        </fs>
    </a>
    <node xml:id="n36"/>
    <a label="vchunk" ref="n36" as="xces">
        <fs>
            <f name="voice" value="active"/>
            <f name="tense" value="SimPre"/>
            <f name="type" value="FVG"/>
        </fs>
    </a>
    <node xml:id="n37"/>
    <a label="vchunk" ref="n37" as="xces">
        <fs>
            <f name="voice" value="passive"/>
            <f name="tense" value="SimPre"/>
            <f name="type" value="FVG"/>
        </fs>
    </a>
    <node xml:id="n38"/>
    <a label="vchunk" ref="n38" as="xces">
        <fs>
            <f name="voice" value="active"/>
            <f name="tense" value="SimPre"/>
            <f name="type" value="FVG"/>
        </fs>
    </a>
    <node xml:id="n39"/>
    <a label="vchunk" ref="n39" as="xces">
        <fs>
            <f name="voice" value="active"/>
            <f name="tense" value="SimPre"/>
            <f name="type" value="FVG"/>
        </fs>
    </a>
    <node xml:id="n4"/>
    <a label="vchunk" ref="n4" as="xces">
        <fs>
            <f name="voice" value="active"/>
            <f name="tense" value="Pre"/>
            <f name="type" value="PART"/>
        </fs>
    </a>
    <node xml:id="n40"/>
    <a label="vchunk" ref="n40" as="xces">
        <fs>
            <f name="voice" value="active"/>
            <f name="tense" value="SimPre"/>
            <f name="type" value="FVG"/>
        </fs>
    </a>
    <node xml:id="n41"/>
    <a label="vchunk" ref="n41" as="xces">
        <fs>
            <f name="voice" value="active"/>
            <f name="tense" value="SimPre"/>
            <f name="type" value="FVG"/>
        </fs>
    </a>
    <node xml:id="n42"/>
    <a label="vchunk" ref="n42" as="xces">
        <fs>
            <f name="voice" value="active"/>
            <f name="tense" value="SimPas"/>
            <f name="type" value="FVG"/>
        </fs>
    </a>
    <node xml:id="n43"/>
    <a label="vchunk" ref="n43" as="xces">
        <fs>
            <f name="voice" value="active"/>
            <f name="tense" value="SimPre"/>
            <f name="type" value="FVG"/>
        </fs>
    </a>
    <node xml:id="n44"/>
    <a label="vchunk" ref="n44" as="xces">
        <fs>
            <f name="voice" value="active"/>
            <f name="tense" value="PrePer"/>
            <f name="type" value="FVG"/>
        </fs>
    </a>
    <node xml:id="n45"/>
    <a label="vchunk" ref="n45" as="xces">
        <fs>
            <f name="voice" value="active"/>
            <f name="tense" value="Inf"/>
            <f name="type" value="NFVG"/>
        </fs>
    </a>
    <node xml:id="n46"/>
    <a label="vchunk" ref="n46" as="xces">
        <fs>
            <f name="voice" value="active"/>
            <f name="tense" value="SimFut"/>
            <f name="type" value="FVG"/>
        </fs>
    </a>
    <node xml:id="n47"/>
    <a label="vchunk" ref="n47" as="xces">
        <fs>
            <f name="voice" value="active"/>
            <f name="tense" value="Inf"/>
            <f name="type" value="NFVG"/>
        </fs>
    </a>
    <node xml:id="n48"/>
    <a label="vchunk" ref="n48" as="xces">
        <fs>
            <f name="voice" value="active"/>
            <f name="tense" value="SimPre"/>
            <f name="type" value="FVG"/>
        </fs>
    </a>
    <node xml:id="n49"/>
    <a label="vchunk" ref="n49" as="xces">
        <fs>
            <f name="voice" value="active"/>
            <f name="tense" value="PrePer"/>
            <f name="type" value="FVG"/>
        </fs>
    </a>
    <node xml:id="n5"/>
    <a label="vchunk" ref="n5" as="xces">
        <fs>
            <f name="voice" value="active"/>
            <f name="tense" value="SimPre"/>
            <f name="type" value="FVG"/>
        </fs>
    </a>
    <node xml:id="n50"/>
    <a label="vchunk" ref="n50" as="xces">
        <fs>
            <f name="voice" value="active"/>
            <f name="tense" value="SimPre"/>
            <f name="type" value="FVG"/>
        </fs>
    </a>
    <node xml:id="n51"/>
    <a label="vchunk" ref="n51" as="xces">
        <fs>
            <f name="neg" value="yes"/>
            <f name="voice" value="active"/>
            <f name="tense" value="SimPre"/>
            <f name="type" value="FVG"/>
        </fs>
    </a>
    <node xml:id="n52"/>
    <a label="vchunk" ref="n52" as="xces">
        <fs>
            <f name="voice" value="none"/>
            <f name="tense" value="none"/>
            <f name="type" value="MODAL"/>
        </fs>
    </a>
    <node xml:id="n53"/>
    <a label="vchunk" ref="n53" as="xces">
        <fs>
            <f name="voice" value="active"/>
            <f name="tense" value="Inf"/>
            <f name="type" value="NFVG"/>
        </fs>
    </a>
    <node xml:id="n54"/>
    <a label="vchunk" ref="n54" as="xces">
        <fs>
            <f name="voice" value="none"/>
            <f name="tense" value="Pas"/>
            <f name="type" value="PART"/>
        </fs>
    </a>
    <node xml:id="n55"/>
    <a label="vchunk" ref="n55" as="xces">
        <fs>
            <f name="voice" value="active"/>
            <f name="tense" value="Inf"/>
            <f name="type" value="NFVG"/>
        </fs>
    </a>
    <node xml:id="n56"/>
    <a label="vchunk" ref="n56" as="xces">
        <fs>
            <f name="voice" value="active"/>
            <f name="tense" value="PrePer"/>
            <f name="type" value="FVG"/>
        </fs>
    </a>
    <node xml:id="n57"/>
    <a label="vchunk" ref="n57" as="xces">
        <fs>
            <f name="voice" value="none"/>
            <f name="tense" value="none"/>
            <f name="type" value="MODAL"/>
        </fs>
    </a>
    <node xml:id="n58"/>
    <a label="vchunk" ref="n58" as="xces">
        <fs>
            <f name="voice" value="active"/>
            <f name="tense" value="SimPre"/>
            <f name="type" value="FVG"/>
        </fs>
    </a>
    <node xml:id="n59"/>
    <a label="vchunk" ref="n59" as="xces">
        <fs>
            <f name="voice" value="none"/>
            <f name="tense" value="BeVBN"/>
            <f name="type" value="MODAL"/>
        </fs>
    </a>
    <node xml:id="n6"/>
    <a label="vchunk" ref="n6" as="xces">
        <fs>
            <f name="voice" value="active"/>
            <f name="tense" value="Pre"/>
            <f name="type" value="PART"/>
        </fs>
    </a>
    <node xml:id="n60"/>
    <a label="vchunk" ref="n60" as="xces">
        <fs>
            <f name="voice" value="active"/>
            <f name="tense" value="SimPre"/>
            <f name="type" value="FVG"/>
        </fs>
    </a>
    <node xml:id="n61"/>
    <a label="vchunk" ref="n61" as="xces">
        <fs>
            <f name="voice" value="active"/>
            <f name="tense" value="SimPre"/>
            <f name="type" value="FVG"/>
        </fs>
    </a>
    <node xml:id="n62"/>
    <a label="vchunk" ref="n62" as="xces">
        <fs>
            <f name="voice" value="active"/>
            <f name="tense" value="SimPre"/>
            <f name="type" value="FVG"/>
        </fs>
    </a>
    <node xml:id="n63"/>
    <a label="vchunk" ref="n63" as="xces">
        <fs>
            <f name="voice" value="active"/>
            <f name="tense" value="SimPre"/>
            <f name="type" value="FVG"/>
        </fs>
    </a>
    <node xml:id="n64"/>
    <a label="vchunk" ref="n64" as="xces">
        <fs>
            <f name="voice" value="active"/>
            <f name="tense" value="Pre"/>
            <f name="type" value="PART"/>
        </fs>
    </a>
    <node xml:id="n65"/>
    <a label="vchunk" ref="n65" as="xces">
        <fs>
            <f name="voice" value="active"/>
            <f name="tense" value="Inf"/>
            <f name="type" value="NFVG"/>
        </fs>
    </a>
    <node xml:id="n66"/>
    <a label="vchunk" ref="n66" as="xces">
        <fs>
            <f name="voice" value="none"/>
            <f name="tense" value="BeVBN"/>
            <f name="type" value="MODAL"/>
        </fs>
    </a>
    <node xml:id="n67"/>
    <a label="vchunk" ref="n67" as="xces">
        <fs>
            <f name="voice" value="active"/>
            <f name="tense" value="Pre"/>
            <f name="type" value="PART"/>
        </fs>
    </a>
    <node xml:id="n68"/>
    <a label="vchunk" ref="n68" as="xces">
        <fs>
            <f name="voice" value="active"/>
            <f name="tense" value="Pre"/>
            <f name="type" value="PART"/>
        </fs>
    </a>
    <node xml:id="n69"/>
    <a label="vchunk" ref="n69" as="xces">
        <fs>
            <f name="voice" value="active"/>
            <f name="tense" value="Inf"/>
            <f name="type" value="NFVG"/>
        </fs>
    </a>
    <node xml:id="n7"/>
    <a label="vchunk" ref="n7" as="xces">
        <fs>
            <f name="voice" value="active"/>
            <f name="tense" value="SimPre"/>
            <f name="type" value="FVG"/>
        </fs>
    </a>
    <node xml:id="n70"/>
    <a label="vchunk" ref="n70" as="xces">
        <fs>
            <f name="voice" value="active"/>
            <f name="tense" value="Inf"/>
            <f name="type" value="NFVG"/>
        </fs>
    </a>
    <node xml:id="n71"/>
    <a label="vchunk" ref="n71" as="xces">
        <fs>
            <f name="voice" value="active"/>
            <f name="tense" value="Inf"/>
            <f name="type" value="NFVG"/>
        </fs>
    </a>
    <node xml:id="n72"/>
    <a label="vchunk" ref="n72" as="xces">
        <fs>
            <f name="voice" value="active"/>
            <f name="tense" value="Inf"/>
            <f name="type" value="NFVG"/>
        </fs>
    </a>
    <node xml:id="n73"/>
    <a label="vchunk" ref="n73" as="xces">
        <fs>
            <f name="voice" value="active"/>
            <f name="tense" value="SimPre"/>
            <f name="type" value="FVG"/>
        </fs>
    </a>
    <node xml:id="n74"/>
    <a label="vchunk" ref="n74" as="xces">
        <fs>
            <f name="voice" value="active"/>
            <f name="tense" value="SimPre"/>
            <f name="type" value="FVG"/>
        </fs>
    </a>
    <node xml:id="n75"/>
    <a label="vchunk" ref="n75" as="xces">
        <fs>
            <f name="voice" value="active"/>
            <f name="tense" value="PreCon"/>
            <f name="type" value="FVG"/>
        </fs>
    </a>
    <node xml:id="n76"/>
    <a label="vchunk" ref="n76" as="xces">
        <fs>
            <f name="neg" value="yes"/>
            <f name="voice" value="active"/>
            <f name="tense" value="SimPre"/>
            <f name="type" value="FVG"/>
        </fs>
    </a>
    <node xml:id="n77"/>
    <a label="vchunk" ref="n77" as="xces">
        <fs>
            <f name="voice" value="active"/>
            <f name="tense" value="SimPre"/>
            <f name="type" value="FVG"/>
        </fs>
    </a>
    <node xml:id="n78"/>
    <a label="vchunk" ref="n78" as="xces">
        <fs>
            <f name="voice" value="active"/>
            <f name="tense" value="SimPre"/>
            <f name="type" value="FVG"/>
        </fs>
    </a>
    <node xml:id="n79"/>
    <a label="vchunk" ref="n79" as="xces">
        <fs>
            <f name="voice" value="active"/>
            <f name="tense" value="SimPre"/>
            <f name="type" value="FVG"/>
        </fs>
    </a>
    <node xml:id="n8"/>
    <a label="vchunk" ref="n8" as="xces">
        <fs>
            <f name="voice" value="active"/>
            <f name="tense" value="Pre"/>
            <f name="type" value="PART"/>
        </fs>
    </a>
    <node xml:id="n80"/>
    <a label="vchunk" ref="n80" as="xces">
        <fs>
            <f name="voice" value="active"/>
            <f name="tense" value="SimPre"/>
            <f name="type" value="FVG"/>
        </fs>
    </a>
    <node xml:id="n81"/>
    <a label="vchunk" ref="n81" as="xces">
        <fs>
            <f name="voice" value="active"/>
            <f name="tense" value="Inf"/>
            <f name="type" value="NFVG"/>
        </fs>
    </a>
    <node xml:id="n82"/>
    <a label="vchunk" ref="n82" as="xces">
        <fs>
            <f name="voice" value="active"/>
            <f name="tense" value="Inf"/>
            <f name="type" value="NFVG"/>
        </fs>
    </a>
    <node xml:id="n83"/>
    <a label="vchunk" ref="n83" as="xces">
        <fs>
            <f name="voice" value="active"/>
            <f name="tense" value="SimPre"/>
            <f name="type" value="FVG"/>
        </fs>
    </a>
    <node xml:id="n84"/>
    <a label="vchunk" ref="n84" as="xces">
        <fs>
            <f name="voice" value="active"/>
            <f name="tense" value="SimPas"/>
            <f name="type" value="FVG"/>
        </fs>
    </a>
    <node xml:id="n85"/>
    <a label="vchunk" ref="n85" as="xces">
        <fs>
            <f name="voice" value="active"/>
            <f name="tense" value="Pre"/>
            <f name="type" value="PART"/>
        </fs>
    </a>
    <node xml:id="n86"/>
    <a label="vchunk" ref="n86" as="xces">
        <fs>
            <f name="voice" value="active"/>
            <f name="tense" value="SimPas"/>
            <f name="type" value="FVG"/>
        </fs>
    </a>
    <node xml:id="n87"/>
    <a label="vchunk" ref="n87" as="xces">
        <fs>
            <f name="voice" value="none"/>
            <f name="tense" value="none"/>
            <f name="type" value="MODAL"/>
        </fs>
    </a>
    <node xml:id="n88"/>
    <a label="vchunk" ref="n88" as="xces">
        <fs>
            <f name="voice" value="none"/>
            <f name="tense" value="Pas"/>
            <f name="type" value="PART"/>
        </fs>
    </a>
    <node xml:id="n89"/>
    <a label="vchunk" ref="n89" as="xces">
        <fs>
            <f name="voice" value="active"/>
            <f name="tense" value="SimPas"/>
            <f name="type" value="FVG"/>
        </fs>
    </a>
    <node xml:id="n9"/>
    <a label="vchunk" ref="n9" as="xces">
        <fs>
            <f name="voice" value="active"/>
            <f name="tense" value="SimPre"/>
            <f name="type" value="FVG"/>
        </fs>
    </a>
    <node xml:id="n90"/>
    <a label="vchunk" ref="n90" as="xces">
        <fs>
            <f name="voice" value="none"/>
            <f name="tense" value="none"/>
            <f name="type" value="MODAL"/>
        </fs>
    </a>
    <node xml:id="n91"/>
    <a label="vchunk" ref="n91" as="xces">
        <fs>
            <f name="voice" value="active"/>
            <f name="tense" value="Inf"/>
            <f name="type" value="NFVG"/>
        </fs>
    </a>
    <node xml:id="n92"/>
    <a label="vchunk" ref="n92" as="xces">
        <fs>
            <f name="voice" value="active"/>
            <f name="tense" value="SimPre"/>
            <f name="type" value="FVG"/>
        </fs>
    </a>
    <node xml:id="n93"/>
    <a label="vchunk" ref="n93" as="xces">
        <fs>
            <f name="voice" value="active"/>
            <f name="tense" value="Pre"/>
            <f name="type" value="PART"/>
        </fs>
    </a>
    <node xml:id="n94"/>
    <a label="vchunk" ref="n94" as="xces">
        <fs>
            <f name="voice" value="active"/>
            <f name="tense" value="SimPre"/>
            <f name="type" value="FVG"/>
        </fs>
    </a>
    <node xml:id="n95"/>
    <a label="vchunk" ref="n95" as="xces">
        <fs>
            <f name="voice" value="active"/>
            <f name="tense" value="Pre"/>
            <f name="type" value="FVG"/>
        </fs>
    </a>
    <node xml:id="n96"/>
    <a label="vchunk" ref="n96" as="xces">
        <fs>
            <f name="voice" value="active"/>
            <f name="tense" value="Inf"/>
            <f name="type" value="NFVG"/>
        </fs>
    </a>
    <node xml:id="n97"/>
    <a label="vchunk" ref="n97" as="xces">
        <fs>
            <f name="voice" value="active"/>
            <f name="tense" value="Pre"/>
            <f name="type" value="PART"/>
        </fs>
    </a>
    <node xml:id="n98"/>
    <a label="vchunk" ref="n98" as="xces">
        <fs>
            <f name="voice" value="active"/>
            <f name="tense" value="SimPre"/>
            <f name="type" value="FVG"/>
        </fs>
    </a>
    <node xml:id="n99"/>
    <a label="vchunk" ref="n99" as="xces">
        <fs>
            <f name="voice" value="active"/>
            <f name="tense" value="SimPre"/>
            <f name="type" value="FVG"/>
        </fs>
    </a>
    <edge xml:id="lnk354" from="n99" to="penn-n541"/>
    <edge xml:id="lnk353" from="n98" to="penn-n535"/>
    <edge xml:id="lnk352" from="n97" to="penn-n530"/>
    <edge xml:id="lnk351" from="n96" to="penn-n526"/>
    <edge xml:id="lnk350" from="n96" to="penn-n525"/>
    <edge xml:id="lnk349" from="n96" to="penn-n524"/>
    <edge xml:id="lnk348" from="n96" to="penn-n523"/>
    <edge xml:id="lnk347" from="n95" to="penn-n520"/>
    <edge xml:id="lnk346" from="n95" to="penn-n519"/>
    <edge xml:id="lnk345" from="n94" to="penn-n517"/>
    <edge xml:id="lnk344" from="n93" to="penn-n510"/>
    <edge xml:id="lnk343" from="n92" to="penn-n508"/>
    <edge xml:id="lnk342" from="n91" to="penn-n502"/>
    <edge xml:id="lnk341" from="n91" to="penn-n501"/>
    <edge xml:id="lnk340" from="n90" to="penn-n496"/>
    <edge xml:id="lnk339" from="n90" to="penn-n495"/>
    <edge xml:id="lnk338" from="n90" to="penn-n494"/>
    <edge xml:id="lnk337" from="n9" to="penn-n42"/>
    <edge xml:id="lnk336" from="n89" to="penn-n490"/>
    <edge xml:id="lnk335" from="n88" to="penn-n485"/>
    <edge xml:id="lnk334" from="n87" to="penn-n483"/>
    <edge xml:id="lnk333" from="n87" to="penn-n482"/>
    <edge xml:id="lnk332" from="n86" to="penn-n478"/>
    <edge xml:id="lnk331" from="n85" to="penn-n474"/>
    <edge xml:id="lnk299" from="n65" to="penn-n336"/>
    <edge xml:id="lnk330" from="n84" to="penn-n456"/>
    <edge xml:id="lnk298" from="n64" to="penn-n335"/>
    <edge xml:id="lnk297" from="n63" to="penn-n334"/>
    <edge xml:id="lnk296" from="n62" to="penn-n322"/>
    <edge xml:id="lnk295" from="n61" to="penn-n318"/>
    <edge xml:id="lnk294" from="n60" to="penn-n316"/>
    <edge xml:id="lnk293" from="n6" to="penn-n25"/>
    <edge xml:id="lnk292" from="n59" to="penn-n308"/>
    <edge xml:id="lnk291" from="n59" to="penn-n307"/>
    <edge xml:id="lnk290" from="n59" to="penn-n306"/>
    <edge xml:id="lnk329" from="n83" to="penn-n445"/>
    <edge xml:id="lnk328" from="n82" to="penn-n443"/>
    <edge xml:id="lnk327" from="n81" to="penn-n441"/>
    <edge xml:id="lnk326" from="n80" to="penn-n433"/>
    <edge xml:id="lnk325" from="n8" to="penn-n31"/>
    <edge xml:id="lnk324" from="n79" to="penn-n425"/>
    <edge xml:id="lnk323" from="n78" to="penn-n422"/>
    <edge xml:id="lnk322" from="n77" to="penn-n419"/>
    <edge xml:id="lnk321" from="n76" to="penn-n415"/>
    <edge xml:id="lnk289" from="n58" to="penn-n303"/>
    <edge xml:id="lnk320" from="n76" to="penn-n414"/>
    <edge xml:id="lnk288" from="n57" to="penn-n296"/>
    <edge xml:id="lnk287" from="n57" to="penn-n295"/>
    <edge xml:id="lnk286" from="n56" to="penn-n288"/>
    <edge xml:id="lnk285" from="n56" to="penn-n287"/>
    <edge xml:id="lnk284" from="n55" to="penn-n281"/>
    <edge xml:id="lnk283" from="n55" to="penn-n280"/>
    <edge xml:id="lnk282" from="n54" to="penn-n279"/>
    <edge xml:id="lnk281" from="n53" to="penn-n278"/>
    <edge xml:id="lnk280" from="n53" to="penn-n277"/>
    <edge xml:id="lnk319" from="n76" to="penn-n413"/>
    <edge xml:id="lnk318" from="n76" to="penn-n412"/>
    <edge xml:id="lnk317" from="n75" to="penn-n405"/>
    <edge xml:id="lnk316" from="n75" to="penn-n404"/>
    <edge xml:id="lnk315" from="n74" to="penn-n394"/>
    <edge xml:id="lnk314" from="n73" to="penn-n386"/>
    <edge xml:id="lnk313" from="n72" to="penn-n384"/>
    <edge xml:id="lnk312" from="n71" to="penn-n380"/>
    <edge xml:id="lnk311" from="n70" to="penn-n368"/>
    <edge xml:id="lnk279" from="n52" to="penn-n276"/>
    <edge xml:id="lnk310" from="n70" to="penn-n367"/>
    <edge xml:id="lnk278" from="n52" to="penn-n275"/>
    <edge xml:id="lnk277" from="n51" to="penn-n268"/>
    <edge xml:id="lnk276" from="n51" to="penn-n267"/>
    <edge xml:id="lnk275" from="n50" to="penn-n260"/>
    <edge xml:id="lnk274" from="n5" to="penn-n23"/>
    <edge xml:id="lnk273" from="n49" to="penn-n252"/>
    <edge xml:id="lnk272" from="n49" to="penn-n251"/>
    <edge xml:id="lnk271" from="n48" to="penn-n247"/>
    <edge xml:id="lnk270" from="n47" to="penn-n235"/>
    <edge xml:id="lnk309" from="n7" to="penn-n30"/>
    <edge xml:id="lnk308" from="n69" to="penn-n364"/>
    <edge xml:id="lnk307" from="n69" to="penn-n363"/>
    <edge xml:id="lnk306" from="n68" to="penn-n360"/>
    <edge xml:id="lnk305" from="n67" to="penn-n350"/>
    <edge xml:id="lnk304" from="n66" to="penn-n349"/>
    <edge xml:id="lnk303" from="n66" to="penn-n348"/>
    <edge xml:id="lnk302" from="n66" to="penn-n347"/>
    <edge xml:id="lnk301" from="n66" to="penn-n346"/>
    <edge xml:id="lnk269" from="n46" to="penn-n227"/>
    <edge xml:id="lnk300" from="n65" to="penn-n337"/>
    <edge xml:id="lnk268" from="n46" to="penn-n226"/>
    <edge xml:id="lnk267" from="n45" to="penn-n221"/>
    <edge xml:id="lnk266" from="n45" to="penn-n220"/>
    <edge xml:id="lnk265" from="n44" to="penn-n219"/>
    <edge xml:id="lnk264" from="n44" to="penn-n218"/>
    <edge xml:id="lnk263" from="n43" to="penn-n213"/>
    <edge xml:id="lnk262" from="n42" to="penn-n207"/>
    <edge xml:id="lnk261" from="n41" to="penn-n204"/>
    <edge xml:id="lnk260" from="n40" to="penn-n197"/>
    <edge xml:id="lnk259" from="n4" to="penn-n17"/>
    <edge xml:id="lnk258" from="n39" to="penn-n192"/>
    <edge xml:id="lnk257" from="n38" to="penn-n186"/>
    <edge xml:id="lnk256" from="n37" to="penn-n181"/>
    <edge xml:id="lnk255" from="n37" to="penn-n180"/>
    <edge xml:id="lnk254" from="n36" to="penn-n179"/>
    <edge xml:id="lnk253" from="n35" to="penn-n173"/>
    <edge xml:id="lnk252" from="n34" to="penn-n164"/>
    <edge xml:id="lnk251" from="n33" to="penn-n163"/>
    <edge xml:id="lnk250" from="n32" to="penn-n155"/>
    <edge xml:id="lnk249" from="n31" to="penn-n154"/>
    <edge xml:id="lnk248" from="n30" to="penn-n153"/>
    <edge xml:id="lnk247" from="n3" to="penn-n11"/>
    <edge xml:id="lnk246" from="n29" to="penn-n150"/>
    <edge xml:id="lnk245" from="n28" to="penn-n145"/>
    <edge xml:id="lnk244" from="n27" to="penn-n139"/>
    <edge xml:id="lnk243" from="n261" to="penn-n1317"/>
    <edge xml:id="lnk242" from="n260" to="penn-n1311"/>
    <edge xml:id="lnk241" from="n26" to="penn-n136"/>
    <edge xml:id="lnk240" from="n259" to="penn-n1309"/>
    <edge xml:id="lnk239" from="n258" to="penn-n1302"/>
    <edge xml:id="lnk238" from="n257" to="penn-n1301"/>
    <edge xml:id="lnk99" from="n165" to="penn-n879"/>
    <edge xml:id="lnk237" from="n257" to="penn-n1300"/>
    <edge xml:id="lnk98" from="n164" to="penn-n870"/>
    <edge xml:id="lnk236" from="n256" to="penn-n1288"/>
    <edge xml:id="lnk97" from="n164" to="penn-n869"/>
    <edge xml:id="lnk235" from="n255" to="penn-n1282"/>
    <edge xml:id="lnk96" from="n163" to="penn-n864"/>
    <edge xml:id="lnk234" from="n255" to="penn-n1281"/>
    <edge xml:id="lnk95" from="n162" to="penn-n860"/>
    <edge xml:id="lnk233" from="n254" to="penn-n1273"/>
    <edge xml:id="lnk94" from="n161" to="penn-n852"/>
    <edge xml:id="lnk232" from="n253" to="penn-n1267"/>
    <edge xml:id="lnk93" from="n160" to="penn-n848"/>
    <edge xml:id="lnk199" from="n227" to="penn-n1155"/>
    <edge xml:id="lnk231" from="n252" to="penn-n1265"/>
    <edge xml:id="lnk92" from="n16" to="penn-n80"/>
    <edge xml:id="lnk198" from="n226" to="penn-n1152"/>
    <edge xml:id="lnk230" from="n251" to="penn-n1262"/>
    <edge xml:id="lnk91" from="n159" to="penn-n845"/>
    <edge xml:id="lnk197" from="n225" to="penn-n1149"/>
    <edge xml:id="lnk90" from="n158" to="penn-n840"/>
    <edge xml:id="lnk196" from="n224" to="penn-n1138"/>
    <edge xml:id="lnk195" from="n223" to="penn-n1136"/>
    <edge xml:id="lnk194" from="n222" to="penn-n1132"/>
    <edge xml:id="lnk193" from="n222" to="penn-n1131"/>
    <edge xml:id="lnk192" from="n221" to="penn-n1127"/>
    <edge xml:id="lnk191" from="n221" to="penn-n1126"/>
    <edge xml:id="lnk190" from="n220" to="penn-n1123"/>
    <edge xml:id="lnk229" from="n250" to="penn-n1255"/>
    <edge xml:id="lnk228" from="n25" to="penn-n129"/>
    <edge xml:id="lnk89" from="n157" to="penn-n834"/>
    <edge xml:id="lnk227" from="n249" to="penn-n1249"/>
    <edge xml:id="lnk88" from="n156" to="penn-n829"/>
    <edge xml:id="lnk226" from="n248" to="penn-n1246"/>
    <edge xml:id="lnk87" from="n156" to="penn-n828"/>
    <edge xml:id="lnk225" from="n247" to="penn-n1243"/>
    <edge xml:id="lnk86" from="n156" to="penn-n827"/>
    <edge xml:id="lnk224" from="n247" to="penn-n1242"/>
    <edge xml:id="lnk85" from="n155" to="penn-n821"/>
    <edge xml:id="lnk223" from="n246" to="penn-n1236"/>
    <edge xml:id="lnk84" from="n154" to="penn-n817"/>
    <edge xml:id="lnk222" from="n245" to="penn-n1230"/>
    <edge xml:id="lnk83" from="n153" to="penn-n815"/>
    <edge xml:id="lnk189" from="n22" to="penn-n114"/>
    <edge xml:id="lnk221" from="n244" to="penn-n1229"/>
    <edge xml:id="lnk82" from="n153" to="penn-n814"/>
    <edge xml:id="lnk188" from="n22" to="penn-n113"/>
    <edge xml:id="lnk220" from="n243" to="penn-n1227"/>
    <edge xml:id="lnk81" from="n153" to="penn-n813"/>
    <edge xml:id="lnk187" from="n219" to="penn-n1120"/>
    <edge xml:id="lnk80" from="n152" to="penn-n808"/>
    <edge xml:id="lnk186" from="n218" to="penn-n1117"/>
    <edge xml:id="lnk185" from="n217" to="penn-n1115"/>
    <edge xml:id="lnk184" from="n216" to="penn-n1110"/>
    <edge xml:id="lnk183" from="n215" to="penn-n1106"/>
    <edge xml:id="lnk182" from="n214" to="penn-n1104"/>
    <edge xml:id="lnk181" from="n213" to="penn-n1101"/>
    <edge xml:id="lnk180" from="n213" to="penn-n1100"/>
    <edge xml:id="lnk219" from="n242" to="penn-n1221"/>
    <edge xml:id="lnk218" from="n241" to="penn-n1219"/>
    <edge xml:id="lnk79" from="n151" to="penn-n802"/>
    <edge xml:id="lnk217" from="n240" to="penn-n1217"/>
    <edge xml:id="lnk78" from="n150" to="penn-n796"/>
    <edge xml:id="lnk216" from="n24" to="penn-n124"/>
    <edge xml:id="lnk77" from="n150" to="penn-n795"/>
    <edge xml:id="lnk215" from="n239" to="penn-n1215"/>
    <edge xml:id="lnk76" from="n15" to="penn-n77"/>
    <edge xml:id="lnk214" from="n238" to="penn-n1211"/>
    <edge xml:id="lnk75" from="n15" to="penn-n76"/>
    <edge xml:id="lnk213" from="n237" to="penn-n1207"/>
    <edge xml:id="lnk74" from="n149" to="penn-n794"/>
    <edge xml:id="lnk212" from="n236" to="penn-n1204"/>
    <edge xml:id="lnk73" from="n148" to="penn-n792"/>
    <edge xml:id="lnk179" from="n212" to="penn-n1097"/>
    <edge xml:id="lnk211" from="n235" to="penn-n1201"/>
    <edge xml:id="lnk72" from="n147" to="penn-n786"/>
    <edge xml:id="lnk178" from="n212" to="penn-n1096"/>
    <edge xml:id="lnk210" from="n234" to="penn-n1197"/>
    <edge xml:id="lnk71" from="n146" to="penn-n779"/>
    <edge xml:id="lnk177" from="n212" to="penn-n1095"/>
    <edge xml:id="lnk70" from="n145" to="penn-n777"/>
    <edge xml:id="lnk176" from="n211" to="penn-n1093"/>
    <edge xml:id="lnk175" from="n210" to="penn-n1084"/>
    <edge xml:id="lnk174" from="n21" to="penn-n105"/>
    <edge xml:id="lnk173" from="n209" to="penn-n1078"/>
    <edge xml:id="lnk172" from="n209" to="penn-n1077"/>
    <edge xml:id="lnk171" from="n209" to="penn-n1076"/>
    <edge xml:id="lnk170" from="n208" to="penn-n1074"/>
    <edge xml:id="lnk209" from="n233" to="penn-n1194"/>
    <edge xml:id="lnk208" from="n232" to="penn-n1192"/>
    <edge xml:id="lnk69" from="n145" to="penn-n776"/>
    <edge xml:id="lnk207" from="n231" to="penn-n1185"/>
    <edge xml:id="lnk68" from="n144" to="penn-n775"/>
    <edge xml:id="lnk206" from="n230" to="penn-n1182"/>
    <edge xml:id="lnk67" from="n144" to="penn-n774"/>
    <edge xml:id="lnk205" from="n23" to="penn-n116"/>
    <edge xml:id="lnk66" from="n144" to="penn-n773"/>
    <edge xml:id="lnk204" from="n23" to="penn-n115"/>
    <edge xml:id="lnk65" from="n143" to="penn-n768"/>
    <edge xml:id="lnk203" from="n229" to="penn-n1167"/>
    <edge xml:id="lnk64" from="n143" to="penn-n767"/>
    <edge xml:id="lnk202" from="n228" to="penn-n1161"/>
    <edge xml:id="lnk63" from="n142" to="penn-n763"/>
    <edge xml:id="lnk169" from="n207" to="penn-n1068"/>
    <edge xml:id="lnk201" from="n228" to="penn-n1160"/>
    <edge xml:id="lnk62" from="n141" to="penn-n757"/>
    <edge xml:id="lnk168" from="n207" to="penn-n1067"/>
    <edge xml:id="lnk200" from="n227" to="penn-n1156"/>
    <edge xml:id="lnk61" from="n140" to="penn-n747"/>
    <edge xml:id="lnk167" from="n206" to="penn-n1059"/>
    <edge xml:id="lnk60" from="n14" to="penn-n71"/>
    <edge xml:id="lnk166" from="n206" to="penn-n1058"/>
    <edge xml:id="lnk165" from="n206" to="penn-n1057"/>
    <edge xml:id="lnk164" from="n205" to="penn-n1055"/>
    <edge xml:id="lnk163" from="n205" to="penn-n1054"/>
    <edge xml:id="lnk162" from="n205" to="penn-n1053"/>
    <edge xml:id="lnk161" from="n204" to="penn-n1049"/>
    <edge xml:id="lnk160" from="n203" to="penn-n1044"/>
    <edge xml:id="lnk59" from="n139" to="penn-n738"/>
    <edge xml:id="lnk58" from="n139" to="penn-n737"/>
    <edge xml:id="lnk57" from="n138" to="penn-n734"/>
    <edge xml:id="lnk56" from="n137" to="penn-n730"/>
    <edge xml:id="lnk55" from="n136" to="penn-n720"/>
    <edge xml:id="lnk54" from="n135" to="penn-n714"/>
    <edge xml:id="lnk53" from="n134" to="penn-n709"/>
    <edge xml:id="lnk159" from="n202" to="penn-n1040"/>
    <edge xml:id="lnk52" from="n133" to="penn-n707"/>
    <edge xml:id="lnk158" from="n201" to="penn-n1033"/>
    <edge xml:id="lnk51" from="n132" to="penn-n701"/>
    <edge xml:id="lnk157" from="n200" to="penn-n1029"/>
    <edge xml:id="lnk50" from="n132" to="penn-n700"/>
    <edge xml:id="lnk156" from="n200" to="penn-n1028"/>
    <edge xml:id="lnk155" from="n20" to="penn-n102"/>
    <edge xml:id="lnk154" from="n20" to="penn-n101"/>
    <edge xml:id="lnk153" from="n2" to="penn-n9"/>
    <edge xml:id="lnk152" from="n199" to="penn-n1026"/>
    <edge xml:id="lnk151" from="n198" to="penn-n1024"/>
    <edge xml:id="lnk150" from="n197" to="penn-n1023"/>
    <edge xml:id="lnk49" from="n131" to="penn-n697"/>
    <edge xml:id="lnk48" from="n131" to="penn-n696"/>
    <edge xml:id="lnk47" from="n131" to="penn-n695"/>
    <edge xml:id="lnk46" from="n130" to="penn-n689"/>
    <edge xml:id="lnk45" from="n130" to="penn-n688"/>
    <edge xml:id="lnk44" from="n130" to="penn-n687"/>
    <edge xml:id="lnk43" from="n130" to="penn-n686"/>
    <edge xml:id="lnk149" from="n197" to="penn-n1022"/>
    <edge xml:id="lnk42" from="n13" to="penn-n64"/>
    <edge xml:id="lnk148" from="n196" to="penn-n1020"/>
    <edge xml:id="lnk41" from="n13" to="penn-n63"/>
    <edge xml:id="lnk147" from="n195" to="penn-n1018"/>
    <edge xml:id="lnk40" from="n129" to="penn-n676"/>
    <edge xml:id="lnk146" from="n194" to="penn-n1011"/>
    <edge xml:id="lnk145" from="n193" to="penn-n1009"/>
    <edge xml:id="lnk144" from="n193" to="penn-n1008"/>
    <edge xml:id="lnk143" from="n192" to="penn-n1003"/>
    <edge xml:id="lnk142" from="n192" to="penn-n1002"/>
    <edge xml:id="lnk141" from="n192" to="penn-n1001"/>
    <edge xml:id="lnk140" from="n191" to="penn-n998"/>
    <edge xml:id="lnk39" from="n128" to="penn-n675"/>
    <edge xml:id="lnk38" from="n127" to="penn-n662"/>
    <edge xml:id="lnk37" from="n126" to="penn-n656"/>
    <edge xml:id="lnk36" from="n125" to="penn-n649"/>
    <edge xml:id="lnk35" from="n124" to="penn-n648"/>
    <edge xml:id="lnk34" from="n123" to="penn-n647"/>
    <edge xml:id="lnk33" from="n122" to="penn-n643"/>
    <edge xml:id="lnk139" from="n191" to="penn-n997"/>
    <edge xml:id="lnk32" from="n121" to="penn-n638"/>
    <edge xml:id="lnk138" from="n190" to="penn-n985"/>
    <edge xml:id="lnk31" from="n120" to="penn-n636"/>
    <edge xml:id="lnk137" from="n190" to="penn-n984"/>
    <edge xml:id="lnk30" from="n120" to="penn-n635"/>
    <edge xml:id="lnk136" from="n19" to="penn-n100"/>
    <edge xml:id="lnk135" from="n19" to="penn-n99"/>
    <edge xml:id="lnk134" from="n189" to="penn-n981"/>
    <edge xml:id="lnk133" from="n189" to="penn-n980"/>
    <edge xml:id="lnk132" from="n188" to="penn-n976"/>
    <edge xml:id="lnk131" from="n187" to="penn-n974"/>
    <edge xml:id="lnk130" from="n186" to="penn-n972"/>
    <edge xml:id="lnk29" from="n12" to="penn-n61"/>
    <edge xml:id="lnk28" from="n12" to="penn-n60"/>
    <edge xml:id="lnk27" from="n12" to="penn-n59"/>
    <edge xml:id="lnk26" from="n119" to="penn-n631"/>
    <edge xml:id="lnk25" from="n119" to="penn-n630"/>
    <edge xml:id="lnk24" from="n118" to="penn-n622"/>
    <edge xml:id="lnk23" from="n117" to="penn-n610"/>
    <edge xml:id="lnk129" from="n185" to="penn-n970"/>
    <edge xml:id="lnk22" from="n116" to="penn-n608"/>
    <edge xml:id="lnk128" from="n184" to="penn-n966"/>
    <edge xml:id="lnk21" from="n115" to="penn-n606"/>
    <edge xml:id="lnk127" from="n183" to="penn-n962"/>
    <edge xml:id="lnk20" from="n114" to="penn-n601"/>
    <edge xml:id="lnk126" from="n182" to="penn-n953"/>
    <edge xml:id="lnk125" from="n181" to="penn-n947"/>
    <edge xml:id="lnk124" from="n180" to="penn-n946"/>
    <edge xml:id="lnk123" from="n18" to="penn-n89"/>
    <edge xml:id="lnk122" from="n179" to="penn-n945"/>
    <edge xml:id="lnk121" from="n178" to="penn-n942"/>
    <edge xml:id="lnk120" from="n178" to="penn-n941"/>
    <edge xml:id="lnk19" from="n113" to="penn-n593"/>
    <edge xml:id="lnk18" from="n112" to="penn-n588"/>
    <edge xml:id="lnk17" from="n112" to="penn-n587"/>
    <edge xml:id="lnk16" from="n111" to="penn-n586"/>
    <edge xml:id="lnk15" from="n110" to="penn-n585"/>
    <edge xml:id="lnk14" from="n11" to="penn-n55"/>
    <edge xml:id="lnk13" from="n109" to="penn-n582"/>
    <edge xml:id="lnk119" from="n177" to="penn-n939"/>
    <edge xml:id="lnk12" from="n108" to="penn-n579"/>
    <edge xml:id="lnk118" from="n176" to="penn-n937"/>
    <edge xml:id="lnk11" from="n107" to="penn-n577"/>
    <edge xml:id="lnk117" from="n176" to="penn-n936"/>
    <edge xml:id="lnk10" from="n106" to="penn-n573"/>
    <edge xml:id="lnk116" from="n175" to="penn-n935"/>
    <edge xml:id="lnk115" from="n174" to="penn-n931"/>
    <edge xml:id="lnk114" from="n173" to="penn-n922"/>
    <edge xml:id="lnk113" from="n172" to="penn-n920"/>
    <edge xml:id="lnk112" from="n171" to="penn-n917"/>
    <edge xml:id="lnk111" from="n170" to="penn-n912"/>
    <edge xml:id="lnk110" from="n17" to="penn-n86"/>
    <edge xml:id="lnk9" from="n105" to="penn-n568"/>
    <edge xml:id="lnk8" from="n105" to="penn-n567"/>
    <edge xml:id="lnk7" from="n104" to="penn-n565"/>
    <edge xml:id="lnk6" from="n103" to="penn-n564"/>
    <edge xml:id="lnk5" from="n102" to="penn-n558"/>
    <edge xml:id="lnk4" from="n101" to="penn-n557"/>
    <edge xml:id="lnk3" from="n100" to="penn-n548"/>
    <edge xml:id="lnk109" from="n17" to="penn-n85"/>
    <edge xml:id="lnk2" from="n10" to="penn-n44"/>
    <edge xml:id="lnk108" from="n169" to="penn-n907"/>
    <edge xml:id="lnk1" from="n1" to="penn-n3"/>
    <edge xml:id="lnk107" from="n168" to="penn-n899"/>
    <edge xml:id="lnk0" from="n0" to="penn-n0"/>
    <edge xml:id="lnk106" from="n168" to="penn-n898"/>
    <edge xml:id="lnk105" from="n168" to="penn-n897"/>
    <edge xml:id="lnk104" from="n168" to="penn-n896"/>
    <edge xml:id="lnk103" from="n167" to="penn-n890"/>
    <edge xml:id="lnk102" from="n167" to="penn-n889"/>
    <edge xml:id="lnk101" from="n167" to="penn-n888"/>
    <edge xml:id="lnk100" from="n166" to="penn-n882"/>
</graph>
