<?xml version="1.0" encoding="UTF-8"?>
<graph xmlns="http://www.xces.org/ns/GrAF/1.0/">
    <header>
        <tagsDecl>
            <tagUsage gi="u" occurs="70"/>
        </tagsDecl>
        <annotationSets>
            <annotationSet name="xces" type="http://www.xces.org/schema/2003"/>
        </annotationSets>
    </header>
    <region xml:id="r0" anchors="41 393"/>
    <region xml:id="r1" anchors="403 410"/>
    <region xml:id="r2" anchors="414 458"/>
    <region xml:id="r3" anchors="468 506"/>
    <region xml:id="r4" anchors="507 611"/>
    <region xml:id="r5" anchors="621 634"/>
    <region xml:id="r6" anchors="644 820"/>
    <region xml:id="r7" anchors="836 842"/>
    <region xml:id="r8" anchors="852 986"/>
    <region xml:id="r9" anchors="996 1007"/>
    <region xml:id="r10" anchors="1008 1057"/>
    <region xml:id="r11" anchors="1057 1106"/>
    <region xml:id="r13" anchors="1107 1155"/>
    <region xml:id="r14" anchors="1165 1278"/>
    <region xml:id="r15" anchors="1288 1489"/>
    <region xml:id="r16" anchors="1499 1548"/>
    <region xml:id="r17" anchors="1558 1564"/>
    <region xml:id="r18" anchors="1574 1647"/>
    <region xml:id="r19" anchors="1657 1663"/>
    <region xml:id="r20" anchors="1673 1732"/>
    <region xml:id="r21" anchors="1733 2096"/>
    <region xml:id="r22" anchors="2106 2117"/>
    <region xml:id="r23" anchors="2118 2278"/>
    <region xml:id="r24" anchors="2282 2349"/>
    <region xml:id="r25" anchors="2353 2402"/>
    <region xml:id="r26" anchors="2406 2416"/>
    <region xml:id="r27" anchors="2426 2484"/>
    <region xml:id="r28" anchors="2488 2577"/>
    <region xml:id="r29" anchors="2587 2593"/>
    <region xml:id="r30" anchors="2603 2620"/>
    <region xml:id="r31" anchors="2621 2757"/>
    <region xml:id="r32" anchors="2767 2780"/>
    <region xml:id="r33" anchors="2784 3056"/>
    <region xml:id="r34" anchors="3057 3248"/>
    <region xml:id="r35" anchors="3252 3293"/>
    <region xml:id="r36" anchors="3294 3765"/>
    <region xml:id="r37" anchors="3775 3996"/>
    <region xml:id="r38" anchors="4006 4012"/>
    <region xml:id="r39" anchors="4022 4118"/>
    <region xml:id="r40" anchors="4128 4133"/>
    <region xml:id="r41" anchors="4137 4263"/>
    <region xml:id="r42" anchors="4263 4716"/>
    <region xml:id="r43" anchors="4717 4978"/>
    <region xml:id="r44" anchors="4988 5182"/>
    <region xml:id="r45" anchors="5186 5391"/>
    <region xml:id="r46" anchors="5401 5422"/>
    <region xml:id="r47" anchors="5423 5534"/>
    <region xml:id="r48" anchors="5535 5656"/>
    <region xml:id="r49" anchors="5657 5734"/>
    <region xml:id="r50" anchors="5738 5749"/>
    <region xml:id="r51" anchors="5759 5968"/>
    <region xml:id="r52" anchors="5984 5991"/>
    <region xml:id="r53" anchors="6001 6038"/>
    <region xml:id="r54" anchors="6048 6057"/>
    <region xml:id="r55" anchors="6067 6089"/>
    <region xml:id="r56" anchors="6099 6137"/>
    <region xml:id="r57" anchors="6141 6158"/>
    <region xml:id="r58" anchors="6168 6216"/>
    <region xml:id="r59" anchors="6226 6636"/>
    <region xml:id="r60" anchors="6646 6667"/>
    <region xml:id="r61" anchors="6683 6694"/>
    <region xml:id="r62" anchors="6695 6722"/>
    <region xml:id="r63" anchors="6732 6753"/>
    <region xml:id="r64" anchors="6754 6791"/>
    <region xml:id="r65" anchors="6798 6810"/>
    <region xml:id="r66" anchors="6814 6853"/>
    <region xml:id="r67" anchors="6863 6883"/>
    <region xml:id="r68" anchors="6884 6894"/>
    <region xml:id="r69" anchors="6904 6915"/>
    <region xml:id="r70" anchors="6916 6919"/>
    <node xml:id="n0">
        <link targets="r0"/>
    </node>
    <a label="u" ref="n0" as="xces">
        <fs>
            <f name="id" value="t3u1"/>
        </fs>
    </a>
    <node xml:id="n1">
        <link targets="r1"/>
    </node>
    <a label="u" ref="n1" as="xces">
        <fs>
            <f name="id" value="t3u1.1"/>
        </fs>
    </a>
    <node xml:id="n10">
        <link targets="r10"/>
    </node>
    <a label="u" ref="n10" as="xces">
        <fs>
            <f name="id" value="t9u1.2"/>
        </fs>
    </a>
    <node xml:id="n11">
        <link targets="r11"/>
    </node>
    <a label="u" ref="n11" as="xces">
        <fs>
            <f name="id" value="t9u1.3"/>
        </fs>
    </a>
    <node xml:id="n12">
        <link targets="r13"/>
    </node>
    <a label="u" ref="n12" as="xces"/>
    <node xml:id="n13">
        <link targets="r14"/>
    </node>
    <a label="u" ref="n13" as="xces">
        <fs>
            <f name="id" value="t11u1"/>
        </fs>
    </a>
    <node xml:id="n14">
        <link targets="r15"/>
    </node>
    <a label="u" ref="n14" as="xces">
        <fs>
            <f name="id" value="t12u1"/>
        </fs>
    </a>
    <node xml:id="n15">
        <link targets="r16"/>
    </node>
    <a label="u" ref="n15" as="xces">
        <fs>
            <f name="id" value="t13u1"/>
        </fs>
    </a>
    <node xml:id="n16">
        <link targets="r17"/>
    </node>
    <a label="u" ref="n16" as="xces">
        <fs>
            <f name="id" value="t14u1"/>
        </fs>
    </a>
    <node xml:id="n17">
        <link targets="r18"/>
    </node>
    <a label="u" ref="n17" as="xces">
        <fs>
            <f name="id" value="t15u1"/>
        </fs>
    </a>
    <node xml:id="n18">
        <link targets="r19"/>
    </node>
    <a label="u" ref="n18" as="xces">
        <fs>
            <f name="id" value="t16u1"/>
        </fs>
    </a>
    <node xml:id="n19">
        <link targets="r20"/>
    </node>
    <a label="u" ref="n19" as="xces">
        <fs>
            <f name="id" value="t16u1.1"/>
        </fs>
    </a>
    <node xml:id="n2">
        <link targets="r2"/>
    </node>
    <a label="u" ref="n2" as="xces">
        <fs>
            <f name="id" value="t3u1.2"/>
        </fs>
    </a>
    <node xml:id="n20">
        <link targets="r21"/>
    </node>
    <a label="u" ref="n20" as="xces">
        <fs>
            <f name="id" value="t16u1.2"/>
        </fs>
    </a>
    <node xml:id="n21">
        <link targets="r22"/>
    </node>
    <a label="u" ref="n21" as="xces">
        <fs>
            <f name="id" value="t16u1.3"/>
        </fs>
    </a>
    <node xml:id="n22">
        <link targets="r23"/>
    </node>
    <a label="u" ref="n22" as="xces">
        <fs>
            <f name="id" value="t16u1.4"/>
        </fs>
    </a>
    <node xml:id="n23">
        <link targets="r24"/>
    </node>
    <a label="u" ref="n23" as="xces">
        <fs>
            <f name="id" value="t16u1.5"/>
        </fs>
    </a>
    <node xml:id="n24">
        <link targets="r25"/>
    </node>
    <a label="u" ref="n24" as="xces">
        <fs>
            <f name="id" value="t16u1.6"/>
        </fs>
    </a>
    <node xml:id="n25">
        <link targets="r26"/>
    </node>
    <a label="u" ref="n25" as="xces">
        <fs>
            <f name="id" value="t16u1.7"/>
        </fs>
    </a>
    <node xml:id="n26">
        <link targets="r27"/>
    </node>
    <a label="u" ref="n26" as="xces">
        <fs>
            <f name="id" value="t16u1.8"/>
        </fs>
    </a>
    <node xml:id="n27">
        <link targets="r28"/>
    </node>
    <a label="u" ref="n27" as="xces">
        <fs>
            <f name="id" value="t16u1.9"/>
        </fs>
    </a>
    <node xml:id="n28">
        <link targets="r29"/>
    </node>
    <a label="u" ref="n28" as="xces">
        <fs>
            <f name="id" value="t20u1"/>
        </fs>
    </a>
    <node xml:id="n29">
        <link targets="r30"/>
    </node>
    <a label="u" ref="n29" as="xces">
        <fs>
            <f name="id" value="t20u1.1"/>
        </fs>
    </a>
    <node xml:id="n3">
        <link targets="r3"/>
    </node>
    <a label="u" ref="n3" as="xces">
        <fs>
            <f name="id" value="t3u1.3"/>
        </fs>
    </a>
    <node xml:id="n30">
        <link targets="r31"/>
    </node>
    <a label="u" ref="n30" as="xces">
        <fs>
            <f name="id" value="t20u1.2"/>
        </fs>
    </a>
    <node xml:id="n31">
        <link targets="r32"/>
    </node>
    <a label="u" ref="n31" as="xces">
        <fs>
            <f name="id" value="t20u1.3"/>
        </fs>
    </a>
    <node xml:id="n32">
        <link targets="r33"/>
    </node>
    <a label="u" ref="n32" as="xces">
        <fs>
            <f name="id" value="t20u1.4"/>
        </fs>
    </a>
    <node xml:id="n33">
        <link targets="r34"/>
    </node>
    <a label="u" ref="n33" as="xces">
        <fs>
            <f name="id" value="t20u1.5"/>
        </fs>
    </a>
    <node xml:id="n34">
        <link targets="r35"/>
    </node>
    <a label="u" ref="n34" as="xces">
        <fs>
            <f name="id" value="t20u1.6"/>
        </fs>
    </a>
    <node xml:id="n35">
        <link targets="r36"/>
    </node>
    <a label="u" ref="n35" as="xces">
        <fs>
            <f name="id" value="t20u1.7"/>
        </fs>
    </a>
    <node xml:id="n36">
        <link targets="r37"/>
    </node>
    <a label="u" ref="n36" as="xces">
        <fs>
            <f name="id" value="t23u1"/>
        </fs>
    </a>
    <node xml:id="n37">
        <link targets="r38"/>
    </node>
    <a label="u" ref="n37" as="xces">
        <fs>
            <f name="id" value="t24u1"/>
        </fs>
    </a>
    <node xml:id="n38">
        <link targets="r39"/>
    </node>
    <a label="u" ref="n38" as="xces">
        <fs>
            <f name="id" value="t25u1"/>
        </fs>
    </a>
    <node xml:id="n39">
        <link targets="r40"/>
    </node>
    <a label="u" ref="n39" as="xces">
        <fs>
            <f name="id" value="t25u1.1"/>
        </fs>
    </a>
    <node xml:id="n4">
        <link targets="r4"/>
    </node>
    <a label="u" ref="n4" as="xces">
        <fs>
            <f name="id" value="t3u1.4"/>
        </fs>
    </a>
    <node xml:id="n40">
        <link targets="r41"/>
    </node>
    <a label="u" ref="n40" as="xces">
        <fs>
            <f name="id" value="t25u1.2"/>
        </fs>
    </a>
    <node xml:id="n41">
        <link targets="r42"/>
    </node>
    <a label="u" ref="n41" as="xces">
        <fs>
            <f name="id" value="t25u1.3"/>
        </fs>
    </a>
    <node xml:id="n42">
        <link targets="r43"/>
    </node>
    <a label="u" ref="n42" as="xces">
        <fs>
            <f name="id" value="t25u1.4"/>
        </fs>
    </a>
    <node xml:id="n43">
        <link targets="r44"/>
    </node>
    <a label="u" ref="n43" as="xces">
        <fs>
            <f name="id" value="t25u1.5"/>
        </fs>
    </a>
    <node xml:id="n44">
        <link targets="r45"/>
    </node>
    <a label="u" ref="n44" as="xces">
        <fs>
            <f name="id" value="t25u1.6"/>
        </fs>
    </a>
    <node xml:id="n45">
        <link targets="r46"/>
    </node>
    <a label="u" ref="n45" as="xces">
        <fs>
            <f name="id" value="t25u1.7"/>
        </fs>
    </a>
    <node xml:id="n46">
        <link targets="r47"/>
    </node>
    <a label="u" ref="n46" as="xces">
        <fs>
            <f name="id" value="t25u1.8"/>
        </fs>
    </a>
    <node xml:id="n47">
        <link targets="r48"/>
    </node>
    <a label="u" ref="n47" as="xces">
        <fs>
            <f name="id" value="t25u1.9"/>
        </fs>
    </a>
    <node xml:id="n48">
        <link targets="r49"/>
    </node>
    <a label="u" ref="n48" as="xces">
        <fs>
            <f name="id" value="t25u1.10"/>
        </fs>
    </a>
    <node xml:id="n49">
        <link targets="r50"/>
    </node>
    <a label="u" ref="n49" as="xces">
        <fs>
            <f name="id" value="t25u1.11"/>
        </fs>
    </a>
    <node xml:id="n5">
        <link targets="r5"/>
    </node>
    <a label="u" ref="n5" as="xces">
        <fs>
            <f name="id" value="t6u1"/>
        </fs>
    </a>
    <node xml:id="n50">
        <link targets="r51"/>
    </node>
    <a label="u" ref="n50" as="xces">
        <fs>
            <f name="id" value="t29u1"/>
        </fs>
    </a>
    <node xml:id="n51">
        <link targets="r52"/>
    </node>
    <a label="u" ref="n51" as="xces">
        <fs>
            <f name="id" value="t30u1"/>
        </fs>
    </a>
    <node xml:id="n52">
        <link targets="r53"/>
    </node>
    <a label="u" ref="n52" as="xces">
        <fs>
            <f name="id" value="t31u1"/>
        </fs>
    </a>
    <node xml:id="n53">
        <link targets="r54"/>
    </node>
    <a label="u" ref="n53" as="xces">
        <fs>
            <f name="id" value="t32u1"/>
        </fs>
    </a>
    <node xml:id="n54">
        <link targets="r55"/>
    </node>
    <a label="u" ref="n54" as="xces">
        <fs>
            <f name="id" value="t33u1"/>
        </fs>
    </a>
    <node xml:id="n55">
        <link targets="r56"/>
    </node>
    <a label="u" ref="n55" as="xces">
        <fs>
            <f name="id" value="t33u1.1"/>
        </fs>
    </a>
    <node xml:id="n56">
        <link targets="r57"/>
    </node>
    <a label="u" ref="n56" as="xces">
        <fs>
            <f name="id" value="t33u1.2"/>
        </fs>
    </a>
    <node xml:id="n57">
        <link targets="r58"/>
    </node>
    <a label="u" ref="n57" as="xces">
        <fs>
            <f name="id" value="t35u1"/>
        </fs>
    </a>
    <node xml:id="n58">
        <link targets="r59"/>
    </node>
    <a label="u" ref="n58" as="xces">
        <fs>
            <f name="id" value="t36u1"/>
        </fs>
    </a>
    <node xml:id="n59">
        <link targets="r60"/>
    </node>
    <a label="u" ref="n59" as="xces">
        <fs>
            <f name="id" value="t37u1"/>
        </fs>
    </a>
    <node xml:id="n6">
        <link targets="r6"/>
    </node>
    <a label="u" ref="n6" as="xces">
        <fs>
            <f name="id" value="t7u1"/>
        </fs>
    </a>
    <node xml:id="n60">
        <link targets="r61"/>
    </node>
    <a label="u" ref="n60" as="xces">
        <fs>
            <f name="id" value="t37u1.1"/>
        </fs>
    </a>
    <node xml:id="n61">
        <link targets="r62"/>
    </node>
    <a label="u" ref="n61" as="xces">
        <fs>
            <f name="id" value="t37u1.2"/>
        </fs>
    </a>
    <node xml:id="n62">
        <link targets="r63"/>
    </node>
    <a label="u" ref="n62" as="xces">
        <fs>
            <f name="id" value="t37u1.3"/>
        </fs>
    </a>
    <node xml:id="n63">
        <link targets="r64"/>
    </node>
    <a label="u" ref="n63" as="xces">
        <fs>
            <f name="id" value="t37u1.4"/>
        </fs>
    </a>
    <node xml:id="n64">
        <link targets="r65"/>
    </node>
    <a label="u" ref="n64" as="xces">
        <fs>
            <f name="id" value="t37u1.5"/>
        </fs>
    </a>
    <node xml:id="n65">
        <link targets="r66"/>
    </node>
    <a label="u" ref="n65" as="xces">
        <fs>
            <f name="id" value="t37u1.6"/>
        </fs>
    </a>
    <node xml:id="n66">
        <link targets="r67"/>
    </node>
    <a label="u" ref="n66" as="xces">
        <fs>
            <f name="id" value="t37u1.7"/>
        </fs>
    </a>
    <node xml:id="n67">
        <link targets="r68"/>
    </node>
    <a label="u" ref="n67" as="xces">
        <fs>
            <f name="id" value="t37u1.8"/>
        </fs>
    </a>
    <node xml:id="n68">
        <link targets="r69"/>
    </node>
    <a label="u" ref="n68" as="xces">
        <fs>
            <f name="id" value="t37u1.9"/>
        </fs>
    </a>
    <node xml:id="n69">
        <link targets="r70"/>
    </node>
    <a label="u" ref="n69" as="xces">
        <fs>
            <f name="id" value="t37u1.10"/>
        </fs>
    </a>
    <node xml:id="n7">
        <link targets="r7"/>
    </node>
    <a label="u" ref="n7" as="xces">
        <fs>
            <f name="id" value="t8u1"/>
        </fs>
    </a>
    <node xml:id="n8">
        <link targets="r8"/>
    </node>
    <a label="u" ref="n8" as="xces">
        <fs>
            <f name="id" value="t9u1"/>
        </fs>
    </a>
    <node xml:id="n9">
        <link targets="r9"/>
    </node>
    <a label="u" ref="n9" as="xces">
        <fs>
            <f name="id" value="t9u1.1"/>
        </fs>
    </a>
</graph>
