<?xml version="1.0" encoding="UTF-8"?>
<graph xmlns="http://www.xces.org/ns/GrAF/1.0/">
    <header>
        <tagsDecl>
            <tagUsage gi="nchunk" occurs="257"/>
        </tagsDecl>
        <dependencies>
            <dependsOn type="penn"/>
        </dependencies>
        <annotationSets>
            <annotationSet name="xces" type="http://www.xces.org/schema/2003"/>
        </annotationSets>
    </header>
    <node xml:id="n0"/>
    <a label="nchunk" ref="n0" as="xces"/>
    <node xml:id="n1"/>
    <a label="nchunk" ref="n1" as="xces"/>
    <node xml:id="n10"/>
    <a label="nchunk" ref="n10" as="xces"/>
    <node xml:id="n100"/>
    <a label="nchunk" ref="n100" as="xces"/>
    <node xml:id="n101"/>
    <a label="nchunk" ref="n101" as="xces"/>
    <node xml:id="n102"/>
    <a label="nchunk" ref="n102" as="xces"/>
    <node xml:id="n103"/>
    <a label="nchunk" ref="n103" as="xces"/>
    <node xml:id="n104"/>
    <a label="nchunk" ref="n104" as="xces"/>
    <node xml:id="n105"/>
    <a label="nchunk" ref="n105" as="xces"/>
    <node xml:id="n106"/>
    <a label="nchunk" ref="n106" as="xces"/>
    <node xml:id="n107"/>
    <a label="nchunk" ref="n107" as="xces"/>
    <node xml:id="n108"/>
    <a label="nchunk" ref="n108" as="xces"/>
    <node xml:id="n109"/>
    <a label="nchunk" ref="n109" as="xces"/>
    <node xml:id="n11"/>
    <a label="nchunk" ref="n11" as="xces"/>
    <node xml:id="n110"/>
    <a label="nchunk" ref="n110" as="xces"/>
    <node xml:id="n111"/>
    <a label="nchunk" ref="n111" as="xces"/>
    <node xml:id="n112"/>
    <a label="nchunk" ref="n112" as="xces"/>
    <node xml:id="n113"/>
    <a label="nchunk" ref="n113" as="xces"/>
    <node xml:id="n114"/>
    <a label="nchunk" ref="n114" as="xces"/>
    <node xml:id="n115"/>
    <a label="nchunk" ref="n115" as="xces"/>
    <node xml:id="n116"/>
    <a label="nchunk" ref="n116" as="xces"/>
    <node xml:id="n117"/>
    <a label="nchunk" ref="n117" as="xces"/>
    <node xml:id="n118"/>
    <a label="nchunk" ref="n118" as="xces"/>
    <node xml:id="n119"/>
    <a label="nchunk" ref="n119" as="xces"/>
    <node xml:id="n12"/>
    <a label="nchunk" ref="n12" as="xces"/>
    <node xml:id="n120"/>
    <a label="nchunk" ref="n120" as="xces"/>
    <node xml:id="n121"/>
    <a label="nchunk" ref="n121" as="xces"/>
    <node xml:id="n122"/>
    <a label="nchunk" ref="n122" as="xces"/>
    <node xml:id="n123"/>
    <a label="nchunk" ref="n123" as="xces"/>
    <node xml:id="n124"/>
    <a label="nchunk" ref="n124" as="xces"/>
    <node xml:id="n125"/>
    <a label="nchunk" ref="n125" as="xces"/>
    <node xml:id="n126"/>
    <a label="nchunk" ref="n126" as="xces"/>
    <node xml:id="n127"/>
    <a label="nchunk" ref="n127" as="xces"/>
    <node xml:id="n128"/>
    <a label="nchunk" ref="n128" as="xces"/>
    <node xml:id="n129"/>
    <a label="nchunk" ref="n129" as="xces"/>
    <node xml:id="n13"/>
    <a label="nchunk" ref="n13" as="xces"/>
    <node xml:id="n130"/>
    <a label="nchunk" ref="n130" as="xces"/>
    <node xml:id="n131"/>
    <a label="nchunk" ref="n131" as="xces"/>
    <node xml:id="n132"/>
    <a label="nchunk" ref="n132" as="xces"/>
    <node xml:id="n133"/>
    <a label="nchunk" ref="n133" as="xces"/>
    <node xml:id="n134"/>
    <a label="nchunk" ref="n134" as="xces"/>
    <node xml:id="n135"/>
    <a label="nchunk" ref="n135" as="xces"/>
    <node xml:id="n136"/>
    <a label="nchunk" ref="n136" as="xces"/>
    <node xml:id="n137"/>
    <a label="nchunk" ref="n137" as="xces"/>
    <node xml:id="n138"/>
    <a label="nchunk" ref="n138" as="xces"/>
    <node xml:id="n139"/>
    <a label="nchunk" ref="n139" as="xces"/>
    <node xml:id="n14"/>
    <a label="nchunk" ref="n14" as="xces"/>
    <node xml:id="n140"/>
    <a label="nchunk" ref="n140" as="xces"/>
    <node xml:id="n141"/>
    <a label="nchunk" ref="n141" as="xces"/>
    <node xml:id="n142"/>
    <a label="nchunk" ref="n142" as="xces"/>
    <node xml:id="n143"/>
    <a label="nchunk" ref="n143" as="xces"/>
    <node xml:id="n144"/>
    <a label="nchunk" ref="n144" as="xces"/>
    <node xml:id="n145"/>
    <a label="nchunk" ref="n145" as="xces"/>
    <node xml:id="n146"/>
    <a label="nchunk" ref="n146" as="xces"/>
    <node xml:id="n147"/>
    <a label="nchunk" ref="n147" as="xces"/>
    <node xml:id="n148"/>
    <a label="nchunk" ref="n148" as="xces"/>
    <node xml:id="n149"/>
    <a label="nchunk" ref="n149" as="xces"/>
    <node xml:id="n15"/>
    <a label="nchunk" ref="n15" as="xces"/>
    <node xml:id="n150"/>
    <a label="nchunk" ref="n150" as="xces"/>
    <node xml:id="n151"/>
    <a label="nchunk" ref="n151" as="xces"/>
    <node xml:id="n152"/>
    <a label="nchunk" ref="n152" as="xces"/>
    <node xml:id="n153"/>
    <a label="nchunk" ref="n153" as="xces"/>
    <node xml:id="n154"/>
    <a label="nchunk" ref="n154" as="xces"/>
    <node xml:id="n155"/>
    <a label="nchunk" ref="n155" as="xces"/>
    <node xml:id="n156"/>
    <a label="nchunk" ref="n156" as="xces"/>
    <node xml:id="n157"/>
    <a label="nchunk" ref="n157" as="xces"/>
    <node xml:id="n158"/>
    <a label="nchunk" ref="n158" as="xces"/>
    <node xml:id="n159"/>
    <a label="nchunk" ref="n159" as="xces"/>
    <node xml:id="n16"/>
    <a label="nchunk" ref="n16" as="xces"/>
    <node xml:id="n160"/>
    <a label="nchunk" ref="n160" as="xces"/>
    <node xml:id="n161"/>
    <a label="nchunk" ref="n161" as="xces"/>
    <node xml:id="n162"/>
    <a label="nchunk" ref="n162" as="xces"/>
    <node xml:id="n163"/>
    <a label="nchunk" ref="n163" as="xces"/>
    <node xml:id="n164"/>
    <a label="nchunk" ref="n164" as="xces"/>
    <node xml:id="n165"/>
    <a label="nchunk" ref="n165" as="xces"/>
    <node xml:id="n166"/>
    <a label="nchunk" ref="n166" as="xces"/>
    <node xml:id="n167"/>
    <a label="nchunk" ref="n167" as="xces"/>
    <node xml:id="n168"/>
    <a label="nchunk" ref="n168" as="xces"/>
    <node xml:id="n169"/>
    <a label="nchunk" ref="n169" as="xces"/>
    <node xml:id="n17"/>
    <a label="nchunk" ref="n17" as="xces"/>
    <node xml:id="n170"/>
    <a label="nchunk" ref="n170" as="xces"/>
    <node xml:id="n171"/>
    <a label="nchunk" ref="n171" as="xces"/>
    <node xml:id="n172"/>
    <a label="nchunk" ref="n172" as="xces"/>
    <node xml:id="n173"/>
    <a label="nchunk" ref="n173" as="xces"/>
    <node xml:id="n174"/>
    <a label="nchunk" ref="n174" as="xces"/>
    <node xml:id="n175"/>
    <a label="nchunk" ref="n175" as="xces"/>
    <node xml:id="n176"/>
    <a label="nchunk" ref="n176" as="xces"/>
    <node xml:id="n177"/>
    <a label="nchunk" ref="n177" as="xces"/>
    <node xml:id="n178"/>
    <a label="nchunk" ref="n178" as="xces"/>
    <node xml:id="n179"/>
    <a label="nchunk" ref="n179" as="xces"/>
    <node xml:id="n18"/>
    <a label="nchunk" ref="n18" as="xces"/>
    <node xml:id="n180"/>
    <a label="nchunk" ref="n180" as="xces"/>
    <node xml:id="n181"/>
    <a label="nchunk" ref="n181" as="xces"/>
    <node xml:id="n182"/>
    <a label="nchunk" ref="n182" as="xces"/>
    <node xml:id="n183"/>
    <a label="nchunk" ref="n183" as="xces"/>
    <node xml:id="n184"/>
    <a label="nchunk" ref="n184" as="xces"/>
    <node xml:id="n185"/>
    <a label="nchunk" ref="n185" as="xces"/>
    <node xml:id="n186"/>
    <a label="nchunk" ref="n186" as="xces"/>
    <node xml:id="n187"/>
    <a label="nchunk" ref="n187" as="xces"/>
    <node xml:id="n188"/>
    <a label="nchunk" ref="n188" as="xces"/>
    <node xml:id="n189"/>
    <a label="nchunk" ref="n189" as="xces"/>
    <node xml:id="n19"/>
    <a label="nchunk" ref="n19" as="xces"/>
    <node xml:id="n190"/>
    <a label="nchunk" ref="n190" as="xces"/>
    <node xml:id="n191"/>
    <a label="nchunk" ref="n191" as="xces"/>
    <node xml:id="n192"/>
    <a label="nchunk" ref="n192" as="xces"/>
    <node xml:id="n193"/>
    <a label="nchunk" ref="n193" as="xces"/>
    <node xml:id="n194"/>
    <a label="nchunk" ref="n194" as="xces"/>
    <node xml:id="n195"/>
    <a label="nchunk" ref="n195" as="xces"/>
    <node xml:id="n196"/>
    <a label="nchunk" ref="n196" as="xces"/>
    <node xml:id="n197"/>
    <a label="nchunk" ref="n197" as="xces"/>
    <node xml:id="n198"/>
    <a label="nchunk" ref="n198" as="xces"/>
    <node xml:id="n199"/>
    <a label="nchunk" ref="n199" as="xces"/>
    <node xml:id="n2"/>
    <a label="nchunk" ref="n2" as="xces"/>
    <node xml:id="n20"/>
    <a label="nchunk" ref="n20" as="xces"/>
    <node xml:id="n200"/>
    <a label="nchunk" ref="n200" as="xces"/>
    <node xml:id="n201"/>
    <a label="nchunk" ref="n201" as="xces"/>
    <node xml:id="n202"/>
    <a label="nchunk" ref="n202" as="xces"/>
    <node xml:id="n203"/>
    <a label="nchunk" ref="n203" as="xces"/>
    <node xml:id="n204"/>
    <a label="nchunk" ref="n204" as="xces"/>
    <node xml:id="n205"/>
    <a label="nchunk" ref="n205" as="xces"/>
    <node xml:id="n206"/>
    <a label="nchunk" ref="n206" as="xces"/>
    <node xml:id="n207"/>
    <a label="nchunk" ref="n207" as="xces"/>
    <node xml:id="n208"/>
    <a label="nchunk" ref="n208" as="xces"/>
    <node xml:id="n209"/>
    <a label="nchunk" ref="n209" as="xces"/>
    <node xml:id="n21"/>
    <a label="nchunk" ref="n21" as="xces"/>
    <node xml:id="n210"/>
    <a label="nchunk" ref="n210" as="xces"/>
    <node xml:id="n211"/>
    <a label="nchunk" ref="n211" as="xces"/>
    <node xml:id="n212"/>
    <a label="nchunk" ref="n212" as="xces"/>
    <node xml:id="n213"/>
    <a label="nchunk" ref="n213" as="xces"/>
    <node xml:id="n214"/>
    <a label="nchunk" ref="n214" as="xces"/>
    <node xml:id="n215"/>
    <a label="nchunk" ref="n215" as="xces"/>
    <node xml:id="n216"/>
    <a label="nchunk" ref="n216" as="xces"/>
    <node xml:id="n217"/>
    <a label="nchunk" ref="n217" as="xces"/>
    <node xml:id="n218"/>
    <a label="nchunk" ref="n218" as="xces"/>
    <node xml:id="n219"/>
    <a label="nchunk" ref="n219" as="xces"/>
    <node xml:id="n22"/>
    <a label="nchunk" ref="n22" as="xces"/>
    <node xml:id="n220"/>
    <a label="nchunk" ref="n220" as="xces"/>
    <node xml:id="n221"/>
    <a label="nchunk" ref="n221" as="xces"/>
    <node xml:id="n222"/>
    <a label="nchunk" ref="n222" as="xces"/>
    <node xml:id="n223"/>
    <a label="nchunk" ref="n223" as="xces"/>
    <node xml:id="n224"/>
    <a label="nchunk" ref="n224" as="xces"/>
    <node xml:id="n225"/>
    <a label="nchunk" ref="n225" as="xces"/>
    <node xml:id="n226"/>
    <a label="nchunk" ref="n226" as="xces"/>
    <node xml:id="n227"/>
    <a label="nchunk" ref="n227" as="xces"/>
    <node xml:id="n228"/>
    <a label="nchunk" ref="n228" as="xces"/>
    <node xml:id="n229"/>
    <a label="nchunk" ref="n229" as="xces"/>
    <node xml:id="n23"/>
    <a label="nchunk" ref="n23" as="xces"/>
    <node xml:id="n230"/>
    <a label="nchunk" ref="n230" as="xces"/>
    <node xml:id="n231"/>
    <a label="nchunk" ref="n231" as="xces"/>
    <node xml:id="n232"/>
    <a label="nchunk" ref="n232" as="xces"/>
    <node xml:id="n233"/>
    <a label="nchunk" ref="n233" as="xces"/>
    <node xml:id="n234"/>
    <a label="nchunk" ref="n234" as="xces"/>
    <node xml:id="n235"/>
    <a label="nchunk" ref="n235" as="xces"/>
    <node xml:id="n236"/>
    <a label="nchunk" ref="n236" as="xces"/>
    <node xml:id="n237"/>
    <a label="nchunk" ref="n237" as="xces"/>
    <node xml:id="n238"/>
    <a label="nchunk" ref="n238" as="xces"/>
    <node xml:id="n239"/>
    <a label="nchunk" ref="n239" as="xces"/>
    <node xml:id="n24"/>
    <a label="nchunk" ref="n24" as="xces"/>
    <node xml:id="n240"/>
    <a label="nchunk" ref="n240" as="xces"/>
    <node xml:id="n241"/>
    <a label="nchunk" ref="n241" as="xces"/>
    <node xml:id="n242"/>
    <a label="nchunk" ref="n242" as="xces"/>
    <node xml:id="n243"/>
    <a label="nchunk" ref="n243" as="xces"/>
    <node xml:id="n244"/>
    <a label="nchunk" ref="n244" as="xces"/>
    <node xml:id="n245"/>
    <a label="nchunk" ref="n245" as="xces"/>
    <node xml:id="n246"/>
    <a label="nchunk" ref="n246" as="xces"/>
    <node xml:id="n247"/>
    <a label="nchunk" ref="n247" as="xces"/>
    <node xml:id="n248"/>
    <a label="nchunk" ref="n248" as="xces"/>
    <node xml:id="n249"/>
    <a label="nchunk" ref="n249" as="xces"/>
    <node xml:id="n25"/>
    <a label="nchunk" ref="n25" as="xces"/>
    <node xml:id="n250"/>
    <a label="nchunk" ref="n250" as="xces"/>
    <node xml:id="n251"/>
    <a label="nchunk" ref="n251" as="xces"/>
    <node xml:id="n252"/>
    <a label="nchunk" ref="n252" as="xces"/>
    <node xml:id="n253"/>
    <a label="nchunk" ref="n253" as="xces"/>
    <node xml:id="n254"/>
    <a label="nchunk" ref="n254" as="xces"/>
    <node xml:id="n255"/>
    <a label="nchunk" ref="n255" as="xces"/>
    <node xml:id="n256"/>
    <a label="nchunk" ref="n256" as="xces"/>
    <node xml:id="n26"/>
    <a label="nchunk" ref="n26" as="xces"/>
    <node xml:id="n27"/>
    <a label="nchunk" ref="n27" as="xces"/>
    <node xml:id="n28"/>
    <a label="nchunk" ref="n28" as="xces"/>
    <node xml:id="n29"/>
    <a label="nchunk" ref="n29" as="xces"/>
    <node xml:id="n3"/>
    <a label="nchunk" ref="n3" as="xces"/>
    <node xml:id="n30"/>
    <a label="nchunk" ref="n30" as="xces"/>
    <node xml:id="n31"/>
    <a label="nchunk" ref="n31" as="xces"/>
    <node xml:id="n32"/>
    <a label="nchunk" ref="n32" as="xces"/>
    <node xml:id="n33"/>
    <a label="nchunk" ref="n33" as="xces"/>
    <node xml:id="n34"/>
    <a label="nchunk" ref="n34" as="xces"/>
    <node xml:id="n35"/>
    <a label="nchunk" ref="n35" as="xces"/>
    <node xml:id="n36"/>
    <a label="nchunk" ref="n36" as="xces"/>
    <node xml:id="n37"/>
    <a label="nchunk" ref="n37" as="xces"/>
    <node xml:id="n38"/>
    <a label="nchunk" ref="n38" as="xces"/>
    <node xml:id="n39"/>
    <a label="nchunk" ref="n39" as="xces"/>
    <node xml:id="n4"/>
    <a label="nchunk" ref="n4" as="xces"/>
    <node xml:id="n40"/>
    <a label="nchunk" ref="n40" as="xces"/>
    <node xml:id="n41"/>
    <a label="nchunk" ref="n41" as="xces"/>
    <node xml:id="n42"/>
    <a label="nchunk" ref="n42" as="xces"/>
    <node xml:id="n43"/>
    <a label="nchunk" ref="n43" as="xces"/>
    <node xml:id="n44"/>
    <a label="nchunk" ref="n44" as="xces"/>
    <node xml:id="n45"/>
    <a label="nchunk" ref="n45" as="xces"/>
    <node xml:id="n46"/>
    <a label="nchunk" ref="n46" as="xces"/>
    <node xml:id="n47"/>
    <a label="nchunk" ref="n47" as="xces"/>
    <node xml:id="n48"/>
    <a label="nchunk" ref="n48" as="xces"/>
    <node xml:id="n49"/>
    <a label="nchunk" ref="n49" as="xces"/>
    <node xml:id="n5"/>
    <a label="nchunk" ref="n5" as="xces"/>
    <node xml:id="n50"/>
    <a label="nchunk" ref="n50" as="xces"/>
    <node xml:id="n51"/>
    <a label="nchunk" ref="n51" as="xces"/>
    <node xml:id="n52"/>
    <a label="nchunk" ref="n52" as="xces"/>
    <node xml:id="n53"/>
    <a label="nchunk" ref="n53" as="xces"/>
    <node xml:id="n54"/>
    <a label="nchunk" ref="n54" as="xces"/>
    <node xml:id="n55"/>
    <a label="nchunk" ref="n55" as="xces"/>
    <node xml:id="n56"/>
    <a label="nchunk" ref="n56" as="xces"/>
    <node xml:id="n57"/>
    <a label="nchunk" ref="n57" as="xces"/>
    <node xml:id="n58"/>
    <a label="nchunk" ref="n58" as="xces"/>
    <node xml:id="n59"/>
    <a label="nchunk" ref="n59" as="xces"/>
    <node xml:id="n6"/>
    <a label="nchunk" ref="n6" as="xces"/>
    <node xml:id="n60"/>
    <a label="nchunk" ref="n60" as="xces"/>
    <node xml:id="n61"/>
    <a label="nchunk" ref="n61" as="xces"/>
    <node xml:id="n62"/>
    <a label="nchunk" ref="n62" as="xces"/>
    <node xml:id="n63"/>
    <a label="nchunk" ref="n63" as="xces"/>
    <node xml:id="n64"/>
    <a label="nchunk" ref="n64" as="xces"/>
    <node xml:id="n65"/>
    <a label="nchunk" ref="n65" as="xces"/>
    <node xml:id="n66"/>
    <a label="nchunk" ref="n66" as="xces"/>
    <node xml:id="n67"/>
    <a label="nchunk" ref="n67" as="xces"/>
    <node xml:id="n68"/>
    <a label="nchunk" ref="n68" as="xces"/>
    <node xml:id="n69"/>
    <a label="nchunk" ref="n69" as="xces"/>
    <node xml:id="n7"/>
    <a label="nchunk" ref="n7" as="xces"/>
    <node xml:id="n70"/>
    <a label="nchunk" ref="n70" as="xces"/>
    <node xml:id="n71"/>
    <a label="nchunk" ref="n71" as="xces"/>
    <node xml:id="n72"/>
    <a label="nchunk" ref="n72" as="xces"/>
    <node xml:id="n73"/>
    <a label="nchunk" ref="n73" as="xces"/>
    <node xml:id="n74"/>
    <a label="nchunk" ref="n74" as="xces"/>
    <node xml:id="n75"/>
    <a label="nchunk" ref="n75" as="xces"/>
    <node xml:id="n76"/>
    <a label="nchunk" ref="n76" as="xces"/>
    <node xml:id="n77"/>
    <a label="nchunk" ref="n77" as="xces"/>
    <node xml:id="n78"/>
    <a label="nchunk" ref="n78" as="xces"/>
    <node xml:id="n79"/>
    <a label="nchunk" ref="n79" as="xces"/>
    <node xml:id="n8"/>
    <a label="nchunk" ref="n8" as="xces"/>
    <node xml:id="n80"/>
    <a label="nchunk" ref="n80" as="xces"/>
    <node xml:id="n81"/>
    <a label="nchunk" ref="n81" as="xces"/>
    <node xml:id="n82"/>
    <a label="nchunk" ref="n82" as="xces"/>
    <node xml:id="n83"/>
    <a label="nchunk" ref="n83" as="xces"/>
    <node xml:id="n84"/>
    <a label="nchunk" ref="n84" as="xces"/>
    <node xml:id="n85"/>
    <a label="nchunk" ref="n85" as="xces"/>
    <node xml:id="n86"/>
    <a label="nchunk" ref="n86" as="xces"/>
    <node xml:id="n87"/>
    <a label="nchunk" ref="n87" as="xces"/>
    <node xml:id="n88"/>
    <a label="nchunk" ref="n88" as="xces"/>
    <node xml:id="n89"/>
    <a label="nchunk" ref="n89" as="xces"/>
    <node xml:id="n9"/>
    <a label="nchunk" ref="n9" as="xces"/>
    <node xml:id="n90"/>
    <a label="nchunk" ref="n90" as="xces"/>
    <node xml:id="n91"/>
    <a label="nchunk" ref="n91" as="xces"/>
    <node xml:id="n92"/>
    <a label="nchunk" ref="n92" as="xces"/>
    <node xml:id="n93"/>
    <a label="nchunk" ref="n93" as="xces"/>
    <node xml:id="n94"/>
    <a label="nchunk" ref="n94" as="xces"/>
    <node xml:id="n95"/>
    <a label="nchunk" ref="n95" as="xces"/>
    <node xml:id="n96"/>
    <a label="nchunk" ref="n96" as="xces"/>
    <node xml:id="n97"/>
    <a label="nchunk" ref="n97" as="xces"/>
    <node xml:id="n98"/>
    <a label="nchunk" ref="n98" as="xces"/>
    <node xml:id="n99"/>
    <a label="nchunk" ref="n99" as="xces"/>
    <edge xml:id="lnk331" from="n99" to="penn-n300"/>
    <edge xml:id="lnk299" from="n77" to="penn-n233"/>
    <edge xml:id="lnk330" from="n98" to="penn-n297"/>
    <edge xml:id="lnk298" from="n77" to="penn-n232"/>
    <edge xml:id="lnk297" from="n76" to="penn-n229"/>
    <edge xml:id="lnk296" from="n75" to="penn-n227"/>
    <edge xml:id="lnk295" from="n75" to="penn-n226"/>
    <edge xml:id="lnk294" from="n74" to="penn-n224"/>
    <edge xml:id="lnk293" from="n74" to="penn-n223"/>
    <edge xml:id="lnk292" from="n73" to="penn-n220"/>
    <edge xml:id="lnk291" from="n73" to="penn-n219"/>
    <edge xml:id="lnk290" from="n72" to="penn-n217"/>
    <edge xml:id="lnk329" from="n98" to="penn-n296"/>
    <edge xml:id="lnk328" from="n97" to="penn-n295"/>
    <edge xml:id="lnk327" from="n96" to="penn-n294"/>
    <edge xml:id="lnk326" from="n96" to="penn-n293"/>
    <edge xml:id="lnk325" from="n95" to="penn-n288"/>
    <edge xml:id="lnk324" from="n94" to="penn-n286"/>
    <edge xml:id="lnk323" from="n93" to="penn-n283"/>
    <edge xml:id="lnk322" from="n93" to="penn-n282"/>
    <edge xml:id="lnk321" from="n92" to="penn-n280"/>
    <edge xml:id="lnk289" from="n72" to="penn-n216"/>
    <edge xml:id="lnk320" from="n92" to="penn-n279"/>
    <edge xml:id="lnk288" from="n71" to="penn-n212"/>
    <edge xml:id="lnk287" from="n70" to="penn-n211"/>
    <edge xml:id="lnk286" from="n70" to="penn-n210"/>
    <edge xml:id="lnk285" from="n70" to="penn-n209"/>
    <edge xml:id="lnk284" from="n7" to="penn-n20"/>
    <edge xml:id="lnk283" from="n69" to="penn-n208"/>
    <edge xml:id="lnk282" from="n69" to="penn-n207"/>
    <edge xml:id="lnk281" from="n68" to="penn-n206"/>
    <edge xml:id="lnk280" from="n67" to="penn-n203"/>
    <edge xml:id="lnk319" from="n91" to="penn-n277"/>
    <edge xml:id="lnk318" from="n90" to="penn-n275"/>
    <edge xml:id="lnk317" from="n90" to="penn-n274"/>
    <edge xml:id="lnk316" from="n9" to="penn-n25"/>
    <edge xml:id="lnk315" from="n89" to="penn-n272"/>
    <edge xml:id="lnk314" from="n88" to="penn-n269"/>
    <edge xml:id="lnk313" from="n87" to="penn-n268"/>
    <edge xml:id="lnk312" from="n86" to="penn-n264"/>
    <edge xml:id="lnk311" from="n85" to="penn-n261"/>
    <edge xml:id="lnk279" from="n66" to="penn-n198"/>
    <edge xml:id="lnk310" from="n84" to="penn-n257"/>
    <edge xml:id="lnk278" from="n65" to="penn-n194"/>
    <edge xml:id="lnk277" from="n64" to="penn-n192"/>
    <edge xml:id="lnk276" from="n63" to="penn-n188"/>
    <edge xml:id="lnk275" from="n62" to="penn-n184"/>
    <edge xml:id="lnk274" from="n61" to="penn-n181"/>
    <edge xml:id="lnk273" from="n60" to="penn-n178"/>
    <edge xml:id="lnk272" from="n60" to="penn-n177"/>
    <edge xml:id="lnk271" from="n6" to="penn-n17"/>
    <edge xml:id="lnk270" from="n59" to="penn-n174"/>
    <edge xml:id="lnk309" from="n83" to="penn-n252"/>
    <edge xml:id="lnk308" from="n82" to="penn-n248"/>
    <edge xml:id="lnk307" from="n81" to="penn-n246"/>
    <edge xml:id="lnk306" from="n80" to="penn-n244"/>
    <edge xml:id="lnk305" from="n80" to="penn-n243"/>
    <edge xml:id="lnk304" from="n8" to="penn-n24"/>
    <edge xml:id="lnk303" from="n8" to="penn-n23"/>
    <edge xml:id="lnk302" from="n79" to="penn-n238"/>
    <edge xml:id="lnk301" from="n78" to="penn-n237"/>
    <edge xml:id="lnk269" from="n58" to="penn-n172"/>
    <edge xml:id="lnk300" from="n77" to="penn-n234"/>
    <edge xml:id="lnk268" from="n57" to="penn-n170"/>
    <edge xml:id="lnk267" from="n57" to="penn-n169"/>
    <edge xml:id="lnk266" from="n56" to="penn-n164"/>
    <edge xml:id="lnk265" from="n55" to="penn-n162"/>
    <edge xml:id="lnk264" from="n55" to="penn-n161"/>
    <edge xml:id="lnk263" from="n54" to="penn-n153"/>
    <edge xml:id="lnk262" from="n53" to="penn-n151"/>
    <edge xml:id="lnk261" from="n52" to="penn-n149"/>
    <edge xml:id="lnk260" from="n52" to="penn-n148"/>
    <edge xml:id="lnk259" from="n51" to="penn-n146"/>
    <edge xml:id="lnk258" from="n50" to="penn-n143"/>
    <edge xml:id="lnk257" from="n5" to="penn-n16"/>
    <edge xml:id="lnk256" from="n49" to="penn-n137"/>
    <edge xml:id="lnk255" from="n48" to="penn-n135"/>
    <edge xml:id="lnk254" from="n47" to="penn-n133"/>
    <edge xml:id="lnk253" from="n46" to="penn-n132"/>
    <edge xml:id="lnk252" from="n45" to="penn-n130"/>
    <edge xml:id="lnk251" from="n45" to="penn-n129"/>
    <edge xml:id="lnk250" from="n45" to="penn-n128"/>
    <edge xml:id="lnk249" from="n44" to="penn-n125"/>
    <edge xml:id="lnk248" from="n43" to="penn-n123"/>
    <edge xml:id="lnk247" from="n42" to="penn-n122"/>
    <edge xml:id="lnk246" from="n41" to="penn-n120"/>
    <edge xml:id="lnk245" from="n40" to="penn-n118"/>
    <edge xml:id="lnk244" from="n40" to="penn-n117"/>
    <edge xml:id="lnk243" from="n4" to="penn-n14"/>
    <edge xml:id="lnk242" from="n39" to="penn-n114"/>
    <edge xml:id="lnk241" from="n38" to="penn-n112"/>
    <edge xml:id="lnk240" from="n37" to="penn-n107"/>
    <edge xml:id="lnk239" from="n36" to="penn-n105"/>
    <edge xml:id="lnk238" from="n36" to="penn-n104"/>
    <edge xml:id="lnk99" from="n168" to="penn-n517"/>
    <edge xml:id="lnk237" from="n35" to="penn-n102"/>
    <edge xml:id="lnk98" from="n167" to="penn-n515"/>
    <edge xml:id="lnk236" from="n35" to="penn-n101"/>
    <edge xml:id="lnk97" from="n166" to="penn-n510"/>
    <edge xml:id="lnk235" from="n35" to="penn-n100"/>
    <edge xml:id="lnk96" from="n165" to="penn-n508"/>
    <edge xml:id="lnk234" from="n34" to="penn-n97"/>
    <edge xml:id="lnk95" from="n164" to="penn-n503"/>
    <edge xml:id="lnk233" from="n34" to="penn-n96"/>
    <edge xml:id="lnk94" from="n163" to="penn-n499"/>
    <edge xml:id="lnk232" from="n33" to="penn-n93"/>
    <edge xml:id="lnk93" from="n162" to="penn-n495"/>
    <edge xml:id="lnk199" from="n239" to="penn-n724"/>
    <edge xml:id="lnk231" from="n32" to="penn-n90"/>
    <edge xml:id="lnk92" from="n161" to="penn-n490"/>
    <edge xml:id="lnk198" from="n239" to="penn-n723"/>
    <edge xml:id="lnk230" from="n31" to="penn-n88"/>
    <edge xml:id="lnk91" from="n160" to="penn-n488"/>
    <edge xml:id="lnk197" from="n238" to="penn-n720"/>
    <edge xml:id="lnk90" from="n16" to="penn-n48"/>
    <edge xml:id="lnk196" from="n237" to="penn-n716"/>
    <edge xml:id="lnk195" from="n236" to="penn-n715"/>
    <edge xml:id="lnk194" from="n235" to="penn-n713"/>
    <edge xml:id="lnk193" from="n235" to="penn-n712"/>
    <edge xml:id="lnk192" from="n234" to="penn-n710"/>
    <edge xml:id="lnk191" from="n233" to="penn-n709"/>
    <edge xml:id="lnk190" from="n233" to="penn-n708"/>
    <edge xml:id="lnk229" from="n31" to="penn-n87"/>
    <edge xml:id="lnk228" from="n30" to="penn-n85"/>
    <edge xml:id="lnk89" from="n159" to="penn-n486"/>
    <edge xml:id="lnk227" from="n3" to="penn-n12"/>
    <edge xml:id="lnk88" from="n159" to="penn-n485"/>
    <edge xml:id="lnk226" from="n29" to="penn-n83"/>
    <edge xml:id="lnk87" from="n158" to="penn-n481"/>
    <edge xml:id="lnk225" from="n28" to="penn-n81"/>
    <edge xml:id="lnk86" from="n157" to="penn-n479"/>
    <edge xml:id="lnk224" from="n27" to="penn-n76"/>
    <edge xml:id="lnk85" from="n157" to="penn-n478"/>
    <edge xml:id="lnk223" from="n26" to="penn-n75"/>
    <edge xml:id="lnk84" from="n156" to="penn-n476"/>
    <edge xml:id="lnk222" from="n26" to="penn-n74"/>
    <edge xml:id="lnk83" from="n156" to="penn-n475"/>
    <edge xml:id="lnk189" from="n232" to="penn-n706"/>
    <edge xml:id="lnk221" from="n256" to="penn-n785"/>
    <edge xml:id="lnk82" from="n155" to="penn-n473"/>
    <edge xml:id="lnk188" from="n231" to="penn-n704"/>
    <edge xml:id="lnk220" from="n255" to="penn-n782"/>
    <edge xml:id="lnk81" from="n154" to="penn-n470"/>
    <edge xml:id="lnk187" from="n230" to="penn-n701"/>
    <edge xml:id="lnk80" from="n153" to="penn-n465"/>
    <edge xml:id="lnk186" from="n230" to="penn-n700"/>
    <edge xml:id="lnk185" from="n23" to="penn-n66"/>
    <edge xml:id="lnk184" from="n229" to="penn-n698"/>
    <edge xml:id="lnk183" from="n228" to="penn-n696"/>
    <edge xml:id="lnk182" from="n228" to="penn-n695"/>
    <edge xml:id="lnk181" from="n227" to="penn-n693"/>
    <edge xml:id="lnk180" from="n226" to="penn-n690"/>
    <edge xml:id="lnk219" from="n254" to="penn-n778"/>
    <edge xml:id="lnk218" from="n253" to="penn-n776"/>
    <edge xml:id="lnk79" from="n153" to="penn-n464"/>
    <edge xml:id="lnk217" from="n252" to="penn-n768"/>
    <edge xml:id="lnk78" from="n152" to="penn-n462"/>
    <edge xml:id="lnk216" from="n251" to="penn-n766"/>
    <edge xml:id="lnk77" from="n151" to="penn-n458"/>
    <edge xml:id="lnk215" from="n250" to="penn-n760"/>
    <edge xml:id="lnk76" from="n150" to="penn-n456"/>
    <edge xml:id="lnk214" from="n25" to="penn-n73"/>
    <edge xml:id="lnk75" from="n15" to="penn-n46"/>
    <edge xml:id="lnk213" from="n25" to="penn-n72"/>
    <edge xml:id="lnk74" from="n149" to="penn-n452"/>
    <edge xml:id="lnk212" from="n249" to="penn-n758"/>
    <edge xml:id="lnk73" from="n148" to="penn-n449"/>
    <edge xml:id="lnk179" from="n225" to="penn-n687"/>
    <edge xml:id="lnk211" from="n248" to="penn-n756"/>
    <edge xml:id="lnk72" from="n147" to="penn-n448"/>
    <edge xml:id="lnk178" from="n224" to="penn-n685"/>
    <edge xml:id="lnk210" from="n247" to="penn-n754"/>
    <edge xml:id="lnk71" from="n146" to="penn-n447"/>
    <edge xml:id="lnk177" from="n223" to="penn-n675"/>
    <edge xml:id="lnk70" from="n145" to="penn-n446"/>
    <edge xml:id="lnk176" from="n222" to="penn-n672"/>
    <edge xml:id="lnk175" from="n221" to="penn-n665"/>
    <edge xml:id="lnk174" from="n220" to="penn-n663"/>
    <edge xml:id="lnk173" from="n22" to="penn-n64"/>
    <edge xml:id="lnk172" from="n219" to="penn-n662"/>
    <edge xml:id="lnk171" from="n218" to="penn-n661"/>
    <edge xml:id="lnk170" from="n217" to="penn-n659"/>
    <edge xml:id="lnk209" from="n247" to="penn-n753"/>
    <edge xml:id="lnk208" from="n246" to="penn-n750"/>
    <edge xml:id="lnk69" from="n144" to="penn-n445"/>
    <edge xml:id="lnk207" from="n245" to="penn-n746"/>
    <edge xml:id="lnk68" from="n143" to="penn-n443"/>
    <edge xml:id="lnk206" from="n244" to="penn-n741"/>
    <edge xml:id="lnk67" from="n142" to="penn-n439"/>
    <edge xml:id="lnk205" from="n244" to="penn-n740"/>
    <edge xml:id="lnk66" from="n141" to="penn-n436"/>
    <edge xml:id="lnk204" from="n243" to="penn-n738"/>
    <edge xml:id="lnk65" from="n141" to="penn-n435"/>
    <edge xml:id="lnk203" from="n242" to="penn-n733"/>
    <edge xml:id="lnk64" from="n140" to="penn-n434"/>
    <edge xml:id="lnk202" from="n241" to="penn-n732"/>
    <edge xml:id="lnk63" from="n14" to="penn-n39"/>
    <edge xml:id="lnk169" from="n217" to="penn-n658"/>
    <edge xml:id="lnk201" from="n240" to="penn-n725"/>
    <edge xml:id="lnk62" from="n139" to="penn-n431"/>
    <edge xml:id="lnk168" from="n216" to="penn-n656"/>
    <edge xml:id="lnk200" from="n24" to="penn-n68"/>
    <edge xml:id="lnk61" from="n138" to="penn-n427"/>
    <edge xml:id="lnk167" from="n216" to="penn-n655"/>
    <edge xml:id="lnk60" from="n137" to="penn-n423"/>
    <edge xml:id="lnk166" from="n215" to="penn-n653"/>
    <edge xml:id="lnk165" from="n214" to="penn-n649"/>
    <edge xml:id="lnk164" from="n213" to="penn-n646"/>
    <edge xml:id="lnk163" from="n212" to="penn-n645"/>
    <edge xml:id="lnk162" from="n211" to="penn-n643"/>
    <edge xml:id="lnk161" from="n210" to="penn-n642"/>
    <edge xml:id="lnk160" from="n21" to="penn-n61"/>
    <edge xml:id="lnk59" from="n136" to="penn-n417"/>
    <edge xml:id="lnk58" from="n135" to="penn-n414"/>
    <edge xml:id="lnk57" from="n135" to="penn-n413"/>
    <edge xml:id="lnk56" from="n134" to="penn-n410"/>
    <edge xml:id="lnk55" from="n133" to="penn-n409"/>
    <edge xml:id="lnk54" from="n132" to="penn-n406"/>
    <edge xml:id="lnk53" from="n132" to="penn-n405"/>
    <edge xml:id="lnk159" from="n209" to="penn-n640"/>
    <edge xml:id="lnk52" from="n131" to="penn-n401"/>
    <edge xml:id="lnk158" from="n208" to="penn-n639"/>
    <edge xml:id="lnk51" from="n130" to="penn-n400"/>
    <edge xml:id="lnk157" from="n207" to="penn-n635"/>
    <edge xml:id="lnk50" from="n13" to="penn-n36"/>
    <edge xml:id="lnk156" from="n207" to="penn-n634"/>
    <edge xml:id="lnk155" from="n206" to="penn-n632"/>
    <edge xml:id="lnk154" from="n206" to="penn-n631"/>
    <edge xml:id="lnk153" from="n205" to="penn-n626"/>
    <edge xml:id="lnk152" from="n204" to="penn-n624"/>
    <edge xml:id="lnk151" from="n203" to="penn-n623"/>
    <edge xml:id="lnk150" from="n202" to="penn-n621"/>
    <edge xml:id="lnk49" from="n129" to="penn-n398"/>
    <edge xml:id="lnk48" from="n129" to="penn-n397"/>
    <edge xml:id="lnk47" from="n128" to="penn-n396"/>
    <edge xml:id="lnk46" from="n127" to="penn-n392"/>
    <edge xml:id="lnk45" from="n126" to="penn-n388"/>
    <edge xml:id="lnk44" from="n125" to="penn-n381"/>
    <edge xml:id="lnk43" from="n124" to="penn-n380"/>
    <edge xml:id="lnk149" from="n201" to="penn-n619"/>
    <edge xml:id="lnk42" from="n124" to="penn-n379"/>
    <edge xml:id="lnk148" from="n201" to="penn-n618"/>
    <edge xml:id="lnk41" from="n124" to="penn-n378"/>
    <edge xml:id="lnk147" from="n200" to="penn-n614"/>
    <edge xml:id="lnk40" from="n123" to="penn-n375"/>
    <edge xml:id="lnk146" from="n20" to="penn-n60"/>
    <edge xml:id="lnk145" from="n2" to="penn-n11"/>
    <edge xml:id="lnk144" from="n2" to="penn-n10"/>
    <edge xml:id="lnk143" from="n199" to="penn-n613"/>
    <edge xml:id="lnk142" from="n198" to="penn-n611"/>
    <edge xml:id="lnk141" from="n197" to="penn-n607"/>
    <edge xml:id="lnk140" from="n196" to="penn-n605"/>
    <edge xml:id="lnk39" from="n122" to="penn-n371"/>
    <edge xml:id="lnk38" from="n121" to="penn-n370"/>
    <edge xml:id="lnk37" from="n121" to="penn-n369"/>
    <edge xml:id="lnk36" from="n120" to="penn-n364"/>
    <edge xml:id="lnk35" from="n12" to="penn-n35"/>
    <edge xml:id="lnk34" from="n12" to="penn-n34"/>
    <edge xml:id="lnk33" from="n119" to="penn-n362"/>
    <edge xml:id="lnk139" from="n196" to="penn-n604"/>
    <edge xml:id="lnk32" from="n119" to="penn-n361"/>
    <edge xml:id="lnk138" from="n195" to="penn-n600"/>
    <edge xml:id="lnk31" from="n119" to="penn-n360"/>
    <edge xml:id="lnk137" from="n194" to="penn-n597"/>
    <edge xml:id="lnk30" from="n118" to="penn-n357"/>
    <edge xml:id="lnk136" from="n193" to="penn-n592"/>
    <edge xml:id="lnk135" from="n192" to="penn-n590"/>
    <edge xml:id="lnk134" from="n191" to="penn-n586"/>
    <edge xml:id="lnk133" from="n190" to="penn-n581"/>
    <edge xml:id="lnk132" from="n19" to="penn-n58"/>
    <edge xml:id="lnk131" from="n189" to="penn-n576"/>
    <edge xml:id="lnk130" from="n189" to="penn-n575"/>
    <edge xml:id="lnk29" from="n117" to="penn-n355"/>
    <edge xml:id="lnk28" from="n117" to="penn-n354"/>
    <edge xml:id="lnk27" from="n116" to="penn-n351"/>
    <edge xml:id="lnk26" from="n116" to="penn-n350"/>
    <edge xml:id="lnk25" from="n115" to="penn-n349"/>
    <edge xml:id="lnk24" from="n114" to="penn-n346"/>
    <edge xml:id="lnk23" from="n114" to="penn-n345"/>
    <edge xml:id="lnk129" from="n189" to="penn-n574"/>
    <edge xml:id="lnk22" from="n113" to="penn-n342"/>
    <edge xml:id="lnk128" from="n188" to="penn-n573"/>
    <edge xml:id="lnk21" from="n112" to="penn-n341"/>
    <edge xml:id="lnk127" from="n187" to="penn-n571"/>
    <edge xml:id="lnk20" from="n112" to="penn-n340"/>
    <edge xml:id="lnk126" from="n186" to="penn-n569"/>
    <edge xml:id="lnk125" from="n185" to="penn-n568"/>
    <edge xml:id="lnk124" from="n185" to="penn-n567"/>
    <edge xml:id="lnk123" from="n184" to="penn-n566"/>
    <edge xml:id="lnk122" from="n183" to="penn-n565"/>
    <edge xml:id="lnk121" from="n182" to="penn-n560"/>
    <edge xml:id="lnk120" from="n182" to="penn-n559"/>
    <edge xml:id="lnk19" from="n112" to="penn-n339"/>
    <edge xml:id="lnk18" from="n111" to="penn-n335"/>
    <edge xml:id="lnk17" from="n110" to="penn-n332"/>
    <edge xml:id="lnk16" from="n110" to="penn-n331"/>
    <edge xml:id="lnk15" from="n110" to="penn-n330"/>
    <edge xml:id="lnk14" from="n11" to="penn-n32"/>
    <edge xml:id="lnk13" from="n109" to="penn-n328"/>
    <edge xml:id="lnk119" from="n182" to="penn-n558"/>
    <edge xml:id="lnk12" from="n108" to="penn-n325"/>
    <edge xml:id="lnk118" from="n181" to="penn-n551"/>
    <edge xml:id="lnk11" from="n107" to="penn-n319"/>
    <edge xml:id="lnk117" from="n180" to="penn-n549"/>
    <edge xml:id="lnk10" from="n106" to="penn-n318"/>
    <edge xml:id="lnk116" from="n18" to="penn-n56"/>
    <edge xml:id="lnk115" from="n179" to="penn-n548"/>
    <edge xml:id="lnk114" from="n178" to="penn-n545"/>
    <edge xml:id="lnk113" from="n178" to="penn-n544"/>
    <edge xml:id="lnk112" from="n177" to="penn-n541"/>
    <edge xml:id="lnk111" from="n176" to="penn-n539"/>
    <edge xml:id="lnk110" from="n175" to="penn-n538"/>
    <edge xml:id="lnk9" from="n105" to="penn-n315"/>
    <edge xml:id="lnk8" from="n104" to="penn-n310"/>
    <edge xml:id="lnk7" from="n103" to="penn-n308"/>
    <edge xml:id="lnk6" from="n102" to="penn-n307"/>
    <edge xml:id="lnk5" from="n101" to="penn-n304"/>
    <edge xml:id="lnk4" from="n100" to="penn-n302"/>
    <edge xml:id="lnk3" from="n10" to="penn-n29"/>
    <edge xml:id="lnk109" from="n175" to="penn-n537"/>
    <edge xml:id="lnk2" from="n1" to="penn-n7"/>
    <edge xml:id="lnk108" from="n174" to="penn-n534"/>
    <edge xml:id="lnk1" from="n1" to="penn-n6"/>
    <edge xml:id="lnk107" from="n173" to="penn-n530"/>
    <edge xml:id="lnk0" from="n0" to="penn-n3"/>
    <edge xml:id="lnk106" from="n173" to="penn-n529"/>
    <edge xml:id="lnk105" from="n173" to="penn-n528"/>
    <edge xml:id="lnk104" from="n172" to="penn-n525"/>
    <edge xml:id="lnk103" from="n171" to="penn-n524"/>
    <edge xml:id="lnk102" from="n170" to="penn-n521"/>
    <edge xml:id="lnk101" from="n17" to="penn-n52"/>
    <edge xml:id="lnk100" from="n169" to="penn-n519"/>
</graph>
