<?xml version="1.0" encoding="UTF-8"?>
<graph xmlns="http://www.xces.org/ns/GrAF/1.0/">
    <header>
        <tagsDecl>
        </tagsDecl>
    </header>
    <region xml:id="seg-r0" anchors="18 22"/>
    <region xml:id="seg-r2" anchors="23 24"/>
    <region xml:id="seg-r4" anchors="31 32"/>
    <region xml:id="seg-r6" anchors="33 36"/>
    <region xml:id="seg-r8" anchors="37 43"/>
    <region xml:id="seg-r10" anchors="44 47"/>
    <region xml:id="seg-r12" anchors="48 51"/>
    <region xml:id="seg-r14" anchors="52 60"/>
    <region xml:id="seg-r16" anchors="61 62"/>
    <region xml:id="seg-r18" anchors="63 69"/>
    <region xml:id="seg-r20" anchors="70 74"/>
    <region xml:id="seg-r22" anchors="75 77"/>
    <region xml:id="seg-r24" anchors="78 85"/>
    <region xml:id="seg-r26" anchors="86 89"/>
    <region xml:id="seg-r28" anchors="90 97"/>
    <region xml:id="seg-r30" anchors="104 111"/>
    <region xml:id="seg-r32" anchors="112 114"/>
    <region xml:id="seg-r34" anchors="115 121"/>
    <region xml:id="seg-r36" anchors="122 125"/>
    <region xml:id="seg-r38" anchors="126 129"/>
    <region xml:id="seg-r40" anchors="130 134"/>
    <region xml:id="seg-r42" anchors="135 139"/>
    <region xml:id="seg-r44" anchors="140 148"/>
    <region xml:id="seg-r45" anchors="148 150"/>
    <region xml:id="seg-r47" anchors="151 155"/>
    <region xml:id="seg-r48" anchors="155 156"/>
    <region xml:id="seg-r50" anchors="163 167"/>
    <region xml:id="seg-r51" anchors="167 169"/>
    <region xml:id="seg-r53" anchors="170 177"/>
    <region xml:id="seg-r55" anchors="178 183"/>
    <region xml:id="seg-r57" anchors="184 186"/>
    <region xml:id="seg-r59" anchors="187 194"/>
    <region xml:id="seg-r61" anchors="195 199"/>
    <region xml:id="seg-r63" anchors="200 204"/>
    <region xml:id="seg-r65" anchors="205 210"/>
    <region xml:id="seg-r67" anchors="211 215"/>
    <region xml:id="seg-r69" anchors="216 220"/>
    <region xml:id="seg-r71" anchors="221 223"/>
    <region xml:id="seg-r73" anchors="224 232"/>
    <region xml:id="seg-r75" anchors="239 245"/>
    <region xml:id="seg-r76" anchors="245 246"/>
    <region xml:id="seg-r78" anchors="247 255"/>
    <region xml:id="seg-r79" anchors="255 257"/>
    <region xml:id="seg-r81" anchors="258 268"/>
    <region xml:id="seg-r82" anchors="268 269"/>
    <region xml:id="seg-r84" anchors="270 274"/>
    <region xml:id="seg-r85" anchors="274 275"/>
    <region xml:id="seg-r87" anchors="276 279"/>
    <region xml:id="seg-r89" anchors="280 285"/>
    <region xml:id="seg-r91" anchors="286 288"/>
    <region xml:id="seg-r93" anchors="289 293"/>
    <region xml:id="seg-r95" anchors="294 297"/>
    <region xml:id="seg-r97" anchors="298 299"/>
    <region xml:id="seg-r98" anchors="299 300"/>
    <region xml:id="seg-r99" anchors="300 303"/>
    <region xml:id="seg-r101" anchors="304 310"/>
    <region xml:id="seg-r103" anchors="317 319"/>
    <region xml:id="seg-r105" anchors="320 326"/>
    <region xml:id="seg-r107" anchors="327 331"/>
    <region xml:id="seg-r109" anchors="332 336"/>
    <region xml:id="seg-r111" anchors="337 339"/>
    <region xml:id="seg-r113" anchors="340 344"/>
    <region xml:id="seg-r115" anchors="345 351"/>
    <region xml:id="seg-r117" anchors="352 365"/>
    <region xml:id="seg-r119" anchors="366 367"/>
    <region xml:id="seg-r120" anchors="367 369"/>
    <region xml:id="seg-r122" anchors="370 377"/>
    <region xml:id="seg-r124" anchors="378 385"/>
    <region xml:id="seg-r125" anchors="385 386"/>
    <region xml:id="seg-r127" anchors="387 389"/>
    <region xml:id="seg-r129" anchors="396 404"/>
    <region xml:id="seg-r131" anchors="405 407"/>
    <region xml:id="seg-r133" anchors="408 412"/>
    <region xml:id="seg-r134" anchors="412 413"/>
    <region xml:id="seg-r136" anchors="414 416"/>
    <region xml:id="seg-r138" anchors="417 424"/>
    <region xml:id="seg-r140" anchors="425 429"/>
    <region xml:id="seg-r142" anchors="430 434"/>
    <region xml:id="seg-r144" anchors="435 439"/>
    <region xml:id="seg-r145" anchors="439 440"/>
    <region xml:id="seg-r147" anchors="441 449"/>
    <region xml:id="seg-r149" anchors="450 457"/>
    <region xml:id="seg-r151" anchors="458 461"/>
    <region xml:id="seg-r153" anchors="462 467"/>
    <region xml:id="seg-r154" anchors="467 469"/>
    <region xml:id="seg-r156" anchors="476 482"/>
    <region xml:id="seg-r158" anchors="483 490"/>
    <region xml:id="seg-r160" anchors="491 494"/>
    <region xml:id="seg-r162" anchors="495 497"/>
    <region xml:id="seg-r164" anchors="498 500"/>
    <region xml:id="seg-r166" anchors="501 510"/>
    <region xml:id="seg-r168" anchors="511 512"/>
    <region xml:id="seg-r169" anchors="512 513"/>
    <region xml:id="seg-r171" anchors="514 521"/>
    <region xml:id="seg-r172" anchors="521 522"/>
    <region xml:id="seg-r174" anchors="523 527"/>
    <region xml:id="seg-r176" anchors="528 532"/>
    <region xml:id="seg-r178" anchors="533 535"/>
    <region xml:id="seg-r180" anchors="536 544"/>
    <region xml:id="seg-r182" anchors="545 549"/>
    <region xml:id="seg-r184" anchors="556 560"/>
    <region xml:id="seg-r186" anchors="561 563"/>
    <region xml:id="seg-r188" anchors="564 566"/>
    <region xml:id="seg-r190" anchors="567 571"/>
    <region xml:id="seg-r192" anchors="572 576"/>
    <region xml:id="seg-r194" anchors="577 581"/>
    <region xml:id="seg-r196" anchors="582 586"/>
    <region xml:id="seg-r198" anchors="587 594"/>
    <region xml:id="seg-r200" anchors="595 599"/>
    <region xml:id="seg-r202" anchors="600 604"/>
    <region xml:id="seg-r204" anchors="605 609"/>
    <region xml:id="seg-r206" anchors="610 612"/>
    <region xml:id="seg-r208" anchors="613 617"/>
    <region xml:id="seg-r210" anchors="618 620"/>
    <region xml:id="seg-r212" anchors="621 629"/>
    <region xml:id="seg-r214" anchors="636 643"/>
    <region xml:id="seg-r216" anchors="644 647"/>
    <region xml:id="seg-r218" anchors="648 652"/>
    <region xml:id="seg-r219" anchors="652 653"/>
    <region xml:id="seg-r221" anchors="660 664"/>
    <region xml:id="seg-r223" anchors="665 669"/>
    <region xml:id="seg-r225" anchors="670 672"/>
    <region xml:id="seg-r227" anchors="673 677"/>
    <region xml:id="seg-r229" anchors="678 682"/>
    <region xml:id="seg-r231" anchors="683 691"/>
    <region xml:id="seg-r233" anchors="692 694"/>
    <region xml:id="seg-r234" anchors="694 695"/>
    <region xml:id="seg-r236" anchors="702 710"/>
    <region xml:id="seg-r238" anchors="711 716"/>
    <region xml:id="seg-r240" anchors="717 721"/>
    <region xml:id="seg-r242" anchors="722 725"/>
    <region xml:id="seg-r244" anchors="726 732"/>
    <region xml:id="seg-r246" anchors="733 737"/>
    <region xml:id="seg-r248" anchors="738 744"/>
    <region xml:id="seg-r250" anchors="745 748"/>
    <region xml:id="seg-r252" anchors="749 757"/>
    <region xml:id="seg-r254" anchors="758 770"/>
    <region xml:id="seg-r255" anchors="770 771"/>
    <region xml:id="seg-r257" anchors="778 783"/>
    <region xml:id="seg-r259" anchors="784 791"/>
    <region xml:id="seg-r260" anchors="791 793"/>
    <region xml:id="seg-r262" anchors="794 797"/>
    <region xml:id="seg-r264" anchors="798 803"/>
    <region xml:id="seg-r266" anchors="804 810"/>
    <region xml:id="seg-r268" anchors="811 814"/>
    <region xml:id="seg-r270" anchors="815 818"/>
    <region xml:id="seg-r272" anchors="819 821"/>
    <region xml:id="seg-r274" anchors="822 824"/>
    <region xml:id="seg-r276" anchors="825 828"/>
    <region xml:id="seg-r278" anchors="829 832"/>
    <region xml:id="seg-r280" anchors="833 835"/>
    <region xml:id="seg-r282" anchors="836 837"/>
    <region xml:id="seg-r284" anchors="838 848"/>
    <region xml:id="seg-r285" anchors="848 849"/>
    <region xml:id="seg-r287" anchors="856 858"/>
    <region xml:id="seg-r289" anchors="859 865"/>
    <region xml:id="seg-r291" anchors="866 873"/>
    <region xml:id="seg-r293" anchors="874 878"/>
    <region xml:id="seg-r295" anchors="879 882"/>
    <region xml:id="seg-r297" anchors="883 885"/>
    <region xml:id="seg-r299" anchors="886 889"/>
    <region xml:id="seg-r301" anchors="890 896"/>
    <region xml:id="seg-r303" anchors="897 906"/>
    <region xml:id="seg-r305" anchors="907 911"/>
    <region xml:id="seg-r307" anchors="912 916"/>
    <region xml:id="seg-r309" anchors="917 923"/>
    <region xml:id="seg-r311" anchors="924 928"/>
    <region xml:id="seg-r313" anchors="935 943"/>
    <region xml:id="seg-r315" anchors="944 947"/>
    <region xml:id="seg-r317" anchors="948 954"/>
    <region xml:id="seg-r319" anchors="955 967"/>
    <region xml:id="seg-r321" anchors="968 971"/>
    <region xml:id="seg-r323" anchors="972 976"/>
    <region xml:id="seg-r325" anchors="977 978"/>
    <region xml:id="seg-r327" anchors="979 989"/>
    <region xml:id="seg-r329" anchors="990 993"/>
    <region xml:id="seg-r331" anchors="994 999"/>
    <region xml:id="seg-r333" anchors="1000 1003"/>
    <region xml:id="seg-r335" anchors="1004 1006"/>
    <region xml:id="seg-r337" anchors="1013 1016"/>
    <region xml:id="seg-r339" anchors="1017 1023"/>
    <region xml:id="seg-r341" anchors="1024 1026"/>
    <region xml:id="seg-r343" anchors="1027 1034"/>
    <region xml:id="seg-r344" anchors="1034 1035"/>
    <region xml:id="seg-r346" anchors="1036 1044"/>
    <region xml:id="seg-r348" anchors="1045 1049"/>
    <region xml:id="seg-r350" anchors="1050 1053"/>
    <region xml:id="seg-r352" anchors="1054 1058"/>
    <region xml:id="seg-r354" anchors="1059 1061"/>
    <region xml:id="seg-r356" anchors="1062 1064"/>
    <region xml:id="seg-r358" anchors="1065 1069"/>
    <region xml:id="seg-r360" anchors="1070 1076"/>
    <region xml:id="seg-r361" anchors="1076 1077"/>
    <region xml:id="seg-r363" anchors="1078 1079"/>
    <region xml:id="seg-r364" anchors="1079 1081"/>
    <region xml:id="seg-r366" anchors="1082 1083"/>
    <region xml:id="seg-r368" anchors="1090 1093"/>
    <region xml:id="seg-r369" anchors="1093 1096"/>
    <region xml:id="seg-r371" anchors="1097 1104"/>
    <region xml:id="seg-r373" anchors="1105 1109"/>
    <region xml:id="seg-r374" anchors="1109 1110"/>
    <region xml:id="seg-r375" anchors="1110 1111"/>
    <region xml:id="seg-r376" anchors="1111 1112"/>
    <region xml:id="seg-r377" anchors="1112 1113"/>
    <region xml:id="seg-r379" anchors="1114 1119"/>
    <region xml:id="seg-r381" anchors="1120 1122"/>
    <region xml:id="seg-r383" anchors="1123 1126"/>
    <region xml:id="seg-r384" anchors="1126 1127"/>
    <region xml:id="seg-r385" anchors="1127 1128"/>
    <region xml:id="seg-r386" anchors="1128 1129"/>
    <region xml:id="seg-r387" anchors="1129 1130"/>
    <region xml:id="seg-r389" anchors="1137 1145"/>
    <region xml:id="seg-r391" anchors="1146 1151"/>
    <region xml:id="seg-r393" anchors="1152 1158"/>
    <region xml:id="seg-r395" anchors="1159 1162"/>
    <region xml:id="seg-r397" anchors="1163 1166"/>
    <region xml:id="seg-r399" anchors="1167 1169"/>
    <region xml:id="seg-r401" anchors="1170 1176"/>
    <region xml:id="seg-r403" anchors="1177 1187"/>
    <region xml:id="seg-r404" anchors="1187 1188"/>
    <region xml:id="seg-r406" anchors="1189 1195"/>
    <region xml:id="seg-r408" anchors="1196 1203"/>
    <region xml:id="seg-r410" anchors="1210 1217"/>
    <region xml:id="seg-r412" anchors="1218 1221"/>
    <region xml:id="seg-r414" anchors="1222 1228"/>
    <region xml:id="seg-r416" anchors="1229 1234"/>
    <region xml:id="seg-r418" anchors="1235 1240"/>
    <region xml:id="seg-r420" anchors="1241 1245"/>
    <region xml:id="seg-r422" anchors="1246 1249"/>
    <region xml:id="seg-r424" anchors="1250 1255"/>
    <region xml:id="seg-r426" anchors="1256 1260"/>
    <region xml:id="seg-r428" anchors="1261 1264"/>
    <region xml:id="seg-r430" anchors="1265 1267"/>
    <region xml:id="seg-r432" anchors="1268 1271"/>
    <region xml:id="seg-r434" anchors="1272 1276"/>
    <region xml:id="seg-r436" anchors="1277 1279"/>
    <region xml:id="seg-r438" anchors="1280 1283"/>
    <region xml:id="seg-r440" anchors="1290 1297"/>
    <region xml:id="seg-r442" anchors="1298 1304"/>
    <region xml:id="seg-r444" anchors="1305 1308"/>
    <region xml:id="seg-r446" anchors="1309 1316"/>
    <region xml:id="seg-r448" anchors="1317 1320"/>
    <region xml:id="seg-r450" anchors="1321 1327"/>
    <region xml:id="seg-r451" anchors="1327 1328"/>
    <region xml:id="seg-r453" anchors="1329 1331"/>
    <region xml:id="seg-r455" anchors="1332 1340"/>
    <region xml:id="seg-r457" anchors="1341 1344"/>
    <region xml:id="seg-r459" anchors="1345 1351"/>
    <region xml:id="seg-r461" anchors="1352 1354"/>
    <region xml:id="seg-r463" anchors="1361 1365"/>
    <region xml:id="seg-r464" anchors="1365 1366"/>
    <region xml:id="seg-r465" anchors="1366 1376"/>
    <region xml:id="seg-r466" anchors="1376 1377"/>
    <region xml:id="seg-r468" anchors="1378 1380"/>
    <region xml:id="seg-r470" anchors="1381 1384"/>
    <region xml:id="seg-r472" anchors="1385 1391"/>
    <region xml:id="seg-r474" anchors="1392 1394"/>
    <region xml:id="seg-r476" anchors="1395 1398"/>
    <region xml:id="seg-r478" anchors="1399 1405"/>
    <region xml:id="seg-r480" anchors="1406 1409"/>
    <region xml:id="seg-r482" anchors="1410 1412"/>
    <region xml:id="seg-r484" anchors="1413 1416"/>
    <region xml:id="seg-r486" anchors="1417 1420"/>
    <region xml:id="seg-r488" anchors="1421 1427"/>
    <region xml:id="seg-r490" anchors="1428 1431"/>
    <region xml:id="seg-r492" anchors="1438 1444"/>
    <region xml:id="seg-r494" anchors="1445 1447"/>
    <region xml:id="seg-r496" anchors="1448 1452"/>
    <region xml:id="seg-r498" anchors="1453 1456"/>
    <region xml:id="seg-r500" anchors="1457 1461"/>
    <region xml:id="seg-r502" anchors="1462 1463"/>
    <region xml:id="seg-r504" anchors="1464 1468"/>
    <region xml:id="seg-r506" anchors="1469 1472"/>
    <region xml:id="seg-r507" anchors="1472 1473"/>
    <region xml:id="seg-r509" anchors="1474 1475"/>
    <region xml:id="seg-r510" anchors="1475 1481"/>
    <region xml:id="seg-r512" anchors="1482 1484"/>
    <region xml:id="seg-r514" anchors="1485 1493"/>
    <region xml:id="seg-r516" anchors="1494 1497"/>
    <region xml:id="seg-r518" anchors="1498 1501"/>
    <region xml:id="seg-r520" anchors="1502 1507"/>
    <region xml:id="seg-r522" anchors="1514 1518"/>
    <region xml:id="seg-r524" anchors="1519 1525"/>
    <region xml:id="seg-r526" anchors="1526 1528"/>
    <region xml:id="seg-r528" anchors="1529 1537"/>
    <region xml:id="seg-r530" anchors="1538 1545"/>
    <region xml:id="seg-r532" anchors="1546 1557"/>
    <region xml:id="seg-r533" anchors="1557 1558"/>
    <region xml:id="seg-r535" anchors="1559 1560"/>
    <region xml:id="seg-r537" anchors="1561 1563"/>
    <region xml:id="seg-r539" anchors="1564 1567"/>
    <region xml:id="seg-r540" anchors="1567 1568"/>
    <region xml:id="seg-r541" anchors="1568 1569"/>
    <region xml:id="seg-r542" anchors="1569 1570"/>
    <region xml:id="seg-r544" anchors="1571 1578"/>
    <region xml:id="seg-r546" anchors="1579 1582"/>
    <region xml:id="seg-r548" anchors="1583 1585"/>
    <region xml:id="seg-r550" anchors="1592 1599"/>
    <region xml:id="seg-r551" anchors="1599 1600"/>
    <region xml:id="seg-r552" anchors="1600 1601"/>
    <region xml:id="seg-r554" anchors="1608 1616"/>
    <region xml:id="seg-r556" anchors="1617 1625"/>
    <region xml:id="seg-r558" anchors="1626 1632"/>
    <region xml:id="seg-r560" anchors="1633 1636"/>
    <region xml:id="seg-r562" anchors="1637 1641"/>
    <region xml:id="seg-r563" anchors="1641 1642"/>
    <region xml:id="seg-r564" anchors="1642 1646"/>
    <region xml:id="seg-r566" anchors="1647 1657"/>
    <region xml:id="seg-r567" anchors="1657 1658"/>
    <region xml:id="seg-r569" anchors="1659 1666"/>
    <region xml:id="seg-r571" anchors="1667 1672"/>
    <region xml:id="seg-r573" anchors="1673 1674"/>
    <region xml:id="seg-r575" anchors="1681 1687"/>
    <region xml:id="seg-r577" anchors="1688 1690"/>
    <region xml:id="seg-r579" anchors="1691 1701"/>
    <region xml:id="seg-r581" anchors="1702 1709"/>
    <region xml:id="seg-r583" anchors="1710 1714"/>
    <region xml:id="seg-r585" anchors="1715 1717"/>
    <region xml:id="seg-r587" anchors="1718 1723"/>
    <region xml:id="seg-r589" anchors="1724 1731"/>
    <region xml:id="seg-r591" anchors="1732 1739"/>
    <region xml:id="seg-r593" anchors="1740 1745"/>
    <region xml:id="seg-r595" anchors="1746 1747"/>
    <region xml:id="seg-r597" anchors="1754 1758"/>
    <region xml:id="seg-r598" anchors="1758 1759"/>
    <region xml:id="seg-r599" anchors="1759 1763"/>
    <region xml:id="seg-r601" anchors="1764 1770"/>
    <region xml:id="seg-r603" anchors="1771 1777"/>
    <region xml:id="seg-r605" anchors="1778 1781"/>
    <region xml:id="seg-r607" anchors="1782 1785"/>
    <region xml:id="seg-r609" anchors="1786 1788"/>
    <region xml:id="seg-r611" anchors="1789 1792"/>
    <region xml:id="seg-r613" anchors="1793 1796"/>
    <region xml:id="seg-r615" anchors="1797 1799"/>
    <region xml:id="seg-r617" anchors="1800 1801"/>
    <region xml:id="seg-r619" anchors="1802 1809"/>
    <region xml:id="seg-r620" anchors="1809 1810"/>
    <region xml:id="seg-r622" anchors="1811 1813"/>
    <region xml:id="seg-r624" anchors="1814 1821"/>
    <region xml:id="seg-r626" anchors="1822 1824"/>
    <region xml:id="seg-r628" anchors="1831 1838"/>
    <region xml:id="seg-r630" anchors="1839 1849"/>
    <region xml:id="seg-r632" anchors="1850 1853"/>
    <region xml:id="seg-r634" anchors="1854 1862"/>
    <region xml:id="seg-r636" anchors="1863 1866"/>
    <region xml:id="seg-r638" anchors="1867 1879"/>
    <region xml:id="seg-r640" anchors="1880 1884"/>
    <region xml:id="seg-r642" anchors="1885 1890"/>
    <region xml:id="seg-r644" anchors="1891 1895"/>
    <region xml:id="seg-r646" anchors="1902 1905"/>
    <region xml:id="seg-r647" anchors="1905 1906"/>
    <region xml:id="seg-r648" anchors="1906 1911"/>
    <region xml:id="seg-r650" anchors="1912 1918"/>
    <region xml:id="seg-r652" anchors="1919 1921"/>
    <region xml:id="seg-r654" anchors="1922 1923"/>
    <region xml:id="seg-r656" anchors="1924 1934"/>
    <region xml:id="seg-r658" anchors="1935 1943"/>
    <region xml:id="seg-r659" anchors="1943 1944"/>
    <region xml:id="seg-r661" anchors="1945 1946"/>
    <region xml:id="seg-r662" anchors="1946 1947"/>
    <region xml:id="seg-r663" anchors="1947 1950"/>
    <region xml:id="seg-r665" anchors="1951 1954"/>
    <region xml:id="seg-r667" anchors="1955 1959"/>
    <region xml:id="seg-r669" anchors="1960 1964"/>
    <region xml:id="seg-r671" anchors="1965 1966"/>
    <region xml:id="seg-r673" anchors="1967 1970"/>
    <region xml:id="seg-r674" anchors="1970 1971"/>
    <region xml:id="seg-r676" anchors="1978 1979"/>
    <region xml:id="seg-r677" anchors="1979 1982"/>
    <region xml:id="seg-r679" anchors="1983 1986"/>
    <region xml:id="seg-r681" anchors="1987 1988"/>
    <region xml:id="seg-r683" anchors="1989 1995"/>
    <region xml:id="seg-r684" anchors="1995 1996"/>
    <region xml:id="seg-r685" anchors="1996 1997"/>
    <region xml:id="seg-r687" anchors="2004 2012"/>
    <region xml:id="seg-r689" anchors="2013 2021"/>
    <region xml:id="seg-r691" anchors="2022 2026"/>
    <region xml:id="seg-r693" anchors="2027 2029"/>
    <region xml:id="seg-r695" anchors="2030 2038"/>
    <region xml:id="seg-r696" anchors="2038 2039"/>
    <region xml:id="seg-r698" anchors="2040 2045"/>
    <region xml:id="seg-r700" anchors="2046 2047"/>
    <region xml:id="seg-r702" anchors="2048 2056"/>
    <region xml:id="seg-r704" anchors="2057 2059"/>
    <region xml:id="seg-r706" anchors="2060 2066"/>
    <region xml:id="seg-r707" anchors="2066 2067"/>
    <region xml:id="seg-r709" anchors="2068 2073"/>
    <region xml:id="seg-r711" anchors="2080 2083"/>
    <region xml:id="seg-r713" anchors="2084 2088"/>
    <region xml:id="seg-r715" anchors="2089 2095"/>
    <region xml:id="seg-r717" anchors="2096 2099"/>
    <region xml:id="seg-r719" anchors="2100 2103"/>
    <region xml:id="seg-r721" anchors="2104 2106"/>
    <region xml:id="seg-r723" anchors="2107 2115"/>
    <region xml:id="seg-r724" anchors="2115 2116"/>
    <region xml:id="seg-r726" anchors="2117 2120"/>
    <region xml:id="seg-r728" anchors="2121 2127"/>
    <region xml:id="seg-r730" anchors="2128 2129"/>
    <region xml:id="seg-r732" anchors="2130 2133"/>
    <region xml:id="seg-r734" anchors="2134 2138"/>
    <region xml:id="seg-r735" anchors="2138 2139"/>
    <region xml:id="seg-r737" anchors="2140 2141"/>
    <region xml:id="seg-r738" anchors="2141 2142"/>
    <region xml:id="seg-r740" anchors="2143 2147"/>
    <region xml:id="seg-r742" anchors="2148 2149"/>
    <region xml:id="seg-r744" anchors="2156 2160"/>
    <region xml:id="seg-r746" anchors="2161 2163"/>
    <region xml:id="seg-r748" anchors="2164 2172"/>
    <region xml:id="seg-r750" anchors="2173 2175"/>
    <region xml:id="seg-r752" anchors="2176 2179"/>
    <region xml:id="seg-r754" anchors="2180 2184"/>
    <region xml:id="seg-r756" anchors="2185 2188"/>
    <region xml:id="seg-r758" anchors="2189 2193"/>
    <region xml:id="seg-r759" anchors="2193 2194"/>
    <region xml:id="seg-r761" anchors="2195 2196"/>
    <region xml:id="seg-r763" anchors="2197 2203"/>
    <region xml:id="seg-r765" anchors="2204 2206"/>
    <region xml:id="seg-r767" anchors="2207 2209"/>
    <region xml:id="seg-r769" anchors="2210 2215"/>
    <region xml:id="seg-r770" anchors="2215 2216"/>
    <region xml:id="seg-r771" anchors="2216 2217"/>
    <region xml:id="seg-r772" anchors="2217 2218"/>
    <region xml:id="seg-r773" anchors="2218 2219"/>
    <region xml:id="seg-r775" anchors="2220 2223"/>
    <region xml:id="seg-r777" anchors="2224 2226"/>
    <region xml:id="seg-r779" anchors="2233 2239"/>
    <region xml:id="seg-r781" anchors="2240 2246"/>
    <region xml:id="seg-r783" anchors="2247 2249"/>
    <region xml:id="seg-r785" anchors="2250 2256"/>
    <region xml:id="seg-r787" anchors="2257 2259"/>
    <region xml:id="seg-r789" anchors="2260 2264"/>
    <region xml:id="seg-r790" anchors="2264 2265"/>
    <region xml:id="seg-r791" anchors="2265 2266"/>
    <region xml:id="seg-r793" anchors="2273 2277"/>
    <region xml:id="seg-r795" anchors="2278 2282"/>
    <region xml:id="seg-r797" anchors="2283 2285"/>
    <region xml:id="seg-r799" anchors="2286 2294"/>
    <region xml:id="seg-r801" anchors="2295 2299"/>
    <region xml:id="seg-r803" anchors="2300 2304"/>
    <region xml:id="seg-r805" anchors="2305 2308"/>
    <region xml:id="seg-r807" anchors="2309 2313"/>
    <region xml:id="seg-r809" anchors="2314 2320"/>
    <region xml:id="seg-r811" anchors="2321 2324"/>
    <region xml:id="seg-r813" anchors="2325 2329"/>
    <region xml:id="seg-r815" anchors="2330 2332"/>
    <region xml:id="seg-r817" anchors="2333 2337"/>
    <region xml:id="seg-r819" anchors="2338 2343"/>
    <region xml:id="seg-r821" anchors="2350 2353"/>
    <region xml:id="seg-r823" anchors="2354 2361"/>
    <region xml:id="seg-r825" anchors="2362 2364"/>
    <region xml:id="seg-r827" anchors="2365 2372"/>
    <region xml:id="seg-r828" anchors="2372 2373"/>
    <region xml:id="seg-r830" anchors="2374 2378"/>
    <region xml:id="seg-r832" anchors="2379 2386"/>
    <region xml:id="seg-r834" anchors="2387 2391"/>
    <region xml:id="seg-r836" anchors="2392 2396"/>
    <region xml:id="seg-r838" anchors="2397 2401"/>
    <region xml:id="seg-r840" anchors="2402 2404"/>
    <region xml:id="seg-r842" anchors="2405 2407"/>
    <region xml:id="seg-r844" anchors="2408 2412"/>
    <region xml:id="seg-r845" anchors="2412 2413"/>
    <region xml:id="seg-r847" anchors="2420 2426"/>
    <region xml:id="seg-r849" anchors="2427 2430"/>
    <region xml:id="seg-r851" anchors="2431 2434"/>
    <region xml:id="seg-r853" anchors="2435 2443"/>
    <region xml:id="seg-r855" anchors="2444 2452"/>
    <region xml:id="seg-r857" anchors="2453 2455"/>
    <region xml:id="seg-r859" anchors="2456 2460"/>
    <region xml:id="seg-r861" anchors="2461 2462"/>
    <region xml:id="seg-r863" anchors="2463 2471"/>
    <region xml:id="seg-r865" anchors="2472 2476"/>
    <region xml:id="seg-r867" anchors="2477 2479"/>
    <region xml:id="seg-r869" anchors="2480 2488"/>
    <region xml:id="seg-r871" anchors="2495 2500"/>
    <region xml:id="seg-r872" anchors="2500 2501"/>
    <region xml:id="seg-r874" anchors="2508 2517"/>
    <region xml:id="seg-r875" anchors="2517 2518"/>
    <region xml:id="seg-r877" anchors="2525 2532"/>
    <region xml:id="seg-r879" anchors="2533 2534"/>
    <region xml:id="seg-r881" anchors="2535 2541"/>
    <region xml:id="seg-r882" anchors="2541 2542"/>
    <region xml:id="seg-r884" anchors="2543 2551"/>
    <region xml:id="seg-r886" anchors="2552 2560"/>
    <region xml:id="seg-r888" anchors="2561 2571"/>
    <region xml:id="seg-r890" anchors="2572 2582"/>
    <region xml:id="seg-r892" anchors="2589 2590"/>
    <region xml:id="seg-r893" anchors="2590 2591"/>
    <region xml:id="seg-r894" anchors="2591 2592"/>
    <region xml:id="seg-r895" anchors="2592 2593"/>
    <region xml:id="seg-r897" anchors="2594 2598"/>
    <region xml:id="seg-r899" anchors="2599 2603"/>
    <region xml:id="seg-r901" anchors="2604 2606"/>
    <region xml:id="seg-r903" anchors="2607 2608"/>
    <region xml:id="seg-r905" anchors="2609 2613"/>
    <region xml:id="seg-r907" anchors="2614 2624"/>
    <region xml:id="seg-r909" anchors="2625 2627"/>
    <region xml:id="seg-r911" anchors="2628 2631"/>
    <region xml:id="seg-r913" anchors="2632 2641"/>
    <region xml:id="seg-r914" anchors="2641 2642"/>
    <region xml:id="seg-r916" anchors="2643 2646"/>
    <region xml:id="seg-r918" anchors="2647 2652"/>
    <region xml:id="seg-r920" anchors="2653 2659"/>
    <region xml:id="seg-r922" anchors="2666 2673"/>
    <region xml:id="seg-r924" anchors="2674 2676"/>
    <region xml:id="seg-r926" anchors="2677 2685"/>
    <region xml:id="seg-r928" anchors="2686 2688"/>
    <region xml:id="seg-r930" anchors="2689 2693"/>
    <region xml:id="seg-r931" anchors="2693 2694"/>
    <region xml:id="seg-r933" anchors="2695 2697"/>
    <region xml:id="seg-r935" anchors="2698 2704"/>
    <region xml:id="seg-r937" anchors="2705 2708"/>
    <region xml:id="seg-r939" anchors="2709 2710"/>
    <region xml:id="seg-r940" anchors="2710 2719"/>
    <region xml:id="seg-r941" anchors="2719 2720"/>
    <region xml:id="seg-r943" anchors="2721 2725"/>
    <region xml:id="seg-r945" anchors="2726 2728"/>
    <region xml:id="seg-r947" anchors="2729 2738"/>
    <region xml:id="seg-r949" anchors="2745 2746"/>
    <region xml:id="seg-r950" anchors="2746 2749"/>
    <region xml:id="seg-r951" anchors="2749 2750"/>
    <region xml:id="seg-r953" anchors="2751 2755"/>
    <region xml:id="seg-r955" anchors="2756 2761"/>
    <region xml:id="seg-r957" anchors="2762 2765"/>
    <region xml:id="seg-r959" anchors="2766 2770"/>
    <region xml:id="seg-r961" anchors="2771 2776"/>
    <region xml:id="seg-r963" anchors="2777 2779"/>
    <region xml:id="seg-r965" anchors="2780 2781"/>
    <region xml:id="seg-r967" anchors="2782 2789"/>
    <region xml:id="seg-r969" anchors="2790 2792"/>
    <region xml:id="seg-r971" anchors="2793 2797"/>
    <region xml:id="seg-r972" anchors="2797 2798"/>
    <region xml:id="seg-r974" anchors="2799 2805"/>
    <region xml:id="seg-r976" anchors="2806 2810"/>
    <region xml:id="seg-r978" anchors="2811 2813"/>
    <region xml:id="seg-r980" anchors="2814 2817"/>
    <region xml:id="seg-r982" anchors="2824 2832"/>
    <region xml:id="seg-r984" anchors="2833 2840"/>
    <region xml:id="seg-r985" anchors="2840 2841"/>
</graph>
