<?xml version="1.0" encoding="UTF-8"?>
<graph xmlns="http://www.xces.org/ns/GrAF/1.0/">
    <header>
        <tagsDecl>
            <tagUsage gi="s" occurs="35"/>
        </tagsDecl>
        <annotationSets>
            <annotationSet name="xces" type="http://www.xces.org/schema/2003"/>
        </annotationSets>
    </header>
    <region xml:id="s-r0" anchors="18 35"/>
    <region xml:id="s-r1" anchors="42 48"/>
    <region xml:id="s-r2" anchors="55 94"/>
    <region xml:id="s-r3" anchors="95 168"/>
    <region xml:id="s-r4" anchors="175 239"/>
    <region xml:id="s-r5" anchors="246 283"/>
    <region xml:id="s-r6" anchors="284 391"/>
    <region xml:id="s-r7" anchors="398 457"/>
    <region xml:id="s-r8" anchors="458 550"/>
    <region xml:id="s-r9" anchors="557 605"/>
    <region xml:id="s-r10" anchors="606 664"/>
    <region xml:id="s-r11" anchors="665 698"/>
    <region xml:id="s-r12" anchors="705 892"/>
    <region xml:id="s-r13" anchors="899 985"/>
    <region xml:id="s-r14" anchors="986 1107"/>
    <region xml:id="s-r15" anchors="1114 1167"/>
    <region xml:id="s-r16" anchors="1168 1224"/>
    <region xml:id="s-r17" anchors="1231 1280"/>
    <region xml:id="s-r18" anchors="1281 1339"/>
    <region xml:id="s-r19" anchors="1340 1405"/>
    <region xml:id="s-r20" anchors="1412 1547"/>
    <region xml:id="s-r21" anchors="1548 1607"/>
    <region xml:id="s-r22" anchors="1614 1719"/>
    <region xml:id="s-r23" anchors="1720 1830"/>
    <region xml:id="s-r24" anchors="1837 1955"/>
    <region xml:id="s-r25" anchors="1962 2031"/>
    <region xml:id="s-r26" anchors="2038 2263"/>
    <region xml:id="s-r27" anchors="2270 2322"/>
    <region xml:id="s-r28" anchors="2323 2391"/>
    <region xml:id="s-r29" anchors="2392 2518"/>
    <region xml:id="s-r30" anchors="2525 2535"/>
    <region xml:id="s-r31" anchors="2542 2571"/>
    <region xml:id="s-r32" anchors="2578 2582"/>
    <region xml:id="s-r33" anchors="2583 2616"/>
    <region xml:id="s-r34" anchors="2617 2795"/>
    <node xml:id="s-n0">
        <link targets="s-r0"/>
    </node>
    <a label="s" ref="s-n0" as="xces">
        <fs>
            <f name="id" value="p1s1"/>
        </fs>
    </a>
    <node xml:id="s-n1">
        <link targets="s-r1"/>
    </node>
    <a label="s" ref="s-n1" as="xces">
        <fs>
            <f name="id" value="p1s1.1"/>
        </fs>
    </a>
    <node xml:id="s-n10">
        <link targets="s-r10"/>
    </node>
    <a label="s" ref="s-n10" as="xces">
        <fs>
            <f name="id" value="p7s2"/>
        </fs>
    </a>
    <node xml:id="s-n11">
        <link targets="s-r11"/>
    </node>
    <a label="s" ref="s-n11" as="xces">
        <fs>
            <f name="id" value="p7s3"/>
        </fs>
    </a>
    <node xml:id="s-n12">
        <link targets="s-r12"/>
    </node>
    <a label="s" ref="s-n12" as="xces">
        <fs>
            <f name="id" value="p8s1"/>
        </fs>
    </a>
    <node xml:id="s-n13">
        <link targets="s-r13"/>
    </node>
    <a label="s" ref="s-n13" as="xces">
        <fs>
            <f name="id" value="p9s1"/>
        </fs>
    </a>
    <node xml:id="s-n14">
        <link targets="s-r14"/>
    </node>
    <a label="s" ref="s-n14" as="xces">
        <fs>
            <f name="id" value="p9s2"/>
        </fs>
    </a>
    <node xml:id="s-n15">
        <link targets="s-r15"/>
    </node>
    <a label="s" ref="s-n15" as="xces">
        <fs>
            <f name="id" value="p10s1"/>
        </fs>
    </a>
    <node xml:id="s-n16">
        <link targets="s-r16"/>
    </node>
    <a label="s" ref="s-n16" as="xces">
        <fs>
            <f name="id" value="p10s2"/>
        </fs>
    </a>
    <node xml:id="s-n17">
        <link targets="s-r17"/>
    </node>
    <a label="s" ref="s-n17" as="xces">
        <fs>
            <f name="id" value="p11s1"/>
        </fs>
    </a>
    <node xml:id="s-n18">
        <link targets="s-r18"/>
    </node>
    <a label="s" ref="s-n18" as="xces">
        <fs>
            <f name="id" value="p11s2"/>
        </fs>
    </a>
    <node xml:id="s-n19">
        <link targets="s-r19"/>
    </node>
    <a label="s" ref="s-n19" as="xces">
        <fs>
            <f name="id" value="p11s3"/>
        </fs>
    </a>
    <node xml:id="s-n2">
        <link targets="s-r2"/>
    </node>
    <a label="s" ref="s-n2" as="xces">
        <fs>
            <f name="id" value="p3s1"/>
        </fs>
    </a>
    <node xml:id="s-n20">
        <link targets="s-r20"/>
    </node>
    <a label="s" ref="s-n20" as="xces">
        <fs>
            <f name="id" value="p12s1"/>
        </fs>
    </a>
    <node xml:id="s-n21">
        <link targets="s-r21"/>
    </node>
    <a label="s" ref="s-n21" as="xces">
        <fs>
            <f name="id" value="p12s2"/>
        </fs>
    </a>
    <node xml:id="s-n22">
        <link targets="s-r22"/>
    </node>
    <a label="s" ref="s-n22" as="xces">
        <fs>
            <f name="id" value="p13s1"/>
        </fs>
    </a>
    <node xml:id="s-n23">
        <link targets="s-r23"/>
    </node>
    <a label="s" ref="s-n23" as="xces">
        <fs>
            <f name="id" value="p13s1.1"/>
        </fs>
    </a>
    <node xml:id="s-n24">
        <link targets="s-r24"/>
    </node>
    <a label="s" ref="s-n24" as="xces">
        <fs>
            <f name="id" value="p13s4"/>
        </fs>
    </a>
    <node xml:id="s-n25">
        <link targets="s-r25"/>
    </node>
    <a label="s" ref="s-n25" as="xces">
        <fs>
            <f name="id" value="p14s1"/>
        </fs>
    </a>
    <node xml:id="s-n26">
        <link targets="s-r26"/>
    </node>
    <a label="s" ref="s-n26" as="xces">
        <fs>
            <f name="id" value="p14s2"/>
        </fs>
    </a>
    <node xml:id="s-n27">
        <link targets="s-r27"/>
    </node>
    <a label="s" ref="s-n27" as="xces">
        <fs>
            <f name="id" value="p15s1"/>
        </fs>
    </a>
    <node xml:id="s-n28">
        <link targets="s-r28"/>
    </node>
    <a label="s" ref="s-n28" as="xces">
        <fs>
            <f name="id" value="p15s2"/>
        </fs>
    </a>
    <node xml:id="s-n29">
        <link targets="s-r29"/>
    </node>
    <a label="s" ref="s-n29" as="xces">
        <fs>
            <f name="id" value="p15s3"/>
        </fs>
    </a>
    <node xml:id="s-n3">
        <link targets="s-r3"/>
    </node>
    <a label="s" ref="s-n3" as="xces">
        <fs>
            <f name="id" value="p3s2"/>
        </fs>
    </a>
    <node xml:id="s-n30">
        <link targets="s-r30"/>
    </node>
    <a label="s" ref="s-n30" as="xces">
        <fs>
            <f name="id" value="p16s1"/>
        </fs>
    </a>
    <node xml:id="s-n31">
        <link targets="s-r31"/>
    </node>
    <a label="s" ref="s-n31" as="xces">
        <fs>
            <f name="id" value="p17s1"/>
        </fs>
    </a>
    <node xml:id="s-n32">
        <link targets="s-r32"/>
    </node>
    <a label="s" ref="s-n32" as="xces">
        <fs>
            <f name="id" value="p18s1"/>
        </fs>
    </a>
    <node xml:id="s-n33">
        <link targets="s-r33"/>
    </node>
    <a label="s" ref="s-n33" as="xces">
        <fs>
            <f name="id" value="p18s2"/>
        </fs>
    </a>
    <node xml:id="s-n34">
        <link targets="s-r34"/>
    </node>
    <a label="s" ref="s-n34" as="xces">
        <fs>
            <f name="id" value="p18s2.1"/>
        </fs>
    </a>
    <node xml:id="s-n4">
        <link targets="s-r4"/>
    </node>
    <a label="s" ref="s-n4" as="xces">
        <fs>
            <f name="id" value="p4s1"/>
        </fs>
    </a>
    <node xml:id="s-n5">
        <link targets="s-r5"/>
    </node>
    <a label="s" ref="s-n5" as="xces">
        <fs>
            <f name="id" value="p5s1"/>
        </fs>
    </a>
    <node xml:id="s-n6">
        <link targets="s-r6"/>
    </node>
    <a label="s" ref="s-n6" as="xces">
        <fs>
            <f name="id" value="p5s2"/>
        </fs>
    </a>
    <node xml:id="s-n7">
        <link targets="s-r7"/>
    </node>
    <a label="s" ref="s-n7" as="xces">
        <fs>
            <f name="id" value="p6s1"/>
        </fs>
    </a>
    <node xml:id="s-n8">
        <link targets="s-r8"/>
    </node>
    <a label="s" ref="s-n8" as="xces">
        <fs>
            <f name="id" value="p6s2"/>
        </fs>
    </a>
    <node xml:id="s-n9">
        <link targets="s-r9"/>
    </node>
    <a label="s" ref="s-n9" as="xces">
        <fs>
            <f name="id" value="p7s1"/>
        </fs>
    </a>
</graph>
