<?xml version="1.0" encoding="UTF-8"?>
<graph xmlns="http://www.xces.org/ns/GrAF/1.0/">
    <header>
        <tagsDecl>
        </tagsDecl>
    </header>
    <region xml:id="seg-r0" anchors="18 26"/>
    <region xml:id="seg-r2" anchors="27 29"/>
    <region xml:id="seg-r3" anchors="29 30"/>
    <region xml:id="seg-r5" anchors="31 35"/>
    <region xml:id="seg-r7" anchors="42 46"/>
    <region xml:id="seg-r9" anchors="47 55"/>
    <region xml:id="seg-r11" anchors="56 61"/>
    <region xml:id="seg-r12" anchors="61 62"/>
    <region xml:id="seg-r14" anchors="69 71"/>
    <region xml:id="seg-r16" anchors="72 75"/>
    <region xml:id="seg-r18" anchors="76 81"/>
    <region xml:id="seg-r20" anchors="82 87"/>
    <region xml:id="seg-r22" anchors="88 93"/>
    <region xml:id="seg-r24" anchors="94 102"/>
    <region xml:id="seg-r26" anchors="103 109"/>
    <region xml:id="seg-r28" anchors="110 113"/>
    <region xml:id="seg-r30" anchors="114 118"/>
    <region xml:id="seg-r32" anchors="119 122"/>
    <region xml:id="seg-r34" anchors="123 126"/>
    <region xml:id="seg-r35" anchors="126 127"/>
    <region xml:id="seg-r37" anchors="128 134"/>
    <region xml:id="seg-r39" anchors="135 138"/>
    <region xml:id="seg-r41" anchors="145 152"/>
    <region xml:id="seg-r43" anchors="153 155"/>
    <region xml:id="seg-r45" anchors="156 166"/>
    <region xml:id="seg-r47" anchors="167 172"/>
    <region xml:id="seg-r49" anchors="173 174"/>
    <region xml:id="seg-r51" anchors="175 180"/>
    <region xml:id="seg-r53" anchors="181 185"/>
    <region xml:id="seg-r55" anchors="186 188"/>
    <region xml:id="seg-r57" anchors="189 194"/>
    <region xml:id="seg-r59" anchors="195 197"/>
    <region xml:id="seg-r61" anchors="198 205"/>
    <region xml:id="seg-r62" anchors="205 206"/>
    <region xml:id="seg-r64" anchors="207 210"/>
    <region xml:id="seg-r66" anchors="211 214"/>
    <region xml:id="seg-r68" anchors="221 231"/>
    <region xml:id="seg-r70" anchors="232 236"/>
    <region xml:id="seg-r72" anchors="237 240"/>
    <region xml:id="seg-r74" anchors="241 244"/>
    <region xml:id="seg-r76" anchors="245 247"/>
    <region xml:id="seg-r78" anchors="248 250"/>
    <region xml:id="seg-r80" anchors="251 253"/>
    <region xml:id="seg-r82" anchors="254 256"/>
    <region xml:id="seg-r84" anchors="257 259"/>
    <region xml:id="seg-r85" anchors="259 260"/>
    <region xml:id="seg-r87" anchors="267 269"/>
    <region xml:id="seg-r89" anchors="270 273"/>
    <region xml:id="seg-r91" anchors="274 276"/>
    <region xml:id="seg-r93" anchors="277 281"/>
    <region xml:id="seg-r95" anchors="282 284"/>
    <region xml:id="seg-r97" anchors="285 290"/>
    <region xml:id="seg-r98" anchors="290 291"/>
    <region xml:id="seg-r100" anchors="298 305"/>
    <region xml:id="seg-r102" anchors="306 308"/>
    <region xml:id="seg-r104" anchors="309 311"/>
    <region xml:id="seg-r105" anchors="311 312"/>
    <region xml:id="seg-r107" anchors="313 317"/>
    <region xml:id="seg-r109" anchors="318 321"/>
    <region xml:id="seg-r111" anchors="322 326"/>
    <region xml:id="seg-r113" anchors="327 329"/>
    <region xml:id="seg-r115" anchors="330 337"/>
    <region xml:id="seg-r117" anchors="338 342"/>
    <region xml:id="seg-r119" anchors="343 346"/>
    <region xml:id="seg-r120" anchors="346 347"/>
    <region xml:id="seg-r122" anchors="348 356"/>
    <region xml:id="seg-r124" anchors="357 360"/>
    <region xml:id="seg-r126" anchors="367 376"/>
    <region xml:id="seg-r128" anchors="377 379"/>
    <region xml:id="seg-r130" anchors="380 385"/>
    <region xml:id="seg-r132" anchors="386 389"/>
    <region xml:id="seg-r134" anchors="390 398"/>
    <region xml:id="seg-r136" anchors="399 401"/>
    <region xml:id="seg-r138" anchors="402 406"/>
    <region xml:id="seg-r140" anchors="407 410"/>
    <region xml:id="seg-r142" anchors="411 416"/>
    <region xml:id="seg-r144" anchors="417 422"/>
    <region xml:id="seg-r146" anchors="423 425"/>
    <region xml:id="seg-r148" anchors="426 429"/>
    <region xml:id="seg-r150" anchors="430 438"/>
    <region xml:id="seg-r152" anchors="445 452"/>
    <region xml:id="seg-r153" anchors="452 453"/>
    <region xml:id="seg-r155" anchors="460 462"/>
    <region xml:id="seg-r157" anchors="463 465"/>
    <region xml:id="seg-r158" anchors="465 468"/>
    <region xml:id="seg-r160" anchors="469 474"/>
    <region xml:id="seg-r162" anchors="475 479"/>
    <region xml:id="seg-r164" anchors="480 482"/>
    <region xml:id="seg-r166" anchors="483 485"/>
    <region xml:id="seg-r168" anchors="486 489"/>
    <region xml:id="seg-r170" anchors="490 497"/>
    <region xml:id="seg-r172" anchors="498 501"/>
    <region xml:id="seg-r174" anchors="502 511"/>
    <region xml:id="seg-r175" anchors="511 512"/>
    <region xml:id="seg-r177" anchors="513 516"/>
    <region xml:id="seg-r179" anchors="517 519"/>
    <region xml:id="seg-r181" anchors="520 522"/>
    <region xml:id="seg-r182" anchors="522 525"/>
    <region xml:id="seg-r184" anchors="532 537"/>
    <region xml:id="seg-r186" anchors="538 543"/>
    <region xml:id="seg-r187" anchors="543 544"/>
    <region xml:id="seg-r189" anchors="545 548"/>
    <region xml:id="seg-r191" anchors="549 553"/>
    <region xml:id="seg-r193" anchors="554 558"/>
    <region xml:id="seg-r195" anchors="559 560"/>
    <region xml:id="seg-r197" anchors="561 563"/>
    <region xml:id="seg-r199" anchors="564 570"/>
    <region xml:id="seg-r201" anchors="571 574"/>
    <region xml:id="seg-r203" anchors="575 577"/>
    <region xml:id="seg-r205" anchors="578 582"/>
    <region xml:id="seg-r207" anchors="583 587"/>
    <region xml:id="seg-r209" anchors="588 590"/>
    <region xml:id="seg-r211" anchors="591 595"/>
    <region xml:id="seg-r213" anchors="596 598"/>
    <region xml:id="seg-r215" anchors="605 613"/>
    <region xml:id="seg-r217" anchors="614 617"/>
    <region xml:id="seg-r219" anchors="618 625"/>
    <region xml:id="seg-r221" anchors="626 628"/>
    <region xml:id="seg-r223" anchors="629 636"/>
    <region xml:id="seg-r225" anchors="637 643"/>
    <region xml:id="seg-r227" anchors="644 651"/>
    <region xml:id="seg-r229" anchors="652 655"/>
    <region xml:id="seg-r230" anchors="655 656"/>
    <region xml:id="seg-r232" anchors="657 661"/>
    <region xml:id="seg-r234" anchors="662 665"/>
    <region xml:id="seg-r236" anchors="666 670"/>
    <region xml:id="seg-r238" anchors="677 681"/>
    <region xml:id="seg-r239" anchors="681 682"/>
    <region xml:id="seg-r241" anchors="689 691"/>
    <region xml:id="seg-r243" anchors="692 697"/>
    <region xml:id="seg-r245" anchors="698 706"/>
    <region xml:id="seg-r246" anchors="706 707"/>
    <region xml:id="seg-r248" anchors="708 712"/>
    <region xml:id="seg-r250" anchors="713 719"/>
    <region xml:id="seg-r252" anchors="720 722"/>
    <region xml:id="seg-r254" anchors="723 726"/>
    <region xml:id="seg-r256" anchors="727 733"/>
    <region xml:id="seg-r257" anchors="733 735"/>
    <region xml:id="seg-r259" anchors="736 740"/>
    <region xml:id="seg-r261" anchors="741 750"/>
    <region xml:id="seg-r262" anchors="750 751"/>
    <region xml:id="seg-r264" anchors="752 753"/>
    <region xml:id="seg-r265" anchors="753 754"/>
    <region xml:id="seg-r266" anchors="754 755"/>
    <region xml:id="seg-r267" anchors="755 756"/>
    <region xml:id="seg-r269" anchors="763 767"/>
    <region xml:id="seg-r271" anchors="768 769"/>
    <region xml:id="seg-r273" anchors="770 775"/>
    <region xml:id="seg-r275" anchors="776 782"/>
    <region xml:id="seg-r277" anchors="783 789"/>
    <region xml:id="seg-r279" anchors="790 798"/>
    <region xml:id="seg-r281" anchors="799 802"/>
    <region xml:id="seg-r283" anchors="803 805"/>
    <region xml:id="seg-r285" anchors="806 809"/>
    <region xml:id="seg-r287" anchors="810 814"/>
    <region xml:id="seg-r289" anchors="815 816"/>
    <region xml:id="seg-r290" anchors="816 824"/>
    <region xml:id="seg-r292" anchors="825 829"/>
    <region xml:id="seg-r294" anchors="836 840"/>
    <region xml:id="seg-r295" anchors="840 841"/>
    <region xml:id="seg-r296" anchors="841 842"/>
    <region xml:id="seg-r298" anchors="843 846"/>
    <region xml:id="seg-r300" anchors="847 855"/>
    <region xml:id="seg-r302" anchors="856 862"/>
    <region xml:id="seg-r304" anchors="863 867"/>
    <region xml:id="seg-r306" anchors="868 876"/>
    <region xml:id="seg-r308" anchors="877 878"/>
    <region xml:id="seg-r309" anchors="878 880"/>
    <region xml:id="seg-r311" anchors="881 885"/>
    <region xml:id="seg-r313" anchors="886 888"/>
    <region xml:id="seg-r315" anchors="889 892"/>
    <region xml:id="seg-r317" anchors="893 898"/>
    <region xml:id="seg-r319" anchors="899 908"/>
    <region xml:id="seg-r320" anchors="908 909"/>
    <region xml:id="seg-r322" anchors="916 918"/>
    <region xml:id="seg-r324" anchors="919 920"/>
    <region xml:id="seg-r325" anchors="920 928"/>
    <region xml:id="seg-r327" anchors="929 938"/>
    <region xml:id="seg-r328" anchors="938 939"/>
    <region xml:id="seg-r330" anchors="940 950"/>
    <region xml:id="seg-r332" anchors="951 953"/>
    <region xml:id="seg-r334" anchors="954 962"/>
    <region xml:id="seg-r335" anchors="962 963"/>
    <region xml:id="seg-r336" anchors="963 964"/>
    <region xml:id="seg-r338" anchors="971 976"/>
    <region xml:id="seg-r340" anchors="977 978"/>
    <region xml:id="seg-r342" anchors="979 989"/>
    <region xml:id="seg-r344" anchors="990 991"/>
    <region xml:id="seg-r345" anchors="991 992"/>
    <region xml:id="seg-r346" anchors="992 993"/>
    <region xml:id="seg-r347" anchors="993 994"/>
    <region xml:id="seg-r349" anchors="995 999"/>
    <region xml:id="seg-r351" anchors="1000 1001"/>
    <region xml:id="seg-r353" anchors="1002 1007"/>
    <region xml:id="seg-r355" anchors="1008 1014"/>
    <region xml:id="seg-r356" anchors="1014 1016"/>
    <region xml:id="seg-r358" anchors="1017 1028"/>
    <region xml:id="seg-r359" anchors="1028 1029"/>
    <region xml:id="seg-r361" anchors="1030 1033"/>
    <region xml:id="seg-r363" anchors="1040 1044"/>
    <region xml:id="seg-r365" anchors="1045 1050"/>
    <region xml:id="seg-r367" anchors="1051 1053"/>
    <region xml:id="seg-r369" anchors="1054 1058"/>
    <region xml:id="seg-r371" anchors="1059 1066"/>
    <region xml:id="seg-r373" anchors="1067 1069"/>
    <region xml:id="seg-r375" anchors="1070 1078"/>
    <region xml:id="seg-r377" anchors="1079 1081"/>
    <region xml:id="seg-r379" anchors="1082 1085"/>
    <region xml:id="seg-r381" anchors="1086 1089"/>
    <region xml:id="seg-r383" anchors="1090 1098"/>
    <region xml:id="seg-r385" anchors="1099 1104"/>
    <region xml:id="seg-r387" anchors="1105 1107"/>
    <region xml:id="seg-r389" anchors="1114 1122"/>
    <region xml:id="seg-r391" anchors="1123 1127"/>
    <region xml:id="seg-r393" anchors="1128 1134"/>
    <region xml:id="seg-r395" anchors="1135 1138"/>
    <region xml:id="seg-r397" anchors="1139 1141"/>
    <region xml:id="seg-r399" anchors="1142 1144"/>
    <region xml:id="seg-r400" anchors="1144 1145"/>
    <region xml:id="seg-r402" anchors="1152 1157"/>
    <region xml:id="seg-r404" anchors="1158 1162"/>
    <region xml:id="seg-r406" anchors="1163 1165"/>
    <region xml:id="seg-r408" anchors="1166 1170"/>
    <region xml:id="seg-r410" anchors="1171 1178"/>
    <region xml:id="seg-r412" anchors="1179 1183"/>
    <region xml:id="seg-r414" anchors="1184 1185"/>
    <region xml:id="seg-r416" anchors="1186 1194"/>
    <region xml:id="seg-r418" anchors="1195 1197"/>
    <region xml:id="seg-r420" anchors="1198 1203"/>
    <region xml:id="seg-r422" anchors="1204 1214"/>
    <region xml:id="seg-r424" anchors="1221 1228"/>
    <region xml:id="seg-r425" anchors="1228 1229"/>
    <region xml:id="seg-r427" anchors="1230 1233"/>
    <region xml:id="seg-r429" anchors="1234 1242"/>
    <region xml:id="seg-r431" anchors="1243 1250"/>
    <region xml:id="seg-r433" anchors="1251 1258"/>
    <region xml:id="seg-r435" anchors="1259 1269"/>
    <region xml:id="seg-r437" anchors="1270 1273"/>
    <region xml:id="seg-r439" anchors="1274 1283"/>
    <region xml:id="seg-r440" anchors="1283 1284"/>
    <region xml:id="seg-r442" anchors="1285 1288"/>
    <region xml:id="seg-r444" anchors="1295 1303"/>
    <region xml:id="seg-r446" anchors="1304 1313"/>
    <region xml:id="seg-r448" anchors="1314 1322"/>
    <region xml:id="seg-r450" anchors="1323 1326"/>
    <region xml:id="seg-r452" anchors="1327 1331"/>
    <region xml:id="seg-r454" anchors="1332 1339"/>
    <region xml:id="seg-r456" anchors="1340 1346"/>
    <region xml:id="seg-r457" anchors="1346 1347"/>
    <region xml:id="seg-r459" anchors="1348 1351"/>
    <region xml:id="seg-r461" anchors="1352 1353"/>
    <region xml:id="seg-r463" anchors="1354 1362"/>
    <region xml:id="seg-r465" anchors="1363 1367"/>
    <region xml:id="seg-r467" anchors="1374 1383"/>
    <region xml:id="seg-r469" anchors="1384 1394"/>
    <region xml:id="seg-r471" anchors="1395 1400"/>
    <region xml:id="seg-r472" anchors="1400 1401"/>
    <region xml:id="seg-r474" anchors="1402 1409"/>
    <region xml:id="seg-r476" anchors="1410 1413"/>
    <region xml:id="seg-r478" anchors="1414 1416"/>
    <region xml:id="seg-r480" anchors="1417 1421"/>
    <region xml:id="seg-r482" anchors="1422 1428"/>
    <region xml:id="seg-r484" anchors="1429 1431"/>
    <region xml:id="seg-r486" anchors="1438 1454"/>
    <region xml:id="seg-r488" anchors="1455 1462"/>
    <region xml:id="seg-r490" anchors="1463 1465"/>
    <region xml:id="seg-r492" anchors="1466 1476"/>
    <region xml:id="seg-r493" anchors="1476 1477"/>
    <region xml:id="seg-r495" anchors="1478 1481"/>
    <region xml:id="seg-r497" anchors="1482 1489"/>
    <region xml:id="seg-r499" anchors="1490 1494"/>
    <region xml:id="seg-r501" anchors="1495 1500"/>
    <region xml:id="seg-r503" anchors="1501 1505"/>
    <region xml:id="seg-r505" anchors="1506 1510"/>
    <region xml:id="seg-r507" anchors="1517 1522"/>
    <region xml:id="seg-r509" anchors="1523 1525"/>
    <region xml:id="seg-r511" anchors="1526 1532"/>
    <region xml:id="seg-r513" anchors="1533 1543"/>
    <region xml:id="seg-r515" anchors="1544 1547"/>
    <region xml:id="seg-r517" anchors="1548 1553"/>
    <region xml:id="seg-r518" anchors="1553 1554"/>
    <region xml:id="seg-r520" anchors="1561 1564"/>
    <region xml:id="seg-r522" anchors="1565 1568"/>
    <region xml:id="seg-r524" anchors="1569 1570"/>
    <region xml:id="seg-r526" anchors="1571 1575"/>
    <region xml:id="seg-r528" anchors="1576 1580"/>
    <region xml:id="seg-r530" anchors="1581 1590"/>
    <region xml:id="seg-r532" anchors="1591 1593"/>
    <region xml:id="seg-r534" anchors="1594 1603"/>
    <region xml:id="seg-r536" anchors="1604 1612"/>
    <region xml:id="seg-r538" anchors="1613 1615"/>
    <region xml:id="seg-r539" anchors="1615 1618"/>
    <region xml:id="seg-r541" anchors="1619 1623"/>
    <region xml:id="seg-r543" anchors="1624 1630"/>
    <region xml:id="seg-r544" anchors="1630 1631"/>
    <region xml:id="seg-r546" anchors="1638 1640"/>
    <region xml:id="seg-r548" anchors="1641 1649"/>
    <region xml:id="seg-r549" anchors="1649 1650"/>
    <region xml:id="seg-r551" anchors="1651 1653"/>
    <region xml:id="seg-r553" anchors="1654 1656"/>
    <region xml:id="seg-r555" anchors="1657 1660"/>
    <region xml:id="seg-r557" anchors="1661 1665"/>
    <region xml:id="seg-r559" anchors="1666 1670"/>
    <region xml:id="seg-r561" anchors="1671 1673"/>
    <region xml:id="seg-r563" anchors="1674 1679"/>
    <region xml:id="seg-r565" anchors="1680 1683"/>
    <region xml:id="seg-r567" anchors="1684 1689"/>
    <region xml:id="seg-r569" anchors="1690 1693"/>
    <region xml:id="seg-r571" anchors="1694 1701"/>
    <region xml:id="seg-r573" anchors="1702 1706"/>
    <region xml:id="seg-r575" anchors="1707 1710"/>
    <region xml:id="seg-r577" anchors="1717 1725"/>
    <region xml:id="seg-r579" anchors="1726 1730"/>
    <region xml:id="seg-r581" anchors="1731 1739"/>
    <region xml:id="seg-r583" anchors="1740 1743"/>
    <region xml:id="seg-r585" anchors="1744 1748"/>
    <region xml:id="seg-r587" anchors="1749 1751"/>
    <region xml:id="seg-r589" anchors="1752 1761"/>
    <region xml:id="seg-r591" anchors="1762 1769"/>
    <region xml:id="seg-r593" anchors="1770 1771"/>
    <region xml:id="seg-r595" anchors="1772 1775"/>
    <region xml:id="seg-r597" anchors="1776 1781"/>
    <region xml:id="seg-r599" anchors="1782 1785"/>
    <region xml:id="seg-r600" anchors="1785 1786"/>
    <region xml:id="seg-r602" anchors="1793 1794"/>
    <region xml:id="seg-r604" anchors="1795 1803"/>
    <region xml:id="seg-r606" anchors="1804 1809"/>
    <region xml:id="seg-r608" anchors="1810 1816"/>
    <region xml:id="seg-r610" anchors="1817 1826"/>
    <region xml:id="seg-r612" anchors="1827 1828"/>
    <region xml:id="seg-r614" anchors="1829 1834"/>
    <region xml:id="seg-r616" anchors="1835 1837"/>
    <region xml:id="seg-r618" anchors="1838 1845"/>
    <region xml:id="seg-r620" anchors="1846 1856"/>
    <region xml:id="seg-r621" anchors="1856 1857"/>
    <region xml:id="seg-r623" anchors="1858 1859"/>
    <region xml:id="seg-r624" anchors="1859 1862"/>
    <region xml:id="seg-r626" anchors="1869 1872"/>
    <region xml:id="seg-r628" anchors="1873 1877"/>
    <region xml:id="seg-r630" anchors="1878 1881"/>
    <region xml:id="seg-r632" anchors="1882 1887"/>
    <region xml:id="seg-r634" anchors="1888 1890"/>
    <region xml:id="seg-r636" anchors="1891 1898"/>
    <region xml:id="seg-r638" anchors="1899 1907"/>
    <region xml:id="seg-r640" anchors="1908 1911"/>
    <region xml:id="seg-r642" anchors="1912 1916"/>
    <region xml:id="seg-r644" anchors="1917 1923"/>
    <region xml:id="seg-r645" anchors="1923 1924"/>
    <region xml:id="seg-r646" anchors="1924 1925"/>
    <region xml:id="seg-r648" anchors="1926 1929"/>
    <region xml:id="seg-r650" anchors="1930 1934"/>
    <region xml:id="seg-r651" anchors="1934 1935"/>
    <region xml:id="seg-r653" anchors="1936 1937"/>
    <region xml:id="seg-r654" anchors="1937 1940"/>
    <region xml:id="seg-r656" anchors="1947 1950"/>
    <region xml:id="seg-r658" anchors="1951 1954"/>
    <region xml:id="seg-r660" anchors="1955 1958"/>
    <region xml:id="seg-r662" anchors="1959 1966"/>
    <region xml:id="seg-r663" anchors="1966 1967"/>
    <region xml:id="seg-r665" anchors="1968 1969"/>
    <region xml:id="seg-r667" anchors="1970 1974"/>
    <region xml:id="seg-r669" anchors="1975 1978"/>
    <region xml:id="seg-r671" anchors="1979 1982"/>
    <region xml:id="seg-r672" anchors="1982 1983"/>
    <region xml:id="seg-r673" anchors="1983 1984"/>
    <region xml:id="seg-r674" anchors="1984 1985"/>
    <region xml:id="seg-r676" anchors="1986 1987"/>
    <region xml:id="seg-r678" anchors="1988 1991"/>
    <region xml:id="seg-r679" anchors="1991 1992"/>
    <region xml:id="seg-r680" anchors="1992 1993"/>
    <region xml:id="seg-r682" anchors="2000 2001"/>
    <region xml:id="seg-r684" anchors="2002 2013"/>
    <region xml:id="seg-r686" anchors="2014 2016"/>
    <region xml:id="seg-r688" anchors="2017 2018"/>
    <region xml:id="seg-r690" anchors="2019 2027"/>
    <region xml:id="seg-r692" anchors="2028 2035"/>
    <region xml:id="seg-r694" anchors="2036 2042"/>
    <region xml:id="seg-r696" anchors="2043 2047"/>
    <region xml:id="seg-r698" anchors="2048 2052"/>
    <region xml:id="seg-r700" anchors="2053 2054"/>
    <region xml:id="seg-r702" anchors="2055 2058"/>
    <region xml:id="seg-r704" anchors="2059 2068"/>
    <region xml:id="seg-r706" anchors="2075 2077"/>
    <region xml:id="seg-r708" anchors="2078 2083"/>
    <region xml:id="seg-r710" anchors="2084 2087"/>
    <region xml:id="seg-r712" anchors="2088 2095"/>
    <region xml:id="seg-r714" anchors="2096 2100"/>
    <region xml:id="seg-r716" anchors="2101 2104"/>
    <region xml:id="seg-r718" anchors="2105 2115"/>
    <region xml:id="seg-r720" anchors="2116 2118"/>
    <region xml:id="seg-r722" anchors="2119 2122"/>
    <region xml:id="seg-r724" anchors="2123 2130"/>
    <region xml:id="seg-r726" anchors="2131 2141"/>
    <region xml:id="seg-r728" anchors="2148 2156"/>
    <region xml:id="seg-r730" anchors="2157 2164"/>
    <region xml:id="seg-r731" anchors="2164 2165"/>
    <region xml:id="seg-r733" anchors="2166 2170"/>
    <region xml:id="seg-r735" anchors="2171 2174"/>
    <region xml:id="seg-r737" anchors="2175 2180"/>
    <region xml:id="seg-r739" anchors="2181 2185"/>
    <region xml:id="seg-r741" anchors="2186 2194"/>
    <region xml:id="seg-r742" anchors="2194 2195"/>
    <region xml:id="seg-r744" anchors="2196 2198"/>
    <region xml:id="seg-r746" anchors="2199 2207"/>
    <region xml:id="seg-r748" anchors="2208 2212"/>
    <region xml:id="seg-r750" anchors="2213 2216"/>
    <region xml:id="seg-r752" anchors="2223 2233"/>
    <region xml:id="seg-r754" anchors="2234 2238"/>
    <region xml:id="seg-r756" anchors="2239 2246"/>
    <region xml:id="seg-r758" anchors="2247 2254"/>
    <region xml:id="seg-r760" anchors="2255 2258"/>
    <region xml:id="seg-r761" anchors="2258 2259"/>
    <region xml:id="seg-r763" anchors="2260 2262"/>
    <region xml:id="seg-r765" anchors="2263 2267"/>
    <region xml:id="seg-r767" anchors="2268 2276"/>
    <region xml:id="seg-r769" anchors="2277 2278"/>
    <region xml:id="seg-r771" anchors="2279 2282"/>
    <region xml:id="seg-r773" anchors="2283 2288"/>
    <region xml:id="seg-r775" anchors="2289 2290"/>
    <region xml:id="seg-r776" anchors="2290 2291"/>
    <region xml:id="seg-r778" anchors="2292 2295"/>
    <region xml:id="seg-r780" anchors="2302 2307"/>
    <region xml:id="seg-r782" anchors="2308 2310"/>
    <region xml:id="seg-r784" anchors="2311 2315"/>
    <region xml:id="seg-r786" anchors="2316 2321"/>
    <region xml:id="seg-r787" anchors="2321 2322"/>
    <region xml:id="seg-r789" anchors="2329 2339"/>
    <region xml:id="seg-r791" anchors="2340 2341"/>
    <region xml:id="seg-r793" anchors="2342 2349"/>
    <region xml:id="seg-r795" anchors="2350 2352"/>
    <region xml:id="seg-r797" anchors="2353 2354"/>
    <region xml:id="seg-r799" anchors="2355 2367"/>
    <region xml:id="seg-r801" anchors="2368 2374"/>
    <region xml:id="seg-r802" anchors="2374 2375"/>
    <region xml:id="seg-r804" anchors="2376 2377"/>
    <region xml:id="seg-r806" anchors="2378 2386"/>
    <region xml:id="seg-r808" anchors="2387 2392"/>
    <region xml:id="seg-r810" anchors="2393 2399"/>
    <region xml:id="seg-r812" anchors="2406 2411"/>
    <region xml:id="seg-r814" anchors="2412 2415"/>
    <region xml:id="seg-r816" anchors="2416 2424"/>
    <region xml:id="seg-r818" anchors="2425 2428"/>
    <region xml:id="seg-r820" anchors="2429 2437"/>
    <region xml:id="seg-r822" anchors="2438 2441"/>
    <region xml:id="seg-r824" anchors="2442 2446"/>
    <region xml:id="seg-r826" anchors="2447 2451"/>
    <region xml:id="seg-r828" anchors="2452 2456"/>
    <region xml:id="seg-r830" anchors="2457 2460"/>
    <region xml:id="seg-r832" anchors="2461 2465"/>
    <region xml:id="seg-r834" anchors="2466 2470"/>
    <region xml:id="seg-r835" anchors="2470 2471"/>
    <region xml:id="seg-r837" anchors="2472 2474"/>
    <region xml:id="seg-r839" anchors="2475 2478"/>
    <region xml:id="seg-r841" anchors="2485 2488"/>
    <region xml:id="seg-r843" anchors="2489 2493"/>
    <region xml:id="seg-r844" anchors="2493 2494"/>
    <region xml:id="seg-r846" anchors="2495 2497"/>
    <region xml:id="seg-r848" anchors="2498 2504"/>
    <region xml:id="seg-r850" anchors="2505 2508"/>
    <region xml:id="seg-r852" anchors="2509 2514"/>
    <region xml:id="seg-r854" anchors="2515 2519"/>
    <region xml:id="seg-r856" anchors="2520 2524"/>
    <region xml:id="seg-r858" anchors="2525 2531"/>
    <region xml:id="seg-r860" anchors="2532 2534"/>
    <region xml:id="seg-r862" anchors="2535 2536"/>
    <region xml:id="seg-r864" anchors="2537 2543"/>
    <region xml:id="seg-r866" anchors="2544 2550"/>
    <region xml:id="seg-r867" anchors="2550 2551"/>
    <region xml:id="seg-r869" anchors="2552 2554"/>
    <region xml:id="seg-r871" anchors="2555 2558"/>
    <region xml:id="seg-r873" anchors="2565 2569"/>
    <region xml:id="seg-r875" anchors="2570 2576"/>
    <region xml:id="seg-r877" anchors="2577 2579"/>
    <region xml:id="seg-r879" anchors="2580 2585"/>
    <region xml:id="seg-r881" anchors="2586 2590"/>
    <region xml:id="seg-r883" anchors="2591 2595"/>
    <region xml:id="seg-r884" anchors="2595 2596"/>
    <region xml:id="seg-r886" anchors="2603 2605"/>
    <region xml:id="seg-r888" anchors="2606 2611"/>
    <region xml:id="seg-r890" anchors="2612 2614"/>
    <region xml:id="seg-r892" anchors="2615 2622"/>
    <region xml:id="seg-r894" anchors="2623 2626"/>
    <region xml:id="seg-r896" anchors="2627 2633"/>
    <region xml:id="seg-r897" anchors="2633 2634"/>
    <region xml:id="seg-r899" anchors="2635 2636"/>
    <region xml:id="seg-r901" anchors="2637 2640"/>
    <region xml:id="seg-r903" anchors="2641 2645"/>
    <region xml:id="seg-r905" anchors="2646 2650"/>
    <region xml:id="seg-r907" anchors="2651 2658"/>
    <region xml:id="seg-r909" anchors="2659 2671"/>
    <region xml:id="seg-r911" anchors="2678 2684"/>
    <region xml:id="seg-r913" anchors="2685 2692"/>
    <region xml:id="seg-r915" anchors="2693 2695"/>
    <region xml:id="seg-r917" anchors="2696 2704"/>
    <region xml:id="seg-r918" anchors="2704 2706"/>
    <region xml:id="seg-r920" anchors="2707 2717"/>
    <region xml:id="seg-r922" anchors="2718 2726"/>
    <region xml:id="seg-r923" anchors="2726 2727"/>
    <region xml:id="seg-r925" anchors="2728 2730"/>
    <region xml:id="seg-r927" anchors="2731 2736"/>
    <region xml:id="seg-r929" anchors="2737 2738"/>
    <region xml:id="seg-r931" anchors="2739 2743"/>
    <region xml:id="seg-r933" anchors="2744 2748"/>
    <region xml:id="seg-r935" anchors="2755 2758"/>
    <region xml:id="seg-r937" anchors="2759 2762"/>
    <region xml:id="seg-r939" anchors="2763 2765"/>
    <region xml:id="seg-r941" anchors="2766 2770"/>
    <region xml:id="seg-r943" anchors="2771 2774"/>
    <region xml:id="seg-r945" anchors="2775 2790"/>
    <region xml:id="seg-r947" anchors="2791 2793"/>
    <region xml:id="seg-r949" anchors="2794 2798"/>
    <region xml:id="seg-r951" anchors="2799 2808"/>
    <region xml:id="seg-r953" anchors="2809 2811"/>
    <region xml:id="seg-r955" anchors="2812 2815"/>
    <region xml:id="seg-r957" anchors="2816 2825"/>
    <region xml:id="seg-r958" anchors="2825 2826"/>
    <region xml:id="seg-r960" anchors="2833 2843"/>
    <region xml:id="seg-r961" anchors="2843 2844"/>
    <region xml:id="seg-r963" anchors="2845 2847"/>
    <region xml:id="seg-r965" anchors="2848 2853"/>
    <region xml:id="seg-r967" anchors="2854 2858"/>
    <region xml:id="seg-r969" anchors="2859 2866"/>
    <region xml:id="seg-r971" anchors="2867 2871"/>
    <region xml:id="seg-r973" anchors="2872 2873"/>
    <region xml:id="seg-r975" anchors="2874 2880"/>
    <region xml:id="seg-r977" anchors="2881 2884"/>
    <region xml:id="seg-r979" anchors="2885 2888"/>
    <region xml:id="seg-r981" anchors="2889 2891"/>
    <region xml:id="seg-r983" anchors="2892 2894"/>
    <region xml:id="seg-r984" anchors="2894 2895"/>
    <region xml:id="seg-r986" anchors="2896 2898"/>
    <region xml:id="seg-r988" anchors="2899 2906"/>
    <region xml:id="seg-r990" anchors="2913 2919"/>
    <region xml:id="seg-r992" anchors="2920 2928"/>
    <region xml:id="seg-r994" anchors="2929 2931"/>
    <region xml:id="seg-r996" anchors="2932 2939"/>
    <region xml:id="seg-r998" anchors="2940 2947"/>
    <region xml:id="seg-r999" anchors="2947 2948"/>
    <region xml:id="seg-r1001" anchors="2955 2960"/>
    <region xml:id="seg-r1003" anchors="2961 2967"/>
    <region xml:id="seg-r1005" anchors="2968 2971"/>
    <region xml:id="seg-r1007" anchors="2972 2977"/>
    <region xml:id="seg-r1009" anchors="2978 2987"/>
    <region xml:id="seg-r1011" anchors="2988 2991"/>
    <region xml:id="seg-r1013" anchors="2992 2996"/>
    <region xml:id="seg-r1014" anchors="2996 2997"/>
    <region xml:id="seg-r1016" anchors="2998 3002"/>
    <region xml:id="seg-r1018" anchors="3003 3007"/>
    <region xml:id="seg-r1020" anchors="3008 3011"/>
    <region xml:id="seg-r1022" anchors="3012 3019"/>
    <region xml:id="seg-r1024" anchors="3020 3022"/>
    <region xml:id="seg-r1025" anchors="3022 3025"/>
    <region xml:id="seg-r1027" anchors="3032 3038"/>
    <region xml:id="seg-r1029" anchors="3039 3043"/>
    <region xml:id="seg-r1031" anchors="3044 3045"/>
    <region xml:id="seg-r1032" anchors="3045 3046"/>
    <region xml:id="seg-r1033" anchors="3046 3047"/>
    <region xml:id="seg-r1034" anchors="3047 3048"/>
    <region xml:id="seg-r1036" anchors="3049 3053"/>
    <region xml:id="seg-r1038" anchors="3054 3055"/>
    <region xml:id="seg-r1040" anchors="3056 3061"/>
    <region xml:id="seg-r1042" anchors="3062 3068"/>
    <region xml:id="seg-r1043" anchors="3068 3069"/>
    <region xml:id="seg-r1045" anchors="3070 3074"/>
    <region xml:id="seg-r1047" anchors="3075 3079"/>
    <region xml:id="seg-r1049" anchors="3080 3083"/>
    <region xml:id="seg-r1051" anchors="3084 3090"/>
    <region xml:id="seg-r1053" anchors="3091 3099"/>
    <region xml:id="seg-r1054" anchors="3099 3101"/>
    <region xml:id="seg-r1056" anchors="3108 3112"/>
    <region xml:id="seg-r1058" anchors="3113 3116"/>
    <region xml:id="seg-r1060" anchors="3117 3119"/>
    <region xml:id="seg-r1062" anchors="3120 3123"/>
    <region xml:id="seg-r1064" anchors="3124 3133"/>
    <region xml:id="seg-r1065" anchors="3133 3134"/>
    <region xml:id="seg-r1067" anchors="3141 3145"/>
    <region xml:id="seg-r1069" anchors="3146 3150"/>
    <region xml:id="seg-r1070" anchors="3150 3151"/>
    <region xml:id="seg-r1072" anchors="3152 3156"/>
    <region xml:id="seg-r1074" anchors="3157 3164"/>
    <region xml:id="seg-r1075" anchors="3164 3165"/>
    <region xml:id="seg-r1077" anchors="3166 3167"/>
    <region xml:id="seg-r1079" anchors="3168 3172"/>
    <region xml:id="seg-r1081" anchors="3173 3183"/>
    <region xml:id="seg-r1083" anchors="3184 3186"/>
    <region xml:id="seg-r1085" anchors="3187 3193"/>
    <region xml:id="seg-r1086" anchors="3193 3194"/>
    <region xml:id="seg-r1087" anchors="3194 3195"/>
    <region xml:id="seg-r1089" anchors="3196 3201"/>
    <region xml:id="seg-r1091" anchors="3202 3203"/>
    <region xml:id="seg-r1092" anchors="3203 3204"/>
    <region xml:id="seg-r1094" anchors="3205 3207"/>
    <region xml:id="seg-r1096" anchors="3208 3211"/>
    <region xml:id="seg-r1099" anchors="3218 3220"/>
    <region xml:id="seg-r1101" anchors="3221 3224"/>
    <region xml:id="seg-r1103" anchors="3225 3230"/>
    <region xml:id="seg-r1104" anchors="3230 3231"/>
    <region xml:id="seg-r1106" anchors="3238 3241"/>
    <region xml:id="seg-r1108" anchors="3242 3248"/>
    <region xml:id="seg-r1110" anchors="3249 3252"/>
    <region xml:id="seg-r1112" anchors="3253 3256"/>
    <region xml:id="seg-r1114" anchors="3257 3264"/>
    <region xml:id="seg-r1116" anchors="3265 3269"/>
    <region xml:id="seg-r1118" anchors="3270 3278"/>
    <region xml:id="seg-r1120" anchors="3279 3283"/>
    <region xml:id="seg-r1122" anchors="3284 3288"/>
    <region xml:id="seg-r1124" anchors="3289 3299"/>
    <region xml:id="seg-r1126" anchors="3300 3304"/>
    <region xml:id="seg-r1128" anchors="3305 3307"/>
    <region xml:id="seg-r1130" anchors="3314 3318"/>
    <region xml:id="seg-r1132" anchors="3319 3321"/>
    <region xml:id="seg-r1134" anchors="3322 3327"/>
    <region xml:id="seg-r1135" anchors="3327 3328"/>
    <region xml:id="seg-r1137" anchors="3329 3336"/>
    <region xml:id="seg-r1139" anchors="3337 3339"/>
    <region xml:id="seg-r1141" anchors="3340 3343"/>
    <region xml:id="seg-r1143" anchors="3344 3348"/>
    <region xml:id="seg-r1145" anchors="3349 3351"/>
    <region xml:id="seg-r1147" anchors="3352 3354"/>
    <region xml:id="seg-r1149" anchors="3355 3358"/>
    <region xml:id="seg-r1151" anchors="3359 3363"/>
    <region xml:id="seg-r1153" anchors="3364 3367"/>
    <region xml:id="seg-r1155" anchors="3368 3376"/>
    <region xml:id="seg-r1157" anchors="3377 3384"/>
    <region xml:id="seg-r1159" anchors="3385 3387"/>
    <region xml:id="seg-r1161" anchors="3394 3399"/>
    <region xml:id="seg-r1163" anchors="3400 3407"/>
    <region xml:id="seg-r1164" anchors="3407 3408"/>
    <region xml:id="seg-r1166" anchors="3409 3413"/>
    <region xml:id="seg-r1168" anchors="3414 3421"/>
    <region xml:id="seg-r1170" anchors="3422 3427"/>
    <region xml:id="seg-r1172" anchors="3428 3435"/>
    <region xml:id="seg-r1174" anchors="3436 3440"/>
    <region xml:id="seg-r1176" anchors="3441 3450"/>
    <region xml:id="seg-r1177" anchors="3450 3451"/>
    <region xml:id="seg-r1179" anchors="3458 3464"/>
    <region xml:id="seg-r1181" anchors="3465 3468"/>
    <region xml:id="seg-r1183" anchors="3469 3472"/>
    <region xml:id="seg-r1185" anchors="3473 3481"/>
    <region xml:id="seg-r1187" anchors="3482 3490"/>
    <region xml:id="seg-r1189" anchors="3491 3495"/>
    <region xml:id="seg-r1191" anchors="3496 3499"/>
    <region xml:id="seg-r1193" anchors="3500 3508"/>
    <region xml:id="seg-r1195" anchors="3509 3511"/>
    <region xml:id="seg-r1197" anchors="3512 3516"/>
    <region xml:id="seg-r1199" anchors="3517 3527"/>
    <region xml:id="seg-r1201" anchors="3534 3536"/>
    <region xml:id="seg-r1203" anchors="3537 3545"/>
    <region xml:id="seg-r1205" anchors="3546 3551"/>
    <region xml:id="seg-r1206" anchors="3551 3552"/>
    <region xml:id="seg-r1208" anchors="3559 3568"/>
    <region xml:id="seg-r1209" anchors="3568 3569"/>
    <region xml:id="seg-r1211" anchors="3590 3594"/>
    <region xml:id="seg-r1213" anchors="3595 3602"/>
    <region xml:id="seg-r1215" anchors="3603 3608"/>
    <region xml:id="seg-r1217" anchors="3609 3615"/>
    <region xml:id="seg-r1219" anchors="3616 3619"/>
    <region xml:id="seg-r1221" anchors="3620 3626"/>
    <region xml:id="seg-r1223" anchors="3627 3635"/>
</graph>
