<?xml version="1.0" encoding="UTF-8"?>
<graph xmlns="http://www.xces.org/ns/GrAF/1.0/">
    <header>
        <tagsDecl>
            <tagUsage gi="vchunk" occurs="76"/>
        </tagsDecl>
        <dependencies>
            <dependsOn type="penn"/>
        </dependencies>
        <annotationSets>
            <annotationSet name="xces" type="http://www.xces.org/schema/2003"/>
        </annotationSets>
    </header>
    <node xml:id="vc-n0"/>
    <a label="vchunk" ref="vc-n0" as="xces">
        <fs>
            <f name="voice" value="active"/>
            <f name="tense" value="SimPas"/>
            <f name="type" value="FVG"/>
        </fs>
    </a>
    <node xml:id="vc-n1"/>
    <a label="vchunk" ref="vc-n1" as="xces">
        <fs>
            <f name="voice" value="active"/>
            <f name="tense" value="Pre"/>
            <f name="type" value="PART"/>
        </fs>
    </a>
    <node xml:id="vc-n10"/>
    <a label="vchunk" ref="vc-n10" as="xces">
        <fs>
            <f name="voice" value="active"/>
            <f name="tense" value="SimPre"/>
            <f name="type" value="FVG"/>
        </fs>
    </a>
    <node xml:id="vc-n11"/>
    <a label="vchunk" ref="vc-n11" as="xces">
        <fs>
            <f name="voice" value="active"/>
            <f name="tense" value="SimPas"/>
            <f name="type" value="FVG"/>
        </fs>
    </a>
    <node xml:id="vc-n12"/>
    <a label="vchunk" ref="vc-n12" as="xces">
        <fs>
            <f name="voice" value="active"/>
            <f name="tense" value="SimFut"/>
            <f name="type" value="FVG"/>
        </fs>
    </a>
    <node xml:id="vc-n13"/>
    <a label="vchunk" ref="vc-n13" as="xces">
        <fs>
            <f name="voice" value="active"/>
            <f name="tense" value="Inf"/>
            <f name="type" value="NFVG"/>
        </fs>
    </a>
    <node xml:id="vc-n14"/>
    <a label="vchunk" ref="vc-n14" as="xces">
        <fs>
            <f name="voice" value="active"/>
            <f name="tense" value="SimFut"/>
            <f name="type" value="FVG"/>
        </fs>
    </a>
    <node xml:id="vc-n15"/>
    <a label="vchunk" ref="vc-n15" as="xces">
        <fs>
            <f name="voice" value="none"/>
            <f name="tense" value="Pre"/>
            <f name="type" value="SPECIAL"/>
        </fs>
    </a>
    <node xml:id="vc-n16"/>
    <a label="vchunk" ref="vc-n16" as="xces">
        <fs>
            <f name="voice" value="active"/>
            <f name="tense" value="SimPre"/>
            <f name="type" value="FVG"/>
        </fs>
    </a>
    <node xml:id="vc-n17"/>
    <a label="vchunk" ref="vc-n17" as="xces">
        <fs>
            <f name="voice" value="active"/>
            <f name="tense" value="Inf"/>
            <f name="type" value="NFVG"/>
        </fs>
    </a>
    <node xml:id="vc-n18"/>
    <a label="vchunk" ref="vc-n18" as="xces">
        <fs>
            <f name="voice" value="active"/>
            <f name="tense" value="SimPre"/>
            <f name="type" value="FVG"/>
        </fs>
    </a>
    <node xml:id="vc-n19"/>
    <a label="vchunk" ref="vc-n19" as="xces">
        <fs>
            <f name="voice" value="active"/>
            <f name="tense" value="SimPas"/>
            <f name="type" value="FVG"/>
        </fs>
    </a>
    <node xml:id="vc-n2"/>
    <a label="vchunk" ref="vc-n2" as="xces">
        <fs>
            <f name="voice" value="active"/>
            <f name="tense" value="SimPas"/>
            <f name="type" value="FVG"/>
        </fs>
    </a>
    <node xml:id="vc-n20"/>
    <a label="vchunk" ref="vc-n20" as="xces">
        <fs>
            <f name="voice" value="active"/>
            <f name="tense" value="Inf"/>
            <f name="type" value="NFVG"/>
        </fs>
    </a>
    <node xml:id="vc-n21"/>
    <a label="vchunk" ref="vc-n21" as="xces">
        <fs>
            <f name="voice" value="active"/>
            <f name="tense" value="SimPas"/>
            <f name="type" value="FVG"/>
        </fs>
    </a>
    <node xml:id="vc-n22"/>
    <a label="vchunk" ref="vc-n22" as="xces">
        <fs>
            <f name="voice" value="none"/>
            <f name="type" value="PART"/>
            <f name="tense" value="Pas"/>
        </fs>
    </a>
    <node xml:id="vc-n23"/>
    <a label="vchunk" ref="vc-n23" as="xces">
        <fs>
            <f name="voice" value="active"/>
            <f name="tense" value="Inf"/>
            <f name="type" value="NFVG"/>
        </fs>
    </a>
    <node xml:id="vc-n24"/>
    <a label="vchunk" ref="vc-n24" as="xces">
        <fs>
            <f name="voice" value="active"/>
            <f name="tense" value="Pre"/>
            <f name="type" value="PART"/>
        </fs>
    </a>
    <node xml:id="vc-n25"/>
    <a label="vchunk" ref="vc-n25" as="xces">
        <fs>
            <f name="voice" value="active"/>
            <f name="tense" value="Inf"/>
            <f name="type" value="NFVG"/>
        </fs>
    </a>
    <node xml:id="vc-n26"/>
    <a label="vchunk" ref="vc-n26" as="xces">
        <fs>
            <f name="voice" value="active"/>
            <f name="tense" value="SimPas"/>
            <f name="type" value="FVG"/>
        </fs>
    </a>
    <node xml:id="vc-n27"/>
    <a label="vchunk" ref="vc-n27" as="xces">
        <fs>
            <f name="type" value="FVG"/>
            <f name="tense" value="PasCon"/>
            <f name="voice" value="active"/>
            <f name="neg" value="yes"/>
        </fs>
    </a>
    <node xml:id="vc-n28"/>
    <a label="vchunk" ref="vc-n28" as="xces">
        <fs>
            <f name="voice" value="none"/>
            <f name="tense" value="none"/>
            <f name="type" value="MODAL"/>
        </fs>
    </a>
    <node xml:id="vc-n29"/>
    <a label="vchunk" ref="vc-n29" as="xces">
        <fs>
            <f name="voice" value="active"/>
            <f name="tense" value="SimPre"/>
            <f name="type" value="FVG"/>
        </fs>
    </a>
    <node xml:id="vc-n3"/>
    <a label="vchunk" ref="vc-n3" as="xces">
        <fs>
            <f name="voice" value="active"/>
            <f name="tense" value="SimPre"/>
            <f name="type" value="FVG"/>
        </fs>
    </a>
    <node xml:id="vc-n30"/>
    <a label="vchunk" ref="vc-n30" as="xces">
        <fs>
            <f name="voice" value="active"/>
            <f name="tense" value="SimPre"/>
            <f name="type" value="FVG"/>
        </fs>
    </a>
    <node xml:id="vc-n31"/>
    <a label="vchunk" ref="vc-n31" as="xces">
        <fs>
            <f name="voice" value="active"/>
            <f name="tense" value="SimPas"/>
            <f name="type" value="FVG"/>
        </fs>
    </a>
    <node xml:id="vc-n32"/>
    <a label="vchunk" ref="vc-n32" as="xces">
        <fs>
            <f name="voice" value="none"/>
            <f name="tense" value="none"/>
            <f name="type" value="MODAL"/>
        </fs>
    </a>
    <node xml:id="vc-n33"/>
    <a label="vchunk" ref="vc-n33" as="xces">
        <fs>
            <f name="voice" value="active"/>
            <f name="tense" value="Inf"/>
            <f name="type" value="NFVG"/>
        </fs>
    </a>
    <node xml:id="vc-n34"/>
    <a label="vchunk" ref="vc-n34" as="xces">
        <fs>
            <f name="voice" value="active"/>
            <f name="tense" value="SimPas"/>
            <f name="type" value="FVG"/>
        </fs>
    </a>
    <node xml:id="vc-n35"/>
    <a label="vchunk" ref="vc-n35" as="xces">
        <fs>
            <f name="voice" value="active"/>
            <f name="tense" value="SimPas"/>
            <f name="type" value="FVG"/>
        </fs>
    </a>
    <node xml:id="vc-n36"/>
    <a label="vchunk" ref="vc-n36" as="xces">
        <fs>
            <f name="voice" value="active"/>
            <f name="tense" value="Inf"/>
            <f name="type" value="NFVG"/>
        </fs>
    </a>
    <node xml:id="vc-n37"/>
    <a label="vchunk" ref="vc-n37" as="xces">
        <fs>
            <f name="voice" value="active"/>
            <f name="tense" value="Inf"/>
            <f name="type" value="NFVG"/>
        </fs>
    </a>
    <node xml:id="vc-n38"/>
    <a label="vchunk" ref="vc-n38" as="xces">
        <fs>
            <f name="voice" value="active"/>
            <f name="tense" value="Pre"/>
            <f name="type" value="PART"/>
        </fs>
    </a>
    <node xml:id="vc-n39"/>
    <a label="vchunk" ref="vc-n39" as="xces">
        <fs>
            <f name="voice" value="active"/>
            <f name="tense" value="SimPas"/>
            <f name="type" value="FVG"/>
        </fs>
    </a>
    <node xml:id="vc-n4"/>
    <a label="vchunk" ref="vc-n4" as="xces">
        <fs>
            <f name="voice" value="none"/>
            <f name="tense" value="none"/>
            <f name="type" value="MODAL"/>
        </fs>
    </a>
    <node xml:id="vc-n40"/>
    <a label="vchunk" ref="vc-n40" as="xces">
        <fs>
            <f name="voice" value="active"/>
            <f name="tense" value="Pre"/>
            <f name="type" value="PART"/>
        </fs>
    </a>
    <node xml:id="vc-n41"/>
    <a label="vchunk" ref="vc-n41" as="xces">
        <fs>
            <f name="voice" value="active"/>
            <f name="tense" value="SimPre"/>
            <f name="type" value="FVG"/>
        </fs>
    </a>
    <node xml:id="vc-n42"/>
    <a label="vchunk" ref="vc-n42" as="xces">
        <fs>
            <f name="voice" value="active"/>
            <f name="tense" value="SimPre"/>
            <f name="type" value="FVG"/>
        </fs>
    </a>
    <node xml:id="vc-n43"/>
    <a label="vchunk" ref="vc-n43" as="xces">
        <fs>
            <f name="voice" value="active"/>
            <f name="tense" value="SimPas"/>
            <f name="type" value="FVG"/>
        </fs>
    </a>
    <node xml:id="vc-n44"/>
    <a label="vchunk" ref="vc-n44" as="xces">
        <fs>
            <f name="voice" value="active"/>
            <f name="tense" value="SimPas"/>
            <f name="type" value="FVG"/>
        </fs>
    </a>
    <node xml:id="vc-n45"/>
    <a label="vchunk" ref="vc-n45" as="xces">
        <fs>
            <f name="voice" value="none"/>
            <f name="tense" value="Pas"/>
            <f name="type" value="PART"/>
        </fs>
    </a>
    <node xml:id="vc-n46"/>
    <a label="vchunk" ref="vc-n46" as="xces">
        <fs>
            <f name="voice" value="active"/>
            <f name="tense" value="SimPas"/>
            <f name="type" value="FVG"/>
        </fs>
    </a>
    <node xml:id="vc-n47"/>
    <a label="vchunk" ref="vc-n47" as="xces">
        <fs>
            <f name="voice" value="none"/>
            <f name="tense" value="Pas"/>
            <f name="type" value="PART"/>
        </fs>
    </a>
    <node xml:id="vc-n48"/>
    <a label="vchunk" ref="vc-n48" as="xces">
        <fs>
            <f name="voice" value="active"/>
            <f name="tense" value="SimPas"/>
            <f name="type" value="FVG"/>
        </fs>
    </a>
    <node xml:id="vc-n49"/>
    <a label="vchunk" ref="vc-n49" as="xces">
        <fs>
            <f name="voice" value="active"/>
            <f name="tense" value="Pre"/>
            <f name="type" value="PART"/>
        </fs>
    </a>
    <node xml:id="vc-n5"/>
    <a label="vchunk" ref="vc-n5" as="xces">
        <fs>
            <f name="voice" value="active"/>
            <f name="tense" value="SimPre"/>
            <f name="type" value="FVG"/>
        </fs>
    </a>
    <node xml:id="vc-n50"/>
    <a label="vchunk" ref="vc-n50" as="xces">
        <fs>
            <f name="voice" value="active"/>
            <f name="tense" value="SimPre"/>
            <f name="type" value="FVG"/>
        </fs>
    </a>
    <node xml:id="vc-n51"/>
    <a label="vchunk" ref="vc-n51" as="xces">
        <fs>
            <f name="voice" value="active"/>
            <f name="tense" value="SimPre"/>
            <f name="type" value="FVG"/>
        </fs>
    </a>
    <node xml:id="vc-n52"/>
    <a label="vchunk" ref="vc-n52" as="xces">
        <fs>
            <f name="voice" value="active"/>
            <f name="tense" value="SimPre"/>
            <f name="type" value="FVG"/>
        </fs>
    </a>
    <node xml:id="vc-n53"/>
    <a label="vchunk" ref="vc-n53" as="xces">
        <fs>
            <f name="voice" value="active"/>
            <f name="tense" value="SimPas"/>
            <f name="type" value="FVG"/>
        </fs>
    </a>
    <node xml:id="vc-n54"/>
    <a label="vchunk" ref="vc-n54" as="xces">
        <fs>
            <f name="voice" value="active"/>
            <f name="tense" value="SimPas"/>
            <f name="type" value="FVG"/>
        </fs>
    </a>
    <node xml:id="vc-n55"/>
    <a label="vchunk" ref="vc-n55" as="xces">
        <fs>
            <f name="voice" value="active"/>
            <f name="tense" value="SimPas"/>
            <f name="type" value="FVG"/>
        </fs>
    </a>
    <node xml:id="vc-n56"/>
    <a label="vchunk" ref="vc-n56" as="xces">
        <fs>
            <f name="voice" value="active"/>
            <f name="tense" value="SimPas"/>
            <f name="type" value="FVG"/>
        </fs>
    </a>
    <node xml:id="vc-n57"/>
    <a label="vchunk" ref="vc-n57" as="xces">
        <fs>
            <f name="voice" value="active"/>
            <f name="tense" value="Inf"/>
            <f name="type" value="NFVG"/>
        </fs>
    </a>
    <node xml:id="vc-n58"/>
    <a label="vchunk" ref="vc-n58" as="xces">
        <fs>
            <f name="voice" value="active"/>
            <f name="tense" value="SimPas"/>
            <f name="type" value="FVG"/>
        </fs>
    </a>
    <node xml:id="vc-n59"/>
    <a label="vchunk" ref="vc-n59" as="xces">
        <fs>
            <f name="voice" value="active"/>
            <f name="tense" value="Inf"/>
            <f name="type" value="NFVG"/>
        </fs>
    </a>
    <node xml:id="vc-n6"/>
    <a label="vchunk" ref="vc-n6" as="xces">
        <fs>
            <f name="voice" value="active"/>
            <f name="tense" value="SimPas"/>
            <f name="type" value="FVG"/>
        </fs>
    </a>
    <node xml:id="vc-n60"/>
    <a label="vchunk" ref="vc-n60" as="xces">
        <fs>
            <f name="voice" value="active"/>
            <f name="tense" value="SimFut"/>
            <f name="type" value="FVG"/>
        </fs>
    </a>
    <node xml:id="vc-n61"/>
    <a label="vchunk" ref="vc-n61" as="xces">
        <fs>
            <f name="voice" value="active"/>
            <f name="tense" value="SimPre"/>
            <f name="type" value="FVG"/>
        </fs>
    </a>
    <node xml:id="vc-n62"/>
    <a label="vchunk" ref="vc-n62" as="xces">
        <fs>
            <f name="voice" value="active"/>
            <f name="tense" value="Inf"/>
            <f name="type" value="NFVG"/>
        </fs>
    </a>
    <node xml:id="vc-n63"/>
    <a label="vchunk" ref="vc-n63" as="xces">
        <fs>
            <f name="voice" value="active"/>
            <f name="tense" value="SimFut"/>
            <f name="type" value="FVG"/>
        </fs>
    </a>
    <node xml:id="vc-n64"/>
    <a label="vchunk" ref="vc-n64" as="xces">
        <fs>
            <f name="voice" value="active"/>
            <f name="tense" value="Inf"/>
            <f name="type" value="NFVG"/>
        </fs>
    </a>
    <node xml:id="vc-n65"/>
    <a label="vchunk" ref="vc-n65" as="xces">
        <fs>
            <f name="voice" value="active"/>
            <f name="tense" value="Inf"/>
            <f name="type" value="NFVG"/>
        </fs>
    </a>
    <node xml:id="vc-n66"/>
    <a label="vchunk" ref="vc-n66" as="xces">
        <fs>
            <f name="voice" value="none"/>
            <f name="tense" value="Pas"/>
            <f name="type" value="PART"/>
        </fs>
    </a>
    <node xml:id="vc-n67"/>
    <a label="vchunk" ref="vc-n67" as="xces">
        <fs>
            <f name="voice" value="active"/>
            <f name="tense" value="Inf"/>
            <f name="type" value="NFVG"/>
        </fs>
    </a>
    <node xml:id="vc-n68"/>
    <a label="vchunk" ref="vc-n68" as="xces">
        <fs>
            <f name="voice" value="active"/>
            <f name="tense" value="SimPre"/>
            <f name="type" value="FVG"/>
        </fs>
    </a>
    <node xml:id="vc-n69"/>
    <a label="vchunk" ref="vc-n69" as="xces">
        <fs>
            <f name="voice" value="none"/>
            <f name="tense" value="Pas"/>
            <f name="type" value="PART"/>
        </fs>
    </a>
    <node xml:id="vc-n7"/>
    <a label="vchunk" ref="vc-n7" as="xces">
        <fs>
            <f name="voice" value="active"/>
            <f name="tense" value="Inf"/>
            <f name="type" value="NFVG"/>
        </fs>
    </a>
    <node xml:id="vc-n70"/>
    <a label="vchunk" ref="vc-n70" as="xces">
        <fs>
            <f name="voice" value="active"/>
            <f name="tense" value="SimPas"/>
            <f name="type" value="FVG"/>
        </fs>
    </a>
    <node xml:id="vc-n71"/>
    <a label="vchunk" ref="vc-n71" as="xces">
        <fs>
            <f name="voice" value="active"/>
            <f name="tense" value="Inf"/>
            <f name="type" value="NFVG"/>
        </fs>
    </a>
    <node xml:id="vc-n72"/>
    <a label="vchunk" ref="vc-n72" as="xces">
        <fs>
            <f name="voice" value="none"/>
            <f name="tense" value="Pas"/>
            <f name="type" value="PART"/>
        </fs>
    </a>
    <node xml:id="vc-n73"/>
    <a label="vchunk" ref="vc-n73" as="xces">
        <fs>
            <f name="voice" value="passive"/>
            <f name="tense" value="SimPas"/>
            <f name="type" value="FVG"/>
        </fs>
    </a>
    <node xml:id="vc-n74"/>
    <a label="vchunk" ref="vc-n74" as="xces">
        <fs>
            <f name="voice" value="active"/>
            <f name="tense" value="Pre"/>
            <f name="type" value="PART"/>
        </fs>
    </a>
    <node xml:id="vc-n75"/>
    <a label="vchunk" ref="vc-n75" as="xces">
        <fs>
            <f name="voice" value="active"/>
            <f name="tense" value="Pre"/>
            <f name="type" value="PART"/>
        </fs>
    </a>
    <node xml:id="vc-n8"/>
    <a label="vchunk" ref="vc-n8" as="xces">
        <fs>
            <f name="voice" value="active"/>
            <f name="tense" value="SimPas"/>
            <f name="type" value="FVG"/>
        </fs>
    </a>
    <node xml:id="vc-n9"/>
    <a label="vchunk" ref="vc-n9" as="xces">
        <fs>
            <f name="voice" value="active"/>
            <f name="tense" value="Pre"/>
            <f name="type" value="PART"/>
        </fs>
    </a>
    <edge xml:id="lnk69" from="vc-n55" to="penn-n395"/>
    <edge xml:id="lnk68" from="vc-n54" to="penn-n388"/>
    <edge xml:id="lnk67" from="vc-n53" to="penn-n381"/>
    <edge xml:id="lnk66" from="vc-n52" to="penn-n367"/>
    <edge xml:id="lnk65" from="vc-n51" to="penn-n361"/>
    <edge xml:id="lnk64" from="vc-n51" to="penn-n360"/>
    <edge xml:id="lnk63" from="vc-n50" to="penn-n353"/>
    <edge xml:id="lnk62" from="vc-n50" to="penn-n352"/>
    <edge xml:id="lnk61" from="vc-n49" to="penn-n347"/>
    <edge xml:id="lnk60" from="vc-n48" to="penn-n337"/>
    <edge xml:id="lnk59" from="vc-n47" to="penn-n332"/>
    <edge xml:id="lnk58" from="vc-n46" to="penn-n321"/>
    <edge xml:id="lnk57" from="vc-n45" to="penn-n316"/>
    <edge xml:id="lnk56" from="vc-n44" to="penn-n315"/>
    <edge xml:id="lnk55" from="vc-n43" to="penn-n306"/>
    <edge xml:id="lnk54" from="vc-n42" to="penn-n299"/>
    <edge xml:id="lnk53" from="vc-n41" to="penn-n287"/>
    <edge xml:id="lnk52" from="vc-n40" to="penn-n282"/>
    <edge xml:id="lnk51" from="vc-n39" to="penn-n276"/>
    <edge xml:id="lnk50" from="vc-n38" to="penn-n273"/>
    <edge xml:id="lnk49" from="vc-n37" to="penn-n267"/>
    <edge xml:id="lnk48" from="vc-n36" to="penn-n265"/>
    <edge xml:id="lnk47" from="vc-n36" to="penn-n264"/>
    <edge xml:id="lnk46" from="vc-n35" to="penn-n263"/>
    <edge xml:id="lnk45" from="vc-n34" to="penn-n247"/>
    <edge xml:id="lnk44" from="vc-n33" to="penn-n240"/>
    <edge xml:id="lnk43" from="vc-n32" to="penn-n230"/>
    <edge xml:id="lnk42" from="vc-n32" to="penn-n229"/>
    <edge xml:id="lnk41" from="vc-n31" to="penn-n221"/>
    <edge xml:id="lnk40" from="vc-n30" to="penn-n214"/>
    <edge xml:id="lnk39" from="vc-n29" to="penn-n212"/>
    <edge xml:id="lnk38" from="vc-n28" to="penn-n205"/>
    <edge xml:id="lnk37" from="vc-n28" to="penn-n204"/>
    <edge xml:id="lnk36" from="vc-n27" to="penn-n198"/>
    <edge xml:id="lnk35" from="vc-n27" to="penn-n197"/>
    <edge xml:id="lnk99" from="vc-n75" to="penn-n527"/>
    <edge xml:id="lnk34" from="vc-n27" to="penn-n196"/>
    <edge xml:id="lnk98" from="vc-n74" to="penn-n523"/>
    <edge xml:id="lnk33" from="vc-n26" to="penn-n187"/>
    <edge xml:id="lnk97" from="vc-n73" to="penn-n516"/>
    <edge xml:id="lnk32" from="vc-n25" to="penn-n184"/>
    <edge xml:id="lnk96" from="vc-n73" to="penn-n515"/>
    <edge xml:id="lnk31" from="vc-n24" to="penn-n174"/>
    <edge xml:id="lnk95" from="vc-n73" to="penn-n514"/>
    <edge xml:id="lnk30" from="vc-n23" to="penn-n172"/>
    <edge xml:id="lnk94" from="vc-n72" to="penn-n508"/>
    <edge xml:id="lnk93" from="vc-n71" to="penn-n506"/>
    <edge xml:id="lnk92" from="vc-n70" to="penn-n501"/>
    <edge xml:id="lnk91" from="vc-n69" to="penn-n494"/>
    <edge xml:id="lnk90" from="vc-n68" to="penn-n483"/>
    <edge xml:id="lnk9" from="vc-n8" to="penn-n62"/>
    <edge xml:id="lnk8" from="vc-n7" to="penn-n58"/>
    <edge xml:id="lnk7" from="vc-n6" to="penn-n57"/>
    <edge xml:id="lnk6" from="vc-n5" to="penn-n48"/>
    <edge xml:id="lnk5" from="vc-n4" to="penn-n35"/>
    <edge xml:id="lnk4" from="vc-n4" to="penn-n34"/>
    <edge xml:id="lnk3" from="vc-n3" to="penn-n27"/>
    <edge xml:id="lnk2" from="vc-n2" to="penn-n19"/>
    <edge xml:id="lnk29" from="vc-n22" to="penn-n163"/>
    <edge xml:id="lnk1" from="vc-n1" to="penn-n12"/>
    <edge xml:id="lnk28" from="vc-n21" to="penn-n155"/>
    <edge xml:id="lnk0" from="vc-n0" to="penn-n7"/>
    <edge xml:id="lnk27" from="vc-n20" to="penn-n147"/>
    <edge xml:id="lnk26" from="vc-n20" to="penn-n146"/>
    <edge xml:id="lnk25" from="vc-n19" to="penn-n143"/>
    <edge xml:id="lnk89" from="vc-n67" to="penn-n459"/>
    <edge xml:id="lnk24" from="vc-n18" to="penn-n128"/>
    <edge xml:id="lnk88" from="vc-n67" to="penn-n458"/>
    <edge xml:id="lnk23" from="vc-n17" to="penn-n125"/>
    <edge xml:id="lnk87" from="vc-n66" to="penn-n456"/>
    <edge xml:id="lnk22" from="vc-n16" to="penn-n123"/>
    <edge xml:id="lnk86" from="vc-n65" to="penn-n453"/>
    <edge xml:id="lnk21" from="vc-n15" to="penn-n115"/>
    <edge xml:id="lnk85" from="vc-n64" to="penn-n451"/>
    <edge xml:id="lnk20" from="vc-n15" to="penn-n114"/>
    <edge xml:id="lnk84" from="vc-n64" to="penn-n450"/>
    <edge xml:id="lnk83" from="vc-n64" to="penn-n449"/>
    <edge xml:id="lnk82" from="vc-n63" to="penn-n447"/>
    <edge xml:id="lnk81" from="vc-n63" to="penn-n446"/>
    <edge xml:id="lnk80" from="vc-n62" to="penn-n437"/>
    <edge xml:id="lnk19" from="vc-n15" to="penn-n113"/>
    <edge xml:id="lnk18" from="vc-n15" to="penn-n112"/>
    <edge xml:id="lnk17" from="vc-n14" to="penn-n111"/>
    <edge xml:id="lnk16" from="vc-n14" to="penn-n110"/>
    <edge xml:id="lnk15" from="vc-n13" to="penn-n102"/>
    <edge xml:id="lnk79" from="vc-n62" to="penn-n436"/>
    <edge xml:id="lnk14" from="vc-n12" to="penn-n100"/>
    <edge xml:id="lnk78" from="vc-n61" to="penn-n435"/>
    <edge xml:id="lnk13" from="vc-n12" to="penn-n99"/>
    <edge xml:id="lnk77" from="vc-n60" to="penn-n430"/>
    <edge xml:id="lnk12" from="vc-n11" to="penn-n81"/>
    <edge xml:id="lnk76" from="vc-n60" to="penn-n429"/>
    <edge xml:id="lnk11" from="vc-n10" to="penn-n77"/>
    <edge xml:id="lnk75" from="vc-n59" to="penn-n420"/>
    <edge xml:id="lnk10" from="vc-n9" to="penn-n75"/>
    <edge xml:id="lnk74" from="vc-n59" to="penn-n419"/>
    <edge xml:id="lnk73" from="vc-n58" to="penn-n415"/>
    <edge xml:id="lnk72" from="vc-n57" to="penn-n409"/>
    <edge xml:id="lnk71" from="vc-n57" to="penn-n408"/>
    <edge xml:id="lnk70" from="vc-n56" to="penn-n407"/>
</graph>
