<?xml version="1.0" encoding="UTF-8"?>
<graph xmlns="http://www.xces.org/ns/GrAF/1.0/">
    <header>
        <tagsDecl>
            <tagUsage gi="s" occurs="27"/>
        </tagsDecl>
        <annotationSets>
            <annotationSet name="xces" type="http://www.xces.org/schema/2003"/>
        </annotationSets>
    </header>
    <region xml:id="s-r0" anchors="18 32"/>
    <node xml:id="s-n0">
        <link targets="s-r0"/>
    </node>
    <a label="s" ref="s-n0" as="xces">
        <fs>
            <f name="id" value="p1s1"/>
        </fs>
    </a>
    <region xml:id="s-r1" anchors="39 65"/>
    <node xml:id="s-n1">
        <link targets="s-r1"/>
    </node>
    <a label="s" ref="s-n1" as="xces">
        <fs>
            <f name="id" value="p2s1"/>
        </fs>
    </a>
    <region xml:id="s-r2" anchors="72 82"/>
    <node xml:id="s-n2">
        <link targets="s-r2"/>
    </node>
    <a label="s" ref="s-n2" as="xces">
        <fs>
            <f name="id" value="p3s1"/>
        </fs>
    </a>
    <region xml:id="s-r3" anchors="89 209"/>
    <node xml:id="s-n3">
        <link targets="s-r3"/>
    </node>
    <a label="s" ref="s-n3" as="xces">
        <fs>
            <f name="id" value="p4s1"/>
        </fs>
    </a>
    <region xml:id="s-r4" anchors="210 382"/>
    <node xml:id="s-n4">
        <link targets="s-r4"/>
    </node>
    <a label="s" ref="s-n4" as="xces">
        <fs>
            <f name="id" value="p4s2"/>
        </fs>
    </a>
    <region xml:id="s-r5" anchors="389 480"/>
    <node xml:id="s-n5">
        <link targets="s-r5"/>
    </node>
    <a label="s" ref="s-n5" as="xces">
        <fs>
            <f name="id" value="p5s1"/>
        </fs>
    </a>
    <region xml:id="s-r6" anchors="481 588"/>
    <node xml:id="s-n6">
        <link targets="s-r6"/>
    </node>
    <a label="s" ref="s-n6" as="xces">
        <fs>
            <f name="id" value="p5s2"/>
        </fs>
    </a>
    <region xml:id="s-r7" anchors="589 724"/>
    <node xml:id="s-n7">
        <link targets="s-r7"/>
    </node>
    <a label="s" ref="s-n7" as="xces">
        <fs>
            <f name="id" value="p5s3"/>
        </fs>
    </a>
    <region xml:id="s-r8" anchors="731 787"/>
    <node xml:id="s-n8">
        <link targets="s-r8"/>
    </node>
    <a label="s" ref="s-n8" as="xces">
        <fs>
            <f name="id" value="p6s1"/>
        </fs>
    </a>
    <region xml:id="s-r9" anchors="788 832"/>
    <node xml:id="s-n9">
        <link targets="s-r9"/>
    </node>
    <a label="s" ref="s-n9" as="xces">
        <fs>
            <f name="id" value="p6s2"/>
        </fs>
    </a>
    <region xml:id="s-r10" anchors="833 946"/>
    <node xml:id="s-n10">
        <link targets="s-r10"/>
    </node>
    <a label="s" ref="s-n10" as="xces">
        <fs>
            <f name="id" value="p6s3"/>
        </fs>
    </a>
    <region xml:id="s-r11" anchors="947 1076"/>
    <node xml:id="s-n11">
        <link targets="s-r11"/>
    </node>
    <a label="s" ref="s-n11" as="xces">
        <fs>
            <f name="id" value="p6s4"/>
        </fs>
    </a>
    <region xml:id="s-r12" anchors="1083 1283"/>
    <node xml:id="s-n12">
        <link targets="s-r12"/>
    </node>
    <a label="s" ref="s-n12" as="xces">
        <fs>
            <f name="id" value="p7s1"/>
        </fs>
    </a>
    <region xml:id="s-r13" anchors="1290 1428"/>
    <node xml:id="s-n13">
        <link targets="s-r13"/>
    </node>
    <a label="s" ref="s-n13" as="xces">
        <fs>
            <f name="id" value="p8s1"/>
        </fs>
    </a>
    <region xml:id="s-r14" anchors="1429 1568"/>
    <node xml:id="s-n14">
        <link targets="s-r14"/>
    </node>
    <a label="s" ref="s-n14" as="xces">
        <fs>
            <f name="id" value="p8s2"/>
        </fs>
    </a>
    <region xml:id="s-r15" anchors="1569 1610"/>
    <node xml:id="s-n15">
        <link targets="s-r15"/>
    </node>
    <a label="s" ref="s-n15" as="xces">
        <fs>
            <f name="id" value="p8s3"/>
        </fs>
    </a>
    <region xml:id="s-r16" anchors="1611 1668"/>
    <node xml:id="s-n16">
        <link targets="s-r16"/>
    </node>
    <a label="s" ref="s-n16" as="xces">
        <fs>
            <f name="id" value="p8s4"/>
        </fs>
    </a>
    <region xml:id="s-r17" anchors="1675 1703"/>
    <node xml:id="s-n17">
        <link targets="s-r17"/>
    </node>
    <a label="s" ref="s-n17" as="xces">
        <fs>
            <f name="id" value="p8s5"/>
        </fs>
    </a>
    <region xml:id="s-r18" anchors="1710 1804"/>
    <node xml:id="s-n18">
        <link targets="s-r18"/>
    </node>
    <a label="s" ref="s-n18" as="xces">
        <fs>
            <f name="id" value="p9s1"/>
        </fs>
    </a>
    <region xml:id="s-r19" anchors="1805 2047"/>
    <node xml:id="s-n19">
        <link targets="s-r19"/>
    </node>
    <a label="s" ref="s-n19" as="xces">
        <fs>
            <f name="id" value="p9s2"/>
        </fs>
    </a>
    <region xml:id="s-r20" anchors="2048 2113"/>
    <node xml:id="s-n20">
        <link targets="s-r20"/>
    </node>
    <a label="s" ref="s-n20" as="xces">
        <fs>
            <f name="id" value="p9s3"/>
        </fs>
    </a>
    <region xml:id="s-r21" anchors="2120 2281"/>
    <node xml:id="s-n21">
        <link targets="s-r21"/>
    </node>
    <a label="s" ref="s-n21" as="xces">
        <fs>
            <f name="id" value="p10s1"/>
        </fs>
    </a>
    <region xml:id="s-r22" anchors="2282 2388"/>
    <node xml:id="s-n22">
        <link targets="s-r22"/>
    </node>
    <a label="s" ref="s-n22" as="xces">
        <fs>
            <f name="id" value="p10s2"/>
        </fs>
    </a>
    <region xml:id="s-r23" anchors="2395 2491"/>
    <node xml:id="s-n23">
        <link targets="s-r23"/>
    </node>
    <a label="s" ref="s-n23" as="xces">
        <fs>
            <f name="id" value="p11s1"/>
        </fs>
    </a>
    <region xml:id="s-r24" anchors="2492 2541"/>
    <node xml:id="s-n24">
        <link targets="s-r24"/>
    </node>
    <a label="s" ref="s-n24" as="xces">
        <fs>
            <f name="id" value="p11s2"/>
        </fs>
    </a>
    <region xml:id="s-r25" anchors="2548 2558"/>
    <node xml:id="s-n25">
        <link targets="s-r25"/>
    </node>
    <a label="s" ref="s-n25" as="xces">
        <fs>
            <f name="id" value="p12s1"/>
        </fs>
    </a>
    <region xml:id="s-r26" anchors="2565 2594"/>
    <node xml:id="s-n26">
        <link targets="s-r26"/>
    </node>
    <a label="s" ref="s-n26" as="xces">
        <fs>
            <f name="id" value="p13s1"/>
        </fs>
    </a>
</graph>
