<?xml version="1.0" encoding="UTF-8"?>
<graph xmlns="http://www.xces.org/ns/GrAF/1.0/">
    <header>
        <tagsDecl>
            <tagUsage gi="objective-speech-event" occurs="31"/>
            <tagUsage gi="attitude" occurs="28"/>
            <tagUsage gi="inside" occurs="32"/>
            <tagUsage gi="target" occurs="18"/>
            <tagUsage gi="split" occurs="36"/>
            <tagUsage gi="expressive-subjectivity" occurs="10"/>
            <tagUsage gi="direct-subjective" occurs="27"/>
            <tagUsage gi="agent" occurs="20"/>
        </tagsDecl>
        <annotationSets>
            <annotationSet name="mpqa" type="http://www.cs.pitt.edu/mpqa/"/>
        </annotationSets>
    </header>
    <region xml:id="r8" anchors="18 156"/>
    <region xml:id="r6" anchors="18 18"/>
    <region xml:id="r4" anchors="18 18"/>
    <region xml:id="r1" anchors="18 18"/>
    <region xml:id="r10" anchors="18 18"/>
    <region xml:id="r12" anchors="63 69"/>
    <region xml:id="r14" anchors="75 77"/>
    <region xml:id="r16" anchors="78 85"/>
    <region xml:id="r18" anchors="90 111"/>
    <region xml:id="r20" anchors="115 155"/>
    <region xml:id="r22" anchors="155 156"/>
    <region xml:id="r24" anchors="163 275"/>
    <region xml:id="r26" anchors="163 163"/>
    <region xml:id="r28" anchors="178 194"/>
    <region xml:id="r30" anchors="211 215"/>
    <region xml:id="r32" anchors="239 274"/>
    <region xml:id="r34" anchors="274 275"/>
    <region xml:id="r36" anchors="276 386"/>
    <region xml:id="r38" anchors="276 279"/>
    <region xml:id="r40" anchors="276 276"/>
    <region xml:id="r42" anchors="280 285"/>
    <region xml:id="r44" anchors="385 386"/>
    <region xml:id="r46" anchors="387 522"/>
    <region xml:id="r48" anchors="387 387"/>
    <region xml:id="r50" anchors="414 521"/>
    <region xml:id="r52" anchors="521 522"/>
    <region xml:id="r54" anchors="523 653"/>
    <region xml:id="r56" anchors="523 544"/>
    <region xml:id="r58" anchors="523 523"/>
    <region xml:id="r60" anchors="545 652"/>
    <region xml:id="r62" anchors="595 604"/>
    <region xml:id="r64" anchors="605 652"/>
    <region xml:id="r66" anchors="652 653"/>
    <region xml:id="r68" anchors="660 695"/>
    <region xml:id="r70" anchors="660 660"/>
    <region xml:id="r72" anchors="694 695"/>
    <region xml:id="r74" anchors="702 771"/>
    <region xml:id="r76" anchors="702 702"/>
    <region xml:id="r78" anchors="770 771"/>
    <region xml:id="r80" anchors="778 1035"/>
    <region xml:id="r82" anchors="778 778"/>
    <region xml:id="r84" anchors="784 791"/>
    <region xml:id="r86" anchors="874 911"/>
    <region xml:id="r88" anchors="886 911"/>
    <region xml:id="r90" anchors="917 967"/>
    <region xml:id="r92" anchors="977 1034"/>
    <region xml:id="r94" anchors="979 989"/>
    <region xml:id="r96" anchors="990 993"/>
    <region xml:id="r98" anchors="994 1003"/>
    <region xml:id="r100" anchors="1034 1035"/>
    <region xml:id="r102" anchors="1036 1077"/>
    <region xml:id="r104" anchors="1036 1036"/>
    <region xml:id="r106" anchors="1050 1053"/>
    <region xml:id="r108" anchors="1054 1058"/>
    <region xml:id="r110" anchors="1062 1064"/>
    <region xml:id="r112" anchors="1065 1076"/>
    <region xml:id="r114" anchors="1076 1077"/>
    <region xml:id="r116" anchors="1079 1126"/>
    <region xml:id="r119" anchors="1079 1112"/>
    <region xml:id="r121" anchors="1079 1079"/>
    <region xml:id="r124" anchors="1082 1083"/>
    <region xml:id="r126" anchors="1105 1109"/>
    <region xml:id="r128" anchors="1109 1112"/>
    <region xml:id="r130" anchors="1112 1129"/>
    <region xml:id="r132" anchors="1112 1113"/>
    <region xml:id="r134" anchors="1112 1112"/>
    <region xml:id="r136" anchors="1114 1126"/>
    <region xml:id="r139" anchors="1126 1129"/>
    <region xml:id="r141" anchors="1137 1188"/>
    <region xml:id="r144" anchors="1137 1145"/>
    <region xml:id="r146" anchors="1137 1137"/>
    <region xml:id="r148" anchors="1146 1187"/>
    <region xml:id="r150" anchors="1187 1188"/>
    <region xml:id="r152" anchors="1189 1328"/>
    <region xml:id="r154" anchors="1189 1195"/>
    <region xml:id="r156" anchors="1189 1189"/>
    <region xml:id="r158" anchors="1196 1203"/>
    <region xml:id="r160" anchors="1268 1276"/>
    <region xml:id="r163" anchors="1280 1304"/>
    <region xml:id="r167" anchors="1327 1328"/>
    <region xml:id="r169" anchors="1329 1473"/>
    <region xml:id="r171" anchors="1329 1329"/>
    <region xml:id="r173" anchors="1341 1344"/>
    <region xml:id="r175" anchors="1345 1376"/>
    <region xml:id="r177" anchors="1381 1384"/>
    <region xml:id="r179" anchors="1385 1405"/>
    <region xml:id="r181" anchors="1472 1473"/>
    <region xml:id="r183" anchors="1475 1558"/>
    <region xml:id="r186" anchors="1475 1475"/>
    <region xml:id="r189" anchors="1485 1493"/>
    <region xml:id="r191" anchors="1494 1558"/>
    <region xml:id="r193" anchors="1557 1558"/>
    <region xml:id="r195" anchors="1559 1570"/>
    <region xml:id="r197" anchors="1559 1559"/>
    <region xml:id="r200" anchors="1567 1570"/>
    <region xml:id="r202" anchors="1571 1600"/>
    <region xml:id="r204" anchors="1571 1571"/>
    <region xml:id="r206" anchors="1592 1599"/>
    <region xml:id="r209" anchors="1599 1600"/>
    <region xml:id="r211" anchors="1608 1658"/>
    <region xml:id="r213" anchors="1608 1657"/>
    <region xml:id="r215" anchors="1608 1616"/>
    <region xml:id="r217" anchors="1608 1608"/>
    <region xml:id="r219" anchors="1617 1657"/>
    <region xml:id="r221" anchors="1657 1658"/>
    <region xml:id="r223" anchors="1659 1810"/>
    <region xml:id="r225" anchors="1659 1666"/>
    <region xml:id="r227" anchors="1659 1659"/>
    <region xml:id="r229" anchors="1715 1717"/>
    <region xml:id="r231" anchors="1718 1731"/>
    <region xml:id="r233" anchors="1809 1810"/>
    <region xml:id="r235" anchors="1811 1944"/>
    <region xml:id="r237" anchors="1811 1811"/>
    <region xml:id="r239" anchors="1863 1866"/>
    <region xml:id="r241" anchors="1880 1890"/>
    <region xml:id="r243" anchors="1943 1944"/>
    <region xml:id="r245" anchors="1946 1996"/>
    <region xml:id="r248" anchors="1946 1946"/>
    <region xml:id="r251" anchors="1955 1970"/>
    <region xml:id="r254" anchors="1978 1995"/>
    <region xml:id="r256" anchors="1989 1995"/>
    <region xml:id="r258" anchors="1995 1996"/>
    <region xml:id="r260" anchors="2004 2039"/>
    <region xml:id="r262" anchors="2004 2004"/>
    <region xml:id="r264" anchors="2038 2039"/>
    <region xml:id="r266" anchors="2040 2139"/>
    <region xml:id="r268" anchors="2040 2040"/>
    <region xml:id="r270" anchors="2068 2073"/>
    <region xml:id="r272" anchors="2138 2139"/>
    <region xml:id="r274" anchors="2141 2194"/>
    <region xml:id="r276" anchors="2141 2193"/>
    <region xml:id="r279" anchors="2141 2141"/>
    <region xml:id="r282" anchors="2164 2172"/>
    <region xml:id="r284" anchors="2193 2194"/>
    <region xml:id="r286" anchors="2195 2218"/>
    <region xml:id="r288" anchors="2195 2215"/>
    <region xml:id="r290" anchors="2195 2196"/>
    <region xml:id="r292" anchors="2195 2195"/>
    <region xml:id="r295" anchors="2197 2203"/>
    <region xml:id="r297" anchors="2215 2218"/>
    <region xml:id="r299" anchors="2218 2265"/>
    <region xml:id="r303" anchors="2218 2218"/>
    <region xml:id="r306" anchors="2233 2264"/>
    <region xml:id="r308" anchors="2257 2264"/>
    <region xml:id="r310" anchors="2264 2265"/>
    <region xml:id="r312" anchors="2273 2373"/>
    <region xml:id="r314" anchors="2273 2294"/>
    <region xml:id="r316" anchors="2273 2273"/>
    <region xml:id="r318" anchors="2295 2372"/>
    <region xml:id="r320" anchors="2305 2320"/>
    <region xml:id="r322" anchors="2325 2329"/>
    <region xml:id="r325" anchors="2330 2372"/>
    <region xml:id="r327" anchors="2330 2337"/>
    <region xml:id="r329" anchors="2354 2372"/>
    <region xml:id="r331" anchors="2372 2373"/>
    <region xml:id="r333" anchors="2374 2413"/>
    <region xml:id="r335" anchors="2374 2386"/>
    <region xml:id="r337" anchors="2374 2374"/>
    <region xml:id="r339" anchors="2387 2412"/>
    <region xml:id="r341" anchors="2392 2412"/>
    <region xml:id="r343" anchors="2412 2413"/>
    <region xml:id="r345" anchors="2420 2501"/>
    <region xml:id="r347" anchors="2420 2420"/>
    <region xml:id="r349" anchors="2463 2476"/>
    <region xml:id="r351" anchors="2463 2471"/>
    <region xml:id="r353" anchors="2472 2476"/>
    <region xml:id="r355" anchors="2500 2501"/>
    <region xml:id="r357" anchors="2508 2642"/>
    <region xml:id="r359" anchors="2508 2508"/>
    <region xml:id="r361" anchors="2594 2603"/>
    <region xml:id="r363" anchors="2604 2624"/>
    <region xml:id="r365" anchors="2641 2642"/>
    <region xml:id="r367" anchors="2643 2750"/>
    <region xml:id="r369" anchors="2643 2643"/>
    <region xml:id="r371" anchors="2749 2750"/>
    <region xml:id="r373" anchors="2751 2841"/>
    <region xml:id="r375" anchors="2751 2751"/>
    <region xml:id="r377" anchors="2840 2841"/>
    <region xml:id="r381" anchors="2841 2841"/>
    <region xml:id="r379" anchors="2841 2841"/>
    <node xml:id="n0">
        <link targets="r1"/>
    </node>
    <a label="agent" ref="n0" as="mpqa">
        <fs>
            <f name="id" value="implicit"/>
        </fs>
    </a>
    <a label="agent" ref="n0" as="mpqa">
        <fs>
            <f name="id" value="w"/>
        </fs>
    </a>
    <node xml:id="n1">
        <link targets="r4"/>
    </node>
    <a label="split" ref="n1" as="mpqa"/>
    <node xml:id="n10">
        <link targets="r22"/>
    </node>
    <a label="split" ref="n10" as="mpqa"/>
    <node xml:id="n100">
        <link targets="r213"/>
    </node>
    <a label="attitude" ref="n100" as="mpqa">
        <fs>
            <f name="id" value="a_goodwill_prepares"/>
            <f name="intensity" value="medium"/>
            <f name="target-link" value="t_goodwill_3"/>
            <f name="attitude-type" value="arguing-pos"/>
        </fs>
    </a>
    <node xml:id="n101">
        <link targets="r215"/>
    </node>
    <a label="target" ref="n101" as="mpqa">
        <fs>
            <f name="id" value="t_goodwill_3"/>
        </fs>
    </a>
    <node xml:id="n102">
        <link targets="r217"/>
    </node>
    <a label="direct-subjective" ref="n102" as="mpqa">
        <fs>
            <f name="nested-source" value="w"/>
            <f name="polarity" value="neutral"/>
            <f name="attitude-link" value="a_goodwill_prepares,a_goodwill_prepares_2"/>
            <f name="implicit" value="true"/>
            <f name="intensity" value="medium"/>
        </fs>
    </a>
    <node xml:id="n103">
        <link targets="r219"/>
    </node>
    <a label="attitude" ref="n103" as="mpqa">
        <fs>
            <f name="inferred" value="yes"/>
            <f name="attitude-type" value="sentiment-pos"/>
            <f name="id" value="a_goodwill_prepares_2"/>
            <f name="target-link" value="t_goodwill_3"/>
            <f name="intensity" value="low-medium"/>
        </fs>
    </a>
    <node xml:id="n104">
        <link targets="r221"/>
    </node>
    <a label="split" ref="n104" as="mpqa"/>
    <node xml:id="n105">
        <link targets="r223"/>
    </node>
    <a label="inside" ref="n105" as="mpqa">
        <fs>
            <f name="nested-source" value="w"/>
        </fs>
    </a>
    <node xml:id="n106">
        <link targets="r225"/>
    </node>
    <a label="agent" ref="n106" as="mpqa">
        <fs>
            <f name="id" value="cornell"/>
            <f name="nested-source" value="w,cornell"/>
        </fs>
    </a>
    <node xml:id="n107">
        <link targets="r227"/>
    </node>
    <a label="objective-speech-event" ref="n107" as="mpqa">
        <fs>
            <f name="implicit" value="true"/>
            <f name="nested-source" value="w"/>
        </fs>
    </a>
    <node xml:id="n108">
        <link targets="r229"/>
    </node>
    <a label="agent" ref="n108" as="mpqa">
        <fs>
            <f name="nested-source" value="w,cornell"/>
        </fs>
    </a>
    <node xml:id="n109">
        <link targets="r231"/>
    </node>
    <a label="direct-subjective" ref="n109" as="mpqa">
        <fs>
            <f name="nested-source" value="w,cornell"/>
            <f name="polarity" value="neutral"/>
            <f name="insubstantial" value="c2"/>
            <f name="expression-intensity" value="high"/>
            <f name="intensity" value="high"/>
        </fs>
    </a>
    <node xml:id="n11">
        <link targets="r24"/>
    </node>
    <a label="inside" ref="n11" as="mpqa">
        <fs>
            <f name="nested-source" value="w"/>
        </fs>
    </a>
    <node xml:id="n110">
        <link targets="r233"/>
    </node>
    <a label="split" ref="n110" as="mpqa"/>
    <node xml:id="n111">
        <link targets="r235"/>
    </node>
    <a label="inside" ref="n111" as="mpqa">
        <fs>
            <f name="nested-source" value="w"/>
        </fs>
    </a>
    <node xml:id="n112">
        <link targets="r237"/>
    </node>
    <a label="objective-speech-event" ref="n112" as="mpqa">
        <fs>
            <f name="implicit" value="true"/>
            <f name="nested-source" value="w"/>
        </fs>
    </a>
    <node xml:id="n113">
        <link targets="r239"/>
    </node>
    <a label="agent" ref="n113" as="mpqa">
        <fs>
            <f name="nested-source" value="w,cornell"/>
        </fs>
    </a>
    <node xml:id="n114">
        <link targets="r241"/>
    </node>
    <a label="direct-subjective" ref="n114" as="mpqa">
        <fs>
            <f name="nested-source" value="w,cornell"/>
            <f name="polarity" value="neutral"/>
            <f name="annotation-uncertain" value="somewhat-uncertain"/>
            <f name="implicit" value="true"/>
            <f name="intensity" value="medium"/>
            <f name="expression-intensity" value="medium"/>
        </fs>
    </a>
    <node xml:id="n115">
        <link targets="r243"/>
    </node>
    <a label="split" ref="n115" as="mpqa"/>
    <node xml:id="n116">
        <link targets="r245"/>
    </node>
    <a label="attitude" ref="n116" as="mpqa">
        <fs>
            <f name="attitude-type" value="arguing-pos"/>
            <f name="id" value="a_more_than_job"/>
            <f name="intensity" value="medium"/>
        </fs>
    </a>
    <a label="inside" ref="n116" as="mpqa">
        <fs>
            <f name="nested-source" value="w"/>
        </fs>
    </a>
    <node xml:id="n117">
        <link targets="r248"/>
    </node>
    <a label="direct-subjective" ref="n117" as="mpqa">
        <fs>
            <f name="nested-source" value="w,cornell"/>
            <f name="polarity" value="positive"/>
            <f name="attitude-link" value="a_more_than_job,a_more_than_job_2"/>
            <f name="implicit" value="true"/>
            <f name="intensity" value="medium"/>
        </fs>
    </a>
    <a label="objective-speech-event" ref="n117" as="mpqa">
        <fs>
            <f name="implicit" value="true"/>
            <f name="nested-source" value="w"/>
        </fs>
    </a>
    <node xml:id="n118">
        <link targets="r251"/>
    </node>
    <a label="attitude" ref="n118" as="mpqa">
        <fs>
            <f name="inferred" value="yes"/>
            <f name="attitude-type" value="sentiment-pos"/>
            <f name="target-link" value="t_career"/>
            <f name="id" value="a_more_than_job_2"/>
            <f name="intensity" value="medium"/>
        </fs>
    </a>
    <a label="expressive-subjectivity" ref="n118" as="mpqa">
        <fs>
            <f name="nested-source" value="w,cornell"/>
            <f name="polarity" value="positive"/>
            <f name="intensity" value="medium"/>
        </fs>
    </a>
    <node xml:id="n119">
        <link targets="r254"/>
    </node>
    <a label="expressive-subjectivity" ref="n119" as="mpqa">
        <fs>
            <f name="nested-source" value="w,cornell"/>
            <f name="polarity" value="positive"/>
            <f name="intensity" value="medium"/>
        </fs>
    </a>
    <node xml:id="n12">
        <link targets="r26"/>
    </node>
    <a label="objective-speech-event" ref="n12" as="mpqa">
        <fs>
            <f name="implicit" value="true"/>
            <f name="nested-source" value="w"/>
        </fs>
    </a>
    <node xml:id="n120">
        <link targets="r256"/>
    </node>
    <a label="target" ref="n120" as="mpqa">
        <fs>
            <f name="id" value="t_career"/>
        </fs>
    </a>
    <node xml:id="n121">
        <link targets="r258"/>
    </node>
    <a label="split" ref="n121" as="mpqa"/>
    <node xml:id="n122">
        <link targets="r260"/>
    </node>
    <a label="inside" ref="n122" as="mpqa">
        <fs>
            <f name="nested-source" value="w"/>
        </fs>
    </a>
    <node xml:id="n123">
        <link targets="r262"/>
    </node>
    <a label="objective-speech-event" ref="n123" as="mpqa">
        <fs>
            <f name="implicit" value="true"/>
            <f name="nested-source" value="w"/>
        </fs>
    </a>
    <node xml:id="n124">
        <link targets="r264"/>
    </node>
    <a label="split" ref="n124" as="mpqa"/>
    <node xml:id="n125">
        <link targets="r266"/>
    </node>
    <a label="inside" ref="n125" as="mpqa">
        <fs>
            <f name="nested-source" value="w"/>
        </fs>
    </a>
    <node xml:id="n126">
        <link targets="r268"/>
    </node>
    <a label="objective-speech-event" ref="n126" as="mpqa">
        <fs>
            <f name="implicit" value="true"/>
            <f name="nested-source" value="w"/>
        </fs>
    </a>
    <node xml:id="n127">
        <link targets="r270"/>
    </node>
    <a label="agent" ref="n127" as="mpqa">
        <fs>
            <f name="id" value="donna"/>
            <f name="nested-source" value="w,donna"/>
        </fs>
    </a>
    <node xml:id="n128">
        <link targets="r272"/>
    </node>
    <a label="split" ref="n128" as="mpqa"/>
    <node xml:id="n129">
        <link targets="r274"/>
    </node>
    <a label="inside" ref="n129" as="mpqa">
        <fs>
            <f name="nested-source" value="w"/>
        </fs>
    </a>
    <node xml:id="n13">
        <link targets="r28"/>
    </node>
    <a label="objective-speech-event" ref="n13" as="mpqa">
        <fs>
            <f name="nested-source" value="w,juli"/>
        </fs>
    </a>
    <node xml:id="n130">
        <link targets="r276"/>
    </node>
    <a label="attitude" ref="n130" as="mpqa">
        <fs>
            <f name="contrast" value=""/>
            <f name="id" value="a_rode_bike"/>
            <f name="attitude-uncertain" value=""/>
            <f name="attitude-type" value="sentiment-pos"/>
            <f name="target-link" value="t_goodwill_4"/>
            <f name="intensity" value="high"/>
            <f name="inferred" value="yes"/>
        </fs>
    </a>
    <a label="expressive-subjectivity" ref="n130" as="mpqa">
        <fs>
            <f name="nested-source" value="w,donna"/>
            <f name="polarity" value="positive"/>
            <f name="intensity" value="medium"/>
        </fs>
    </a>
    <node xml:id="n131">
        <link targets="r279"/>
    </node>
    <a label="direct-subjective" ref="n131" as="mpqa">
        <fs>
            <f name="nested-source" value="w,donna"/>
            <f name="polarity" value="positive"/>
            <f name="attitude-link" value="a_rode_bike"/>
            <f name="implicit" value="true"/>
            <f name="intensity" value="high"/>
        </fs>
    </a>
    <a label="objective-speech-event" ref="n131" as="mpqa">
        <fs>
            <f name="implicit" value="true"/>
            <f name="nested-source" value="w"/>
        </fs>
    </a>
    <node xml:id="n132">
        <link targets="r282"/>
    </node>
    <a label="target" ref="n132" as="mpqa">
        <fs>
            <f name="id" value="t_goodwill_4"/>
        </fs>
    </a>
    <node xml:id="n133">
        <link targets="r284"/>
    </node>
    <a label="split" ref="n133" as="mpqa"/>
    <node xml:id="n134">
        <link targets="r286"/>
    </node>
    <a label="inside" ref="n134" as="mpqa">
        <fs>
            <f name="nested-source" value="w"/>
        </fs>
    </a>
    <node xml:id="n135">
        <link targets="r288"/>
    </node>
    <a label="attitude" ref="n135" as="mpqa">
        <fs>
            <f name="target-link" value="t_goodwill_4"/>
            <f name="id" value="a_wanted_there"/>
            <f name="intensity" value="medium"/>
            <f name="attitude-type" value="sentiment-pos"/>
        </fs>
    </a>
    <node xml:id="n136">
        <link targets="r290"/>
    </node>
    <a label="agent" ref="n136" as="mpqa">
        <fs>
            <f name="id" value="i_donna"/>
            <f name="nested-source" value="w,donna,i_donna"/>
        </fs>
    </a>
    <node xml:id="n137">
        <link targets="r292"/>
    </node>
    <a label="objective-speech-event" ref="n137" as="mpqa">
        <fs>
            <f name="implicit" value="true"/>
            <f name="nested-source" value="w,donna"/>
        </fs>
    </a>
    <a label="objective-speech-event" ref="n137" as="mpqa">
        <fs>
            <f name="implicit" value="true"/>
            <f name="nested-source" value="w"/>
        </fs>
    </a>
    <node xml:id="n138">
        <link targets="r295"/>
    </node>
    <a label="direct-subjective" ref="n138" as="mpqa">
        <fs>
            <f name="nested-source" value="w,donna,i_donna"/>
            <f name="polarity" value="positive"/>
            <f name="attitude-link" value="a_wanted_there"/>
            <f name="intensity" value="medium"/>
            <f name="expression-intensity" value="medium"/>
        </fs>
    </a>
    <node xml:id="n139">
        <link targets="r297"/>
    </node>
    <a label="split" ref="n139" as="mpqa"/>
    <node xml:id="n14">
        <link targets="r30"/>
    </node>
    <a label="direct-subjective" ref="n14" as="mpqa">
        <fs>
            <f name="implicit" value="true"/>
            <f name="intensity" value="medium"/>
            <f name="polarity" value="neutral"/>
            <f name="nested-source" value="w,implicit"/>
        </fs>
    </a>
    <node xml:id="n140">
        <link targets="r299"/>
    </node>
    <a label="attitude" ref="n140" as="mpqa">
        <fs>
            <f name="inferred" value="yes"/>
            <f name="attitude-type" value="sentiment-neg"/>
            <f name="id" value="a_second_chance_2"/>
            <f name="target-link" value="t_my_life"/>
            <f name="intensity" value="low-medium"/>
        </fs>
    </a>
    <a label="attitude" ref="n140" as="mpqa">
        <fs>
            <f name="attitude-type" value="arguing-pos"/>
            <f name="id" value="a_second_chance"/>
            <f name="intensity" value="medium"/>
        </fs>
    </a>
    <a label="inside" ref="n140" as="mpqa">
        <fs>
            <f name="nested-source" value="w"/>
        </fs>
    </a>
    <node xml:id="n141">
        <link targets="r303"/>
    </node>
    <a label="direct-subjective" ref="n141" as="mpqa">
        <fs>
            <f name="nested-source" value="w,donna"/>
            <f name="polarity" value="positive"/>
            <f name="attitude-link" value="a_second_chance,a_second_chance_2"/>
            <f name="intensity" value="medium"/>
            <f name="implicit" value="true"/>
        </fs>
    </a>
    <a label="objective-speech-event" ref="n141" as="mpqa">
        <fs>
            <f name="implicit" value="true"/>
            <f name="nested-source" value="w"/>
        </fs>
    </a>
    <node xml:id="n142">
        <link targets="r306"/>
    </node>
    <a label="expressive-subjectivity" ref="n142" as="mpqa">
        <fs>
            <f name="nested-source" value="w,donna"/>
            <f name="polarity" value="positive"/>
            <f name="intensity" value="medium"/>
        </fs>
    </a>
    <node xml:id="n143">
        <link targets="r308"/>
    </node>
    <a label="target" ref="n143" as="mpqa">
        <fs>
            <f name="id" value="t_my_life"/>
        </fs>
    </a>
    <node xml:id="n144">
        <link targets="r310"/>
    </node>
    <a label="split" ref="n144" as="mpqa"/>
    <node xml:id="n145">
        <link targets="r312"/>
    </node>
    <a label="inside" ref="n145" as="mpqa">
        <fs>
            <f name="nested-source" value="w"/>
        </fs>
    </a>
    <node xml:id="n146">
        <link targets="r314"/>
    </node>
    <a label="target" ref="n146" as="mpqa">
        <fs>
            <f name="id" value="t_your_gift_4"/>
        </fs>
    </a>
    <node xml:id="n147">
        <link targets="r316"/>
    </node>
    <a label="direct-subjective" ref="n147" as="mpqa">
        <fs>
            <f name="nested-source" value="w"/>
            <f name="polarity" value="neutral"/>
            <f name="attitude-link" value="a_gift_will_help_2"/>
            <f name="implicit" value="true"/>
            <f name="intensity" value="medium"/>
        </fs>
    </a>
    <node xml:id="n148">
        <link targets="r318"/>
    </node>
    <a label="attitude" ref="n148" as="mpqa">
        <fs>
            <f name="target-link" value="t_your_gift_4"/>
            <f name="id" value="a_gift_will_help_2"/>
            <f name="intensity" value="medium"/>
            <f name="attitude-type" value="arguing-pos"/>
        </fs>
    </a>
    <node xml:id="n149">
        <link targets="r320"/>
    </node>
    <a label="agent" ref="n149" as="mpqa">
        <fs>
            <f name="id" value="many_people"/>
            <f name="nested-source" value="w,many_people"/>
        </fs>
    </a>
    <node xml:id="n15">
        <link targets="r32"/>
    </node>
    <a label="agent" ref="n15" as="mpqa">
        <fs>
            <f name="id" value="juli"/>
            <f name="nested-source" value="w,juli"/>
        </fs>
    </a>
    <node xml:id="n150">
        <link targets="r322"/>
    </node>
    <a label="attitude" ref="n150" as="mpqa">
        <fs>
            <f name="target-link" value="t_to_tell"/>
            <f name="id" value="a_want_to_tell"/>
            <f name="intensity" value="medium"/>
            <f name="attitude-type" value="sentiment-pos"/>
        </fs>
    </a>
    <a label="direct-subjective" ref="n150" as="mpqa">
        <fs>
            <f name="nested-source" value="w,many_people"/>
            <f name="polarity" value="positive"/>
            <f name="attitude-link" value="a_want_to_tell"/>
            <f name="intensity" value="medium"/>
            <f name="expression-intensity" value="medium"/>
        </fs>
    </a>
    <node xml:id="n151">
        <link targets="r325"/>
    </node>
    <a label="target" ref="n151" as="mpqa">
        <fs>
            <f name="id" value="t_to_tell"/>
        </fs>
    </a>
    <node xml:id="n152">
        <link targets="r327"/>
    </node>
    <a label="objective-speech-event" ref="n152" as="mpqa">
        <fs>
            <f name="nested-source" value="w,many_people"/>
        </fs>
    </a>
    <node xml:id="n153">
        <link targets="r329"/>
    </node>
    <a label="direct-subjective" ref="n153" as="mpqa">
        <fs>
            <f name="intensity" value="medium"/>
            <f name="expression-intensity" value="medium"/>
            <f name="polarity" value="positive"/>
            <f name="nested-source" value="w,many_people"/>
        </fs>
    </a>
    <node xml:id="n154">
        <link targets="r331"/>
    </node>
    <a label="split" ref="n154" as="mpqa"/>
    <node xml:id="n155">
        <link targets="r333"/>
    </node>
    <a label="inside" ref="n155" as="mpqa">
        <fs>
            <f name="nested-source" value="w"/>
        </fs>
    </a>
    <node xml:id="n156">
        <link targets="r335"/>
    </node>
    <a label="target" ref="n156" as="mpqa">
        <fs>
            <f name="id" value="t_your_support"/>
        </fs>
    </a>
    <node xml:id="n157">
        <link targets="r337"/>
    </node>
    <a label="direct-subjective" ref="n157" as="mpqa">
        <fs>
            <f name="nested-source" value="w"/>
            <f name="polarity" value="positive"/>
            <f name="attitude-link" value="a_support_will_help"/>
            <f name="intensity" value="medium"/>
            <f name="implicit" value="true"/>
        </fs>
    </a>
    <node xml:id="n158">
        <link targets="r339"/>
    </node>
    <a label="attitude" ref="n158" as="mpqa">
        <fs>
            <f name="target-link" value="t_your_support"/>
            <f name="id" value="a_support_will_help"/>
            <f name="intensity" value="medium"/>
            <f name="attitude-type" value="arguing-pos"/>
        </fs>
    </a>
    <node xml:id="n159">
        <link targets="r341"/>
    </node>
    <a label="expressive-subjectivity" ref="n159" as="mpqa">
        <fs>
            <f name="nested-source" value="w"/>
            <f name="polarity" value="positive"/>
            <f name="intensity" value="medium"/>
        </fs>
    </a>
    <node xml:id="n16">
        <link targets="r34"/>
    </node>
    <a label="split" ref="n16" as="mpqa"/>
    <node xml:id="n160">
        <link targets="r343"/>
    </node>
    <a label="split" ref="n160" as="mpqa"/>
    <node xml:id="n161">
        <link targets="r345"/>
    </node>
    <a label="inside" ref="n161" as="mpqa">
        <fs>
            <f name="nested-source" value="w"/>
        </fs>
    </a>
    <node xml:id="n162">
        <link targets="r347"/>
    </node>
    <a label="direct-subjective" ref="n162" as="mpqa">
        <fs>
            <f name="nested-source" value="w"/>
            <f name="polarity" value="neutral"/>
            <f name="attitude-link" value="a_generous"/>
            <f name="implicit" value="true"/>
            <f name="intensity" value="medium"/>
        </fs>
    </a>
    <node xml:id="n163">
        <link targets="r349"/>
    </node>
    <a label="expressive-subjectivity" ref="n163" as="mpqa">
        <fs>
            <f name="nested-source" value="w"/>
            <f name="polarity" value="positive"/>
            <f name="intensity" value="medium"/>
        </fs>
    </a>
    <node xml:id="n164">
        <link targets="r351"/>
    </node>
    <a label="attitude" ref="n164" as="mpqa">
        <fs>
            <f name="attitude-type" value="sentiment-pos"/>
            <f name="id" value="a_generous"/>
            <f name="target-link" value="t_gift"/>
            <f name="contrast" value=""/>
            <f name="intensity" value="medium"/>
        </fs>
    </a>
    <node xml:id="n165">
        <link targets="r353"/>
    </node>
    <a label="target" ref="n165" as="mpqa">
        <fs>
            <f name="id" value="t_gift"/>
        </fs>
    </a>
    <node xml:id="n166">
        <link targets="r355"/>
    </node>
    <a label="split" ref="n166" as="mpqa"/>
    <node xml:id="n167">
        <link targets="r357"/>
    </node>
    <a label="inside" ref="n167" as="mpqa">
        <fs>
            <f name="nested-source" value="w"/>
        </fs>
    </a>
    <node xml:id="n168">
        <link targets="r359"/>
    </node>
    <a label="direct-subjective" ref="n168" as="mpqa">
        <fs>
            <f name="nested-source" value="w"/>
            <f name="polarity" value="neutral"/>
            <f name="attitude-link" value="a_wise_investment"/>
            <f name="implicit" value="true"/>
            <f name="intensity" value="medium"/>
        </fs>
    </a>
    <node xml:id="n169">
        <link targets="r361"/>
    </node>
    <a label="target" ref="n169" as="mpqa">
        <fs>
            <f name="id" value="t_your_gift_3"/>
        </fs>
    </a>
    <node xml:id="n17">
        <link targets="r36"/>
    </node>
    <a label="inside" ref="n17" as="mpqa">
        <fs>
            <f name="nested-source" value="w"/>
        </fs>
    </a>
    <node xml:id="n170">
        <link targets="r363"/>
    </node>
    <a label="attitude" ref="n170" as="mpqa">
        <fs>
            <f name="inferred" value="yes"/>
            <f name="attitude-type" value="sentiment-pos"/>
            <f name="target-link" value="t_your_gift_3"/>
            <f name="id" value="a_wise_investment"/>
            <f name="intensity" value="medium"/>
        </fs>
    </a>
    <node xml:id="n171">
        <link targets="r365"/>
    </node>
    <a label="split" ref="n171" as="mpqa"/>
    <node xml:id="n172">
        <link targets="r367"/>
    </node>
    <a label="inside" ref="n172" as="mpqa">
        <fs>
            <f name="nested-source" value="w"/>
        </fs>
    </a>
    <node xml:id="n173">
        <link targets="r369"/>
    </node>
    <a label="objective-speech-event" ref="n173" as="mpqa">
        <fs>
            <f name="implicit" value="true"/>
            <f name="nested-source" value="w"/>
        </fs>
    </a>
    <node xml:id="n174">
        <link targets="r371"/>
    </node>
    <a label="split" ref="n174" as="mpqa"/>
    <node xml:id="n175">
        <link targets="r373"/>
    </node>
    <a label="inside" ref="n175" as="mpqa">
        <fs>
            <f name="nested-source" value="w"/>
        </fs>
    </a>
    <node xml:id="n176">
        <link targets="r375"/>
    </node>
    <a label="objective-speech-event" ref="n176" as="mpqa">
        <fs>
            <f name="implicit" value="true"/>
            <f name="nested-source" value="w"/>
        </fs>
    </a>
    <node xml:id="n177">
        <link targets="r377"/>
    </node>
    <a label="split" ref="n177" as="mpqa"/>
    <node xml:id="n178">
        <link targets="r379"/>
    </node>
    <a label="split" ref="n178" as="mpqa"/>
    <node xml:id="n179">
        <link targets="r381"/>
    </node>
    <a label="split" ref="n179" as="mpqa"/>
    <node xml:id="n18">
        <link targets="r38"/>
    </node>
    <a label="agent" ref="n18" as="mpqa">
        <fs>
            <f name="nested-source" value="w,juli"/>
        </fs>
    </a>
    <node xml:id="n19">
        <link targets="r40"/>
    </node>
    <a label="objective-speech-event" ref="n19" as="mpqa">
        <fs>
            <f name="implicit" value="true"/>
            <f name="nested-source" value="w"/>
        </fs>
    </a>
    <node xml:id="n2">
        <link targets="r6"/>
    </node>
    <a label="split" ref="n2" as="mpqa"/>
    <node xml:id="n20">
        <link targets="r42"/>
    </node>
    <a label="objective-speech-event" ref="n20" as="mpqa">
        <fs>
            <f name="nested-source" value="w,juli"/>
        </fs>
    </a>
    <node xml:id="n21">
        <link targets="r44"/>
    </node>
    <a label="split" ref="n21" as="mpqa"/>
    <node xml:id="n22">
        <link targets="r46"/>
    </node>
    <a label="inside" ref="n22" as="mpqa">
        <fs>
            <f name="nested-source" value="w"/>
        </fs>
    </a>
    <node xml:id="n23">
        <link targets="r48"/>
    </node>
    <a label="direct-subjective" ref="n23" as="mpqa">
        <fs>
            <f name="nested-source" value="w"/>
            <f name="polarity" value="neutral"/>
            <f name="attitude-link" value="a_reduced_support"/>
            <f name="implicit" value="true"/>
            <f name="intensity" value="medium"/>
        </fs>
    </a>
    <node xml:id="n24">
        <link targets="r50"/>
    </node>
    <a label="attitude" ref="n24" as="mpqa">
        <fs>
            <f name="attitude-type" value="arguing-pos"/>
            <f name="id" value="a_reduced_support"/>
            <f name="intensity" value="medium"/>
        </fs>
    </a>
    <node xml:id="n25">
        <link targets="r52"/>
    </node>
    <a label="split" ref="n25" as="mpqa"/>
    <node xml:id="n26">
        <link targets="r54"/>
    </node>
    <a label="inside" ref="n26" as="mpqa">
        <fs>
            <f name="nested-source" value="w"/>
        </fs>
    </a>
    <node xml:id="n27">
        <link targets="r56"/>
    </node>
    <a label="target" ref="n27" as="mpqa">
        <fs>
            <f name="id" value="t_your_gift"/>
        </fs>
    </a>
    <node xml:id="n28">
        <link targets="r58"/>
    </node>
    <a label="direct-subjective" ref="n28" as="mpqa">
        <fs>
            <f name="nested-source" value="w"/>
            <f name="polarity" value="positive"/>
            <f name="attitude-link" value="a_gift_will_help,a_will_be_used"/>
            <f name="implicit" value="true"/>
            <f name="intensity" value="medium"/>
        </fs>
    </a>
    <node xml:id="n29">
        <link targets="r60"/>
    </node>
    <a label="attitude" ref="n29" as="mpqa">
        <fs>
            <f name="id" value="a_gift_will_help"/>
            <f name="target-link" value="t_your_gift"/>
            <f name="intensity" value="medium"/>
            <f name="attitude-type" value="arguing-pos"/>
        </fs>
    </a>
    <node xml:id="n3">
        <link targets="r8"/>
    </node>
    <a label="inside" ref="n3" as="mpqa">
        <fs>
            <f name="nested-source" value="w"/>
        </fs>
    </a>
    <node xml:id="n30">
        <link targets="r62"/>
    </node>
    <a label="target" ref="n30" as="mpqa">
        <fs>
            <f name="id" value="t_your_gift_2"/>
        </fs>
    </a>
    <node xml:id="n31">
        <link targets="r64"/>
    </node>
    <a label="attitude" ref="n31" as="mpqa">
        <fs>
            <f name="target-link" value="t_your_gift_2"/>
            <f name="id" value="a_will_be_used"/>
            <f name="intensity" value="medium"/>
            <f name="attitude-type" value="intention-pos"/>
        </fs>
    </a>
    <node xml:id="n32">
        <link targets="r66"/>
    </node>
    <a label="split" ref="n32" as="mpqa"/>
    <node xml:id="n33">
        <link targets="r68"/>
    </node>
    <a label="inside" ref="n33" as="mpqa">
        <fs>
            <f name="nested-source" value="w"/>
        </fs>
    </a>
    <node xml:id="n34">
        <link targets="r70"/>
    </node>
    <a label="objective-speech-event" ref="n34" as="mpqa">
        <fs>
            <f name="implicit" value="true"/>
            <f name="nested-source" value="w"/>
        </fs>
    </a>
    <node xml:id="n35">
        <link targets="r72"/>
    </node>
    <a label="split" ref="n35" as="mpqa"/>
    <node xml:id="n36">
        <link targets="r74"/>
    </node>
    <a label="inside" ref="n36" as="mpqa">
        <fs>
            <f name="nested-source" value="w"/>
        </fs>
    </a>
    <node xml:id="n37">
        <link targets="r76"/>
    </node>
    <a label="objective-speech-event" ref="n37" as="mpqa">
        <fs>
            <f name="implicit" value="true"/>
            <f name="nested-source" value="w"/>
        </fs>
    </a>
    <node xml:id="n38">
        <link targets="r78"/>
    </node>
    <a label="split" ref="n38" as="mpqa"/>
    <node xml:id="n39">
        <link targets="r80"/>
    </node>
    <a label="inside" ref="n39" as="mpqa">
        <fs>
            <f name="nested-source" value="w"/>
        </fs>
    </a>
    <node xml:id="n4">
        <link targets="r10"/>
    </node>
    <a label="objective-speech-event" ref="n4" as="mpqa">
        <fs>
            <f name="implicit" value="true"/>
            <f name="nested-source" value="w"/>
        </fs>
    </a>
    <node xml:id="n40">
        <link targets="r82"/>
    </node>
    <a label="direct-subjective" ref="n40" as="mpqa">
        <fs>
            <f name="nested-source" value="w"/>
            <f name="polarity" value="positive"/>
            <f name="attitude-link" value="a_shadow_cast"/>
            <f name="implicit" value="true"/>
            <f name="intensity" value="medium"/>
        </fs>
    </a>
    <node xml:id="n41">
        <link targets="r84"/>
    </node>
    <a label="agent" ref="n41" as="mpqa">
        <fs>
            <f name="id" value="maureen"/>
            <f name="nested-source" value="w,maureen"/>
        </fs>
    </a>
    <node xml:id="n42">
        <link targets="r86"/>
    </node>
    <a label="expressive-subjectivity" ref="n42" as="mpqa">
        <fs>
            <f name="nested-source" value="w"/>
            <f name="polarity" value="negative"/>
            <f name="intensity" value="low"/>
        </fs>
    </a>
    <node xml:id="n43">
        <link targets="r88"/>
    </node>
    <a label="attitude" ref="n43" as="mpqa">
        <fs>
            <f name="target-link" value="t_people_with_disab"/>
            <f name="id" value="a_shadow_cast"/>
            <f name="intensity" value="low-medium"/>
            <f name="attitude-type" value="sentiment-neg"/>
        </fs>
    </a>
    <node xml:id="n44">
        <link targets="r90"/>
    </node>
    <a label="target" ref="n44" as="mpqa">
        <fs>
            <f name="id" value="t_people_with_disab"/>
        </fs>
    </a>
    <node xml:id="n45">
        <link targets="r92"/>
    </node>
    <a label="attitude" ref="n45" as="mpqa">
        <fs>
            <f name="inferred" value="yes"/>
            <f name="attitude-type" value="sentiment-pos"/>
            <f name="target-link" value="t_job"/>
            <f name="id" value="a_fulfilling"/>
            <f name="intensity" value="low-medium"/>
        </fs>
    </a>
    <node xml:id="n46">
        <link targets="r94"/>
    </node>
    <a label="direct-subjective" ref="n46" as="mpqa">
        <fs>
            <f name="nested-source" value="w,maureen"/>
            <f name="polarity" value="positive"/>
            <f name="annotation-uncertain" value="somewhat-uncertain"/>
            <f name="implicit" value="true"/>
            <f name="expression-intensity" value="medium"/>
            <f name="intensity" value="medium"/>
        </fs>
    </a>
    <node xml:id="n47">
        <link targets="r96"/>
    </node>
    <a label="target" ref="n47" as="mpqa">
        <fs>
            <f name="id" value="t_job"/>
        </fs>
    </a>
    <node xml:id="n48">
        <link targets="r98"/>
    </node>
    <a label="expressive-subjectivity" ref="n48" as="mpqa">
        <fs>
            <f name="nested-source" value="w"/>
            <f name="polarity" value="positive"/>
            <f name="intensity" value="medium"/>
        </fs>
    </a>
    <node xml:id="n49">
        <link targets="r100"/>
    </node>
    <a label="split" ref="n49" as="mpqa"/>
    <node xml:id="n5">
        <link targets="r12"/>
    </node>
    <a label="objective-speech-event" ref="n5" as="mpqa">
        <fs>
            <f name="nested-source" value="w,me"/>
        </fs>
    </a>
    <node xml:id="n50">
        <link targets="r102"/>
    </node>
    <a label="inside" ref="n50" as="mpqa">
        <fs>
            <f name="nested-source" value="w"/>
        </fs>
    </a>
    <node xml:id="n51">
        <link targets="r104"/>
    </node>
    <a label="objective-speech-event" ref="n51" as="mpqa">
        <fs>
            <f name="implicit" value="true"/>
            <f name="nested-source" value="w"/>
        </fs>
    </a>
    <node xml:id="n52">
        <link targets="r106"/>
    </node>
    <a label="agent" ref="n52" as="mpqa">
        <fs>
            <f name="nested-source" value="w,maureen"/>
        </fs>
    </a>
    <node xml:id="n53">
        <link targets="r108"/>
    </node>
    <a label="direct-subjective" ref="n53" as="mpqa">
        <fs>
            <f name="intensity" value="medium"/>
            <f name="expression-intensity" value="medium"/>
            <f name="polarity" value="neutral"/>
            <f name="nested-source" value="w,maureen"/>
        </fs>
    </a>
    <node xml:id="n54">
        <link targets="r110"/>
    </node>
    <a label="agent" ref="n54" as="mpqa">
        <fs>
            <f name="nested-source" value="w,me"/>
        </fs>
    </a>
    <node xml:id="n55">
        <link targets="r112"/>
    </node>
    <a label="objective-speech-event" ref="n55" as="mpqa">
        <fs>
            <f name="nested-source" value="w,me"/>
        </fs>
    </a>
    <node xml:id="n56">
        <link targets="r114"/>
    </node>
    <a label="split" ref="n56" as="mpqa"/>
    <node xml:id="n57">
        <link targets="r116"/>
    </node>
    <a label="attitude" ref="n57" as="mpqa">
        <fs>
            <f name="inferred" value="yes"/>
            <f name="attitude-type" value="sentiment-pos"/>
            <f name="id" value="a_happy_here"/>
            <f name="target-link" value="t_here"/>
            <f name="intensity" value="low-medium"/>
        </fs>
    </a>
    <a label="attitude" ref="n57" as="mpqa">
        <fs>
            <f name="attitude-type" value="arguing-pos"/>
            <f name="id" value="a_wasnt_working"/>
            <f name="intensity" value="medium"/>
        </fs>
    </a>
    <node xml:id="n58">
        <link targets="r119"/>
    </node>
    <a label="inside" ref="n58" as="mpqa">
        <fs>
            <f name="nested-source" value="w"/>
        </fs>
    </a>
    <node xml:id="n59">
        <link targets="r121"/>
    </node>
    <a label="direct-subjective" ref="n59" as="mpqa">
        <fs>
            <f name="nested-source" value="w,maureen"/>
            <f name="polarity" value="both"/>
            <f name="attitude-link" value="a_wasnt_working,a_happy_here,a_sad"/>
            <f name="implicit" value="true"/>
            <f name="expression-intensity" value="medium"/>
            <f name="intensity" value="medium"/>
        </fs>
    </a>
    <a label="objective-speech-event" ref="n59" as="mpqa">
        <fs>
            <f name="implicit" value="true"/>
            <f name="nested-source" value="w"/>
        </fs>
    </a>
    <node xml:id="n6">
        <link targets="r14"/>
    </node>
    <a label="agent" ref="n6" as="mpqa">
        <fs>
            <f name="id" value="me"/>
            <f name="nested-source" value="w,me"/>
        </fs>
    </a>
    <node xml:id="n60">
        <link targets="r124"/>
    </node>
    <a label="agent" ref="n60" as="mpqa">
        <fs>
            <f name="id" value="i_maureen"/>
            <f name="nested-source" value="w,maureen,i_maureen"/>
        </fs>
    </a>
    <node xml:id="n61">
        <link targets="r126"/>
    </node>
    <a label="target" ref="n61" as="mpqa">
        <fs>
            <f name="id" value="t_here"/>
        </fs>
    </a>
    <node xml:id="n62">
        <link targets="r128"/>
    </node>
    <a label="split" ref="n62" as="mpqa"/>
    <node xml:id="n63">
        <link targets="r130"/>
    </node>
    <a label="inside" ref="n63" as="mpqa">
        <fs>
            <f name="nested-source" value="w"/>
        </fs>
    </a>
    <node xml:id="n64">
        <link targets="r132"/>
    </node>
    <a label="agent" ref="n64" as="mpqa">
        <fs>
            <f name="nested-source" value="w,maureen,i_maureen"/>
        </fs>
    </a>
    <node xml:id="n65">
        <link targets="r134"/>
    </node>
    <a label="objective-speech-event" ref="n65" as="mpqa">
        <fs>
            <f name="implicit" value="true"/>
            <f name="nested-source" value="w"/>
        </fs>
    </a>
    <node xml:id="n66">
        <link targets="r136"/>
    </node>
    <a label="attitude" ref="n66" as="mpqa">
        <fs>
            <f name="attitude-type" value="sentiment-neg"/>
            <f name="id" value="a_sad"/>
            <f name="intensity" value="medium"/>
        </fs>
    </a>
    <a label="direct-subjective" ref="n66" as="mpqa">
        <fs>
            <f name="intensity" value="medium"/>
            <f name="expression-intensity" value="medium"/>
            <f name="polarity" value="negative"/>
            <f name="nested-source" value="w,maureen,i_maureen"/>
        </fs>
    </a>
    <node xml:id="n67">
        <link targets="r139"/>
    </node>
    <a label="split" ref="n67" as="mpqa"/>
    <node xml:id="n68">
        <link targets="r141"/>
    </node>
    <a label="attitude" ref="n68" as="mpqa">
        <fs>
            <f name="id" value="a_goodwill_helps"/>
            <f name="intensity" value="medium"/>
            <f name="target-link" value="t_goodwill"/>
            <f name="attitude-type" value="arguing-pos"/>
        </fs>
    </a>
    <a label="inside" ref="n68" as="mpqa">
        <fs>
            <f name="nested-source" value="w"/>
        </fs>
    </a>
    <node xml:id="n69">
        <link targets="r144"/>
    </node>
    <a label="target" ref="n69" as="mpqa">
        <fs>
            <f name="id" value="t_goodwill"/>
        </fs>
    </a>
    <node xml:id="n7">
        <link targets="r16"/>
    </node>
    <a label="objective-speech-event" ref="n7" as="mpqa">
        <fs>
            <f name="nested-source" value="w,me"/>
        </fs>
    </a>
    <node xml:id="n70">
        <link targets="r146"/>
    </node>
    <a label="direct-subjective" ref="n70" as="mpqa">
        <fs>
            <f name="nested-source" value="w"/>
            <f name="polarity" value="positive"/>
            <f name="attitude-link" value="a_goodwill_helps,a_goodwill_helps_2"/>
            <f name="implicit" value="true"/>
            <f name="intensity" value="medium"/>
        </fs>
    </a>
    <node xml:id="n71">
        <link targets="r148"/>
    </node>
    <a label="attitude" ref="n71" as="mpqa">
        <fs>
            <f name="inferred" value="yes"/>
            <f name="attitude-type" value="sentiment-pos"/>
            <f name="id" value="a_goodwill_helps_2"/>
            <f name="target-link" value="t_goodwill"/>
            <f name="intensity" value="low-medium"/>
        </fs>
    </a>
    <node xml:id="n72">
        <link targets="r150"/>
    </node>
    <a label="split" ref="n72" as="mpqa"/>
    <node xml:id="n73">
        <link targets="r152"/>
    </node>
    <a label="inside" ref="n73" as="mpqa">
        <fs>
            <f name="nested-source" value="w"/>
        </fs>
    </a>
    <node xml:id="n74">
        <link targets="r154"/>
    </node>
    <a label="agent" ref="n74" as="mpqa">
        <fs>
            <f name="id" value="sherry"/>
            <f name="nested-source" value="w,sherry"/>
        </fs>
    </a>
    <node xml:id="n75">
        <link targets="r156"/>
    </node>
    <a label="direct-subjective" ref="n75" as="mpqa">
        <fs>
            <f name="nested-source" value="w"/>
            <f name="polarity" value="positive"/>
            <f name="attitude-link" value="a_mire,a_welfare_1"/>
            <f name="implicit" value="true"/>
            <f name="intensity" value="low"/>
        </fs>
    </a>
    <node xml:id="n76">
        <link targets="r158"/>
    </node>
    <a label="objective-speech-event" ref="n76" as="mpqa">
        <fs>
            <f name="annotation-uncertain" value="very-uncertain"/>
            <f name="nested-source" value="w,sherry"/>
        </fs>
    </a>
    <node xml:id="n77">
        <link targets="r160"/>
    </node>
    <a label="attitude" ref="n77" as="mpqa">
        <fs>
            <f name="inferred" value="yes"/>
            <f name="attitude-type" value="sentiment-neg"/>
            <f name="target-link" value="t_welfare_1"/>
            <f name="id" value="a_mire"/>
            <f name="intensity" value="low"/>
        </fs>
    </a>
    <a label="expressive-subjectivity" ref="n77" as="mpqa">
        <fs>
            <f name="nested-source" value="w"/>
            <f name="polarity" value="negative"/>
            <f name="intensity" value="medium"/>
        </fs>
    </a>
    <node xml:id="n78">
        <link targets="r163"/>
    </node>
    <a label="attitude" ref="n78" as="mpqa">
        <fs>
            <f name="repetition" value="yes"/>
            <f name="inferred" value="yes"/>
            <f name="attitude-type" value="sentiment-neg"/>
            <f name="id" value="a_welfare_1"/>
            <f name="target-link" value="t_welfare_1"/>
            <f name="intensity" value="low"/>
        </fs>
    </a>
    <a label="target" ref="n78" as="mpqa">
        <fs>
            <f name="id" value="t_welfare_1"/>
        </fs>
    </a>
    <a label="expressive-subjectivity" ref="n78" as="mpqa">
        <fs>
            <f name="intensity" value="low"/>
            <f name="es-uncertain" value="somewhat-uncertain"/>
            <f name="polarity" value="negative"/>
            <f name="nested-source" value="w"/>
        </fs>
    </a>
    <node xml:id="n79">
        <link targets="r167"/>
    </node>
    <a label="split" ref="n79" as="mpqa"/>
    <node xml:id="n8">
        <link targets="r18"/>
    </node>
    <a label="objective-speech-event" ref="n8" as="mpqa">
        <fs>
            <f name="nested-source" value="w,people_helped"/>
            <f name="insubstantial" value="c1"/>
            <f name="objective-uncertain" value="somewhat-uncertain"/>
        </fs>
    </a>
    <node xml:id="n80">
        <link targets="r169"/>
    </node>
    <a label="inside" ref="n80" as="mpqa">
        <fs>
            <f name="nested-source" value="w"/>
        </fs>
    </a>
    <node xml:id="n81">
        <link targets="r171"/>
    </node>
    <a label="objective-speech-event" ref="n81" as="mpqa">
        <fs>
            <f name="implicit" value="true"/>
            <f name="nested-source" value="w"/>
        </fs>
    </a>
    <node xml:id="n82">
        <link targets="r173"/>
    </node>
    <a label="agent" ref="n82" as="mpqa">
        <fs>
            <f name="nested-source" value="w,sherry"/>
        </fs>
    </a>
    <node xml:id="n83">
        <link targets="r175"/>
    </node>
    <a label="direct-subjective" ref="n83" as="mpqa">
        <fs>
            <f name="intensity" value="medium"/>
            <f name="expression-intensity" value="medium"/>
            <f name="polarity" value="positive"/>
            <f name="nested-source" value="w,sherry"/>
        </fs>
    </a>
    <node xml:id="n84">
        <link targets="r177"/>
    </node>
    <a label="agent" ref="n84" as="mpqa">
        <fs>
            <f name="nested-source" value="w,sherry"/>
        </fs>
    </a>
    <node xml:id="n85">
        <link targets="r179"/>
    </node>
    <a label="direct-subjective" ref="n85" as="mpqa">
        <fs>
            <f name="intensity" value="medium"/>
            <f name="expression-intensity" value="medium"/>
            <f name="polarity" value="neutral"/>
            <f name="nested-source" value="w,sherry"/>
        </fs>
    </a>
    <node xml:id="n86">
        <link targets="r181"/>
    </node>
    <a label="split" ref="n86" as="mpqa"/>
    <node xml:id="n87">
        <link targets="r183"/>
    </node>
    <a label="attitude" ref="n87" as="mpqa">
        <fs>
            <f name="attitude-type" value="arguing-pos"/>
            <f name="id" value="a_coming_to_goodwill"/>
            <f name="intensity" value="medium"/>
        </fs>
    </a>
    <a label="inside" ref="n87" as="mpqa">
        <fs>
            <f name="nested-source" value="w"/>
        </fs>
    </a>
    <node xml:id="n88">
        <link targets="r186"/>
    </node>
    <a label="direct-subjective" ref="n88" as="mpqa">
        <fs>
            <f name="nested-source" value="w,sherry"/>
            <f name="polarity" value="positive"/>
            <f name="attitude-link" value="a_coming_to_goodwill,a_coming_to_goodwill_2"/>
            <f name="intensity" value="medium"/>
            <f name="implicit" value="true"/>
        </fs>
    </a>
    <a label="objective-speech-event" ref="n88" as="mpqa">
        <fs>
            <f name="implicit" value="true"/>
            <f name="nested-source" value="w"/>
        </fs>
    </a>
    <node xml:id="n89">
        <link targets="r189"/>
    </node>
    <a label="target" ref="n89" as="mpqa">
        <fs>
            <f name="id" value="t_goodwill_2"/>
        </fs>
    </a>
    <node xml:id="n9">
        <link targets="r20"/>
    </node>
    <a label="agent" ref="n9" as="mpqa">
        <fs>
            <f name="id" value="people_helped"/>
            <f name="nested-source" value="w,people_helped"/>
        </fs>
    </a>
    <node xml:id="n90">
        <link targets="r191"/>
    </node>
    <a label="attitude" ref="n90" as="mpqa">
        <fs>
            <f name="inferred" value="yes"/>
            <f name="attitude-type" value="sentiment-pos"/>
            <f name="target-link" value="t_goodwill_2"/>
            <f name="id" value="a_coming_to_goodwill_2"/>
            <f name="intensity" value="low-medium"/>
        </fs>
    </a>
    <node xml:id="n91">
        <link targets="r193"/>
    </node>
    <a label="split" ref="n91" as="mpqa"/>
    <node xml:id="n92">
        <link targets="r195"/>
    </node>
    <a label="inside" ref="n92" as="mpqa">
        <fs>
            <f name="nested-source" value="w"/>
        </fs>
    </a>
    <node xml:id="n93">
        <link targets="r197"/>
    </node>
    <a label="direct-subjective" ref="n93" as="mpqa">
        <fs>
            <f name="nested-source" value="w,sherry"/>
            <f name="polarity" value="positive"/>
            <f name="attitude-link" value="a_welfare_2"/>
            <f name="implicit" value="true"/>
            <f name="intensity" value="low"/>
        </fs>
    </a>
    <a label="objective-speech-event" ref="n93" as="mpqa">
        <fs>
            <f name="implicit" value="true"/>
            <f name="nested-source" value="w"/>
        </fs>
    </a>
    <node xml:id="n94">
        <link targets="r200"/>
    </node>
    <a label="split" ref="n94" as="mpqa"/>
    <node xml:id="n95">
        <link targets="r202"/>
    </node>
    <a label="inside" ref="n95" as="mpqa">
        <fs>
            <f name="nested-source" value="w"/>
        </fs>
    </a>
    <node xml:id="n96">
        <link targets="r204"/>
    </node>
    <a label="objective-speech-event" ref="n96" as="mpqa">
        <fs>
            <f name="implicit" value="true"/>
            <f name="nested-source" value="w"/>
        </fs>
    </a>
    <node xml:id="n97">
        <link targets="r206"/>
    </node>
    <a label="target" ref="n97" as="mpqa">
        <fs>
            <f name="id" value="t_welfare_2"/>
        </fs>
    </a>
    <a label="attitude" ref="n97" as="mpqa">
        <fs>
            <f name="inferred" value="yes"/>
            <f name="attitude-type" value="sentiment-neg"/>
            <f name="target-link" value="t_welfare_2"/>
            <f name="id" value="a_welfare_2"/>
            <f name="intensity" value="low"/>
        </fs>
    </a>
    <node xml:id="n98">
        <link targets="r209"/>
    </node>
    <a label="split" ref="n98" as="mpqa"/>
    <node xml:id="n99">
        <link targets="r211"/>
    </node>
    <a label="inside" ref="n99" as="mpqa">
        <fs>
            <f name="nested-source" value="w"/>
        </fs>
    </a>
</graph>
