<?xml version="1.0" encoding="UTF-8"?>
<graph xmlns="http://www.xces.org/ns/GrAF/1.0/">
    <header>
        <tagsDecl>
        </tagsDecl>
    </header>
    <region xml:id="seg-r0" anchors="18 26"/>
    <region xml:id="seg-r2" anchors="27 29"/>
    <region xml:id="seg-r3" anchors="29 30"/>
    <region xml:id="seg-r5" anchors="31 35"/>
    <region xml:id="seg-r7" anchors="42 46"/>
    <region xml:id="seg-r9" anchors="47 56"/>
    <region xml:id="seg-r11" anchors="57 62"/>
    <region xml:id="seg-r13" anchors="63 71"/>
    <region xml:id="seg-r14" anchors="71 72"/>
    <region xml:id="seg-r16" anchors="79 82"/>
    <region xml:id="seg-r18" anchors="83 86"/>
    <region xml:id="seg-r20" anchors="87 88"/>
    <region xml:id="seg-r22" anchors="89 93"/>
    <region xml:id="seg-r24" anchors="94 98"/>
    <region xml:id="seg-r26" anchors="99 103"/>
    <region xml:id="seg-r28" anchors="104 113"/>
    <region xml:id="seg-r30" anchors="114 118"/>
    <region xml:id="seg-r32" anchors="119 127"/>
    <region xml:id="seg-r33" anchors="127 128"/>
    <region xml:id="seg-r35" anchors="135 137"/>
    <region xml:id="seg-r36" anchors="137 140"/>
    <region xml:id="seg-r38" anchors="141 147"/>
    <region xml:id="seg-r40" anchors="148 154"/>
    <region xml:id="seg-r42" anchors="155 160"/>
    <region xml:id="seg-r44" anchors="161 165"/>
    <region xml:id="seg-r46" anchors="166 168"/>
    <region xml:id="seg-r48" anchors="169 172"/>
    <region xml:id="seg-r50" anchors="173 180"/>
    <region xml:id="seg-r52" anchors="181 186"/>
    <region xml:id="seg-r53" anchors="186 187"/>
    <region xml:id="seg-r55" anchors="188 190"/>
    <region xml:id="seg-r56" anchors="190 193"/>
    <region xml:id="seg-r58" anchors="194 199"/>
    <region xml:id="seg-r60" anchors="200 204"/>
    <region xml:id="seg-r62" anchors="211 214"/>
    <region xml:id="seg-r64" anchors="215 221"/>
    <region xml:id="seg-r66" anchors="222 226"/>
    <region xml:id="seg-r68" anchors="227 239"/>
    <region xml:id="seg-r70" anchors="240 242"/>
    <region xml:id="seg-r72" anchors="243 248"/>
    <region xml:id="seg-r74" anchors="249 252"/>
    <region xml:id="seg-r76" anchors="253 262"/>
    <region xml:id="seg-r77" anchors="262 263"/>
    <region xml:id="seg-r79" anchors="264 266"/>
    <region xml:id="seg-r80" anchors="266 269"/>
    <region xml:id="seg-r82" anchors="270 278"/>
    <region xml:id="seg-r84" anchors="285 293"/>
    <region xml:id="seg-r85" anchors="293 295"/>
    <region xml:id="seg-r87" anchors="296 302"/>
    <region xml:id="seg-r89" anchors="303 310"/>
    <region xml:id="seg-r91" anchors="311 313"/>
    <region xml:id="seg-r93" anchors="314 319"/>
    <region xml:id="seg-r95" anchors="320 323"/>
    <region xml:id="seg-r97" anchors="324 337"/>
    <region xml:id="seg-r99" anchors="338 343"/>
    <region xml:id="seg-r101" anchors="344 348"/>
    <region xml:id="seg-r103" anchors="349 352"/>
    <region xml:id="seg-r105" anchors="359 365"/>
    <region xml:id="seg-r107" anchors="366 370"/>
    <region xml:id="seg-r108" anchors="370 371"/>
    <region xml:id="seg-r110" anchors="378 380"/>
    <region xml:id="seg-r112" anchors="381 387"/>
    <region xml:id="seg-r113" anchors="387 388"/>
    <region xml:id="seg-r115" anchors="389 391"/>
    <region xml:id="seg-r116" anchors="391 394"/>
    <region xml:id="seg-r118" anchors="395 401"/>
    <region xml:id="seg-r120" anchors="402 411"/>
    <region xml:id="seg-r122" anchors="412 417"/>
    <region xml:id="seg-r123" anchors="417 418"/>
    <region xml:id="seg-r125" anchors="419 422"/>
    <region xml:id="seg-r127" anchors="423 427"/>
    <region xml:id="seg-r129" anchors="428 434"/>
    <region xml:id="seg-r131" anchors="435 439"/>
    <region xml:id="seg-r133" anchors="446 454"/>
    <region xml:id="seg-r134" anchors="454 456"/>
    <region xml:id="seg-r136" anchors="457 461"/>
    <region xml:id="seg-r138" anchors="462 470"/>
    <region xml:id="seg-r140" anchors="471 475"/>
    <region xml:id="seg-r142" anchors="476 480"/>
    <region xml:id="seg-r144" anchors="481 489"/>
    <region xml:id="seg-r146" anchors="490 497"/>
    <region xml:id="seg-r147" anchors="497 498"/>
    <region xml:id="seg-r149" anchors="499 507"/>
    <region xml:id="seg-r151" anchors="508 511"/>
    <region xml:id="seg-r153" anchors="512 519"/>
    <region xml:id="seg-r155" anchors="526 529"/>
    <region xml:id="seg-r157" anchors="530 538"/>
    <region xml:id="seg-r159" anchors="539 543"/>
    <region xml:id="seg-r161" anchors="544 550"/>
    <region xml:id="seg-r163" anchors="551 555"/>
    <region xml:id="seg-r165" anchors="556 566"/>
    <region xml:id="seg-r167" anchors="567 571"/>
    <region xml:id="seg-r169" anchors="572 579"/>
    <region xml:id="seg-r170" anchors="579 580"/>
    <region xml:id="seg-r172" anchors="587 590"/>
    <region xml:id="seg-r174" anchors="591 594"/>
    <region xml:id="seg-r176" anchors="595 604"/>
    <region xml:id="seg-r178" anchors="605 609"/>
    <region xml:id="seg-r180" anchors="610 613"/>
    <region xml:id="seg-r182" anchors="614 625"/>
    <region xml:id="seg-r183" anchors="625 626"/>
    <region xml:id="seg-r185" anchors="627 635"/>
    <region xml:id="seg-r187" anchors="636 639"/>
    <region xml:id="seg-r188" anchors="639 640"/>
    <region xml:id="seg-r190" anchors="641 645"/>
    <region xml:id="seg-r192" anchors="646 649"/>
    <region xml:id="seg-r194" anchors="650 653"/>
    <region xml:id="seg-r196" anchors="654 655"/>
    <region xml:id="seg-r198" anchors="662 666"/>
    <region xml:id="seg-r200" anchors="667 675"/>
    <region xml:id="seg-r202" anchors="676 680"/>
    <region xml:id="seg-r204" anchors="681 682"/>
    <region xml:id="seg-r206" anchors="683 686"/>
    <region xml:id="seg-r207" anchors="686 687"/>
    <region xml:id="seg-r209" anchors="688 691"/>
    <region xml:id="seg-r211" anchors="692 696"/>
    <region xml:id="seg-r213" anchors="697 703"/>
    <region xml:id="seg-r215" anchors="704 709"/>
    <region xml:id="seg-r217" anchors="710 713"/>
    <region xml:id="seg-r219" anchors="714 719"/>
    <region xml:id="seg-r221" anchors="720 722"/>
    <region xml:id="seg-r223" anchors="723 726"/>
    <region xml:id="seg-r225" anchors="727 733"/>
    <region xml:id="seg-r226" anchors="733 734"/>
    <region xml:id="seg-r228" anchors="741 746"/>
    <region xml:id="seg-r230" anchors="747 750"/>
    <region xml:id="seg-r232" anchors="751 758"/>
    <region xml:id="seg-r234" anchors="759 762"/>
    <region xml:id="seg-r236" anchors="763 768"/>
    <region xml:id="seg-r238" anchors="769 771"/>
    <region xml:id="seg-r240" anchors="772 778"/>
    <region xml:id="seg-r242" anchors="779 789"/>
    <region xml:id="seg-r244" anchors="790 793"/>
    <region xml:id="seg-r246" anchors="794 804"/>
    <region xml:id="seg-r248" anchors="805 809"/>
    <region xml:id="seg-r250" anchors="816 823"/>
    <region xml:id="seg-r252" anchors="824 832"/>
    <region xml:id="seg-r253" anchors="832 833"/>
    <region xml:id="seg-r255" anchors="840 845"/>
    <region xml:id="seg-r257" anchors="846 849"/>
    <region xml:id="seg-r259" anchors="850 851"/>
    <region xml:id="seg-r261" anchors="852 855"/>
    <region xml:id="seg-r263" anchors="856 858"/>
    <region xml:id="seg-r265" anchors="859 867"/>
    <region xml:id="seg-r267" anchors="868 872"/>
    <region xml:id="seg-r269" anchors="873 877"/>
    <region xml:id="seg-r271" anchors="878 884"/>
    <region xml:id="seg-r273" anchors="885 889"/>
    <region xml:id="seg-r275" anchors="890 897"/>
    <region xml:id="seg-r276" anchors="897 898"/>
    <region xml:id="seg-r278" anchors="899 907"/>
    <region xml:id="seg-r280" anchors="914 917"/>
    <region xml:id="seg-r282" anchors="918 924"/>
    <region xml:id="seg-r284" anchors="925 937"/>
    <region xml:id="seg-r285" anchors="937 938"/>
    <region xml:id="seg-r287" anchors="939 946"/>
    <region xml:id="seg-r289" anchors="947 949"/>
    <region xml:id="seg-r291" anchors="950 957"/>
    <region xml:id="seg-r293" anchors="958 968"/>
    <region xml:id="seg-r295" anchors="969 972"/>
    <region xml:id="seg-r297" anchors="973 977"/>
    <region xml:id="seg-r299" anchors="978 980"/>
    <region xml:id="seg-r301" anchors="987 996"/>
    <region xml:id="seg-r303" anchors="997 999"/>
    <region xml:id="seg-r305" anchors="1000 1011"/>
    <region xml:id="seg-r306" anchors="1011 1012"/>
    <region xml:id="seg-r308" anchors="1013 1016"/>
    <region xml:id="seg-r310" anchors="1017 1022"/>
    <region xml:id="seg-r312" anchors="1023 1026"/>
    <region xml:id="seg-r314" anchors="1027 1028"/>
    <region xml:id="seg-r316" anchors="1029 1032"/>
    <region xml:id="seg-r318" anchors="1033 1035"/>
    <region xml:id="seg-r320" anchors="1036 1042"/>
    <region xml:id="seg-r322" anchors="1043 1046"/>
    <region xml:id="seg-r324" anchors="1047 1051"/>
    <region xml:id="seg-r326" anchors="1052 1057"/>
    <region xml:id="seg-r328" anchors="1064 1074"/>
    <region xml:id="seg-r330" anchors="1075 1080"/>
    <region xml:id="seg-r332" anchors="1081 1084"/>
    <region xml:id="seg-r334" anchors="1085 1087"/>
    <region xml:id="seg-r336" anchors="1088 1093"/>
    <region xml:id="seg-r338" anchors="1094 1099"/>
    <region xml:id="seg-r339" anchors="1099 1100"/>
    <region xml:id="seg-r341" anchors="1101 1103"/>
    <region xml:id="seg-r343" anchors="1104 1107"/>
    <region xml:id="seg-r345" anchors="1108 1112"/>
    <region xml:id="seg-r347" anchors="1113 1117"/>
    <region xml:id="seg-r349" anchors="1118 1126"/>
    <region xml:id="seg-r350" anchors="1126 1127"/>
    <region xml:id="seg-r352" anchors="1134 1142"/>
    <region xml:id="seg-r354" anchors="1143 1151"/>
    <region xml:id="seg-r356" anchors="1152 1156"/>
    <region xml:id="seg-r358" anchors="1157 1160"/>
    <region xml:id="seg-r360" anchors="1161 1165"/>
    <region xml:id="seg-r362" anchors="1166 1168"/>
    <region xml:id="seg-r364" anchors="1169 1171"/>
    <region xml:id="seg-r366" anchors="1172 1180"/>
    <region xml:id="seg-r367" anchors="1180 1181"/>
    <region xml:id="seg-r369" anchors="1182 1186"/>
    <region xml:id="seg-r371" anchors="1187 1193"/>
    <region xml:id="seg-r373" anchors="1194 1198"/>
    <region xml:id="seg-r375" anchors="1199 1202"/>
    <region xml:id="seg-r377" anchors="1209 1213"/>
    <region xml:id="seg-r378" anchors="1213 1214"/>
    <region xml:id="seg-r380" anchors="1221 1227"/>
    <region xml:id="seg-r382" anchors="1228 1236"/>
    <region xml:id="seg-r384" anchors="1237 1240"/>
    <region xml:id="seg-r386" anchors="1241 1250"/>
    <region xml:id="seg-r388" anchors="1251 1262"/>
    <region xml:id="seg-r389" anchors="1262 1263"/>
    <region xml:id="seg-r391" anchors="1264 1271"/>
    <region xml:id="seg-r393" anchors="1272 1280"/>
    <region xml:id="seg-r395" anchors="1281 1285"/>
    <region xml:id="seg-r397" anchors="1286 1287"/>
    <region xml:id="seg-r399" anchors="1294 1302"/>
    <region xml:id="seg-r401" anchors="1303 1311"/>
    <region xml:id="seg-r403" anchors="1312 1317"/>
    <region xml:id="seg-r404" anchors="1317 1318"/>
    <region xml:id="seg-r406" anchors="1325 1334"/>
    <region xml:id="seg-r407" anchors="1334 1335"/>
    <region xml:id="seg-r409" anchors="1342 1347"/>
    <region xml:id="seg-r411" anchors="1348 1349"/>
    <region xml:id="seg-r412" anchors="1349 1350"/>
    <region xml:id="seg-r414" anchors="1351 1361"/>
    <region xml:id="seg-r416" anchors="1362 1371"/>
</graph>
