<?xml version="1.0" encoding="UTF-8"?>
<graph xmlns="http://www.xces.org/ns/GrAF/1.0/">
    <header>
        <tagsDecl>
            <tagUsage gi="nchunk" occurs="180"/>
        </tagsDecl>
        <dependencies>
            <dependsOn type="penn"/>
        </dependencies>
        <annotationSets>
            <annotationSet name="xces" type="http://www.xces.org/schema/2003"/>
        </annotationSets>
    </header>
    <node xml:id="nc-n0"/>
    <a label="nchunk" ref="nc-n0" as="xces">
        <fs>
            <f name="graf:set" value="xces"/>
        </fs>
    </a>
    <node xml:id="nc-n1"/>
    <a label="nchunk" ref="nc-n1" as="xces">
        <fs>
            <f name="graf:set" value="xces"/>
        </fs>
    </a>
    <node xml:id="nc-n10"/>
    <a label="nchunk" ref="nc-n10" as="xces">
        <fs>
            <f name="graf:set" value="xces"/>
        </fs>
    </a>
    <node xml:id="nc-n100"/>
    <a label="nchunk" ref="nc-n100" as="xces">
        <fs>
            <f name="graf:set" value="xces"/>
        </fs>
    </a>
    <node xml:id="nc-n101"/>
    <a label="nchunk" ref="nc-n101" as="xces">
        <fs>
            <f name="graf:set" value="xces"/>
        </fs>
    </a>
    <node xml:id="nc-n102"/>
    <a label="nchunk" ref="nc-n102" as="xces">
        <fs>
            <f name="graf:set" value="xces"/>
        </fs>
    </a>
    <node xml:id="nc-n103"/>
    <a label="nchunk" ref="nc-n103" as="xces">
        <fs>
            <f name="graf:set" value="xces"/>
        </fs>
    </a>
    <node xml:id="nc-n104"/>
    <a label="nchunk" ref="nc-n104" as="xces">
        <fs>
            <f name="graf:set" value="xces"/>
        </fs>
    </a>
    <node xml:id="nc-n105"/>
    <a label="nchunk" ref="nc-n105" as="xces">
        <fs>
            <f name="graf:set" value="xces"/>
        </fs>
    </a>
    <node xml:id="nc-n106"/>
    <a label="nchunk" ref="nc-n106" as="xces">
        <fs>
            <f name="graf:set" value="xces"/>
        </fs>
    </a>
    <node xml:id="nc-n107"/>
    <a label="nchunk" ref="nc-n107" as="xces">
        <fs>
            <f name="graf:set" value="xces"/>
        </fs>
    </a>
    <node xml:id="nc-n108"/>
    <a label="nchunk" ref="nc-n108" as="xces">
        <fs>
            <f name="graf:set" value="xces"/>
        </fs>
    </a>
    <node xml:id="nc-n109"/>
    <a label="nchunk" ref="nc-n109" as="xces">
        <fs>
            <f name="graf:set" value="xces"/>
        </fs>
    </a>
    <node xml:id="nc-n11"/>
    <a label="nchunk" ref="nc-n11" as="xces">
        <fs>
            <f name="graf:set" value="xces"/>
        </fs>
    </a>
    <node xml:id="nc-n110"/>
    <a label="nchunk" ref="nc-n110" as="xces">
        <fs>
            <f name="graf:set" value="xces"/>
        </fs>
    </a>
    <node xml:id="nc-n111"/>
    <a label="nchunk" ref="nc-n111" as="xces">
        <fs>
            <f name="graf:set" value="xces"/>
        </fs>
    </a>
    <node xml:id="nc-n112"/>
    <a label="nchunk" ref="nc-n112" as="xces">
        <fs>
            <f name="graf:set" value="xces"/>
        </fs>
    </a>
    <node xml:id="nc-n113"/>
    <a label="nchunk" ref="nc-n113" as="xces">
        <fs>
            <f name="graf:set" value="xces"/>
        </fs>
    </a>
    <node xml:id="nc-n114"/>
    <a label="nchunk" ref="nc-n114" as="xces">
        <fs>
            <f name="graf:set" value="xces"/>
        </fs>
    </a>
    <node xml:id="nc-n115"/>
    <a label="nchunk" ref="nc-n115" as="xces">
        <fs>
            <f name="graf:set" value="xces"/>
        </fs>
    </a>
    <node xml:id="nc-n116"/>
    <a label="nchunk" ref="nc-n116" as="xces">
        <fs>
            <f name="graf:set" value="xces"/>
        </fs>
    </a>
    <node xml:id="nc-n117"/>
    <a label="nchunk" ref="nc-n117" as="xces">
        <fs>
            <f name="graf:set" value="xces"/>
        </fs>
    </a>
    <node xml:id="nc-n118"/>
    <a label="nchunk" ref="nc-n118" as="xces">
        <fs>
            <f name="graf:set" value="xces"/>
        </fs>
    </a>
    <node xml:id="nc-n119"/>
    <a label="nchunk" ref="nc-n119" as="xces">
        <fs>
            <f name="graf:set" value="xces"/>
        </fs>
    </a>
    <node xml:id="nc-n12"/>
    <a label="nchunk" ref="nc-n12" as="xces">
        <fs>
            <f name="graf:set" value="xces"/>
        </fs>
    </a>
    <node xml:id="nc-n120"/>
    <a label="nchunk" ref="nc-n120" as="xces">
        <fs>
            <f name="graf:set" value="xces"/>
        </fs>
    </a>
    <node xml:id="nc-n121"/>
    <a label="nchunk" ref="nc-n121" as="xces">
        <fs>
            <f name="graf:set" value="xces"/>
        </fs>
    </a>
    <node xml:id="nc-n122"/>
    <a label="nchunk" ref="nc-n122" as="xces">
        <fs>
            <f name="graf:set" value="xces"/>
        </fs>
    </a>
    <node xml:id="nc-n123"/>
    <a label="nchunk" ref="nc-n123" as="xces">
        <fs>
            <f name="graf:set" value="xces"/>
        </fs>
    </a>
    <node xml:id="nc-n124"/>
    <a label="nchunk" ref="nc-n124" as="xces">
        <fs>
            <f name="graf:set" value="xces"/>
        </fs>
    </a>
    <node xml:id="nc-n125"/>
    <a label="nchunk" ref="nc-n125" as="xces">
        <fs>
            <f name="graf:set" value="xces"/>
        </fs>
    </a>
    <node xml:id="nc-n126"/>
    <a label="nchunk" ref="nc-n126" as="xces">
        <fs>
            <f name="graf:set" value="xces"/>
        </fs>
    </a>
    <node xml:id="nc-n127"/>
    <a label="nchunk" ref="nc-n127" as="xces">
        <fs>
            <f name="graf:set" value="xces"/>
        </fs>
    </a>
    <node xml:id="nc-n128"/>
    <a label="nchunk" ref="nc-n128" as="xces">
        <fs>
            <f name="graf:set" value="xces"/>
        </fs>
    </a>
    <node xml:id="nc-n129"/>
    <a label="nchunk" ref="nc-n129" as="xces"/>
    <node xml:id="nc-n13"/>
    <a label="nchunk" ref="nc-n13" as="xces">
        <fs>
            <f name="graf:set" value="xces"/>
        </fs>
    </a>
    <node xml:id="nc-n130"/>
    <a label="nchunk" ref="nc-n130" as="xces">
        <fs>
            <f name="graf:set" value="xces"/>
        </fs>
    </a>
    <node xml:id="nc-n131"/>
    <a label="nchunk" ref="nc-n131" as="xces">
        <fs>
            <f name="graf:set" value="xces"/>
        </fs>
    </a>
    <node xml:id="nc-n132"/>
    <a label="nchunk" ref="nc-n132" as="xces">
        <fs>
            <f name="graf:set" value="xces"/>
        </fs>
    </a>
    <node xml:id="nc-n133"/>
    <a label="nchunk" ref="nc-n133" as="xces">
        <fs>
            <f name="graf:set" value="xces"/>
        </fs>
    </a>
    <node xml:id="nc-n134"/>
    <a label="nchunk" ref="nc-n134" as="xces">
        <fs>
            <f name="graf:set" value="xces"/>
        </fs>
    </a>
    <node xml:id="nc-n135"/>
    <a label="nchunk" ref="nc-n135" as="xces">
        <fs>
            <f name="graf:set" value="xces"/>
        </fs>
    </a>
    <node xml:id="nc-n136"/>
    <a label="nchunk" ref="nc-n136" as="xces">
        <fs>
            <f name="graf:set" value="xces"/>
        </fs>
    </a>
    <node xml:id="nc-n137"/>
    <a label="nchunk" ref="nc-n137" as="xces">
        <fs>
            <f name="graf:set" value="xces"/>
        </fs>
    </a>
    <node xml:id="nc-n138"/>
    <a label="nchunk" ref="nc-n138" as="xces">
        <fs>
            <f name="graf:set" value="xces"/>
        </fs>
    </a>
    <node xml:id="nc-n139"/>
    <a label="nchunk" ref="nc-n139" as="xces">
        <fs>
            <f name="graf:set" value="xces"/>
        </fs>
    </a>
    <node xml:id="nc-n14"/>
    <a label="nchunk" ref="nc-n14" as="xces">
        <fs>
            <f name="graf:set" value="xces"/>
        </fs>
    </a>
    <node xml:id="nc-n140"/>
    <a label="nchunk" ref="nc-n140" as="xces">
        <fs>
            <f name="graf:set" value="xces"/>
        </fs>
    </a>
    <node xml:id="nc-n141"/>
    <a label="nchunk" ref="nc-n141" as="xces">
        <fs>
            <f name="graf:set" value="xces"/>
        </fs>
    </a>
    <node xml:id="nc-n142"/>
    <a label="nchunk" ref="nc-n142" as="xces">
        <fs>
            <f name="graf:set" value="xces"/>
        </fs>
    </a>
    <node xml:id="nc-n143"/>
    <a label="nchunk" ref="nc-n143" as="xces">
        <fs>
            <f name="graf:set" value="xces"/>
        </fs>
    </a>
    <node xml:id="nc-n144"/>
    <a label="nchunk" ref="nc-n144" as="xces">
        <fs>
            <f name="graf:set" value="xces"/>
        </fs>
    </a>
    <node xml:id="nc-n145"/>
    <a label="nchunk" ref="nc-n145" as="xces">
        <fs>
            <f name="graf:set" value="xces"/>
        </fs>
    </a>
    <node xml:id="nc-n146"/>
    <a label="nchunk" ref="nc-n146" as="xces">
        <fs>
            <f name="graf:set" value="xces"/>
        </fs>
    </a>
    <node xml:id="nc-n147"/>
    <a label="nchunk" ref="nc-n147" as="xces">
        <fs>
            <f name="graf:set" value="xces"/>
        </fs>
    </a>
    <node xml:id="nc-n148"/>
    <a label="nchunk" ref="nc-n148" as="xces">
        <fs>
            <f name="graf:set" value="xces"/>
        </fs>
    </a>
    <node xml:id="nc-n149"/>
    <a label="nchunk" ref="nc-n149" as="xces">
        <fs>
            <f name="graf:set" value="xces"/>
        </fs>
    </a>
    <node xml:id="nc-n15"/>
    <a label="nchunk" ref="nc-n15" as="xces">
        <fs>
            <f name="graf:set" value="xces"/>
        </fs>
    </a>
    <node xml:id="nc-n150"/>
    <a label="nchunk" ref="nc-n150" as="xces">
        <fs>
            <f name="graf:set" value="xces"/>
        </fs>
    </a>
    <node xml:id="nc-n151"/>
    <a label="nchunk" ref="nc-n151" as="xces">
        <fs>
            <f name="graf:set" value="xces"/>
        </fs>
    </a>
    <node xml:id="nc-n152"/>
    <a label="nchunk" ref="nc-n152" as="xces">
        <fs>
            <f name="graf:set" value="xces"/>
        </fs>
    </a>
    <node xml:id="nc-n153"/>
    <a label="nchunk" ref="nc-n153" as="xces">
        <fs>
            <f name="graf:set" value="xces"/>
        </fs>
    </a>
    <node xml:id="nc-n154"/>
    <a label="nchunk" ref="nc-n154" as="xces">
        <fs>
            <f name="graf:set" value="xces"/>
        </fs>
    </a>
    <node xml:id="nc-n155"/>
    <a label="nchunk" ref="nc-n155" as="xces">
        <fs>
            <f name="graf:set" value="xces"/>
        </fs>
    </a>
    <node xml:id="nc-n156"/>
    <a label="nchunk" ref="nc-n156" as="xces">
        <fs>
            <f name="graf:set" value="xces"/>
        </fs>
    </a>
    <node xml:id="nc-n157"/>
    <a label="nchunk" ref="nc-n157" as="xces">
        <fs>
            <f name="graf:set" value="xces"/>
        </fs>
    </a>
    <node xml:id="nc-n158"/>
    <a label="nchunk" ref="nc-n158" as="xces">
        <fs>
            <f name="graf:set" value="xces"/>
        </fs>
    </a>
    <node xml:id="nc-n159"/>
    <a label="nchunk" ref="nc-n159" as="xces">
        <fs>
            <f name="graf:set" value="xces"/>
        </fs>
    </a>
    <node xml:id="nc-n16"/>
    <a label="nchunk" ref="nc-n16" as="xces">
        <fs>
            <f name="graf:set" value="xces"/>
        </fs>
    </a>
    <node xml:id="nc-n160"/>
    <a label="nchunk" ref="nc-n160" as="xces">
        <fs>
            <f name="graf:set" value="xces"/>
        </fs>
    </a>
    <node xml:id="nc-n161"/>
    <a label="nchunk" ref="nc-n161" as="xces">
        <fs>
            <f name="graf:set" value="xces"/>
        </fs>
    </a>
    <node xml:id="nc-n162"/>
    <a label="nchunk" ref="nc-n162" as="xces">
        <fs>
            <f name="graf:set" value="xces"/>
        </fs>
    </a>
    <node xml:id="nc-n163"/>
    <a label="nchunk" ref="nc-n163" as="xces">
        <fs>
            <f name="graf:set" value="xces"/>
        </fs>
    </a>
    <node xml:id="nc-n164"/>
    <a label="nchunk" ref="nc-n164" as="xces">
        <fs>
            <f name="graf:set" value="xces"/>
        </fs>
    </a>
    <node xml:id="nc-n165"/>
    <a label="nchunk" ref="nc-n165" as="xces">
        <fs>
            <f name="graf:set" value="xces"/>
        </fs>
    </a>
    <node xml:id="nc-n166"/>
    <a label="nchunk" ref="nc-n166" as="xces">
        <fs>
            <f name="graf:set" value="xces"/>
        </fs>
    </a>
    <node xml:id="nc-n167"/>
    <a label="nchunk" ref="nc-n167" as="xces">
        <fs>
            <f name="graf:set" value="xces"/>
        </fs>
    </a>
    <node xml:id="nc-n168"/>
    <a label="nchunk" ref="nc-n168" as="xces">
        <fs>
            <f name="graf:set" value="xces"/>
        </fs>
    </a>
    <node xml:id="nc-n169"/>
    <a label="nchunk" ref="nc-n169" as="xces">
        <fs>
            <f name="graf:set" value="xces"/>
        </fs>
    </a>
    <node xml:id="nc-n17"/>
    <a label="nchunk" ref="nc-n17" as="xces">
        <fs>
            <f name="graf:set" value="xces"/>
        </fs>
    </a>
    <node xml:id="nc-n170"/>
    <a label="nchunk" ref="nc-n170" as="xces">
        <fs>
            <f name="graf:set" value="xces"/>
        </fs>
    </a>
    <node xml:id="nc-n171"/>
    <a label="nchunk" ref="nc-n171" as="xces">
        <fs>
            <f name="graf:set" value="xces"/>
        </fs>
    </a>
    <node xml:id="nc-n172"/>
    <a label="nchunk" ref="nc-n172" as="xces">
        <fs>
            <f name="graf:set" value="xces"/>
        </fs>
    </a>
    <node xml:id="nc-n173"/>
    <a label="nchunk" ref="nc-n173" as="xces">
        <fs>
            <f name="graf:set" value="xces"/>
        </fs>
    </a>
    <node xml:id="nc-n174"/>
    <a label="nchunk" ref="nc-n174" as="xces">
        <fs>
            <f name="graf:set" value="xces"/>
        </fs>
    </a>
    <node xml:id="nc-n175"/>
    <a label="nchunk" ref="nc-n175" as="xces">
        <fs>
            <f name="graf:set" value="xces"/>
        </fs>
    </a>
    <node xml:id="nc-n176"/>
    <a label="nchunk" ref="nc-n176" as="xces">
        <fs>
            <f name="graf:set" value="xces"/>
        </fs>
    </a>
    <node xml:id="nc-n177"/>
    <a label="nchunk" ref="nc-n177" as="xces">
        <fs>
            <f name="graf:set" value="xces"/>
        </fs>
    </a>
    <node xml:id="nc-n178"/>
    <a label="nchunk" ref="nc-n178" as="xces">
        <fs>
            <f name="graf:set" value="xces"/>
        </fs>
    </a>
    <node xml:id="nc-n179"/>
    <a label="nchunk" ref="nc-n179" as="xces">
        <fs>
            <f name="graf:set" value="xces"/>
        </fs>
    </a>
    <node xml:id="nc-n18"/>
    <a label="nchunk" ref="nc-n18" as="xces">
        <fs>
            <f name="graf:set" value="xces"/>
        </fs>
    </a>
    <node xml:id="nc-n19"/>
    <a label="nchunk" ref="nc-n19" as="xces">
        <fs>
            <f name="graf:set" value="xces"/>
        </fs>
    </a>
    <node xml:id="nc-n2"/>
    <a label="nchunk" ref="nc-n2" as="xces">
        <fs>
            <f name="graf:set" value="xces"/>
        </fs>
    </a>
    <node xml:id="nc-n20"/>
    <a label="nchunk" ref="nc-n20" as="xces">
        <fs>
            <f name="graf:set" value="xces"/>
        </fs>
    </a>
    <node xml:id="nc-n21"/>
    <a label="nchunk" ref="nc-n21" as="xces">
        <fs>
            <f name="graf:set" value="xces"/>
        </fs>
    </a>
    <node xml:id="nc-n22"/>
    <a label="nchunk" ref="nc-n22" as="xces">
        <fs>
            <f name="graf:set" value="xces"/>
        </fs>
    </a>
    <node xml:id="nc-n23"/>
    <a label="nchunk" ref="nc-n23" as="xces">
        <fs>
            <f name="graf:set" value="xces"/>
        </fs>
    </a>
    <node xml:id="nc-n24"/>
    <a label="nchunk" ref="nc-n24" as="xces">
        <fs>
            <f name="graf:set" value="xces"/>
        </fs>
    </a>
    <node xml:id="nc-n25"/>
    <a label="nchunk" ref="nc-n25" as="xces">
        <fs>
            <f name="graf:set" value="xces"/>
        </fs>
    </a>
    <node xml:id="nc-n26"/>
    <a label="nchunk" ref="nc-n26" as="xces">
        <fs>
            <f name="graf:set" value="xces"/>
        </fs>
    </a>
    <node xml:id="nc-n27"/>
    <a label="nchunk" ref="nc-n27" as="xces">
        <fs>
            <f name="graf:set" value="xces"/>
        </fs>
    </a>
    <node xml:id="nc-n28"/>
    <a label="nchunk" ref="nc-n28" as="xces">
        <fs>
            <f name="graf:set" value="xces"/>
        </fs>
    </a>
    <node xml:id="nc-n29"/>
    <a label="nchunk" ref="nc-n29" as="xces">
        <fs>
            <f name="graf:set" value="xces"/>
        </fs>
    </a>
    <node xml:id="nc-n3"/>
    <a label="nchunk" ref="nc-n3" as="xces">
        <fs>
            <f name="graf:set" value="xces"/>
        </fs>
    </a>
    <node xml:id="nc-n30"/>
    <a label="nchunk" ref="nc-n30" as="xces">
        <fs>
            <f name="graf:set" value="xces"/>
        </fs>
    </a>
    <node xml:id="nc-n31"/>
    <a label="nchunk" ref="nc-n31" as="xces">
        <fs>
            <f name="graf:set" value="xces"/>
        </fs>
    </a>
    <node xml:id="nc-n32"/>
    <a label="nchunk" ref="nc-n32" as="xces">
        <fs>
            <f name="graf:set" value="xces"/>
        </fs>
    </a>
    <node xml:id="nc-n33"/>
    <a label="nchunk" ref="nc-n33" as="xces">
        <fs>
            <f name="graf:set" value="xces"/>
        </fs>
    </a>
    <node xml:id="nc-n34"/>
    <a label="nchunk" ref="nc-n34" as="xces">
        <fs>
            <f name="graf:set" value="xces"/>
        </fs>
    </a>
    <node xml:id="nc-n35"/>
    <a label="nchunk" ref="nc-n35" as="xces">
        <fs>
            <f name="graf:set" value="xces"/>
        </fs>
    </a>
    <node xml:id="nc-n36"/>
    <a label="nchunk" ref="nc-n36" as="xces">
        <fs>
            <f name="graf:set" value="xces"/>
        </fs>
    </a>
    <node xml:id="nc-n37"/>
    <a label="nchunk" ref="nc-n37" as="xces">
        <fs>
            <f name="graf:set" value="xces"/>
        </fs>
    </a>
    <node xml:id="nc-n38"/>
    <a label="nchunk" ref="nc-n38" as="xces">
        <fs>
            <f name="graf:set" value="xces"/>
        </fs>
    </a>
    <node xml:id="nc-n39"/>
    <a label="nchunk" ref="nc-n39" as="xces">
        <fs>
            <f name="graf:set" value="xces"/>
        </fs>
    </a>
    <node xml:id="nc-n4"/>
    <a label="nchunk" ref="nc-n4" as="xces">
        <fs>
            <f name="graf:set" value="xces"/>
        </fs>
    </a>
    <node xml:id="nc-n40"/>
    <a label="nchunk" ref="nc-n40" as="xces">
        <fs>
            <f name="graf:set" value="xces"/>
        </fs>
    </a>
    <node xml:id="nc-n41"/>
    <a label="nchunk" ref="nc-n41" as="xces">
        <fs>
            <f name="graf:set" value="xces"/>
        </fs>
    </a>
    <node xml:id="nc-n42"/>
    <a label="nchunk" ref="nc-n42" as="xces">
        <fs>
            <f name="graf:set" value="xces"/>
        </fs>
    </a>
    <node xml:id="nc-n43"/>
    <a label="nchunk" ref="nc-n43" as="xces">
        <fs>
            <f name="graf:set" value="xces"/>
        </fs>
    </a>
    <node xml:id="nc-n44"/>
    <a label="nchunk" ref="nc-n44" as="xces">
        <fs>
            <f name="graf:set" value="xces"/>
        </fs>
    </a>
    <node xml:id="nc-n45"/>
    <a label="nchunk" ref="nc-n45" as="xces">
        <fs>
            <f name="graf:set" value="xces"/>
        </fs>
    </a>
    <node xml:id="nc-n46"/>
    <a label="nchunk" ref="nc-n46" as="xces">
        <fs>
            <f name="graf:set" value="xces"/>
        </fs>
    </a>
    <node xml:id="nc-n47"/>
    <a label="nchunk" ref="nc-n47" as="xces">
        <fs>
            <f name="graf:set" value="xces"/>
        </fs>
    </a>
    <node xml:id="nc-n48"/>
    <a label="nchunk" ref="nc-n48" as="xces">
        <fs>
            <f name="graf:set" value="xces"/>
        </fs>
    </a>
    <node xml:id="nc-n49"/>
    <a label="nchunk" ref="nc-n49" as="xces">
        <fs>
            <f name="graf:set" value="xces"/>
        </fs>
    </a>
    <node xml:id="nc-n5"/>
    <a label="nchunk" ref="nc-n5" as="xces">
        <fs>
            <f name="graf:set" value="xces"/>
        </fs>
    </a>
    <node xml:id="nc-n50"/>
    <a label="nchunk" ref="nc-n50" as="xces">
        <fs>
            <f name="graf:set" value="xces"/>
        </fs>
    </a>
    <node xml:id="nc-n51"/>
    <a label="nchunk" ref="nc-n51" as="xces">
        <fs>
            <f name="graf:set" value="xces"/>
        </fs>
    </a>
    <node xml:id="nc-n52"/>
    <a label="nchunk" ref="nc-n52" as="xces">
        <fs>
            <f name="graf:set" value="xces"/>
        </fs>
    </a>
    <node xml:id="nc-n53"/>
    <a label="nchunk" ref="nc-n53" as="xces">
        <fs>
            <f name="graf:set" value="xces"/>
        </fs>
    </a>
    <node xml:id="nc-n54"/>
    <a label="nchunk" ref="nc-n54" as="xces">
        <fs>
            <f name="graf:set" value="xces"/>
        </fs>
    </a>
    <node xml:id="nc-n55"/>
    <a label="nchunk" ref="nc-n55" as="xces">
        <fs>
            <f name="graf:set" value="xces"/>
        </fs>
    </a>
    <node xml:id="nc-n56"/>
    <a label="nchunk" ref="nc-n56" as="xces">
        <fs>
            <f name="graf:set" value="xces"/>
        </fs>
    </a>
    <node xml:id="nc-n57"/>
    <a label="nchunk" ref="nc-n57" as="xces">
        <fs>
            <f name="graf:set" value="xces"/>
        </fs>
    </a>
    <node xml:id="nc-n58"/>
    <a label="nchunk" ref="nc-n58" as="xces">
        <fs>
            <f name="graf:set" value="xces"/>
        </fs>
    </a>
    <node xml:id="nc-n59"/>
    <a label="nchunk" ref="nc-n59" as="xces">
        <fs>
            <f name="graf:set" value="xces"/>
        </fs>
    </a>
    <node xml:id="nc-n6"/>
    <a label="nchunk" ref="nc-n6" as="xces">
        <fs>
            <f name="graf:set" value="xces"/>
        </fs>
    </a>
    <node xml:id="nc-n60"/>
    <a label="nchunk" ref="nc-n60" as="xces">
        <fs>
            <f name="graf:set" value="xces"/>
        </fs>
    </a>
    <node xml:id="nc-n61"/>
    <a label="nchunk" ref="nc-n61" as="xces">
        <fs>
            <f name="graf:set" value="xces"/>
        </fs>
    </a>
    <node xml:id="nc-n62"/>
    <a label="nchunk" ref="nc-n62" as="xces">
        <fs>
            <f name="graf:set" value="xces"/>
        </fs>
    </a>
    <node xml:id="nc-n63"/>
    <a label="nchunk" ref="nc-n63" as="xces">
        <fs>
            <f name="graf:set" value="xces"/>
        </fs>
    </a>
    <node xml:id="nc-n64"/>
    <a label="nchunk" ref="nc-n64" as="xces">
        <fs>
            <f name="graf:set" value="xces"/>
        </fs>
    </a>
    <node xml:id="nc-n65"/>
    <a label="nchunk" ref="nc-n65" as="xces">
        <fs>
            <f name="graf:set" value="xces"/>
        </fs>
    </a>
    <node xml:id="nc-n66"/>
    <a label="nchunk" ref="nc-n66" as="xces">
        <fs>
            <f name="graf:set" value="xces"/>
        </fs>
    </a>
    <node xml:id="nc-n67"/>
    <a label="nchunk" ref="nc-n67" as="xces">
        <fs>
            <f name="graf:set" value="xces"/>
        </fs>
    </a>
    <node xml:id="nc-n68"/>
    <a label="nchunk" ref="nc-n68" as="xces">
        <fs>
            <f name="graf:set" value="xces"/>
        </fs>
    </a>
    <node xml:id="nc-n69"/>
    <a label="nchunk" ref="nc-n69" as="xces">
        <fs>
            <f name="graf:set" value="xces"/>
        </fs>
    </a>
    <node xml:id="nc-n7"/>
    <a label="nchunk" ref="nc-n7" as="xces">
        <fs>
            <f name="graf:set" value="xces"/>
        </fs>
    </a>
    <node xml:id="nc-n70"/>
    <a label="nchunk" ref="nc-n70" as="xces">
        <fs>
            <f name="graf:set" value="xces"/>
        </fs>
    </a>
    <node xml:id="nc-n71"/>
    <a label="nchunk" ref="nc-n71" as="xces">
        <fs>
            <f name="graf:set" value="xces"/>
        </fs>
    </a>
    <node xml:id="nc-n72"/>
    <a label="nchunk" ref="nc-n72" as="xces">
        <fs>
            <f name="graf:set" value="xces"/>
        </fs>
    </a>
    <node xml:id="nc-n73"/>
    <a label="nchunk" ref="nc-n73" as="xces">
        <fs>
            <f name="graf:set" value="xces"/>
        </fs>
    </a>
    <node xml:id="nc-n74"/>
    <a label="nchunk" ref="nc-n74" as="xces">
        <fs>
            <f name="graf:set" value="xces"/>
        </fs>
    </a>
    <node xml:id="nc-n75"/>
    <a label="nchunk" ref="nc-n75" as="xces">
        <fs>
            <f name="graf:set" value="xces"/>
        </fs>
    </a>
    <node xml:id="nc-n76"/>
    <a label="nchunk" ref="nc-n76" as="xces">
        <fs>
            <f name="graf:set" value="xces"/>
        </fs>
    </a>
    <node xml:id="nc-n77"/>
    <a label="nchunk" ref="nc-n77" as="xces">
        <fs>
            <f name="graf:set" value="xces"/>
        </fs>
    </a>
    <node xml:id="nc-n78"/>
    <a label="nchunk" ref="nc-n78" as="xces">
        <fs>
            <f name="graf:set" value="xces"/>
        </fs>
    </a>
    <node xml:id="nc-n79"/>
    <a label="nchunk" ref="nc-n79" as="xces">
        <fs>
            <f name="graf:set" value="xces"/>
        </fs>
    </a>
    <node xml:id="nc-n8"/>
    <a label="nchunk" ref="nc-n8" as="xces">
        <fs>
            <f name="graf:set" value="xces"/>
        </fs>
    </a>
    <node xml:id="nc-n80"/>
    <a label="nchunk" ref="nc-n80" as="xces">
        <fs>
            <f name="graf:set" value="xces"/>
        </fs>
    </a>
    <node xml:id="nc-n81"/>
    <a label="nchunk" ref="nc-n81" as="xces">
        <fs>
            <f name="graf:set" value="xces"/>
        </fs>
    </a>
    <node xml:id="nc-n82"/>
    <a label="nchunk" ref="nc-n82" as="xces">
        <fs>
            <f name="graf:set" value="xces"/>
        </fs>
    </a>
    <node xml:id="nc-n83"/>
    <a label="nchunk" ref="nc-n83" as="xces">
        <fs>
            <f name="graf:set" value="xces"/>
        </fs>
    </a>
    <node xml:id="nc-n84"/>
    <a label="nchunk" ref="nc-n84" as="xces">
        <fs>
            <f name="graf:set" value="xces"/>
        </fs>
    </a>
    <node xml:id="nc-n85"/>
    <a label="nchunk" ref="nc-n85" as="xces">
        <fs>
            <f name="graf:set" value="xces"/>
        </fs>
    </a>
    <node xml:id="nc-n86"/>
    <a label="nchunk" ref="nc-n86" as="xces">
        <fs>
            <f name="graf:set" value="xces"/>
        </fs>
    </a>
    <node xml:id="nc-n87"/>
    <a label="nchunk" ref="nc-n87" as="xces">
        <fs>
            <f name="graf:set" value="xces"/>
        </fs>
    </a>
    <node xml:id="nc-n88"/>
    <a label="nchunk" ref="nc-n88" as="xces">
        <fs>
            <f name="graf:set" value="xces"/>
        </fs>
    </a>
    <node xml:id="nc-n89"/>
    <a label="nchunk" ref="nc-n89" as="xces">
        <fs>
            <f name="graf:set" value="xces"/>
        </fs>
    </a>
    <node xml:id="nc-n9"/>
    <a label="nchunk" ref="nc-n9" as="xces">
        <fs>
            <f name="graf:set" value="xces"/>
        </fs>
    </a>
    <node xml:id="nc-n90"/>
    <a label="nchunk" ref="nc-n90" as="xces">
        <fs>
            <f name="graf:set" value="xces"/>
        </fs>
    </a>
    <node xml:id="nc-n91"/>
    <a label="nchunk" ref="nc-n91" as="xces">
        <fs>
            <f name="graf:set" value="xces"/>
        </fs>
    </a>
    <node xml:id="nc-n92"/>
    <a label="nchunk" ref="nc-n92" as="xces">
        <fs>
            <f name="graf:set" value="xces"/>
        </fs>
    </a>
    <node xml:id="nc-n93"/>
    <a label="nchunk" ref="nc-n93" as="xces">
        <fs>
            <f name="graf:set" value="xces"/>
        </fs>
    </a>
    <node xml:id="nc-n94"/>
    <a label="nchunk" ref="nc-n94" as="xces">
        <fs>
            <f name="graf:set" value="xces"/>
        </fs>
    </a>
    <node xml:id="nc-n95"/>
    <a label="nchunk" ref="nc-n95" as="xces">
        <fs>
            <f name="graf:set" value="xces"/>
        </fs>
    </a>
    <node xml:id="nc-n96"/>
    <a label="nchunk" ref="nc-n96" as="xces">
        <fs>
            <f name="graf:set" value="xces"/>
        </fs>
    </a>
    <node xml:id="nc-n97"/>
    <a label="nchunk" ref="nc-n97" as="xces">
        <fs>
            <f name="graf:set" value="xces"/>
        </fs>
    </a>
    <node xml:id="nc-n98"/>
    <a label="nchunk" ref="nc-n98" as="xces">
        <fs>
            <f name="graf:set" value="xces"/>
        </fs>
    </a>
    <node xml:id="nc-n99"/>
    <a label="nchunk" ref="nc-n99" as="xces">
        <fs>
            <f name="graf:set" value="xces"/>
        </fs>
    </a>
    <edge xml:id="lnk109" from="nc-n70" to="penn-n259"/>
    <edge xml:id="lnk108" from="nc-n70" to="penn-n258"/>
    <edge xml:id="lnk269" from="nc-n177" to="penn-n590"/>
    <edge xml:id="lnk107" from="nc-n69" to="penn-n250"/>
    <edge xml:id="lnk268" from="nc-n176" to="penn-n589"/>
    <edge xml:id="lnk106" from="nc-n68" to="penn-n249"/>
    <edge xml:id="lnk267" from="nc-n175" to="penn-n587"/>
    <edge xml:id="lnk105" from="nc-n68" to="penn-n248"/>
    <edge xml:id="lnk266" from="nc-n175" to="penn-n586"/>
    <edge xml:id="lnk104" from="nc-n68" to="penn-n247"/>
    <edge xml:id="lnk265" from="nc-n175" to="penn-n585"/>
    <edge xml:id="lnk103" from="nc-n67" to="penn-n243"/>
    <edge xml:id="lnk264" from="nc-n174" to="penn-n582"/>
    <edge xml:id="lnk102" from="nc-n66" to="penn-n241"/>
    <edge xml:id="lnk263" from="nc-n174" to="penn-n581"/>
    <edge xml:id="lnk101" from="nc-n66" to="penn-n240"/>
    <edge xml:id="lnk262" from="nc-n174" to="penn-n580"/>
    <edge xml:id="lnk100" from="nc-n65" to="penn-n238"/>
    <edge xml:id="lnk261" from="nc-n173" to="penn-n577"/>
    <edge xml:id="lnk260" from="nc-n172" to="penn-n575"/>
    <edge xml:id="lnk259" from="nc-n171" to="penn-n572"/>
    <edge xml:id="lnk258" from="nc-n170" to="penn-n568"/>
    <edge xml:id="lnk257" from="nc-n170" to="penn-n567"/>
    <edge xml:id="lnk256" from="nc-n169" to="penn-n564"/>
    <edge xml:id="lnk255" from="nc-n168" to="penn-n561"/>
    <edge xml:id="lnk254" from="nc-n167" to="penn-n559"/>
    <edge xml:id="lnk253" from="nc-n166" to="penn-n554"/>
    <edge xml:id="lnk252" from="nc-n165" to="penn-n553"/>
    <edge xml:id="lnk251" from="nc-n164" to="penn-n549"/>
    <edge xml:id="lnk250" from="nc-n163" to="penn-n548"/>
    <edge xml:id="lnk99" from="nc-n64" to="penn-n236"/>
    <edge xml:id="lnk98" from="nc-n64" to="penn-n235"/>
    <edge xml:id="lnk97" from="nc-n63" to="penn-n231"/>
    <edge xml:id="lnk96" from="nc-n62" to="penn-n225"/>
    <edge xml:id="lnk95" from="nc-n61" to="penn-n223"/>
    <edge xml:id="lnk94" from="nc-n60" to="penn-n218"/>
    <edge xml:id="lnk93" from="nc-n60" to="penn-n217"/>
    <edge xml:id="lnk92" from="nc-n59" to="penn-n214"/>
    <edge xml:id="lnk91" from="nc-n58" to="penn-n212"/>
    <edge xml:id="lnk90" from="nc-n57" to="penn-n203"/>
    <edge xml:id="lnk249" from="nc-n162" to="penn-n546"/>
    <edge xml:id="lnk248" from="nc-n161" to="penn-n544"/>
    <edge xml:id="lnk247" from="nc-n160" to="penn-n539"/>
    <edge xml:id="lnk246" from="nc-n159" to="penn-n537"/>
    <edge xml:id="lnk245" from="nc-n159" to="penn-n536"/>
    <edge xml:id="lnk244" from="nc-n158" to="penn-n533"/>
    <edge xml:id="lnk243" from="nc-n157" to="penn-n532"/>
    <edge xml:id="lnk242" from="nc-n156" to="penn-n525"/>
    <edge xml:id="lnk241" from="nc-n155" to="penn-n523"/>
    <edge xml:id="lnk240" from="nc-n155" to="penn-n522"/>
    <edge xml:id="lnk89" from="nc-n56" to="penn-n196"/>
    <edge xml:id="lnk88" from="nc-n56" to="penn-n195"/>
    <edge xml:id="lnk87" from="nc-n56" to="penn-n194"/>
    <edge xml:id="lnk86" from="nc-n55" to="penn-n192"/>
    <edge xml:id="lnk85" from="nc-n54" to="penn-n188"/>
    <edge xml:id="lnk84" from="nc-n54" to="penn-n187"/>
    <edge xml:id="lnk83" from="nc-n53" to="penn-n184"/>
    <edge xml:id="lnk82" from="nc-n52" to="penn-n181"/>
    <edge xml:id="lnk81" from="nc-n51" to="penn-n179"/>
    <edge xml:id="lnk80" from="nc-n51" to="penn-n178"/>
    <edge xml:id="lnk239" from="nc-n154" to="penn-n520"/>
    <edge xml:id="lnk238" from="nc-n154" to="penn-n519"/>
    <edge xml:id="lnk237" from="nc-n153" to="penn-n517"/>
    <edge xml:id="lnk236" from="nc-n152" to="penn-n516"/>
    <edge xml:id="lnk235" from="nc-n151" to="penn-n514"/>
    <edge xml:id="lnk234" from="nc-n151" to="penn-n513"/>
    <edge xml:id="lnk233" from="nc-n151" to="penn-n512"/>
    <edge xml:id="lnk232" from="nc-n151" to="penn-n511"/>
    <edge xml:id="lnk231" from="nc-n150" to="penn-n509"/>
    <edge xml:id="lnk230" from="nc-n149" to="penn-n507"/>
    <edge xml:id="lnk199" from="nc-n130" to="penn-n452"/>
    <edge xml:id="lnk198" from="nc-n129" to="penn-n448"/>
    <edge xml:id="lnk197" from="nc-n128" to="penn-n444"/>
    <edge xml:id="lnk196" from="nc-n127" to="penn-n443"/>
    <edge xml:id="lnk195" from="nc-n127" to="penn-n442"/>
    <edge xml:id="lnk194" from="nc-n126" to="penn-n440"/>
    <edge xml:id="lnk193" from="nc-n125" to="penn-n433"/>
    <edge xml:id="lnk79" from="nc-n51" to="penn-n177"/>
    <edge xml:id="lnk192" from="nc-n125" to="penn-n432"/>
    <edge xml:id="lnk78" from="nc-n51" to="penn-n176"/>
    <edge xml:id="lnk191" from="nc-n124" to="penn-n428"/>
    <edge xml:id="lnk77" from="nc-n50" to="penn-n174"/>
    <edge xml:id="lnk190" from="nc-n124" to="penn-n427"/>
    <edge xml:id="lnk76" from="nc-n50" to="penn-n173"/>
    <edge xml:id="lnk75" from="nc-n50" to="penn-n172"/>
    <edge xml:id="lnk74" from="nc-n49" to="penn-n170"/>
    <edge xml:id="lnk73" from="nc-n48" to="penn-n169"/>
    <edge xml:id="lnk72" from="nc-n47" to="penn-n165"/>
    <edge xml:id="lnk71" from="nc-n46" to="penn-n161"/>
    <edge xml:id="lnk70" from="nc-n45" to="penn-n158"/>
    <edge xml:id="lnk229" from="nc-n149" to="penn-n506"/>
    <edge xml:id="lnk228" from="nc-n148" to="penn-n504"/>
    <edge xml:id="lnk227" from="nc-n148" to="penn-n503"/>
    <edge xml:id="lnk226" from="nc-n147" to="penn-n501"/>
    <edge xml:id="lnk225" from="nc-n146" to="penn-n499"/>
    <edge xml:id="lnk224" from="nc-n145" to="penn-n497"/>
    <edge xml:id="lnk223" from="nc-n145" to="penn-n496"/>
    <edge xml:id="lnk222" from="nc-n145" to="penn-n495"/>
    <edge xml:id="lnk221" from="nc-n145" to="penn-n494"/>
    <edge xml:id="lnk220" from="nc-n144" to="penn-n492"/>
    <edge xml:id="lnk189" from="nc-n124" to="penn-n426"/>
    <edge xml:id="lnk188" from="nc-n123" to="penn-n421"/>
    <edge xml:id="lnk187" from="nc-n122" to="penn-n420"/>
    <edge xml:id="lnk186" from="nc-n121" to="penn-n418"/>
    <edge xml:id="lnk185" from="nc-n121" to="penn-n417"/>
    <edge xml:id="lnk184" from="nc-n121" to="penn-n416"/>
    <edge xml:id="lnk183" from="nc-n121" to="penn-n415"/>
    <edge xml:id="lnk69" from="nc-n45" to="penn-n157"/>
    <edge xml:id="lnk182" from="nc-n120" to="penn-n413"/>
    <edge xml:id="lnk68" from="nc-n44" to="penn-n155"/>
    <edge xml:id="lnk181" from="nc-n120" to="penn-n412"/>
    <edge xml:id="lnk67" from="nc-n44" to="penn-n154"/>
    <edge xml:id="lnk180" from="nc-n119" to="penn-n410"/>
    <edge xml:id="lnk66" from="nc-n43" to="penn-n151"/>
    <edge xml:id="lnk65" from="nc-n42" to="penn-n141"/>
    <edge xml:id="lnk64" from="nc-n41" to="penn-n133"/>
    <edge xml:id="lnk63" from="nc-n40" to="penn-n130"/>
    <edge xml:id="lnk62" from="nc-n40" to="penn-n129"/>
    <edge xml:id="lnk61" from="nc-n40" to="penn-n128"/>
    <edge xml:id="lnk60" from="nc-n39" to="penn-n126"/>
    <edge xml:id="lnk219" from="nc-n143" to="penn-n487"/>
    <edge xml:id="lnk218" from="nc-n143" to="penn-n486"/>
    <edge xml:id="lnk217" from="nc-n142" to="penn-n481"/>
    <edge xml:id="lnk216" from="nc-n141" to="penn-n480"/>
    <edge xml:id="lnk215" from="nc-n140" to="penn-n478"/>
    <edge xml:id="lnk214" from="nc-n140" to="penn-n477"/>
    <edge xml:id="lnk213" from="nc-n139" to="penn-n475"/>
    <edge xml:id="lnk212" from="nc-n138" to="penn-n473"/>
    <edge xml:id="lnk211" from="nc-n138" to="penn-n472"/>
    <edge xml:id="lnk210" from="nc-n137" to="penn-n470"/>
    <edge xml:id="lnk179" from="nc-n118" to="penn-n409"/>
    <edge xml:id="lnk178" from="nc-n117" to="penn-n407"/>
    <edge xml:id="lnk177" from="nc-n116" to="penn-n405"/>
    <edge xml:id="lnk176" from="nc-n115" to="penn-n403"/>
    <edge xml:id="lnk175" from="nc-n115" to="penn-n402"/>
    <edge xml:id="lnk174" from="nc-n114" to="penn-n401"/>
    <edge xml:id="lnk173" from="nc-n113" to="penn-n396"/>
    <edge xml:id="lnk59" from="nc-n39" to="penn-n125"/>
    <edge xml:id="lnk172" from="nc-n112" to="penn-n392"/>
    <edge xml:id="lnk58" from="nc-n38" to="penn-n122"/>
    <edge xml:id="lnk171" from="nc-n111" to="penn-n390"/>
    <edge xml:id="lnk57" from="nc-n37" to="penn-n120"/>
    <edge xml:id="lnk170" from="nc-n110" to="penn-n388"/>
    <edge xml:id="lnk56" from="nc-n37" to="penn-n119"/>
    <edge xml:id="lnk55" from="nc-n37" to="penn-n118"/>
    <edge xml:id="lnk54" from="nc-n36" to="penn-n116"/>
    <edge xml:id="lnk53" from="nc-n35" to="penn-n114"/>
    <edge xml:id="lnk52" from="nc-n34" to="penn-n109"/>
    <edge xml:id="lnk51" from="nc-n33" to="penn-n107"/>
    <edge xml:id="lnk50" from="nc-n32" to="penn-n104"/>
    <edge xml:id="lnk209" from="nc-n136" to="penn-n467"/>
    <edge xml:id="lnk208" from="nc-n135" to="penn-n464"/>
    <edge xml:id="lnk207" from="nc-n134" to="penn-n463"/>
    <edge xml:id="lnk206" from="nc-n133" to="penn-n461"/>
    <edge xml:id="lnk205" from="nc-n133" to="penn-n460"/>
    <edge xml:id="lnk204" from="nc-n132" to="penn-n458"/>
    <edge xml:id="lnk203" from="nc-n132" to="penn-n457"/>
    <edge xml:id="lnk202" from="nc-n132" to="penn-n456"/>
    <edge xml:id="lnk201" from="nc-n131" to="penn-n454"/>
    <edge xml:id="lnk200" from="nc-n130" to="penn-n453"/>
    <edge xml:id="lnk169" from="nc-n109" to="penn-n384"/>
    <edge xml:id="lnk168" from="nc-n108" to="penn-n383"/>
    <edge xml:id="lnk167" from="nc-n108" to="penn-n382"/>
    <edge xml:id="lnk166" from="nc-n108" to="penn-n381"/>
    <edge xml:id="lnk165" from="nc-n107" to="penn-n379"/>
    <edge xml:id="lnk164" from="nc-n107" to="penn-n378"/>
    <edge xml:id="lnk163" from="nc-n106" to="penn-n376"/>
    <edge xml:id="lnk49" from="nc-n32" to="penn-n103"/>
    <edge xml:id="lnk162" from="nc-n106" to="penn-n375"/>
    <edge xml:id="lnk48" from="nc-n31" to="penn-n100"/>
    <edge xml:id="lnk161" from="nc-n105" to="penn-n373"/>
    <edge xml:id="lnk47" from="nc-n30" to="penn-n97"/>
    <edge xml:id="lnk160" from="nc-n105" to="penn-n372"/>
    <edge xml:id="lnk46" from="nc-n30" to="penn-n96"/>
    <edge xml:id="lnk45" from="nc-n29" to="penn-n93"/>
    <edge xml:id="lnk44" from="nc-n29" to="penn-n92"/>
    <edge xml:id="lnk43" from="nc-n29" to="penn-n91"/>
    <edge xml:id="lnk42" from="nc-n28" to="penn-n86"/>
    <edge xml:id="lnk41" from="nc-n27" to="penn-n82"/>
    <edge xml:id="lnk40" from="nc-n26" to="penn-n79"/>
    <edge xml:id="lnk9" from="nc-n6" to="penn-n19"/>
    <edge xml:id="lnk8" from="nc-n6" to="penn-n18"/>
    <edge xml:id="lnk7" from="nc-n5" to="penn-n16"/>
    <edge xml:id="lnk6" from="nc-n4" to="penn-n10"/>
    <edge xml:id="lnk5" from="nc-n3" to="penn-n8"/>
    <edge xml:id="lnk4" from="nc-n2" to="penn-n5"/>
    <edge xml:id="lnk3" from="nc-n1" to="penn-n3"/>
    <edge xml:id="lnk2" from="nc-n1" to="penn-n2"/>
    <edge xml:id="lnk1" from="nc-n0" to="penn-n1"/>
    <edge xml:id="lnk159" from="nc-n104" to="penn-n369"/>
    <edge xml:id="lnk0" from="nc-n0" to="penn-n0"/>
    <edge xml:id="lnk158" from="nc-n103" to="penn-n367"/>
    <edge xml:id="lnk157" from="nc-n103" to="penn-n366"/>
    <edge xml:id="lnk156" from="nc-n102" to="penn-n364"/>
    <edge xml:id="lnk155" from="nc-n101" to="penn-n361"/>
    <edge xml:id="lnk154" from="nc-n100" to="penn-n359"/>
    <edge xml:id="lnk153" from="nc-n100" to="penn-n358"/>
    <edge xml:id="lnk39" from="nc-n25" to="penn-n76"/>
    <edge xml:id="lnk152" from="nc-n99" to="penn-n355"/>
    <edge xml:id="lnk38" from="nc-n24" to="penn-n75"/>
    <edge xml:id="lnk151" from="nc-n98" to="penn-n351"/>
    <edge xml:id="lnk37" from="nc-n24" to="penn-n74"/>
    <edge xml:id="lnk150" from="nc-n97" to="penn-n348"/>
    <edge xml:id="lnk36" from="nc-n23" to="penn-n71"/>
    <edge xml:id="lnk35" from="nc-n23" to="penn-n70"/>
    <edge xml:id="lnk34" from="nc-n23" to="penn-n69"/>
    <edge xml:id="lnk33" from="nc-n22" to="penn-n66"/>
    <edge xml:id="lnk32" from="nc-n22" to="penn-n65"/>
    <edge xml:id="lnk31" from="nc-n22" to="penn-n64"/>
    <edge xml:id="lnk30" from="nc-n22" to="penn-n63"/>
    <edge xml:id="lnk149" from="nc-n96" to="penn-n345"/>
    <edge xml:id="lnk148" from="nc-n96" to="penn-n344"/>
    <edge xml:id="lnk147" from="nc-n95" to="penn-n343"/>
    <edge xml:id="lnk146" from="nc-n94" to="penn-n339"/>
    <edge xml:id="lnk145" from="nc-n93" to="penn-n337"/>
    <edge xml:id="lnk144" from="nc-n93" to="penn-n336"/>
    <edge xml:id="lnk143" from="nc-n92" to="penn-n333"/>
    <edge xml:id="lnk29" from="nc-n21" to="penn-n61"/>
    <edge xml:id="lnk28" from="nc-n20" to="penn-n57"/>
    <edge xml:id="lnk142" from="nc-n91" to="penn-n331"/>
    <edge xml:id="lnk27" from="nc-n19" to="penn-n55"/>
    <edge xml:id="lnk141" from="nc-n91" to="penn-n330"/>
    <edge xml:id="lnk26" from="nc-n19" to="penn-n54"/>
    <edge xml:id="lnk140" from="nc-n90" to="penn-n327"/>
    <edge xml:id="lnk25" from="nc-n18" to="penn-n49"/>
    <edge xml:id="lnk24" from="nc-n17" to="penn-n47"/>
    <edge xml:id="lnk23" from="nc-n17" to="penn-n46"/>
    <edge xml:id="lnk22" from="nc-n16" to="penn-n42"/>
    <edge xml:id="lnk21" from="nc-n15" to="penn-n40"/>
    <edge xml:id="lnk20" from="nc-n14" to="penn-n38"/>
    <edge xml:id="lnk139" from="nc-n89" to="penn-n325"/>
    <edge xml:id="lnk138" from="nc-n88" to="penn-n322"/>
    <edge xml:id="lnk137" from="nc-n87" to="penn-n318"/>
    <edge xml:id="lnk136" from="nc-n87" to="penn-n317"/>
    <edge xml:id="lnk135" from="nc-n87" to="penn-n316"/>
    <edge xml:id="lnk134" from="nc-n86" to="penn-n313"/>
    <edge xml:id="lnk19" from="nc-n14" to="penn-n37"/>
    <edge xml:id="lnk133" from="nc-n85" to="penn-n308"/>
    <edge xml:id="lnk18" from="nc-n13" to="penn-n36"/>
    <edge xml:id="lnk132" from="nc-n85" to="penn-n307"/>
    <edge xml:id="lnk17" from="nc-n12" to="penn-n33"/>
    <edge xml:id="lnk131" from="nc-n84" to="penn-n304"/>
    <edge xml:id="lnk16" from="nc-n11" to="penn-n32"/>
    <edge xml:id="lnk130" from="nc-n83" to="penn-n299"/>
    <edge xml:id="lnk15" from="nc-n10" to="penn-n30"/>
    <edge xml:id="lnk14" from="nc-n10" to="penn-n29"/>
    <edge xml:id="lnk13" from="nc-n9" to="penn-n28"/>
    <edge xml:id="lnk12" from="nc-n8" to="penn-n24"/>
    <edge xml:id="lnk11" from="nc-n7" to="penn-n21"/>
    <edge xml:id="lnk10" from="nc-n7" to="penn-n20"/>
    <edge xml:id="lnk129" from="nc-n83" to="penn-n298"/>
    <edge xml:id="lnk128" from="nc-n82" to="penn-n295"/>
    <edge xml:id="lnk127" from="nc-n82" to="penn-n294"/>
    <edge xml:id="lnk126" from="nc-n82" to="penn-n293"/>
    <edge xml:id="lnk125" from="nc-n81" to="penn-n292"/>
    <edge xml:id="lnk124" from="nc-n80" to="penn-n291"/>
    <edge xml:id="lnk123" from="nc-n79" to="penn-n287"/>
    <edge xml:id="lnk122" from="nc-n78" to="penn-n283"/>
    <edge xml:id="lnk121" from="nc-n77" to="penn-n281"/>
    <edge xml:id="lnk120" from="nc-n77" to="penn-n280"/>
    <edge xml:id="lnk119" from="nc-n77" to="penn-n279"/>
    <edge xml:id="lnk118" from="nc-n77" to="penn-n278"/>
    <edge xml:id="lnk117" from="nc-n76" to="penn-n276"/>
    <edge xml:id="lnk116" from="nc-n75" to="penn-n274"/>
    <edge xml:id="lnk115" from="nc-n75" to="penn-n273"/>
    <edge xml:id="lnk114" from="nc-n74" to="penn-n271"/>
    <edge xml:id="lnk113" from="nc-n73" to="penn-n267"/>
    <edge xml:id="lnk274" from="nc-n179" to="penn-n598"/>
    <edge xml:id="lnk112" from="nc-n73" to="penn-n266"/>
    <edge xml:id="lnk273" from="nc-n178" to="penn-n597"/>
    <edge xml:id="lnk111" from="nc-n72" to="penn-n264"/>
    <edge xml:id="lnk272" from="nc-n178" to="penn-n596"/>
    <edge xml:id="lnk110" from="nc-n71" to="penn-n262"/>
    <edge xml:id="lnk271" from="nc-n178" to="penn-n595"/>
    <edge xml:id="lnk270" from="nc-n178" to="penn-n594"/>
</graph>
