<?xml version="1.0" encoding="UTF-8"?>
<graph xmlns="http://www.xces.org/ns/GrAF/1.0/">
    <header>
        <tagsDecl>
            <tagUsage gi="person" occurs="1"/>
            <tagUsage gi="date" occurs="1"/>
            <tagUsage gi="org" occurs="4"/>
        </tagsDecl>
        <dependencies>
            <dependsOn type="penn"/>
        </dependencies>
        <annotationSets>
            <annotationSet name="xces" type="http://www.xces.org/schema/2003"/>
        </annotationSets>
    </header>
    <node xml:id="ne-n0"/>
    <a label="org" ref="ne-n0" as="xces">
        <fs>
            <f name="type" value="other"/>
        </fs>
    </a>
    <node xml:id="ne-n1"/>
    <a label="org" ref="ne-n1" as="xces">
        <fs>
            <f name="type" value="other"/>
        </fs>
    </a>
    <node xml:id="ne-n2"/>
    <a label="date" ref="ne-n2" as="xces">
        <fs>
            <f name="kind" value="date"/>
        </fs>
    </a>
    <node xml:id="ne-n3"/>
    <a label="org" ref="ne-n3" as="xces">
        <fs>
            <f name="type" value="other"/>
        </fs>
    </a>
    <node xml:id="ne-n4"/>
    <a label="org" ref="ne-n4" as="xces">
        <fs>
            <f name="type" value="other"/>
        </fs>
    </a>
    <node xml:id="ne-n5"/>
    <a label="person" ref="ne-n5" as="xces">
        <fs>
            <f name="sex" value="male"/>
        </fs>
    </a>
    <edge xml:id="lnk6" from="ne-n5" to="penn-n165"/>
    <edge xml:id="lnk5" from="ne-n5" to="penn-n164"/>
    <edge xml:id="lnk4" from="ne-n4" to="penn-n159"/>
    <edge xml:id="lnk3" from="ne-n3" to="penn-n145"/>
    <edge xml:id="lnk2" from="ne-n2" to="penn-n89"/>
    <edge xml:id="lnk1" from="ne-n1" to="penn-n74"/>
    <edge xml:id="lnk0" from="ne-n0" to="penn-n45"/>
</graph>
