<?xml version="1.0" encoding="UTF-8"?>
<graph xmlns="http://www.xces.org/ns/GrAF/1.0/">
    <header>
        <tagsDecl>
            <tagUsage gi="person" occurs="2"/>
            <tagUsage gi="date" occurs="4"/>
            <tagUsage gi="org" occurs="16"/>
        </tagsDecl>
        <dependencies>
            <dependsOn type="penn"/>
        </dependencies>
        <annotationSets>
            <annotationSet name="xces" type="http://www.xces.org/schema/2003"/>
        </annotationSets>
    </header>
    <node xml:id="ne-n0"/>
    <a label="date" ref="ne-n0" as="xces">
        <fs>
            <f name="kind" value="date"/>
        </fs>
    </a>
    <node xml:id="ne-n1"/>
    <a label="org" ref="ne-n1" as="xces">
        <fs>
            <f name="type" value="other"/>
        </fs>
    </a>
    <node xml:id="ne-n10"/>
    <a label="org" ref="ne-n10" as="xces">
        <fs>
            <f name="type" value="newspaper/media"/>
        </fs>
    </a>
    <node xml:id="ne-n11"/>
    <a label="org" ref="ne-n11" as="xces">
        <fs>
            <f name="type" value="other"/>
        </fs>
    </a>
    <node xml:id="ne-n12"/>
    <a label="org" ref="ne-n12" as="xces">
        <fs>
            <f name="type" value="other"/>
        </fs>
    </a>
    <node xml:id="ne-n13"/>
    <a label="org" ref="ne-n13" as="xces">
        <fs>
            <f name="type" value="other"/>
        </fs>
    </a>
    <node xml:id="ne-n14"/>
    <a label="org" ref="ne-n14" as="xces">
        <fs>
            <f name="type" value="other"/>
        </fs>
    </a>
    <node xml:id="ne-n15"/>
    <a label="org" ref="ne-n15" as="xces">
        <fs>
            <f name="type" value="other"/>
        </fs>
    </a>
    <node xml:id="ne-n16"/>
    <a label="org" ref="ne-n16" as="xces"/>
    <node xml:id="ne-n17"/>
    <a label="org" ref="ne-n17" as="xces">
        <fs>
            <f name="type" value="other"/>
        </fs>
    </a>
    <node xml:id="ne-n18"/>
    <a label="org" ref="ne-n18" as="xces">
        <fs>
            <f name="type" value="newspaper/media"/>
        </fs>
    </a>
    <node xml:id="ne-n19"/>
    <a label="org" ref="ne-n19" as="xces">
        <fs>
            <f name="type" value="other"/>
        </fs>
    </a>
    <node xml:id="ne-n2"/>
    <a label="person" ref="ne-n2" as="xces">
        <fs>
            <f name="sex" value="male"/>
        </fs>
    </a>
    <node xml:id="ne-n20"/>
    <a label="org" ref="ne-n20" as="xces">
        <fs>
            <f name="type" value="other"/>
        </fs>
    </a>
    <node xml:id="ne-n21"/>
    <a label="person" ref="ne-n21" as="xces">
        <fs>
            <f name="sex" value="male"/>
        </fs>
    </a>
    <node xml:id="ne-n3"/>
    <a label="date" ref="ne-n3" as="xces">
        <fs>
            <f name="kind" value="time"/>
        </fs>
    </a>
    <node xml:id="ne-n4"/>
    <a label="date" ref="ne-n4" as="xces">
        <fs>
            <f name="kind" value="time"/>
        </fs>
    </a>
    <node xml:id="ne-n5"/>
    <a label="org" ref="ne-n5" as="xces">
        <fs>
            <f name="type" value="other"/>
        </fs>
    </a>
    <node xml:id="ne-n6"/>
    <a label="date" ref="ne-n6" as="xces">
        <fs>
            <f name="kind" value="date"/>
        </fs>
    </a>
    <node xml:id="ne-n7"/>
    <a label="org" ref="ne-n7" as="xces">
        <fs>
            <f name="type" value="newspaper/media"/>
        </fs>
    </a>
    <node xml:id="ne-n8"/>
    <a label="org" ref="ne-n8" as="xces">
        <fs>
            <f name="type" value="other"/>
        </fs>
    </a>
    <node xml:id="ne-n9"/>
    <a label="org" ref="ne-n9" as="xces">
        <fs>
            <f name="type" value="other"/>
        </fs>
    </a>
    <edge xml:id="lnk35" from="ne-n15" to="penn-n435"/>
    <edge xml:id="lnk34" from="ne-n14" to="penn-n374"/>
    <edge xml:id="lnk33" from="ne-n13" to="penn-n325"/>
    <edge xml:id="lnk32" from="ne-n12" to="penn-n296"/>
    <edge xml:id="lnk31" from="ne-n11" to="penn-n209"/>
    <edge xml:id="lnk30" from="ne-n10" to="penn-n194"/>
    <edge xml:id="lnk9" from="ne-n5" to="penn-n65"/>
    <edge xml:id="lnk8" from="ne-n4" to="penn-n44"/>
    <edge xml:id="lnk7" from="ne-n3" to="penn-n32"/>
    <edge xml:id="lnk6" from="ne-n3" to="penn-n31"/>
    <edge xml:id="lnk5" from="ne-n2" to="penn-n20"/>
    <edge xml:id="lnk4" from="ne-n1" to="penn-n13"/>
    <edge xml:id="lnk3" from="ne-n0" to="penn-n3"/>
    <edge xml:id="lnk2" from="ne-n0" to="penn-n2"/>
    <edge xml:id="lnk1" from="ne-n0" to="penn-n1"/>
    <edge xml:id="lnk0" from="ne-n0" to="penn-n0"/>
    <edge xml:id="lnk29" from="ne-n10" to="penn-n193"/>
    <edge xml:id="lnk28" from="ne-n10" to="penn-n192"/>
    <edge xml:id="lnk27" from="ne-n10" to="penn-n191"/>
    <edge xml:id="lnk26" from="ne-n10" to="penn-n190"/>
    <edge xml:id="lnk25" from="ne-n10" to="penn-n189"/>
    <edge xml:id="lnk24" from="ne-n10" to="penn-n188"/>
    <edge xml:id="lnk23" from="ne-n10" to="penn-n187"/>
    <edge xml:id="lnk22" from="ne-n9" to="penn-n165"/>
    <edge xml:id="lnk21" from="ne-n8" to="penn-n150"/>
    <edge xml:id="lnk20" from="ne-n7" to="penn-n148"/>
    <edge xml:id="lnk19" from="ne-n7" to="penn-n147"/>
    <edge xml:id="lnk18" from="ne-n7" to="penn-n146"/>
    <edge xml:id="lnk49" from="ne-n21" to="penn-n652"/>
    <edge xml:id="lnk17" from="ne-n7" to="penn-n145"/>
    <edge xml:id="lnk48" from="ne-n21" to="penn-n651"/>
    <edge xml:id="lnk16" from="ne-n7" to="penn-n144"/>
    <edge xml:id="lnk47" from="ne-n20" to="penn-n646"/>
    <edge xml:id="lnk15" from="ne-n7" to="penn-n143"/>
    <edge xml:id="lnk46" from="ne-n19" to="penn-n567"/>
    <edge xml:id="lnk14" from="ne-n7" to="penn-n142"/>
    <edge xml:id="lnk45" from="ne-n18" to="penn-n561"/>
    <edge xml:id="lnk13" from="ne-n7" to="penn-n141"/>
    <edge xml:id="lnk44" from="ne-n18" to="penn-n560"/>
    <edge xml:id="lnk12" from="ne-n6" to="penn-n132"/>
    <edge xml:id="lnk43" from="ne-n18" to="penn-n559"/>
    <edge xml:id="lnk11" from="ne-n6" to="penn-n131"/>
    <edge xml:id="lnk42" from="ne-n18" to="penn-n558"/>
    <edge xml:id="lnk10" from="ne-n6" to="penn-n130"/>
    <edge xml:id="lnk41" from="ne-n18" to="penn-n557"/>
    <edge xml:id="lnk40" from="ne-n18" to="penn-n556"/>
    <edge xml:id="lnk39" from="ne-n18" to="penn-n555"/>
    <edge xml:id="lnk38" from="ne-n18" to="penn-n554"/>
    <edge xml:id="lnk37" from="ne-n17" to="penn-n493"/>
    <edge xml:id="lnk36" from="ne-n16" to="penn-n442"/>
</graph>
