<?xml version="1.0" encoding="UTF-8"?>
<graph xmlns="http://www.xces.org/ns/GrAF/1.0/">
    <header>
        <tagsDecl>
            <tagUsage gi="objective-speech-event" occurs="33"/>
            <tagUsage gi="attitude" occurs="53"/>
            <tagUsage gi="inside" occurs="40"/>
            <tagUsage gi="target" occurs="38"/>
            <tagUsage gi="split" occurs="43"/>
            <tagUsage gi="direct-subjective" occurs="42"/>
            <tagUsage gi="expressive-subjectivity" occurs="34"/>
            <tagUsage gi="agent" occurs="22"/>
        </tagsDecl>
        <annotationSets>
            <annotationSet name="mpqa" type="http://www.cs.pitt.edu/mpqa/"/>
        </annotationSets>
    </header>
    <region xml:id="r8" anchors="18 206"/>
    <region xml:id="r6" anchors="18 18"/>
    <region xml:id="r4" anchors="18 18"/>
    <region xml:id="r1" anchors="18 18"/>
    <region xml:id="r10" anchors="18 18"/>
    <region xml:id="r12" anchors="205 206"/>
    <region xml:id="r14" anchors="207 260"/>
    <region xml:id="r16" anchors="207 240"/>
    <region xml:id="r18" anchors="207 207"/>
    <region xml:id="r20" anchors="259 260"/>
    <region xml:id="r22" anchors="267 291"/>
    <region xml:id="r24" anchors="267 290"/>
    <region xml:id="r26" anchors="267 269"/>
    <region xml:id="r28" anchors="267 267"/>
    <region xml:id="r30" anchors="274 290"/>
    <region xml:id="r32" anchors="290 291"/>
    <region xml:id="r34" anchors="298 312"/>
    <region xml:id="r36" anchors="298 311"/>
    <region xml:id="r38" anchors="298 298"/>
    <region xml:id="r40" anchors="309 311"/>
    <region xml:id="r42" anchors="311 312"/>
    <region xml:id="r44" anchors="313 453"/>
    <region xml:id="r46" anchors="313 313"/>
    <region xml:id="r48" anchors="330 346"/>
    <region xml:id="r51" anchors="343 346"/>
    <region xml:id="r53" anchors="348 356"/>
    <region xml:id="r55" anchors="357 452"/>
    <region xml:id="r57" anchors="452 453"/>
    <region xml:id="r59" anchors="460 512"/>
    <region xml:id="r61" anchors="460 479"/>
    <region xml:id="r65" anchors="460 462"/>
    <region xml:id="r67" anchors="460 460"/>
    <region xml:id="r69" anchors="511 512"/>
    <region xml:id="r71" anchors="513 544"/>
    <region xml:id="r73" anchors="513 513"/>
    <region xml:id="r75" anchors="514 543"/>
    <region xml:id="r77" anchors="517 543"/>
    <region xml:id="r80" anchors="517 519"/>
    <region xml:id="r82" anchors="543 544"/>
    <region xml:id="r84" anchors="545 682"/>
    <region xml:id="r86" anchors="545 553"/>
    <region xml:id="r88" anchors="545 545"/>
    <region xml:id="r90" anchors="559 560"/>
    <region xml:id="r92" anchors="561 570"/>
    <region xml:id="r95" anchors="571 574"/>
    <region xml:id="r97" anchors="575 582"/>
    <region xml:id="r99" anchors="583 625"/>
    <region xml:id="r101" anchors="614 625"/>
    <region xml:id="r103" anchors="681 682"/>
    <region xml:id="r105" anchors="689 841"/>
    <region xml:id="r107" anchors="689 689"/>
    <region xml:id="r109" anchors="692 750"/>
    <region xml:id="r111" anchors="752 782"/>
    <region xml:id="r113" anchors="783 789"/>
    <region xml:id="r115" anchors="790 798"/>
    <region xml:id="r117" anchors="799 840"/>
    <region xml:id="r119" anchors="816 840"/>
    <region xml:id="r122" anchors="840 841"/>
    <region xml:id="r124" anchors="843 963"/>
    <region xml:id="r126" anchors="843 855"/>
    <region xml:id="r128" anchors="843 843"/>
    <region xml:id="r130" anchors="856 862"/>
    <region xml:id="r132" anchors="868 909"/>
    <region xml:id="r134" anchors="916 962"/>
    <region xml:id="r136" anchors="920 962"/>
    <region xml:id="r138" anchors="962 963"/>
    <region xml:id="r140" anchors="971 1145"/>
    <region xml:id="r142" anchors="971 971"/>
    <region xml:id="r144" anchors="977 978"/>
    <region xml:id="r146" anchors="979 989"/>
    <region xml:id="r149" anchors="990 1028"/>
    <region xml:id="r151" anchors="990 1014"/>
    <region xml:id="r153" anchors="1017 1028"/>
    <region xml:id="r156" anchors="1030 1144"/>
    <region xml:id="r158" anchors="1054 1066"/>
    <region xml:id="r160" anchors="1123 1144"/>
    <region xml:id="r162" anchors="1144 1145"/>
    <region xml:id="r164" anchors="1152 1401"/>
    <region xml:id="r166" anchors="1152 1283"/>
    <region xml:id="r168" anchors="1152 1152"/>
    <region xml:id="r170" anchors="1204 1228"/>
    <region xml:id="r174" anchors="1251 1283"/>
    <region xml:id="r176" anchors="1285 1313"/>
    <region xml:id="r178" anchors="1285 1285"/>
    <region xml:id="r180" anchors="1314 1346"/>
    <region xml:id="r182" anchors="1314 1322"/>
    <region xml:id="r184" anchors="1332 1346"/>
    <region xml:id="r186" anchors="1352 1400"/>
    <region xml:id="r188" anchors="1352 1362"/>
    <region xml:id="r190" anchors="1363 1400"/>
    <region xml:id="r192" anchors="1400 1401"/>
    <region xml:id="r194" anchors="1402 1477"/>
    <region xml:id="r196" anchors="1402 1409"/>
    <region xml:id="r198" anchors="1402 1402"/>
    <region xml:id="r200" anchors="1438 1476"/>
    <region xml:id="r202" anchors="1438 1454"/>
    <region xml:id="r204" anchors="1466 1476"/>
    <region xml:id="r208" anchors="1476 1477"/>
    <region xml:id="r210" anchors="1478 1554"/>
    <region xml:id="r212" anchors="1478 1553"/>
    <region xml:id="r214" anchors="1478 1478"/>
    <region xml:id="r216" anchors="1526 1543"/>
    <region xml:id="r218" anchors="1553 1554"/>
    <region xml:id="r220" anchors="1561 1631"/>
    <region xml:id="r222" anchors="1561 1575"/>
    <region xml:id="r225" anchors="1561 1570"/>
    <region xml:id="r227" anchors="1561 1561"/>
    <region xml:id="r229" anchors="1571 1575"/>
    <region xml:id="r231" anchors="1581 1630"/>
    <region xml:id="r234" anchors="1581 1612"/>
    <region xml:id="r236" anchors="1613 1630"/>
    <region xml:id="r238" anchors="1630 1631"/>
    <region xml:id="r240" anchors="1638 1935"/>
    <region xml:id="r242" anchors="1638 1638"/>
    <region xml:id="r244" anchors="1651 1785"/>
    <region xml:id="r246" anchors="1657 1725"/>
    <region xml:id="r248" anchors="1657 1670"/>
    <region xml:id="r250" anchors="1674 1725"/>
    <region xml:id="r252" anchors="1752 1769"/>
    <region xml:id="r254" anchors="1793 1816"/>
    <region xml:id="r256" anchors="1793 1793"/>
    <region xml:id="r258" anchors="1817 1826"/>
    <region xml:id="r260" anchors="1838 1856"/>
    <region xml:id="r264" anchors="1859 1923"/>
    <region xml:id="r266" anchors="1859 1862"/>
    <region xml:id="r268" anchors="1859 1859"/>
    <region xml:id="r271" anchors="1926 1929"/>
    <region xml:id="r273" anchors="1930 1934"/>
    <region xml:id="r275" anchors="1934 1935"/>
    <region xml:id="r277" anchors="1937 1967"/>
    <region xml:id="r279" anchors="1937 1966"/>
    <region xml:id="r281" anchors="1937 1940"/>
    <region xml:id="r283" anchors="1937 1937"/>
    <region xml:id="r286" anchors="1959 1966"/>
    <region xml:id="r289" anchors="1966 1967"/>
    <region xml:id="r291" anchors="1968 1985"/>
    <region xml:id="r293" anchors="1968 1974"/>
    <region xml:id="r295" anchors="1968 1969"/>
    <region xml:id="r297" anchors="1968 1968"/>
    <region xml:id="r300" anchors="1970 1974"/>
    <region xml:id="r302" anchors="1975 1982"/>
    <region xml:id="r304" anchors="1982 1985"/>
    <region xml:id="r306" anchors="1986 1992"/>
    <region xml:id="r308" anchors="1986 1986"/>
    <region xml:id="r311" anchors="1991 1992"/>
    <region xml:id="r313" anchors="2000 2165"/>
    <region xml:id="r315" anchors="2000 2035"/>
    <region xml:id="r317" anchors="2000 2000"/>
    <region xml:id="r319" anchors="2036 2047"/>
    <region xml:id="r323" anchors="2053 2068"/>
    <region xml:id="r325" anchors="2075 2164"/>
    <region xml:id="r327" anchors="2075 2083"/>
    <region xml:id="r329" anchors="2164 2165"/>
    <region xml:id="r331" anchors="2166 2322"/>
    <region xml:id="r333" anchors="2166 2194"/>
    <region xml:id="r335" anchors="2166 2166"/>
    <region xml:id="r337" anchors="2171 2174"/>
    <region xml:id="r339" anchors="2175 2180"/>
    <region xml:id="r342" anchors="2196 2198"/>
    <region xml:id="r344" anchors="2199 2207"/>
    <region xml:id="r346" anchors="2213 2233"/>
    <region xml:id="r348" anchors="2234 2258"/>
    <region xml:id="r350" anchors="2260 2260"/>
    <region xml:id="r352" anchors="2277 2288"/>
    <region xml:id="r355" anchors="2292 2321"/>
    <region xml:id="r358" anchors="2321 2322"/>
    <region xml:id="r360" anchors="2329 2471"/>
    <region xml:id="r362" anchors="2329 2339"/>
    <region xml:id="r364" anchors="2329 2329"/>
    <region xml:id="r366" anchors="2376 2399"/>
    <region xml:id="r368" anchors="2406 2411"/>
    <region xml:id="r370" anchors="2470 2471"/>
    <region xml:id="r372" anchors="2472 2551"/>
    <region xml:id="r374" anchors="2472 2472"/>
    <region xml:id="r376" anchors="2495 2497"/>
    <region xml:id="r378" anchors="2498 2514"/>
    <region xml:id="r380" anchors="2498 2504"/>
    <region xml:id="r383" anchors="2505 2514"/>
    <region xml:id="r386" anchors="2550 2551"/>
    <region xml:id="r388" anchors="2552 2596"/>
    <region xml:id="r390" anchors="2552 2552"/>
    <region xml:id="r392" anchors="2577 2579"/>
    <region xml:id="r394" anchors="2580 2585"/>
    <region xml:id="r396" anchors="2595 2596"/>
    <region xml:id="r398" anchors="2603 2727"/>
    <region xml:id="r400" anchors="2603 2603"/>
    <region xml:id="r402" anchors="2635 2671"/>
    <region xml:id="r404" anchors="2646 2671"/>
    <region xml:id="r406" anchors="2646 2658"/>
    <region xml:id="r408" anchors="2659 2671"/>
    <region xml:id="r410" anchors="2726 2727"/>
    <region xml:id="r412" anchors="2728 2826"/>
    <region xml:id="r414" anchors="2728 2728"/>
    <region xml:id="r416" anchors="2825 2826"/>
    <region xml:id="r418" anchors="2833 2895"/>
    <region xml:id="r420" anchors="2833 2833"/>
    <region xml:id="r422" anchors="2854 2866"/>
    <region xml:id="r424" anchors="2872 2894"/>
    <region xml:id="r427" anchors="2894 2895"/>
    <region xml:id="r429" anchors="2896 2948"/>
    <region xml:id="r431" anchors="2896 2898"/>
    <region xml:id="r434" anchors="2896 2896"/>
    <region xml:id="r436" anchors="2899 2906"/>
    <region xml:id="r439" anchors="2929 2947"/>
    <region xml:id="r442" anchors="2947 2948"/>
    <region xml:id="r444" anchors="2955 2997"/>
    <region xml:id="r446" anchors="2955 2955"/>
    <region xml:id="r448" anchors="2996 2997"/>
    <region xml:id="r450" anchors="2998 3069"/>
    <region xml:id="r452" anchors="2998 3038"/>
    <region xml:id="r455" anchors="2998 2998"/>
    <region xml:id="r457" anchors="3012 3019"/>
    <region xml:id="r460" anchors="3020 3022"/>
    <region xml:id="r462" anchors="3044 3068"/>
    <region xml:id="r464" anchors="3068 3069"/>
    <region xml:id="r466" anchors="3070 3134"/>
    <region xml:id="r468" anchors="3070 3133"/>
    <region xml:id="r471" anchors="3070 3070"/>
    <region xml:id="r473" anchors="3091 3099"/>
    <region xml:id="r475" anchors="3133 3134"/>
    <region xml:id="r477" anchors="3141 3151"/>
    <region xml:id="r479" anchors="3141 3150"/>
    <region xml:id="r482" anchors="3141 3141"/>
    <region xml:id="r484" anchors="3150 3151"/>
    <region xml:id="r486" anchors="3152 3165"/>
    <region xml:id="r488" anchors="3152 3164"/>
    <region xml:id="r491" anchors="3152 3152"/>
    <region xml:id="r493" anchors="3164 3165"/>
    <region xml:id="r495" anchors="3166 3231"/>
    <region xml:id="r497" anchors="3166 3230"/>
    <region xml:id="r499" anchors="3166 3201"/>
    <region xml:id="r501" anchors="3166 3166"/>
    <region xml:id="r503" anchors="3205 3230"/>
    <region xml:id="r505" anchors="3230 3231"/>
    <region xml:id="r507" anchors="3238 3328"/>
    <region xml:id="r509" anchors="3238 3327"/>
    <region xml:id="r511" anchors="3238 3238"/>
    <region xml:id="r513" anchors="3300 3327"/>
    <region xml:id="r515" anchors="3327 3328"/>
    <region xml:id="r517" anchors="3329 3408"/>
    <region xml:id="r519" anchors="3329 3329"/>
    <region xml:id="r521" anchors="3364 3407"/>
    <region xml:id="r524" anchors="3394 3407"/>
    <region xml:id="r526" anchors="3407 3408"/>
    <region xml:id="r528" anchors="3409 3451"/>
    <region xml:id="r530" anchors="3409 3450"/>
    <region xml:id="r532" anchors="3409 3421"/>
    <region xml:id="r534" anchors="3409 3409"/>
    <region xml:id="r536" anchors="3436 3450"/>
    <region xml:id="r539" anchors="3450 3451"/>
    <region xml:id="r541" anchors="3458 3552"/>
    <region xml:id="r543" anchors="3458 3551"/>
    <region xml:id="r545" anchors="3458 3458"/>
    <region xml:id="r547" anchors="3512 3527"/>
    <region xml:id="r549" anchors="3517 3527"/>
    <region xml:id="r551" anchors="3551 3552"/>
    <region xml:id="r553" anchors="3559 3569"/>
    <region xml:id="r555" anchors="3559 3568"/>
    <region xml:id="r558" anchors="3559 3559"/>
    <region xml:id="r562" anchors="3590 3635"/>
    <region xml:id="r564" anchors="3590 3590"/>
    <region xml:id="r560" anchors="3590 3590"/>
    <region xml:id="r568" anchors="3635 3635"/>
    <region xml:id="r566" anchors="3635 3635"/>
    <node xml:id="n0">
        <link targets="r1"/>
    </node>
    <a label="agent" ref="n0" as="mpqa">
        <fs>
            <f name="id" value="w"/>
        </fs>
    </a>
    <a label="agent" ref="n0" as="mpqa">
        <fs>
            <f name="id" value="implicit"/>
        </fs>
    </a>
    <node xml:id="n1">
        <link targets="r4"/>
    </node>
    <a label="split" ref="n1" as="mpqa"/>
    <node xml:id="n10">
        <link targets="r22"/>
    </node>
    <a label="inside" ref="n10" as="mpqa">
        <fs>
            <f name="nested-source" value="w"/>
        </fs>
    </a>
    <node xml:id="n100">
        <link targets="r214"/>
    </node>
    <a label="direct-subjective" ref="n100" as="mpqa">
        <fs>
            <f name="implicit" value="true"/>
            <f name="intensity" value="medium"/>
            <f name="polarity" value="positive"/>
            <f name="nested-source" value="w"/>
        </fs>
    </a>
    <node xml:id="n101">
        <link targets="r216"/>
    </node>
    <a label="target" ref="n101" as="mpqa"/>
    <node xml:id="n102">
        <link targets="r218"/>
    </node>
    <a label="split" ref="n102" as="mpqa"/>
    <node xml:id="n103">
        <link targets="r220"/>
    </node>
    <a label="inside" ref="n103" as="mpqa">
        <fs>
            <f name="nested-source" value="w"/>
        </fs>
    </a>
    <node xml:id="n104">
        <link targets="r222"/>
    </node>
    <a label="attitude" ref="n104" as="mpqa">
        <fs>
            <f name="attitude-uncertain" value="somewhat-uncertain"/>
            <f name="attitude-type" value="other-attitude"/>
            <f name="target-link" value="t_solutions_dont_happen"/>
            <f name="intensity" value="low-medium"/>
            <f name="id" value="a_know"/>
        </fs>
    </a>
    <a label="expressive-subjectivity" ref="n104" as="mpqa">
        <fs>
            <f name="nested-source" value="w"/>
            <f name="polarity" value="uncertain-positive"/>
            <f name="intensity" value="high"/>
        </fs>
    </a>
    <node xml:id="n105">
        <link targets="r225"/>
    </node>
    <a label="agent" ref="n105" as="mpqa">
        <fs>
            <f name="id" value="you_and_i"/>
            <f name="nested-source" value="w,you_and_i"/>
        </fs>
    </a>
    <node xml:id="n106">
        <link targets="r227"/>
    </node>
    <a label="direct-subjective" ref="n106" as="mpqa">
        <fs>
            <f name="nested-source" value="w"/>
            <f name="polarity" value="neutral"/>
            <f name="attitude-link" value="a_know"/>
            <f name="intensity" value="medium"/>
            <f name="implicit" value="true"/>
        </fs>
    </a>
    <node xml:id="n107">
        <link targets="r229"/>
    </node>
    <a label="direct-subjective" ref="n107" as="mpqa">
        <fs>
            <f name="nested-source" value="w,you_and_i"/>
            <f name="polarity" value="neutral"/>
            <f name="attitude-link" value="a_dont_happen"/>
            <f name="expression-intensity" value="medium"/>
            <f name="intensity" value="medium"/>
        </fs>
    </a>
    <node xml:id="n108">
        <link targets="r231"/>
    </node>
    <a label="target" ref="n108" as="mpqa">
        <fs>
            <f name="id" value="t_solutions_dont_happen"/>
        </fs>
    </a>
    <a label="attitude" ref="n108" as="mpqa">
        <fs>
            <f name="target-link" value="t_solutions"/>
            <f name="id" value="a_dont_happen"/>
            <f name="intensity" value="medium"/>
            <f name="attitude-type" value="arguing-neg"/>
        </fs>
    </a>
    <node xml:id="n109">
        <link targets="r234"/>
    </node>
    <a label="target" ref="n109" as="mpqa">
        <fs>
            <f name="id" value="t_solutions"/>
        </fs>
    </a>
    <node xml:id="n11">
        <link targets="r24"/>
    </node>
    <a label="attitude" ref="n11" as="mpqa">
        <fs>
            <f name="attitude-uncertain" value="somewhat-uncertain"/>
            <f name="attitude-type" value="arguing-neg"/>
            <f name="target-link" value="t_he"/>
            <f name="intensity" value="high"/>
            <f name="id" value="a_no_time"/>
        </fs>
    </a>
    <node xml:id="n110">
        <link targets="r236"/>
    </node>
    <a label="expressive-subjectivity" ref="n110" as="mpqa">
        <fs>
            <f name="nested-source" value="w,you_and_i"/>
            <f name="polarity" value="neutral"/>
            <f name="intensity" value="medium"/>
        </fs>
    </a>
    <node xml:id="n111">
        <link targets="r238"/>
    </node>
    <a label="split" ref="n111" as="mpqa"/>
    <node xml:id="n112">
        <link targets="r240"/>
    </node>
    <a label="inside" ref="n112" as="mpqa">
        <fs>
            <f name="nested-source" value="w"/>
        </fs>
    </a>
    <node xml:id="n113">
        <link targets="r242"/>
    </node>
    <a label="direct-subjective" ref="n113" as="mpqa">
        <fs>
            <f name="nested-source" value="w"/>
            <f name="polarity" value="neutral"/>
            <f name="attitude-link" value="a_it_is_hard_work,a_hard_work"/>
            <f name="intensity" value="medium"/>
            <f name="implicit" value="true"/>
        </fs>
    </a>
    <node xml:id="n114">
        <link targets="r244"/>
    </node>
    <a label="attitude" ref="n114" as="mpqa">
        <fs>
            <f name="id" value="a_it_is_hard_work"/>
            <f name="intensity" value="medium"/>
            <f name="target-link" value="t_hard_work"/>
            <f name="attitude-type" value="arguing-pos"/>
        </fs>
    </a>
    <node xml:id="n115">
        <link targets="r246"/>
    </node>
    <a label="target" ref="n115" as="mpqa">
        <fs>
            <f name="id" value="t_hard_work"/>
        </fs>
    </a>
    <node xml:id="n116">
        <link targets="r248"/>
    </node>
    <a label="attitude" ref="n116" as="mpqa">
        <fs>
            <f name="inferred" value="yes"/>
            <f name="attitude-type" value="sentiment-pos"/>
            <f name="intensity" value="low-medium"/>
            <f name="id" value="a_hard_work"/>
            <f name="target-link" value="t_staff_et_al"/>
        </fs>
    </a>
    <node xml:id="n117">
        <link targets="r250"/>
    </node>
    <a label="target" ref="n117" as="mpqa">
        <fs>
            <f name="id" value="t_staff_et_al"/>
        </fs>
    </a>
    <node xml:id="n118">
        <link targets="r252"/>
    </node>
    <a label="expressive-subjectivity" ref="n118" as="mpqa">
        <fs>
            <f name="nested-source" value="w"/>
            <f name="polarity" value="positive"/>
            <f name="intensity" value="medium"/>
        </fs>
    </a>
    <node xml:id="n119">
        <link targets="r254"/>
    </node>
    <a label="agent" ref="n119" as="mpqa">
        <fs>
            <f name="id" value="staffer"/>
            <f name="nested-source" value="w,staffer"/>
        </fs>
    </a>
    <node xml:id="n12">
        <link targets="r26"/>
    </node>
    <a label="target" ref="n12" as="mpqa">
        <fs>
            <f name="id" value="t_he"/>
        </fs>
    </a>
    <node xml:id="n120">
        <link targets="r256"/>
    </node>
    <a label="objective-speech-event" ref="n120" as="mpqa">
        <fs>
            <f name="nested-source" value="w"/>
            <f name="attitude-link" value="a_welfare_recip"/>
            <f name="implicit" value="true"/>
        </fs>
    </a>
    <node xml:id="n121">
        <link targets="r258"/>
    </node>
    <a label="objective-speech-event" ref="n121" as="mpqa">
        <fs>
            <f name="objective-uncertain" value="somewhat-uncertain"/>
            <f name="nested-source" value="w,staffer"/>
        </fs>
    </a>
    <node xml:id="n122">
        <link targets="r260"/>
    </node>
    <a label="target" ref="n122" as="mpqa">
        <fs>
            <f name="id" value="t_welfare_recip"/>
        </fs>
    </a>
    <a label="attitude" ref="n122" as="mpqa">
        <fs>
            <f name="inferred" value="yes"/>
            <f name="attitude-type" value="sentiment-neg"/>
            <f name="intensity" value="low"/>
            <f name="id" value="a_welfare_recip"/>
            <f name="target-link" value="t_welfare_recip"/>
        </fs>
    </a>
    <a label="expressive-subjectivity" ref="n122" as="mpqa">
        <fs>
            <f name="nested-source" value="w"/>
            <f name="polarity" value="negative"/>
            <f name="intensity" value="low"/>
        </fs>
    </a>
    <node xml:id="n123">
        <link targets="r264"/>
    </node>
    <a label="attitude" ref="n123" as="mpqa">
        <fs>
            <f name="id" value="a_can_earn"/>
            <f name="intensity" value="medium"/>
            <f name="target-link" value="t_you"/>
            <f name="attitude-type" value="arguing-pos"/>
        </fs>
    </a>
    <node xml:id="n124">
        <link targets="r266"/>
    </node>
    <a label="target" ref="n124" as="mpqa">
        <fs>
            <f name="id" value="t_you"/>
        </fs>
    </a>
    <node xml:id="n125">
        <link targets="r268"/>
    </node>
    <a label="direct-subjective" ref="n125" as="mpqa">
        <fs>
            <f name="nested-source" value="w,staffer"/>
            <f name="polarity" value="positive"/>
            <f name="attitude-link" value="a_can_earn"/>
            <f name="expression-intensity" value="medium"/>
            <f name="intensity" value="medium"/>
        </fs>
    </a>
    <a label="objective-speech-event" ref="n125" as="mpqa">
        <fs>
            <f name="implicit" value="true"/>
            <f name="nested-source" value="w"/>
        </fs>
    </a>
    <node xml:id="n126">
        <link targets="r271"/>
    </node>
    <a label="agent" ref="n126" as="mpqa">
        <fs>
            <f name="nested-source" value="w,staffer"/>
        </fs>
    </a>
    <node xml:id="n127">
        <link targets="r273"/>
    </node>
    <a label="objective-speech-event" ref="n127" as="mpqa">
        <fs>
            <f name="nested-source" value="w,staffer"/>
        </fs>
    </a>
    <node xml:id="n128">
        <link targets="r275"/>
    </node>
    <a label="split" ref="n128" as="mpqa"/>
    <node xml:id="n129">
        <link targets="r277"/>
    </node>
    <a label="inside" ref="n129" as="mpqa">
        <fs>
            <f name="nested-source" value="w"/>
        </fs>
    </a>
    <node xml:id="n13">
        <link targets="r28"/>
    </node>
    <a label="direct-subjective" ref="n13" as="mpqa">
        <fs>
            <f name="nested-source" value="w"/>
            <f name="polarity" value="neutral"/>
            <f name="attitude-link" value="a_no_time"/>
            <f name="intensity" value="medium"/>
            <f name="implicit" value="true"/>
        </fs>
    </a>
    <node xml:id="n130">
        <link targets="r279"/>
    </node>
    <a label="attitude" ref="n130" as="mpqa">
        <fs>
            <f name="target-link" value="t_you_2"/>
            <f name="id" value="a_can_get"/>
            <f name="intensity" value="medium"/>
            <f name="attitude-type" value="arguing-pos"/>
        </fs>
    </a>
    <node xml:id="n131">
        <link targets="r281"/>
    </node>
    <a label="target" ref="n131" as="mpqa">
        <fs>
            <f name="id" value="t_you_2"/>
        </fs>
    </a>
    <node xml:id="n132">
        <link targets="r283"/>
    </node>
    <a label="objective-speech-event" ref="n132" as="mpqa">
        <fs>
            <f name="implicit" value="true"/>
            <f name="nested-source" value="w"/>
        </fs>
    </a>
    <a label="direct-subjective" ref="n132" as="mpqa">
        <fs>
            <f name="nested-source" value="w,staffer"/>
            <f name="polarity" value="positive"/>
            <f name="attitude-link" value="a_can_get,a_welfare"/>
            <f name="implicit" value="true"/>
            <f name="expression-intensity" value="medium"/>
            <f name="intensity" value="medium"/>
        </fs>
    </a>
    <node xml:id="n133">
        <link targets="r286"/>
    </node>
    <a label="target" ref="n133" as="mpqa">
        <fs>
            <f name="id" value="t_welfare"/>
        </fs>
    </a>
    <a label="attitude" ref="n133" as="mpqa">
        <fs>
            <f name="inferred" value="yes"/>
            <f name="attitude-type" value="sentiment-neg"/>
            <f name="intensity" value="low"/>
            <f name="id" value="a_welfare"/>
            <f name="target-link" value="t_welfare"/>
        </fs>
    </a>
    <node xml:id="n134">
        <link targets="r289"/>
    </node>
    <a label="split" ref="n134" as="mpqa"/>
    <node xml:id="n135">
        <link targets="r291"/>
    </node>
    <a label="inside" ref="n135" as="mpqa">
        <fs>
            <f name="nested-source" value="w"/>
        </fs>
    </a>
    <node xml:id="n136">
        <link targets="r293"/>
    </node>
    <a label="attitude" ref="n136" as="mpqa">
        <fs>
            <f name="attitude-uncertain" value="somewhat-uncertain"/>
            <f name="attitude-type" value="other-attitude"/>
            <f name="intensity" value="low-medium"/>
            <f name="target-link" value="t_you_can"/>
            <f name="id" value="a_know_2"/>
        </fs>
    </a>
    <node xml:id="n137">
        <link targets="r295"/>
    </node>
    <a label="agent" ref="n137" as="mpqa">
        <fs>
            <f name="id" value="i_staffer"/>
            <f name="nested-source" value="w,staffer,i_staffer"/>
        </fs>
    </a>
    <node xml:id="n138">
        <link targets="r297"/>
    </node>
    <a label="objective-speech-event" ref="n138" as="mpqa">
        <fs>
            <f name="implicit" value="true"/>
            <f name="nested-source" value="w"/>
        </fs>
    </a>
    <a label="direct-subjective" ref="n138" as="mpqa">
        <fs>
            <f name="nested-source" value="w,staffer"/>
            <f name="polarity" value="positive"/>
            <f name="attitude-link" value="a_know_2"/>
            <f name="expression-intensity" value="medium"/>
            <f name="intensity" value="medium"/>
            <f name="implicit" value="true"/>
        </fs>
    </a>
    <node xml:id="n139">
        <link targets="r300"/>
    </node>
    <a label="direct-subjective" ref="n139" as="mpqa">
        <fs>
            <f name="intensity" value="medium"/>
            <f name="expression-intensity" value="medium"/>
            <f name="polarity" value="positive"/>
            <f name="nested-source" value="w,staffer,i_staffer"/>
        </fs>
    </a>
    <node xml:id="n14">
        <link targets="r30"/>
    </node>
    <a label="expressive-subjectivity" ref="n14" as="mpqa">
        <fs>
            <f name="nested-source" value="w"/>
            <f name="polarity" value="neutral"/>
            <f name="intensity" value="medium"/>
        </fs>
    </a>
    <node xml:id="n140">
        <link targets="r302"/>
    </node>
    <a label="target" ref="n140" as="mpqa">
        <fs>
            <f name="id" value="t_you_can"/>
        </fs>
    </a>
    <node xml:id="n141">
        <link targets="r304"/>
    </node>
    <a label="split" ref="n141" as="mpqa"/>
    <node xml:id="n142">
        <link targets="r306"/>
    </node>
    <a label="inside" ref="n142" as="mpqa">
        <fs>
            <f name="nested-source" value="w"/>
        </fs>
    </a>
    <node xml:id="n143">
        <link targets="r308"/>
    </node>
    <a label="objective-speech-event" ref="n143" as="mpqa">
        <fs>
            <f name="implicit" value="true"/>
            <f name="nested-source" value="w"/>
        </fs>
    </a>
    <a label="objective-speech-event" ref="n143" as="mpqa">
        <fs>
            <f name="implicit" value="true"/>
            <f name="nested-source" value="w,staffer"/>
        </fs>
    </a>
    <node xml:id="n144">
        <link targets="r311"/>
    </node>
    <a label="split" ref="n144" as="mpqa"/>
    <node xml:id="n145">
        <link targets="r313"/>
    </node>
    <a label="inside" ref="n145" as="mpqa">
        <fs>
            <f name="nested-source" value="w"/>
        </fs>
    </a>
    <node xml:id="n146">
        <link targets="r315"/>
    </node>
    <a label="agent" ref="n146" as="mpqa">
        <fs>
            <f name="id" value="participant"/>
            <f name="nested-source" value="w,participant"/>
        </fs>
    </a>
    <node xml:id="n147">
        <link targets="r317"/>
    </node>
    <a label="objective-speech-event" ref="n147" as="mpqa">
        <fs>
            <f name="implicit" value="true"/>
            <f name="nested-source" value="w"/>
        </fs>
    </a>
    <node xml:id="n148">
        <link targets="r319"/>
    </node>
    <a label="attitude" ref="n148" as="mpqa">
        <fs>
            <f name="target-link" value="t_interview,t_to_share"/>
            <f name="id" value="a_rushes_back"/>
            <f name="intensity" value="high"/>
            <f name="attitude-type" value="sentiment-pos"/>
        </fs>
    </a>
    <a label="direct-subjective" ref="n148" as="mpqa">
        <fs>
            <f name="nested-source" value="w,participant"/>
            <f name="expression-intensity" value="high"/>
            <f name="annotation-uncertain" value="somewhat-uncertain"/>
            <f name="insubstantial" value="c2"/>
            <f name="attitude-link" value="a_rushes_back"/>
            <f name="polarity" value="positive"/>
            <f name="subjective-uncertain" value=""/>
            <f name="intensity" value="high"/>
        </fs>
    </a>
    <a label="expressive-subjectivity" ref="n148" as="mpqa">
        <fs>
            <f name="nested-source" value="w"/>
            <f name="polarity" value="positive"/>
            <f name="intensity" value="high"/>
        </fs>
    </a>
    <node xml:id="n149">
        <link targets="r323"/>
    </node>
    <a label="target" ref="n149" as="mpqa">
        <fs>
            <f name="id" value="t_interview"/>
        </fs>
    </a>
    <node xml:id="n15">
        <link targets="r32"/>
    </node>
    <a label="split" ref="n15" as="mpqa"/>
    <node xml:id="n150">
        <link targets="r325"/>
    </node>
    <a label="target" ref="n150" as="mpqa">
        <fs>
            <f name="id" value="t_to_share"/>
        </fs>
    </a>
    <node xml:id="n151">
        <link targets="r327"/>
    </node>
    <a label="objective-speech-event" ref="n151" as="mpqa">
        <fs>
            <f name="nested-source" value="w,participant"/>
        </fs>
    </a>
    <node xml:id="n152">
        <link targets="r329"/>
    </node>
    <a label="split" ref="n152" as="mpqa"/>
    <node xml:id="n153">
        <link targets="r331"/>
    </node>
    <a label="inside" ref="n153" as="mpqa">
        <fs>
            <f name="nested-source" value="w"/>
        </fs>
    </a>
    <node xml:id="n154">
        <link targets="r333"/>
    </node>
    <a label="expressive-subjectivity" ref="n154" as="mpqa">
        <fs>
            <f name="nested-source" value="w"/>
            <f name="polarity" value="positive"/>
            <f name="intensity" value="high"/>
        </fs>
    </a>
    <node xml:id="n155">
        <link targets="r335"/>
    </node>
    <a label="direct-subjective" ref="n155" as="mpqa">
        <fs>
            <f name="nested-source" value="w"/>
            <f name="subjective-uncertain" value="somewhat-uncertain"/>
            <f name="polarity" value="positive"/>
            <f name="attitude-link" value="a_first_in_five"/>
            <f name="implicit" value="true"/>
            <f name="intensity" value="medium"/>
        </fs>
    </a>
    <node xml:id="n156">
        <link targets="r337"/>
    </node>
    <a label="agent" ref="n156" as="mpqa">
        <fs>
            <f name="nested-source" value="w,participant"/>
        </fs>
    </a>
    <node xml:id="n157">
        <link targets="r339"/>
    </node>
    <a label="attitude" ref="n157" as="mpqa">
        <fs>
            <f name="id" value="a_tears"/>
            <f name="intensity" value="high"/>
            <f name="target-link" value="t_interview"/>
            <f name="attitude-type" value="sentiment-pos"/>
        </fs>
    </a>
    <a label="direct-subjective" ref="n157" as="mpqa">
        <fs>
            <f name="expression-intensity" value="high"/>
            <f name="annotation-uncertain" value="somewhat-uncertain"/>
            <f name="attitude-link" value="a_tears"/>
            <f name="insubstantial" value="c2"/>
            <f name="polarity" value="positive"/>
            <f name="intensity" value="high"/>
            <f name="nested-source" value="w,participant"/>
        </fs>
    </a>
    <node xml:id="n158">
        <link targets="r342"/>
    </node>
    <a label="agent" ref="n158" as="mpqa">
        <fs>
            <f name="id" value=""/>
            <f name="nested-source" value="w,participant"/>
        </fs>
    </a>
    <node xml:id="n159">
        <link targets="r344"/>
    </node>
    <a label="objective-speech-event" ref="n159" as="mpqa">
        <fs>
            <f name="nested-source" value="w,participant"/>
        </fs>
    </a>
    <node xml:id="n16">
        <link targets="r34"/>
    </node>
    <a label="inside" ref="n16" as="mpqa">
        <fs>
            <f name="nested-source" value="w"/>
        </fs>
    </a>
    <node xml:id="n160">
        <link targets="r346"/>
    </node>
    <a label="agent" ref="n160" as="mpqa">
        <fs>
            <f name="id" value="classmates"/>
            <f name="nested-source" value="w,classmates"/>
        </fs>
    </a>
    <node xml:id="n161">
        <link targets="r348"/>
    </node>
    <a label="objective-speech-event" ref="n161" as="mpqa">
        <fs>
            <f name="nested-source" value="w,classmates"/>
        </fs>
    </a>
    <node xml:id="n162">
        <link targets="r350"/>
    </node>
    <a label="objective-speech-event" ref="n162" as="mpqa">
        <fs>
            <f name="implicit" value="true"/>
            <f name="nested-source" value="w,participant"/>
        </fs>
    </a>
    <node xml:id="n163">
        <link targets="r352"/>
    </node>
    <a label="target" ref="n163" as="mpqa">
        <fs>
            <f name="id" value="t_job_offer"/>
        </fs>
    </a>
    <a label="objective-speech-event" ref="n163" as="mpqa">
        <fs>
            <f name="implicit" value="true"/>
            <f name="nested-source" value="w,implicit"/>
        </fs>
    </a>
    <node xml:id="n164">
        <link targets="r355"/>
    </node>
    <a label="attitude" ref="n164" as="mpqa">
        <fs>
            <f name="attitude-type" value="other-attitude"/>
            <f name="attitude-uncertain" value="somewhat-uncertain"/>
            <f name="target-link" value="t_job_offer"/>
            <f name="id" value="a_first_in_five"/>
            <f name="intensity" value="medium"/>
        </fs>
    </a>
    <a label="expressive-subjectivity" ref="n164" as="mpqa">
        <fs>
            <f name="intensity" value="low"/>
            <f name="es-uncertain" value="somewhat-uncertain"/>
            <f name="polarity" value="positive"/>
            <f name="nested-source" value="w"/>
        </fs>
    </a>
    <node xml:id="n165">
        <link targets="r358"/>
    </node>
    <a label="split" ref="n165" as="mpqa"/>
    <node xml:id="n166">
        <link targets="r360"/>
    </node>
    <a label="inside" ref="n166" as="mpqa">
        <fs>
            <f name="nested-source" value="w"/>
        </fs>
    </a>
    <node xml:id="n167">
        <link targets="r362"/>
    </node>
    <a label="objective-speech-event" ref="n167" as="mpqa">
        <fs>
            <f name="nested-source" value="w,staffer_2"/>
        </fs>
    </a>
    <node xml:id="n168">
        <link targets="r364"/>
    </node>
    <a label="objective-speech-event" ref="n168" as="mpqa">
        <fs>
            <f name="implicit" value="true"/>
            <f name="nested-source" value="w"/>
        </fs>
    </a>
    <node xml:id="n169">
        <link targets="r366"/>
    </node>
    <a label="agent" ref="n169" as="mpqa">
        <fs>
            <f name="id" value="staffer_2"/>
            <f name="nested-source" value="w,staffer_2"/>
        </fs>
    </a>
    <node xml:id="n17">
        <link targets="r36"/>
    </node>
    <a label="attitude" ref="n17" as="mpqa">
        <fs>
            <f name="id" value="a_no_time_2"/>
            <f name="target-link" value="t_we"/>
            <f name="intensity" value="high"/>
            <f name="attitude-type" value="arguing-neg"/>
        </fs>
    </a>
    <node xml:id="n170">
        <link targets="r368"/>
    </node>
    <a label="objective-speech-event" ref="n170" as="mpqa">
        <fs>
            <f name="nested-source" value="w,staffer_2"/>
        </fs>
    </a>
    <node xml:id="n171">
        <link targets="r370"/>
    </node>
    <a label="split" ref="n171" as="mpqa"/>
    <node xml:id="n172">
        <link targets="r372"/>
    </node>
    <a label="inside" ref="n172" as="mpqa">
        <fs>
            <f name="nested-source" value="w"/>
        </fs>
    </a>
    <node xml:id="n173">
        <link targets="r374"/>
    </node>
    <a label="objective-speech-event" ref="n173" as="mpqa">
        <fs>
            <f name="implicit" value="true"/>
            <f name="objective-uncertain" value="somewhat-uncertain"/>
            <f name="attitude-link" value="a_shares"/>
            <f name="nested-source" value="w"/>
        </fs>
    </a>
    <node xml:id="n174">
        <link targets="r376"/>
    </node>
    <a label="agent" ref="n174" as="mpqa">
        <fs>
            <f name="nested-source" value="w,staffer_2"/>
        </fs>
    </a>
    <node xml:id="n175">
        <link targets="r378"/>
    </node>
    <a label="expressive-subjectivity" ref="n175" as="mpqa">
        <fs>
            <f name="intensity" value="low"/>
            <f name="es-uncertain" value="somewhat-uncertain"/>
            <f name="polarity" value="positive"/>
            <f name="nested-source" value="w,staffer_2"/>
        </fs>
    </a>
    <node xml:id="n176">
        <link targets="r380"/>
    </node>
    <a label="attitude" ref="n176" as="mpqa">
        <fs>
            <f name="attitude-type" value="sentiment-pos"/>
            <f name="attitude-uncertain" value="somewhat-uncertain"/>
            <f name="target-link" value="t_story"/>
            <f name="id" value="a_shares"/>
            <f name="intensity" value="low"/>
        </fs>
    </a>
    <a label="objective-speech-event" ref="n176" as="mpqa">
        <fs>
            <f name="nested-source" value="w,staffer_2"/>
        </fs>
    </a>
    <node xml:id="n177">
        <link targets="r383"/>
    </node>
    <a label="target" ref="n177" as="mpqa">
        <fs>
            <f name="id" value="t_story"/>
        </fs>
    </a>
    <a label="objective-speech-event" ref="n177" as="mpqa">
        <fs>
            <f name="nested-source" value="w,staffer_2"/>
        </fs>
    </a>
    <node xml:id="n178">
        <link targets="r386"/>
    </node>
    <a label="split" ref="n178" as="mpqa"/>
    <node xml:id="n179">
        <link targets="r388"/>
    </node>
    <a label="inside" ref="n179" as="mpqa">
        <fs>
            <f name="nested-source" value="w"/>
        </fs>
    </a>
    <node xml:id="n18">
        <link targets="r38"/>
    </node>
    <a label="direct-subjective" ref="n18" as="mpqa">
        <fs>
            <f name="nested-source" value="w"/>
            <f name="polarity" value="neutral"/>
            <f name="attitude-link" value="a_no_time_2"/>
            <f name="intensity" value="medium"/>
            <f name="implicit" value="true"/>
        </fs>
    </a>
    <node xml:id="n180">
        <link targets="r390"/>
    </node>
    <a label="objective-speech-event" ref="n180" as="mpqa">
        <fs>
            <f name="implicit" value="true"/>
            <f name="nested-source" value="w"/>
        </fs>
    </a>
    <node xml:id="n181">
        <link targets="r392"/>
    </node>
    <a label="agent" ref="n181" as="mpqa">
        <fs>
            <f name="nested-source" value="w,staffer_2"/>
        </fs>
    </a>
    <node xml:id="n182">
        <link targets="r394"/>
    </node>
    <a label="objective-speech-event" ref="n182" as="mpqa">
        <fs>
            <f name="nested-source" value="w,staffer_2"/>
        </fs>
    </a>
    <node xml:id="n183">
        <link targets="r396"/>
    </node>
    <a label="split" ref="n183" as="mpqa"/>
    <node xml:id="n184">
        <link targets="r398"/>
    </node>
    <a label="inside" ref="n184" as="mpqa">
        <fs>
            <f name="nested-source" value="w"/>
        </fs>
    </a>
    <node xml:id="n185">
        <link targets="r400"/>
    </node>
    <a label="objective-speech-event" ref="n185" as="mpqa">
        <fs>
            <f name="implicit" value="true"/>
            <f name="objective-uncertain" value="somewhat-uncertain"/>
            <f name="attitude-link" value="a_serious"/>
            <f name="nested-source" value="w"/>
        </fs>
    </a>
    <node xml:id="n186">
        <link targets="r402"/>
    </node>
    <a label="agent" ref="n186" as="mpqa">
        <fs>
            <f name="id" value="man_with_disab"/>
            <f name="nested-source" value="w,man_with_disab"/>
        </fs>
    </a>
    <node xml:id="n187">
        <link targets="r404"/>
    </node>
    <a label="expressive-subjectivity" ref="n187" as="mpqa">
        <fs>
            <f name="intensity" value="high"/>
            <f name="es-uncertain" value="somewhat-uncertain"/>
            <f name="polarity" value="negative"/>
            <f name="nested-source" value="w"/>
        </fs>
    </a>
    <node xml:id="n188">
        <link targets="r406"/>
    </node>
    <a label="attitude" ref="n188" as="mpqa">
        <fs>
            <f name="attitude-type" value="sentiment-neg"/>
            <f name="attitude-uncertain" value="somewhat-uncertain"/>
            <f name="target-link" value="t_disabilities"/>
            <f name="id" value="a_serious"/>
            <f name="intensity" value="medium-high"/>
        </fs>
    </a>
    <node xml:id="n189">
        <link targets="r408"/>
    </node>
    <a label="target" ref="n189" as="mpqa">
        <fs>
            <f name="id" value="t_disabilities"/>
        </fs>
    </a>
    <node xml:id="n19">
        <link targets="r40"/>
    </node>
    <a label="target" ref="n19" as="mpqa">
        <fs>
            <f name="id" value="t_we"/>
        </fs>
    </a>
    <node xml:id="n190">
        <link targets="r410"/>
    </node>
    <a label="split" ref="n190" as="mpqa"/>
    <node xml:id="n191">
        <link targets="r412"/>
    </node>
    <a label="inside" ref="n191" as="mpqa">
        <fs>
            <f name="nested-source" value="w"/>
        </fs>
    </a>
    <node xml:id="n192">
        <link targets="r414"/>
    </node>
    <a label="objective-speech-event" ref="n192" as="mpqa">
        <fs>
            <f name="implicit" value="true"/>
            <f name="nested-source" value="w"/>
        </fs>
    </a>
    <node xml:id="n193">
        <link targets="r416"/>
    </node>
    <a label="split" ref="n193" as="mpqa"/>
    <node xml:id="n194">
        <link targets="r418"/>
    </node>
    <a label="inside" ref="n194" as="mpqa">
        <fs>
            <f name="nested-source" value="w"/>
        </fs>
    </a>
    <node xml:id="n195">
        <link targets="r420"/>
    </node>
    <a label="direct-subjective" ref="n195" as="mpqa">
        <fs>
            <f name="nested-source" value="w"/>
            <f name="polarity" value="positive"/>
            <f name="attitude-link" value="a_payoff"/>
            <f name="implicit" value="true"/>
            <f name="intensity" value="medium"/>
        </fs>
    </a>
    <node xml:id="n196">
        <link targets="r422"/>
    </node>
    <a label="target" ref="n196" as="mpqa">
        <fs>
            <f name="id" value="t_your_support_2"/>
        </fs>
    </a>
    <node xml:id="n197">
        <link targets="r424"/>
    </node>
    <a label="attitude" ref="n197" as="mpqa">
        <fs>
            <f name="target-link" value="t_your_support_2"/>
            <f name="id" value="a_payoff"/>
            <f name="intensity" value="medium"/>
            <f name="attitude-type" value="sentiment-pos"/>
        </fs>
    </a>
    <a label="expressive-subjectivity" ref="n197" as="mpqa">
        <fs>
            <f name="nested-source" value="w"/>
            <f name="polarity" value="positive"/>
            <f name="intensity" value="medium"/>
        </fs>
    </a>
    <node xml:id="n198">
        <link targets="r427"/>
    </node>
    <a label="split" ref="n198" as="mpqa"/>
    <node xml:id="n199">
        <link targets="r429"/>
    </node>
    <a label="inside" ref="n199" as="mpqa">
        <fs>
            <f name="nested-source" value="w"/>
        </fs>
    </a>
    <node xml:id="n2">
        <link targets="r6"/>
    </node>
    <a label="split" ref="n2" as="mpqa"/>
    <node xml:id="n20">
        <link targets="r42"/>
    </node>
    <a label="split" ref="n20" as="mpqa"/>
    <node xml:id="n200">
        <link targets="r431"/>
    </node>
    <a label="target" ref="n200" as="mpqa">
        <fs>
            <f name="id" value="t_he_2"/>
        </fs>
    </a>
    <a label="agent" ref="n200" as="mpqa">
        <fs>
            <f name="nested-source" value="w,man_with_disab"/>
        </fs>
    </a>
    <node xml:id="n201">
        <link targets="r434"/>
    </node>
    <a label="direct-subjective" ref="n201" as="mpqa">
        <fs>
            <f name="nested-source" value="w"/>
            <f name="subjective-uncertain" value="somewhat-uncertain"/>
            <f name="polarity" value="positive"/>
            <f name="attitude-link" value="a_support_himself"/>
            <f name="implicit" value="true"/>
            <f name="intensity" value="medium"/>
        </fs>
    </a>
    <node xml:id="n202">
        <link targets="r436"/>
    </node>
    <a label="attitude" ref="n202" as="mpqa">
        <fs>
            <f name="id" value="a_proudly"/>
            <f name="intensity" value="medium-high"/>
            <f name="target-link" value="t_he_2"/>
            <f name="attitude-type" value="sentiment-pos"/>
        </fs>
    </a>
    <a label="direct-subjective" ref="n202" as="mpqa">
        <fs>
            <f name="nested-source" value="w,man_with_disab"/>
            <f name="polarity" value="positive"/>
            <f name="attitude-link" value="a_proudly"/>
            <f name="expression-intensity" value="medium"/>
            <f name="intensity" value="medium"/>
        </fs>
    </a>
    <node xml:id="n203">
        <link targets="r439"/>
    </node>
    <a label="attitude" ref="n203" as="mpqa">
        <fs>
            <f name="inferred" value="yes"/>
            <f name="attitude-type" value="sentiment-pos"/>
            <f name="target-link" value="t_he_2"/>
            <f name="id" value="a_support_himself"/>
            <f name="intensity" value="low-medium"/>
        </fs>
    </a>
    <a label="expressive-subjectivity" ref="n203" as="mpqa">
        <fs>
            <f name="nested-source" value="w"/>
            <f name="polarity" value="positive"/>
            <f name="intensity" value="medium"/>
        </fs>
    </a>
    <node xml:id="n204">
        <link targets="r442"/>
    </node>
    <a label="split" ref="n204" as="mpqa"/>
    <node xml:id="n205">
        <link targets="r444"/>
    </node>
    <a label="inside" ref="n205" as="mpqa">
        <fs>
            <f name="nested-source" value="w"/>
        </fs>
    </a>
    <node xml:id="n206">
        <link targets="r446"/>
    </node>
    <a label="objective-speech-event" ref="n206" as="mpqa">
        <fs>
            <f name="implicit" value="true"/>
            <f name="nested-source" value="w"/>
        </fs>
    </a>
    <node xml:id="n207">
        <link targets="r448"/>
    </node>
    <a label="split" ref="n207" as="mpqa"/>
    <node xml:id="n208">
        <link targets="r450"/>
    </node>
    <a label="inside" ref="n208" as="mpqa">
        <fs>
            <f name="nested-source" value="w"/>
        </fs>
    </a>
    <node xml:id="n209">
        <link targets="r452"/>
    </node>
    <a label="attitude" ref="n209" as="mpqa">
        <fs>
            <f name="repetition" value="yes"/>
            <f name="inferred" value="yes"/>
            <f name="attitude-type" value="sentiment-pos"/>
            <f name="target-link" value="t_goodwill_3"/>
            <f name="id" value="a_earned"/>
            <f name="intensity" value="medium-high"/>
        </fs>
    </a>
    <a label="expressive-subjectivity" ref="n209" as="mpqa">
        <fs>
            <f name="nested-source" value="w"/>
            <f name="polarity" value="positive"/>
            <f name="intensity" value="medium"/>
        </fs>
    </a>
    <node xml:id="n21">
        <link targets="r44"/>
    </node>
    <a label="inside" ref="n21" as="mpqa">
        <fs>
            <f name="nested-source" value="w"/>
        </fs>
    </a>
    <node xml:id="n210">
        <link targets="r455"/>
    </node>
    <a label="direct-subjective" ref="n210" as="mpqa">
        <fs>
            <f name="nested-source" value="w"/>
            <f name="polarity" value="positive"/>
            <f name="subjective-uncertain" value="somewhat-uncertain"/>
            <f name="attitude-link" value="a_earned"/>
            <f name="intensity" value="medium"/>
            <f name="implicit" value="true"/>
        </fs>
    </a>
    <node xml:id="n211">
        <link targets="r457"/>
    </node>
    <a label="attitude" ref="n211" as="mpqa">
        <fs>
            <f name="target-link" value="t_goodwill_3"/>
            <f name="id" value="a_respect"/>
            <f name="intensity" value="medium"/>
            <f name="attitude-type" value="sentiment-pos"/>
        </fs>
    </a>
    <a label="direct-subjective" ref="n211" as="mpqa">
        <fs>
            <f name="nested-source" value="w,usnews"/>
            <f name="polarity" value="positive"/>
            <f name="attitude-link" value="a_respect"/>
            <f name="intensity" value="medium"/>
            <f name="expression-intensity" value="medium"/>
        </fs>
    </a>
    <node xml:id="n212">
        <link targets="r460"/>
    </node>
    <a label="target" ref="n212" as="mpqa">
        <fs>
            <f name="id" value="t_goodwill_3"/>
        </fs>
    </a>
    <node xml:id="n213">
        <link targets="r462"/>
    </node>
    <a label="agent" ref="n213" as="mpqa">
        <fs>
            <f name="nested-source" value="w,usnews"/>
        </fs>
    </a>
    <node xml:id="n214">
        <link targets="r464"/>
    </node>
    <a label="split" ref="n214" as="mpqa"/>
    <node xml:id="n215">
        <link targets="r466"/>
    </node>
    <a label="inside" ref="n215" as="mpqa">
        <fs>
            <f name="nested-source" value="w"/>
        </fs>
    </a>
    <node xml:id="n216">
        <link targets="r468"/>
    </node>
    <a label="attitude" ref="n216" as="mpqa">
        <fs>
            <f name="repetition" value="yes"/>
            <f name="inferred" value="yes"/>
            <f name="attitude-type" value="sentiment-pos"/>
            <f name="id" value="a_impact"/>
            <f name="target-link" value="t_goodwill_4"/>
            <f name="intensity" value="medium"/>
        </fs>
    </a>
    <a label="expressive-subjectivity" ref="n216" as="mpqa">
        <fs>
            <f name="nested-source" value="w"/>
            <f name="polarity" value="positive"/>
            <f name="intensity" value="medium"/>
        </fs>
    </a>
    <node xml:id="n217">
        <link targets="r471"/>
    </node>
    <a label="direct-subjective" ref="n217" as="mpqa">
        <fs>
            <f name="nested-source" value="w"/>
            <f name="subjective-uncertain" value="somewhat-uncertain"/>
            <f name="polarity" value="positive"/>
            <f name="attitude-link" value="a_impact"/>
            <f name="intensity" value="medium"/>
            <f name="implicit" value="true"/>
        </fs>
    </a>
    <node xml:id="n218">
        <link targets="r473"/>
    </node>
    <a label="target" ref="n218" as="mpqa">
        <fs>
            <f name="id" value="t_goodwill_4"/>
        </fs>
    </a>
    <node xml:id="n219">
        <link targets="r475"/>
    </node>
    <a label="split" ref="n219" as="mpqa"/>
    <node xml:id="n22">
        <link targets="r46"/>
    </node>
    <a label="direct-subjective" ref="n22" as="mpqa">
        <fs>
            <f name="nested-source" value="w"/>
            <f name="polarity" value="positive"/>
            <f name="attitude-link" value="a_friends,a_has_adapted"/>
            <f name="intensity" value="medium"/>
            <f name="implicit" value="true"/>
        </fs>
    </a>
    <node xml:id="n220">
        <link targets="r477"/>
    </node>
    <a label="inside" ref="n220" as="mpqa">
        <fs>
            <f name="nested-source" value="w"/>
        </fs>
    </a>
    <node xml:id="n221">
        <link targets="r479"/>
    </node>
    <a label="attitude" ref="n221" as="mpqa">
        <fs>
            <f name="repetition" value="yes"/>
            <f name="inferred" value="yes"/>
            <f name="attitude-type" value="sentiment-pos"/>
            <f name="target-link" value="t_goodwill_4"/>
            <f name="id" value="a_real_work"/>
            <f name="intensity" value="high"/>
        </fs>
    </a>
    <a label="expressive-subjectivity" ref="n221" as="mpqa">
        <fs>
            <f name="nested-source" value="w"/>
            <f name="polarity" value="positive"/>
            <f name="intensity" value="medium"/>
        </fs>
    </a>
    <node xml:id="n222">
        <link targets="r482"/>
    </node>
    <a label="direct-subjective" ref="n222" as="mpqa">
        <fs>
            <f name="nested-source" value="w"/>
            <f name="polarity" value="positive"/>
            <f name="attitude-link" value="a_real_work"/>
            <f name="implicit" value="true"/>
            <f name="intensity" value="medium"/>
        </fs>
    </a>
    <node xml:id="n223">
        <link targets="r484"/>
    </node>
    <a label="split" ref="n223" as="mpqa"/>
    <node xml:id="n224">
        <link targets="r486"/>
    </node>
    <a label="inside" ref="n224" as="mpqa">
        <fs>
            <f name="nested-source" value="w"/>
        </fs>
    </a>
    <node xml:id="n225">
        <link targets="r488"/>
    </node>
    <a label="attitude" ref="n225" as="mpqa">
        <fs>
            <f name="repetition" value="yes"/>
            <f name="inferred" value="yes"/>
            <f name="attitude-type" value="sentiment-pos"/>
            <f name="target-link" value="t_goodwill_4"/>
            <f name="id" value="a_real_results"/>
            <f name="intensity" value="high"/>
        </fs>
    </a>
    <a label="expressive-subjectivity" ref="n225" as="mpqa">
        <fs>
            <f name="nested-source" value="w"/>
            <f name="polarity" value="positive"/>
            <f name="intensity" value="medium"/>
        </fs>
    </a>
    <node xml:id="n226">
        <link targets="r491"/>
    </node>
    <a label="direct-subjective" ref="n226" as="mpqa">
        <fs>
            <f name="nested-source" value="w"/>
            <f name="polarity" value="positive"/>
            <f name="attitude-link" value="a_real_results"/>
            <f name="implicit" value="true"/>
            <f name="intensity" value="medium"/>
        </fs>
    </a>
    <node xml:id="n227">
        <link targets="r493"/>
    </node>
    <a label="split" ref="n227" as="mpqa"/>
    <node xml:id="n228">
        <link targets="r495"/>
    </node>
    <a label="inside" ref="n228" as="mpqa">
        <fs>
            <f name="nested-source" value="w"/>
        </fs>
    </a>
    <node xml:id="n229">
        <link targets="r497"/>
    </node>
    <a label="attitude" ref="n229" as="mpqa">
        <fs>
            <f name="repetition" value="yes"/>
            <f name="inferred" value="yes"/>
            <f name="attitude-type" value="sentiment-pos"/>
            <f name="target-link" value="t_goodwill_4"/>
            <f name="id" value="a_real_difference"/>
            <f name="intensity" value="high"/>
        </fs>
    </a>
    <node xml:id="n23">
        <link targets="r48"/>
    </node>
    <a label="expressive-subjectivity" ref="n23" as="mpqa">
        <fs>
            <f name="nested-source" value="w"/>
            <f name="polarity" value="positive"/>
            <f name="intensity" value="medium"/>
        </fs>
    </a>
    <a label="attitude" ref="n23" as="mpqa">
        <fs>
            <f name="target-link" value="t_you"/>
            <f name="id" value="a_friends"/>
            <f name="intensity" value="medium"/>
            <f name="attitude-type" value="sentiment-pos"/>
        </fs>
    </a>
    <node xml:id="n230">
        <link targets="r499"/>
    </node>
    <a label="expressive-subjectivity" ref="n230" as="mpqa">
        <fs>
            <f name="nested-source" value="w"/>
            <f name="polarity" value="positive"/>
            <f name="intensity" value="medium"/>
        </fs>
    </a>
    <node xml:id="n231">
        <link targets="r501"/>
    </node>
    <a label="direct-subjective" ref="n231" as="mpqa">
        <fs>
            <f name="nested-source" value="w"/>
            <f name="polarity" value="positive"/>
            <f name="attitude-link" value="a_real_difference"/>
            <f name="implicit" value="true"/>
            <f name="intensity" value="medium"/>
        </fs>
    </a>
    <node xml:id="n232">
        <link targets="r503"/>
    </node>
    <a label="expressive-subjectivity" ref="n232" as="mpqa">
        <fs>
            <f name="nested-source" value="w"/>
            <f name="polarity" value="positive"/>
            <f name="intensity" value="medium"/>
        </fs>
    </a>
    <node xml:id="n233">
        <link targets="r505"/>
    </node>
    <a label="split" ref="n233" as="mpqa"/>
    <node xml:id="n234">
        <link targets="r507"/>
    </node>
    <a label="inside" ref="n234" as="mpqa">
        <fs>
            <f name="nested-source" value="w"/>
        </fs>
    </a>
    <node xml:id="n235">
        <link targets="r509"/>
    </node>
    <a label="attitude" ref="n235" as="mpqa">
        <fs>
            <f name="attitude-type" value="arguing-neg"/>
            <f name="id" value="a_no_time_to_waste"/>
            <f name="intensity" value="high"/>
        </fs>
    </a>
    <node xml:id="n236">
        <link targets="r511"/>
    </node>
    <a label="direct-subjective" ref="n236" as="mpqa">
        <fs>
            <f name="nested-source" value="w"/>
            <f name="polarity" value="neutral"/>
            <f name="attitude-link" value="a_no_time_to_waste"/>
            <f name="implicit" value="true"/>
            <f name="intensity" value="high"/>
        </fs>
    </a>
    <node xml:id="n237">
        <link targets="r513"/>
    </node>
    <a label="expressive-subjectivity" ref="n237" as="mpqa">
        <fs>
            <f name="nested-source" value="w"/>
            <f name="polarity" value="both"/>
            <f name="intensity" value="high"/>
        </fs>
    </a>
    <node xml:id="n238">
        <link targets="r515"/>
    </node>
    <a label="split" ref="n238" as="mpqa"/>
    <node xml:id="n239">
        <link targets="r517"/>
    </node>
    <a label="inside" ref="n239" as="mpqa">
        <fs>
            <f name="nested-source" value="w"/>
        </fs>
    </a>
    <node xml:id="n24">
        <link targets="r51"/>
    </node>
    <a label="target" ref="n24" as="mpqa">
        <fs>
            <f name="id" value="t_you"/>
        </fs>
    </a>
    <node xml:id="n240">
        <link targets="r519"/>
    </node>
    <a label="direct-subjective" ref="n240" as="mpqa">
        <fs>
            <f name="nested-source" value="w"/>
            <f name="polarity" value="neutral"/>
            <f name="attitude-link" value="a_positive_results"/>
            <f name="implicit" value="true"/>
            <f name="intensity" value="high"/>
        </fs>
    </a>
    <node xml:id="n241">
        <link targets="r521"/>
    </node>
    <a label="attitude" ref="n241" as="mpqa">
        <fs>
            <f name="target-link" value="t_their_success"/>
            <f name="id" value="a_positive_results"/>
            <f name="intensity" value="medium"/>
            <f name="attitude-type" value="sentiment-pos"/>
        </fs>
    </a>
    <a label="expressive-subjectivity" ref="n241" as="mpqa">
        <fs>
            <f name="nested-source" value="w"/>
            <f name="polarity" value="positive"/>
            <f name="intensity" value="medium"/>
        </fs>
    </a>
    <node xml:id="n242">
        <link targets="r524"/>
    </node>
    <a label="target" ref="n242" as="mpqa">
        <fs>
            <f name="id" value="t_their_success"/>
        </fs>
    </a>
    <node xml:id="n243">
        <link targets="r526"/>
    </node>
    <a label="split" ref="n243" as="mpqa"/>
    <node xml:id="n244">
        <link targets="r528"/>
    </node>
    <a label="inside" ref="n244" as="mpqa">
        <fs>
            <f name="nested-source" value="w"/>
        </fs>
    </a>
    <node xml:id="n245">
        <link targets="r530"/>
    </node>
    <a label="attitude" ref="n245" as="mpqa">
        <fs>
            <f name="target-link" value="t_your_support_3"/>
            <f name="id" value="a_helps_provide"/>
            <f name="intensity" value="medium"/>
            <f name="attitude-type" value="arguing-pos"/>
        </fs>
    </a>
    <node xml:id="n246">
        <link targets="r532"/>
    </node>
    <a label="target" ref="n246" as="mpqa">
        <fs>
            <f name="id" value="t_your_support_3"/>
        </fs>
    </a>
    <node xml:id="n247">
        <link targets="r534"/>
    </node>
    <a label="direct-subjective" ref="n247" as="mpqa">
        <fs>
            <f name="nested-source" value="w"/>
            <f name="polarity" value="positive"/>
            <f name="attitude-link" value="a_helps_provide,a_real_solutions"/>
            <f name="implicit" value="true"/>
            <f name="intensity" value="medium"/>
        </fs>
    </a>
    <node xml:id="n248">
        <link targets="r536"/>
    </node>
    <a label="attitude" ref="n248" as="mpqa">
        <fs>
            <f name="id" value="a_real_solutions"/>
            <f name="intensity" value="medium"/>
            <f name="target-link" value="t_your_support_3"/>
            <f name="attitude-type" value="sentiment-pos"/>
        </fs>
    </a>
    <a label="expressive-subjectivity" ref="n248" as="mpqa">
        <fs>
            <f name="nested-source" value="w"/>
            <f name="polarity" value="positive"/>
            <f name="intensity" value="medium"/>
        </fs>
    </a>
    <node xml:id="n249">
        <link targets="r539"/>
    </node>
    <a label="split" ref="n249" as="mpqa"/>
    <node xml:id="n25">
        <link targets="r53"/>
    </node>
    <a label="target" ref="n25" as="mpqa">
        <fs>
            <f name="id" value="t_goodwill"/>
        </fs>
    </a>
    <node xml:id="n250">
        <link targets="r541"/>
    </node>
    <a label="inside" ref="n250" as="mpqa">
        <fs>
            <f name="nested-source" value="w"/>
        </fs>
    </a>
    <node xml:id="n251">
        <link targets="r543"/>
    </node>
    <a label="attitude" ref="n251" as="mpqa">
        <fs>
            <f name="attitude-type" value="arguing-pos"/>
            <f name="id" value="a_please_give"/>
            <f name="intensity" value="medium"/>
        </fs>
    </a>
    <node xml:id="n252">
        <link targets="r545"/>
    </node>
    <a label="direct-subjective" ref="n252" as="mpqa">
        <fs>
            <f name="nested-source" value="w"/>
            <f name="subjective-uncertain" value="somewhat-uncertain"/>
            <f name="polarity" value="neutral"/>
            <f name="attitude-link" value="a_please_give,a_generously"/>
            <f name="intensity" value="medium"/>
            <f name="implicit" value="true"/>
        </fs>
    </a>
    <node xml:id="n253">
        <link targets="r547"/>
    </node>
    <a label="expressive-subjectivity" ref="n253" as="mpqa">
        <fs>
            <f name="nested-source" value="w"/>
            <f name="polarity" value="positive"/>
            <f name="intensity" value="medium"/>
        </fs>
    </a>
    <node xml:id="n254">
        <link targets="r549"/>
    </node>
    <a label="attitude" ref="n254" as="mpqa">
        <fs>
            <f name="id" value="a_generously"/>
            <f name="intensity" value="medium"/>
            <f name="attitude-type" value="sentiment-pos"/>
            <f name="inferred" value="yes"/>
        </fs>
    </a>
    <node xml:id="n255">
        <link targets="r551"/>
    </node>
    <a label="split" ref="n255" as="mpqa"/>
    <node xml:id="n256">
        <link targets="r553"/>
    </node>
    <a label="inside" ref="n256" as="mpqa">
        <fs>
            <f name="nested-source" value="w"/>
        </fs>
    </a>
    <node xml:id="n257">
        <link targets="r555"/>
    </node>
    <a label="attitude" ref="n257" as="mpqa">
        <fs>
            <f name="intensity" value="medium"/>
            <f name="id" value="a_sincerely"/>
            <f name="attitude-type" value="other-attitude"/>
            <f name="attitude-uncertain" value="somewhat-uncertain"/>
        </fs>
    </a>
    <a label="expressive-subjectivity" ref="n257" as="mpqa">
        <fs>
            <f name="nested-source" value="w"/>
            <f name="polarity" value="neutral"/>
            <f name="intensity" value="low"/>
        </fs>
    </a>
    <node xml:id="n258">
        <link targets="r558"/>
    </node>
    <a label="direct-subjective" ref="n258" as="mpqa">
        <fs>
            <f name="expression-intensity" value="low"/>
            <f name="attitude-link" value="a_sincerely"/>
            <f name="subjective-uncertain" value="somewhat-uncertain"/>
            <f name="polarity" value="neutral"/>
            <f name="implicit" value="true"/>
            <f name="intensity" value="low"/>
            <f name="nested-source" value="w"/>
        </fs>
    </a>
    <node xml:id="n259">
        <link targets="r560"/>
    </node>
    <a label="split" ref="n259" as="mpqa"/>
    <node xml:id="n26">
        <link targets="r55"/>
    </node>
    <a label="attitude" ref="n26" as="mpqa">
        <fs>
            <f name="inferred" value="yes"/>
            <f name="attitude-type" value="sentiment-pos"/>
            <f name="intensity" value="medium"/>
            <f name="target-link" value="t_goodwill"/>
            <f name="id" value="a_has_adapted"/>
        </fs>
    </a>
    <node xml:id="n260">
        <link targets="r562"/>
    </node>
    <a label="inside" ref="n260" as="mpqa">
        <fs>
            <f name="nested-source" value="w"/>
        </fs>
    </a>
    <node xml:id="n261">
        <link targets="r564"/>
    </node>
    <a label="objective-speech-event" ref="n261" as="mpqa">
        <fs>
            <f name="implicit" value="true"/>
            <f name="nested-source" value="w"/>
        </fs>
    </a>
    <node xml:id="n262">
        <link targets="r566"/>
    </node>
    <a label="split" ref="n262" as="mpqa"/>
    <node xml:id="n263">
        <link targets="r568"/>
    </node>
    <a label="split" ref="n263" as="mpqa"/>
    <node xml:id="n27">
        <link targets="r57"/>
    </node>
    <a label="split" ref="n27" as="mpqa"/>
    <node xml:id="n28">
        <link targets="r59"/>
    </node>
    <a label="inside" ref="n28" as="mpqa">
        <fs>
            <f name="nested-source" value="w"/>
        </fs>
    </a>
    <node xml:id="n29">
        <link targets="r61"/>
    </node>
    <a label="expressive-subjectivity" ref="n29" as="mpqa">
        <fs>
            <f name="nested-source" value="w"/>
            <f name="polarity" value="positive"/>
            <f name="intensity" value="medium"/>
        </fs>
    </a>
    <a label="attitude" ref="n29" as="mpqa">
        <fs>
            <f name="id" value="a_dont_wast_time"/>
            <f name="target-link" value="t_we_2"/>
            <f name="intensity" value="medium-high"/>
            <f name="attitude-type" value="arguing-neg"/>
        </fs>
    </a>
    <a label="attitude" ref="n29" as="mpqa">
        <fs>
            <f name="inferred" value="yes"/>
            <f name="attitude-type" value="sentiment-pos"/>
            <f name="target-link" value="t_we_2"/>
            <f name="intensity" value="medium-high"/>
            <f name="id" value="a_dont_wast_time_2"/>
        </fs>
    </a>
    <node xml:id="n3">
        <link targets="r8"/>
    </node>
    <a label="inside" ref="n3" as="mpqa">
        <fs>
            <f name="nested-source" value="w"/>
        </fs>
    </a>
    <node xml:id="n30">
        <link targets="r65"/>
    </node>
    <a label="target" ref="n30" as="mpqa">
        <fs>
            <f name="id" value="t_we_2"/>
        </fs>
    </a>
    <node xml:id="n31">
        <link targets="r67"/>
    </node>
    <a label="direct-subjective" ref="n31" as="mpqa">
        <fs>
            <f name="nested-source" value="w"/>
            <f name="polarity" value="positive"/>
            <f name="attitude-link" value="a_dont_wast_time,a_dont_wast_time_2"/>
            <f name="intensity" value="medium"/>
            <f name="implicit" value="true"/>
        </fs>
    </a>
    <node xml:id="n32">
        <link targets="r69"/>
    </node>
    <a label="split" ref="n32" as="mpqa"/>
    <node xml:id="n33">
        <link targets="r71"/>
    </node>
    <a label="inside" ref="n33" as="mpqa">
        <fs>
            <f name="nested-source" value="w"/>
        </fs>
    </a>
    <node xml:id="n34">
        <link targets="r73"/>
    </node>
    <a label="direct-subjective" ref="n34" as="mpqa">
        <fs>
            <f name="nested-source" value="w"/>
            <f name="polarity" value="positive"/>
            <f name="attitude-link" value="a_dont_waste_money,a_dont_waste_money_2"/>
            <f name="intensity" value="medium"/>
            <f name="implicit" value="true"/>
        </fs>
    </a>
    <node xml:id="n35">
        <link targets="r75"/>
    </node>
    <a label="attitude" ref="n35" as="mpqa">
        <fs>
            <f name="repetition" value="yes"/>
            <f name="attitude-type" value="arguing-neg"/>
            <f name="intensity" value="medium-high"/>
            <f name="target-link" value="t_we_3"/>
            <f name="id" value="a_dont_waste_money"/>
        </fs>
    </a>
    <node xml:id="n36">
        <link targets="r77"/>
    </node>
    <a label="attitude" ref="n36" as="mpqa">
        <fs>
            <f name="repetition" value="yes"/>
            <f name="inferred" value="yes"/>
            <f name="attitude-type" value="sentiment-pos"/>
            <f name="intensity" value="medium-high"/>
            <f name="id" value="a_dont_waste_money_2"/>
            <f name="target-link" value="t_we_3"/>
        </fs>
    </a>
    <a label="expressive-subjectivity" ref="n36" as="mpqa">
        <fs>
            <f name="nested-source" value="w"/>
            <f name="polarity" value="positive"/>
            <f name="intensity" value="medium"/>
        </fs>
    </a>
    <node xml:id="n37">
        <link targets="r80"/>
    </node>
    <a label="target" ref="n37" as="mpqa">
        <fs>
            <f name="id" value="t_we_3"/>
        </fs>
    </a>
    <node xml:id="n38">
        <link targets="r82"/>
    </node>
    <a label="split" ref="n38" as="mpqa"/>
    <node xml:id="n39">
        <link targets="r84"/>
    </node>
    <a label="inside" ref="n39" as="mpqa">
        <fs>
            <f name="nested-source" value="w"/>
        </fs>
    </a>
    <node xml:id="n4">
        <link targets="r10"/>
    </node>
    <a label="objective-speech-event" ref="n4" as="mpqa">
        <fs>
            <f name="implicit" value="true"/>
            <f name="nested-source" value="w"/>
        </fs>
    </a>
    <node xml:id="n40">
        <link targets="r86"/>
    </node>
    <a label="target" ref="n40" as="mpqa">
        <fs>
            <f name="id" value="t_gift"/>
        </fs>
    </a>
    <node xml:id="n41">
        <link targets="r88"/>
    </node>
    <a label="direct-subjective" ref="n41" as="mpqa">
        <fs>
            <f name="nested-source" value="w"/>
            <f name="polarity" value="neutral"/>
            <f name="attitude-link" value="a_will_be_used"/>
            <f name="annotation-uncertain" value=""/>
            <f name="intensity" value="medium"/>
            <f name="implicit" value="true"/>
        </fs>
    </a>
    <node xml:id="n42">
        <link targets="r90"/>
    </node>
    <a label="agent" ref="n42" as="mpqa">
        <fs>
            <f name="id" value="i"/>
            <f name="nested-source" value="w,i"/>
        </fs>
    </a>
    <node xml:id="n43">
        <link targets="r92"/>
    </node>
    <a label="direct-subjective" ref="n43" as="mpqa">
        <fs>
            <f name="nested-source" value="w,i"/>
            <f name="polarity" value="neutral"/>
            <f name="attitude-link" value="a_asking,a_to_make"/>
            <f name="expression-intensity" value="medium"/>
            <f name="intensity" value="medium"/>
        </fs>
    </a>
    <a label="attitude" ref="n43" as="mpqa">
        <fs>
            <f name="attitude-uncertain" value="somewhat-uncertain"/>
            <f name="attitude-type" value="sentiment-pos"/>
            <f name="intensity" value="medium"/>
            <f name="id" value="a_asking"/>
            <f name="target-link" value="t_you"/>
        </fs>
    </a>
    <node xml:id="n44">
        <link targets="r95"/>
    </node>
    <a label="target" ref="n44" as="mpqa">
        <fs>
            <f name="id" value="t_you"/>
        </fs>
    </a>
    <node xml:id="n45">
        <link targets="r97"/>
    </node>
    <a label="attitude" ref="n45" as="mpqa">
        <fs>
            <f name="attitude-uncertain" value="very-uncertain"/>
            <f name="attitude-type" value="intention-pos"/>
            <f name="intensity" value="medium"/>
            <f name="id" value="a_to_make"/>
            <f name="target-link" value="t_gift"/>
        </fs>
    </a>
    <node xml:id="n46">
        <link targets="r99"/>
    </node>
    <a label="attitude" ref="n46" as="mpqa">
        <fs>
            <f name="target-link" value="t_gift"/>
            <f name="id" value="a_will_be_used"/>
            <f name="intensity" value="medium"/>
            <f name="attitude-type" value="intention-pos"/>
        </fs>
    </a>
    <node xml:id="n47">
        <link targets="r101"/>
    </node>
    <a label="expressive-subjectivity" ref="n47" as="mpqa">
        <fs>
            <f name="nested-source" value="w"/>
            <f name="polarity" value="neutral"/>
            <f name="intensity" value="medium"/>
        </fs>
    </a>
    <node xml:id="n48">
        <link targets="r103"/>
    </node>
    <a label="split" ref="n48" as="mpqa"/>
    <node xml:id="n49">
        <link targets="r105"/>
    </node>
    <a label="inside" ref="n49" as="mpqa">
        <fs>
            <f name="nested-source" value="w"/>
        </fs>
    </a>
    <node xml:id="n5">
        <link targets="r12"/>
    </node>
    <a label="split" ref="n5" as="mpqa"/>
    <node xml:id="n50">
        <link targets="r107"/>
    </node>
    <a label="objective-speech-event" ref="n50" as="mpqa">
        <fs>
            <f name="implicit" value="true"/>
            <f name="nested-source" value="w"/>
        </fs>
    </a>
    <node xml:id="n51">
        <link targets="r109"/>
    </node>
    <a label="direct-subjective" ref="n51" as="mpqa">
        <fs>
            <f name="intensity" value="medium"/>
            <f name="expression-intensity" value="medium"/>
            <f name="polarity" value="neutral"/>
            <f name="nested-source" value="w,usnews"/>
        </fs>
    </a>
    <node xml:id="n52">
        <link targets="r111"/>
    </node>
    <a label="agent" ref="n52" as="mpqa">
        <fs>
            <f name="id" value="usnews"/>
            <f name="nested-source" value="w,usnews"/>
        </fs>
    </a>
    <node xml:id="n53">
        <link targets="r113"/>
    </node>
    <a label="objective-speech-event" ref="n53" as="mpqa">
        <fs>
            <f name="nested-source" value="w,usnews"/>
        </fs>
    </a>
    <node xml:id="n54">
        <link targets="r115"/>
    </node>
    <a label="target" ref="n54" as="mpqa">
        <fs>
            <f name="id" value="t_goodwill_2"/>
        </fs>
    </a>
    <node xml:id="n55">
        <link targets="r117"/>
    </node>
    <a label="attitude" ref="n55" as="mpqa">
        <fs>
            <f name="target-link" value="t_goodwill_2"/>
            <f name="id" value="a_good_guys"/>
            <f name="intensity" value="high"/>
            <f name="attitude-type" value="sentiment-pos"/>
        </fs>
    </a>
    <node xml:id="n56">
        <link targets="r119"/>
    </node>
    <a label="direct-subjective" ref="n56" as="mpqa">
        <fs>
            <f name="nested-source" value="w,usnews"/>
            <f name="polarity" value="positive"/>
            <f name="attitude-link" value="a_good_guys"/>
            <f name="expression-intensity" value="high"/>
            <f name="intensity" value="high"/>
        </fs>
    </a>
    <a label="expressive-subjectivity" ref="n56" as="mpqa">
        <fs>
            <f name="nested-source" value="w,usnews"/>
            <f name="polarity" value="positive"/>
            <f name="intensity" value="high"/>
        </fs>
    </a>
    <node xml:id="n57">
        <link targets="r122"/>
    </node>
    <a label="split" ref="n57" as="mpqa"/>
    <node xml:id="n58">
        <link targets="r124"/>
    </node>
    <a label="inside" ref="n58" as="mpqa">
        <fs>
            <f name="nested-source" value="w"/>
        </fs>
    </a>
    <node xml:id="n59">
        <link targets="r126"/>
    </node>
    <a label="agent" ref="n59" as="mpqa">
        <fs>
            <f name="nested-source" value="w,usnews"/>
        </fs>
    </a>
    <node xml:id="n6">
        <link targets="r14"/>
    </node>
    <a label="inside" ref="n6" as="mpqa">
        <fs>
            <f name="nested-source" value="w"/>
        </fs>
    </a>
    <node xml:id="n60">
        <link targets="r128"/>
    </node>
    <a label="objective-speech-event" ref="n60" as="mpqa">
        <fs>
            <f name="implicit" value="true"/>
            <f name="nested-source" value="w"/>
        </fs>
    </a>
    <node xml:id="n61">
        <link targets="r130"/>
    </node>
    <a label="objective-speech-event" ref="n61" as="mpqa">
        <fs>
            <f name="nested-source" value="w,usnews"/>
        </fs>
    </a>
    <node xml:id="n62">
        <link targets="r132"/>
    </node>
    <a label="target" ref="n62" as="mpqa">
        <fs>
            <f name="id" value="t_goodwill_et_al"/>
        </fs>
    </a>
    <node xml:id="n63">
        <link targets="r134"/>
    </node>
    <a label="attitude" ref="n63" as="mpqa">
        <fs>
            <f name="target-link" value="t_goodwill_et_al"/>
            <f name="id" value="a_is_uniquely"/>
            <f name="intensity" value="high"/>
            <f name="attitude-type" value="sentiment-pos"/>
        </fs>
    </a>
    <node xml:id="n64">
        <link targets="r136"/>
    </node>
    <a label="direct-subjective" ref="n64" as="mpqa">
        <fs>
            <f name="nested-source" value="w,usnews"/>
            <f name="polarity" value="positive"/>
            <f name="attitude-link" value="a_is_uniquely"/>
            <f name="expression-intensity" value="high"/>
            <f name="intensity" value="high"/>
        </fs>
    </a>
    <node xml:id="n65">
        <link targets="r138"/>
    </node>
    <a label="split" ref="n65" as="mpqa"/>
    <node xml:id="n66">
        <link targets="r140"/>
    </node>
    <a label="inside" ref="n66" as="mpqa">
        <fs>
            <f name="nested-source" value="w"/>
        </fs>
    </a>
    <node xml:id="n67">
        <link targets="r142"/>
    </node>
    <a label="direct-subjective" ref="n67" as="mpqa">
        <fs>
            <f name="nested-source" value="w"/>
            <f name="polarity" value="both"/>
            <f name="attitude-link" value="a_true_value"/>
            <f name="intensity" value="medium"/>
            <f name="implicit" value="true"/>
        </fs>
    </a>
    <node xml:id="n68">
        <link targets="r144"/>
    </node>
    <a label="agent" ref="n68" as="mpqa">
        <fs>
            <f name="id" value=""/>
            <f name="nested-source" value="w,i"/>
        </fs>
    </a>
    <node xml:id="n69">
        <link targets="r146"/>
    </node>
    <a label="attitude" ref="n69" as="mpqa">
        <fs>
            <f name="target-link" value="t_endorsement"/>
            <f name="id" value="a_appreciate"/>
            <f name="intensity" value="medium"/>
            <f name="attitude-type" value="sentiment-pos"/>
        </fs>
    </a>
    <a label="direct-subjective" ref="n69" as="mpqa">
        <fs>
            <f name="nested-source" value="w,i"/>
            <f name="polarity" value="positive"/>
            <f name="attitude-link" value="a_appreciate"/>
            <f name="expression-intensity" value="medium"/>
            <f name="intensity" value="medium"/>
        </fs>
    </a>
    <node xml:id="n7">
        <link targets="r16"/>
    </node>
    <a label="objective-speech-event" ref="n7" as="mpqa">
        <fs>
            <f name="implicit" value="true"/>
            <f name="nested-source" value="w,implicit"/>
        </fs>
    </a>
    <node xml:id="n70">
        <link targets="r149"/>
    </node>
    <a label="target" ref="n70" as="mpqa">
        <fs>
            <f name="id" value="t_endorsement"/>
        </fs>
    </a>
    <node xml:id="n71">
        <link targets="r151"/>
    </node>
    <a label="agent" ref="n71" as="mpqa">
        <fs>
            <f name="nested-source" value="w,usnews"/>
        </fs>
    </a>
    <node xml:id="n72">
        <link targets="r153"/>
    </node>
    <a label="attitude" ref="n72" as="mpqa">
        <fs>
            <f name="target-link" value="t_goodwill"/>
            <f name="id" value="a_endorsement"/>
            <f name="intensity" value="medium"/>
            <f name="attitude-type" value="sentiment-pos"/>
        </fs>
    </a>
    <a label="direct-subjective" ref="n72" as="mpqa">
        <fs>
            <f name="nested-source" value="w,usnews"/>
            <f name="polarity" value="positive"/>
            <f name="attitude-link" value="a_endorsement"/>
            <f name="expression-intensity" value="medium"/>
            <f name="intensity" value="medium"/>
        </fs>
    </a>
    <node xml:id="n73">
        <link targets="r156"/>
    </node>
    <a label="attitude" ref="n73" as="mpqa">
        <fs>
            <f name="target-link" value="t_your_support"/>
            <f name="id" value="a_true_value"/>
            <f name="intensity" value="low-medium"/>
            <f name="attitude-type" value="arguing-pos"/>
        </fs>
    </a>
    <node xml:id="n74">
        <link targets="r158"/>
    </node>
    <a label="target" ref="n74" as="mpqa">
        <fs>
            <f name="id" value="t_your_support"/>
        </fs>
    </a>
    <node xml:id="n75">
        <link targets="r160"/>
    </node>
    <a label="expressive-subjectivity" ref="n75" as="mpqa">
        <fs>
            <f name="nested-source" value="w"/>
            <f name="polarity" value="neutral"/>
            <f name="intensity" value="medium"/>
        </fs>
    </a>
    <node xml:id="n76">
        <link targets="r162"/>
    </node>
    <a label="split" ref="n76" as="mpqa"/>
    <node xml:id="n77">
        <link targets="r164"/>
    </node>
    <a label="inside" ref="n77" as="mpqa">
        <fs>
            <f name="nested-source" value="w"/>
        </fs>
    </a>
    <node xml:id="n78">
        <link targets="r166"/>
    </node>
    <a label="attitude" ref="n78" as="mpqa">
        <fs>
            <f name="attitude-type" value="arguing-pos"/>
            <f name="intensity" value="medium-high"/>
            <f name="id" value="a_effects_radiate"/>
        </fs>
    </a>
    <node xml:id="n79">
        <link targets="r168"/>
    </node>
    <a label="direct-subjective" ref="n79" as="mpqa">
        <fs>
            <f name="nested-source" value="w"/>
            <f name="polarity" value="positive"/>
            <f name="attitude-link" value="a_effects_radiate,a_barrier"/>
            <f name="intensity" value="medium"/>
            <f name="implicit" value="true"/>
        </fs>
    </a>
    <node xml:id="n8">
        <link targets="r18"/>
    </node>
    <a label="objective-speech-event" ref="n8" as="mpqa">
        <fs>
            <f name="implicit" value="true"/>
            <f name="nested-source" value="w"/>
        </fs>
    </a>
    <node xml:id="n80">
        <link targets="r170"/>
    </node>
    <a label="attitude" ref="n80" as="mpqa">
        <fs>
            <f name="inferred" value="yes"/>
            <f name="attitude-type" value="sentiment-neg"/>
            <f name="intensity" value="medium"/>
            <f name="target-link" value="t_barrier"/>
            <f name="id" value="a_barrier"/>
        </fs>
    </a>
    <a label="target" ref="n80" as="mpqa">
        <fs>
            <f name="id" value="t_barrier"/>
        </fs>
    </a>
    <a label="expressive-subjectivity" ref="n80" as="mpqa">
        <fs>
            <f name="nested-source" value="w"/>
            <f name="polarity" value="negative"/>
            <f name="intensity" value="medium"/>
        </fs>
    </a>
    <node xml:id="n81">
        <link targets="r174"/>
    </node>
    <a label="expressive-subjectivity" ref="n81" as="mpqa">
        <fs>
            <f name="nested-source" value="w"/>
            <f name="polarity" value="positive"/>
            <f name="intensity" value="medium"/>
        </fs>
    </a>
    <node xml:id="n82">
        <link targets="r176"/>
    </node>
    <a label="agent" ref="n82" as="mpqa">
        <fs>
            <f name="id" value="bus_comm"/>
            <f name="nested-source" value="w,bus_comm"/>
        </fs>
    </a>
    <node xml:id="n83">
        <link targets="r178"/>
    </node>
    <a label="direct-subjective" ref="n83" as="mpqa">
        <fs>
            <f name="nested-source" value="w"/>
            <f name="polarity" value="positive"/>
            <f name="attitude-link" value="a_purch_power"/>
            <f name="implicit" value="true"/>
            <f name="expression-intensity" value="medium"/>
            <f name="intensity" value="medium"/>
        </fs>
    </a>
    <node xml:id="n84">
        <link targets="r180"/>
    </node>
    <a label="attitude" ref="n84" as="mpqa">
        <fs>
            <f name="target-link" value="t_worker"/>
            <f name="id" value="a_welcomes"/>
            <f name="intensity" value="medium"/>
            <f name="attitude-type" value="sentiment-pos"/>
        </fs>
    </a>
    <node xml:id="n85">
        <link targets="r182"/>
    </node>
    <a label="direct-subjective" ref="n85" as="mpqa">
        <fs>
            <f name="nested-source" value="w,bus_comm"/>
            <f name="polarity" value="positive"/>
            <f name="attitude-link" value="a_welcomes"/>
            <f name="expression-intensity" value="medium"/>
            <f name="intensity" value="medium"/>
        </fs>
    </a>
    <node xml:id="n86">
        <link targets="r184"/>
    </node>
    <a label="target" ref="n86" as="mpqa">
        <fs>
            <f name="id" value="t_worker"/>
        </fs>
    </a>
    <node xml:id="n87">
        <link targets="r186"/>
    </node>
    <a label="expressive-subjectivity" ref="n87" as="mpqa">
        <fs>
            <f name="nested-source" value="w"/>
            <f name="polarity" value="positive"/>
            <f name="intensity" value="medium"/>
        </fs>
    </a>
    <node xml:id="n88">
        <link targets="r188"/>
    </node>
    <a label="target" ref="n88" as="mpqa">
        <fs>
            <f name="id" value="t_consumer"/>
        </fs>
    </a>
    <node xml:id="n89">
        <link targets="r190"/>
    </node>
    <a label="attitude" ref="n89" as="mpqa">
        <fs>
            <f name="inferred" value="yes"/>
            <f name="attitude-type" value="sentiment-pos"/>
            <f name="intensity" value="medium"/>
            <f name="target-link" value="t_consumer"/>
            <f name="id" value="a_purch_power"/>
        </fs>
    </a>
    <node xml:id="n9">
        <link targets="r20"/>
    </node>
    <a label="split" ref="n9" as="mpqa"/>
    <node xml:id="n90">
        <link targets="r192"/>
    </node>
    <a label="split" ref="n90" as="mpqa"/>
    <node xml:id="n91">
        <link targets="r194"/>
    </node>
    <a label="inside" ref="n91" as="mpqa">
        <fs>
            <f name="nested-source" value="w"/>
        </fs>
    </a>
    <node xml:id="n92">
        <link targets="r196"/>
    </node>
    <a label="target" ref="n92" as="mpqa">
        <fs>
            <f name="id" value="t_parents"/>
        </fs>
    </a>
    <node xml:id="n93">
        <link targets="r198"/>
    </node>
    <a label="direct-subjective" ref="n93" as="mpqa">
        <fs>
            <f name="nested-source" value="w"/>
            <f name="polarity" value="positive"/>
            <f name="attitude-link" value="a_self-sufficiency,a_dependency"/>
            <f name="intensity" value="medium"/>
            <f name="implicit" value="true"/>
        </fs>
    </a>
    <node xml:id="n94">
        <link targets="r200"/>
    </node>
    <a label="attitude" ref="n94" as="mpqa">
        <fs>
            <f name="target-link" value="t_parents"/>
            <f name="id" value="a_self-sufficiency"/>
            <f name="intensity" value="medium"/>
            <f name="attitude-type" value="sentiment-pos"/>
        </fs>
    </a>
    <node xml:id="n95">
        <link targets="r202"/>
    </node>
    <a label="expressive-subjectivity" ref="n95" as="mpqa">
        <fs>
            <f name="nested-source" value="w"/>
            <f name="polarity" value="positive"/>
            <f name="intensity" value="medium"/>
        </fs>
    </a>
    <node xml:id="n96">
        <link targets="r204"/>
    </node>
    <a label="target" ref="n96" as="mpqa"/>
    <a label="attitude" ref="n96" as="mpqa">
        <fs>
            <f name="target-link" value="t_dependency"/>
            <f name="id" value="a_dependency"/>
            <f name="intensity" value="medium"/>
            <f name="attitude-type" value="sentiment-neg"/>
        </fs>
    </a>
    <a label="expressive-subjectivity" ref="n96" as="mpqa">
        <fs>
            <f name="nested-source" value="w"/>
            <f name="polarity" value="negative"/>
            <f name="intensity" value="medium"/>
        </fs>
    </a>
    <node xml:id="n97">
        <link targets="r208"/>
    </node>
    <a label="split" ref="n97" as="mpqa"/>
    <node xml:id="n98">
        <link targets="r210"/>
    </node>
    <a label="inside" ref="n98" as="mpqa">
        <fs>
            <f name="nested-source" value="w"/>
        </fs>
    </a>
    <node xml:id="n99">
        <link targets="r212"/>
    </node>
    <a label="attitude" ref="n99" as="mpqa">
        <fs>
            <f name="inferred" value="yes"/>
            <f name="attitude-type" value="sentiment-neg"/>
            <f name="intensity" value="low-medium"/>
            <f name="id" value="a_taxes_saved"/>
            <f name="target-link" value="t_public_assistance"/>
        </fs>
    </a>
</graph>
