<?xml version="1.0" encoding="UTF-8"?>
<graph xmlns="http://www.xces.org/ns/GrAF/1.0/">
    <header>
        <tagsDecl>
            <tagUsage gi="person" occurs="7"/>
            <tagUsage gi="date" occurs="2"/>
            <tagUsage gi="org" occurs="18"/>
        </tagsDecl>
        <dependencies>
            <dependsOn type="penn"/>
        </dependencies>
        <annotationSets>
            <annotationSet name="xces" type="http://www.xces.org/schema/2003"/>
        </annotationSets>
    </header>
    <node xml:id="ne-n0"/>
    <a label="org" ref="ne-n0" as="xces">
        <fs>
            <f name="type" value="other"/>
        </fs>
    </a>
    <node xml:id="ne-n1"/>
    <a label="org" ref="ne-n1" as="xces">
        <fs>
            <f name="type" value="other"/>
        </fs>
    </a>
    <node xml:id="ne-n10"/>
    <a label="org" ref="ne-n10" as="xces">
        <fs>
            <f name="type" value="other"/>
        </fs>
    </a>
    <node xml:id="ne-n11"/>
    <a label="person" ref="ne-n11" as="xces">
        <fs>
            <f name="sex" value="female"/>
        </fs>
    </a>
    <node xml:id="ne-n12"/>
    <a label="org" ref="ne-n12" as="xces">
        <fs>
            <f name="type" value="other"/>
        </fs>
    </a>
    <node xml:id="ne-n13"/>
    <a label="org" ref="ne-n13" as="xces">
        <fs>
            <f name="type" value="other"/>
        </fs>
    </a>
    <node xml:id="ne-n14"/>
    <a label="org" ref="ne-n14" as="xces">
        <fs>
            <f name="type" value="other"/>
        </fs>
    </a>
    <node xml:id="ne-n15"/>
    <a label="person" ref="ne-n15" as="xces">
        <fs>
            <f name="sex" value="male"/>
        </fs>
    </a>
    <node xml:id="ne-n16"/>
    <a label="org" ref="ne-n16" as="xces">
        <fs>
            <f name="type" value="other"/>
        </fs>
    </a>
    <node xml:id="ne-n17"/>
    <a label="org" ref="ne-n17" as="xces">
        <fs>
            <f name="type" value="other"/>
        </fs>
    </a>
    <node xml:id="ne-n18"/>
    <a label="person" ref="ne-n18" as="xces">
        <fs>
            <f name="sex" value="female"/>
        </fs>
    </a>
    <node xml:id="ne-n19"/>
    <a label="org" ref="ne-n19" as="xces">
        <fs>
            <f name="type" value="other"/>
        </fs>
    </a>
    <node xml:id="ne-n2"/>
    <a label="person" ref="ne-n2" as="xces">
        <fs>
            <f name="sex" value="female"/>
        </fs>
    </a>
    <node xml:id="ne-n20"/>
    <a label="org" ref="ne-n20" as="xces"/>
    <node xml:id="ne-n21"/>
    <a label="org" ref="ne-n21" as="xces">
        <fs>
            <f name="type" value="other"/>
        </fs>
    </a>
    <node xml:id="ne-n22"/>
    <a label="org" ref="ne-n22" as="xces">
        <fs>
            <f name="type" value="other"/>
        </fs>
    </a>
    <node xml:id="ne-n23"/>
    <a label="person" ref="ne-n23" as="xces">
        <fs>
            <f name="sex" value="male"/>
        </fs>
    </a>
    <node xml:id="ne-n24"/>
    <a label="org" ref="ne-n24" as="xces">
        <fs>
            <f name="type" value="other"/>
        </fs>
    </a>
    <node xml:id="ne-n25"/>
    <a label="org" ref="ne-n25" as="xces">
        <fs>
            <f name="type" value="other"/>
        </fs>
    </a>
    <node xml:id="ne-n26"/>
    <a label="date" ref="ne-n26" as="xces">
        <fs>
            <f name="kind" value="date"/>
        </fs>
    </a>
    <node xml:id="ne-n3"/>
    <a label="date" ref="ne-n3" as="xces">
        <fs>
            <f name="kind" value="date"/>
        </fs>
    </a>
    <node xml:id="ne-n4"/>
    <a label="org" ref="ne-n4" as="xces">
        <fs>
            <f name="type" value="other"/>
        </fs>
    </a>
    <node xml:id="ne-n5"/>
    <a label="org" ref="ne-n5" as="xces">
        <fs>
            <f name="type" value="other"/>
        </fs>
    </a>
    <node xml:id="ne-n6"/>
    <a label="org" ref="ne-n6" as="xces">
        <fs>
            <f name="type" value="other"/>
        </fs>
    </a>
    <node xml:id="ne-n7"/>
    <a label="org" ref="ne-n7" as="xces">
        <fs>
            <f name="type" value="other"/>
        </fs>
    </a>
    <node xml:id="ne-n8"/>
    <a label="person" ref="ne-n8" as="xces">
        <fs>
            <f name="sex" value="female"/>
        </fs>
    </a>
    <node xml:id="ne-n9"/>
    <a label="person" ref="ne-n9" as="xces">
        <fs>
            <f name="sex" value="female"/>
        </fs>
    </a>
    <edge xml:id="lnk29" from="ne-n25" to="penn-n496"/>
    <edge xml:id="lnk28" from="ne-n24" to="penn-n476"/>
    <edge xml:id="lnk27" from="ne-n24" to="penn-n475"/>
    <edge xml:id="lnk26" from="ne-n24" to="penn-n474"/>
    <edge xml:id="lnk25" from="ne-n23" to="penn-n471"/>
    <edge xml:id="lnk24" from="ne-n23" to="penn-n470"/>
    <edge xml:id="lnk23" from="ne-n23" to="penn-n469"/>
    <edge xml:id="lnk9" from="ne-n9" to="penn-n156"/>
    <edge xml:id="lnk22" from="ne-n22" to="penn-n464"/>
    <edge xml:id="lnk8" from="ne-n8" to="penn-n139"/>
    <edge xml:id="lnk21" from="ne-n21" to="penn-n428"/>
    <edge xml:id="lnk7" from="ne-n7" to="penn-n127"/>
    <edge xml:id="lnk20" from="ne-n20" to="penn-n399"/>
    <edge xml:id="lnk6" from="ne-n6" to="penn-n124"/>
    <edge xml:id="lnk5" from="ne-n5" to="penn-n98"/>
    <edge xml:id="lnk4" from="ne-n4" to="penn-n80"/>
    <edge xml:id="lnk3" from="ne-n3" to="penn-n61"/>
    <edge xml:id="lnk2" from="ne-n2" to="penn-n45"/>
    <edge xml:id="lnk1" from="ne-n1" to="penn-n41"/>
    <edge xml:id="lnk0" from="ne-n0" to="penn-n22"/>
    <edge xml:id="lnk30" from="ne-n26" to="penn-n498"/>
    <edge xml:id="lnk19" from="ne-n19" to="penn-n385"/>
    <edge xml:id="lnk18" from="ne-n18" to="penn-n378"/>
    <edge xml:id="lnk17" from="ne-n17" to="penn-n370"/>
    <edge xml:id="lnk16" from="ne-n16" to="penn-n366"/>
    <edge xml:id="lnk15" from="ne-n15" to="penn-n305"/>
    <edge xml:id="lnk14" from="ne-n14" to="penn-n298"/>
    <edge xml:id="lnk13" from="ne-n13" to="penn-n275"/>
    <edge xml:id="lnk12" from="ne-n12" to="penn-n245"/>
    <edge xml:id="lnk11" from="ne-n11" to="penn-n220"/>
    <edge xml:id="lnk10" from="ne-n10" to="penn-n211"/>
</graph>
