<?xml version="1.0" encoding="UTF-8"?>
<graph xmlns="http://www.xces.org/ns/GrAF/1.0/">
    <header>
        <tagsDecl>
            <tagUsage gi="tok" occurs="167"/>
        </tagsDecl>
        <dependencies>
            <dependsOn type="seg"/>
        </dependencies>
        <annotationSets>
            <annotationSet name="xces" type="http://www.xces.org/schema/2003"/>
        </annotationSets>
    </header>
    <node xml:id="penn-n0">
        <link targets="seg-r0"/>
    </node>
    <a label="tok" ref="penn-n0" as="xces">
        <fs>
            <f name="base" value="some"/>
            <f name="msd" value="DT"/>
        </fs>
    </a>
    <node xml:id="penn-n1">
        <link targets="seg-r2"/>
    </node>
    <a label="tok" ref="penn-n1" as="xces">
        <fs>
            <f name="base" value="of"/>
            <f name="msd" value="IN"/>
        </fs>
    </a>
    <node xml:id="penn-n10">
        <link targets="seg-r20"/>
    </node>
    <a label="tok" ref="penn-n10" as="xces">
        <fs>
            <f name="base" value="the"/>
            <f name="msd" value="DT"/>
        </fs>
    </a>
    <node xml:id="penn-n100">
        <link targets="seg-r188"/>
    </node>
    <a label="tok" ref="penn-n100" as="xces">
        <fs>
            <f name="base" value="a"/>
            <f name="msd" value="DT"/>
        </fs>
    </a>
    <node xml:id="penn-n101">
        <link targets="seg-r190"/>
    </node>
    <a label="tok" ref="penn-n101" as="xces">
        <fs>
            <f name="base" value="storm"/>
            <f name="msd" value="NN"/>
        </fs>
    </a>
    <node xml:id="penn-n102">
        <link targets="seg-r192"/>
    </node>
    <a label="tok" ref="penn-n102" as="xces">
        <fs>
            <f name="base" value="at"/>
            <f name="msd" value="IN"/>
        </fs>
    </a>
    <node xml:id="penn-n103">
        <link targets="seg-r194"/>
    </node>
    <a label="tok" ref="penn-n103" as="xces">
        <fs>
            <f name="base" value="sea"/>
            <f name="msd" value="NN"/>
        </fs>
    </a>
    <node xml:id="penn-n104">
        <link targets="seg-r195"/>
    </node>
    <a label="tok" ref="penn-n104" as="xces">
        <fs>
            <f name="base" value=","/>
            <f name="msd" value=","/>
        </fs>
    </a>
    <node xml:id="penn-n105">
        <link targets="seg-r197"/>
    </node>
    <a label="tok" ref="penn-n105" as="xces">
        <fs>
            <f name="base" value="the"/>
            <f name="msd" value="DT"/>
        </fs>
    </a>
    <node xml:id="penn-n106">
        <link targets="seg-r199"/>
    </node>
    <a label="tok" ref="penn-n106" as="xces">
        <fs>
            <f name="base" value="people"/>
            <f name="msd" value="NNS"/>
        </fs>
    </a>
    <node xml:id="penn-n107">
        <link targets="seg-r201"/>
    </node>
    <a label="tok" ref="penn-n107" as="xces">
        <fs>
            <f name="base" value="who"/>
            <f name="msd" value="WP"/>
        </fs>
    </a>
    <node xml:id="penn-n108">
        <link targets="seg-r203"/>
    </node>
    <a label="tok" ref="penn-n108" as="xces">
        <fs>
            <f name="msd" value="VBP"/>
            <f name="base" value="need"/>
            <f name="affix" value=" "/>
        </fs>
    </a>
    <node xml:id="penn-n109">
        <link targets="seg-r205"/>
    </node>
    <a label="tok" ref="penn-n109" as="xces">
        <fs>
            <f name="msd" value="NNS"/>
            <f name="base" value="job"/>
            <f name="affix" value="s"/>
        </fs>
    </a>
    <node xml:id="penn-n11">
        <link targets="seg-r22"/>
    </node>
    <a label="tok" ref="penn-n11" as="xces">
        <fs>
            <f name="base" value="people"/>
            <f name="msd" value="NNS"/>
        </fs>
    </a>
    <node xml:id="penn-n110">
        <link targets="seg-r207"/>
    </node>
    <a label="tok" ref="penn-n110" as="xces">
        <fs>
            <f name="msd" value="VBP"/>
            <f name="base" value="be"/>
            <f name="affix" value=""/>
        </fs>
    </a>
    <node xml:id="penn-n111">
        <link targets="seg-r209"/>
    </node>
    <a label="tok" ref="penn-n111" as="xces">
        <fs>
            <f name="msd" value="VBG"/>
            <f name="base" value="flounder"/>
            <f name="affix" value="ing"/>
        </fs>
    </a>
    <node xml:id="penn-n112">
        <link targets="seg-r210"/>
    </node>
    <a label="tok" ref="penn-n112" as="xces">
        <fs>
            <f name="base" value="."/>
            <f name="msd" value="."/>
        </fs>
    </a>
    <node xml:id="penn-n113">
        <link targets="seg-r212"/>
    </node>
    <a label="tok" ref="penn-n113" as="xces">
        <fs>
            <f name="base" value="we"/>
            <f name="msd" value="PRP"/>
        </fs>
    </a>
    <node xml:id="penn-n114">
        <link targets="seg-r214"/>
    </node>
    <a label="tok" ref="penn-n114" as="xces">
        <fs>
            <f name="msd" value="VBP"/>
            <f name="base" value="need"/>
            <f name="affix" value=" "/>
        </fs>
    </a>
    <node xml:id="penn-n115">
        <link targets="seg-r216"/>
    </node>
    <a label="tok" ref="penn-n115" as="xces">
        <fs>
            <f name="base" value="your"/>
            <f name="msd" value="PRP$"/>
        </fs>
    </a>
    <node xml:id="penn-n116">
        <link targets="seg-r218"/>
    </node>
    <a label="tok" ref="penn-n116" as="xces">
        <fs>
            <f name="base" value="support"/>
            <f name="msd" value="NN"/>
        </fs>
    </a>
    <node xml:id="penn-n117">
        <link targets="seg-r220"/>
    </node>
    <a label="tok" ref="penn-n117" as="xces">
        <fs>
            <f name="base" value="to"/>
            <f name="msd" value="TO"/>
        </fs>
    </a>
    <node xml:id="penn-n118">
        <link targets="seg-r222"/>
    </node>
    <a label="tok" ref="penn-n118" as="xces">
        <fs>
            <f name="base" value="continue"/>
            <f name="msd" value="VB"/>
        </fs>
    </a>
    <node xml:id="penn-n119">
        <link targets="seg-r224"/>
    </node>
    <a label="tok" ref="penn-n119" as="xces">
        <fs>
            <f name="msd" value="VBG"/>
            <f name="base" value="get"/>
            <f name="affix" value="ing"/>
        </fs>
    </a>
    <node xml:id="penn-n12">
        <link targets="seg-r24"/>
    </node>
    <a label="tok" ref="penn-n12" as="xces">
        <fs>
            <f name="base" value="who"/>
            <f name="msd" value="WP"/>
        </fs>
    </a>
    <node xml:id="penn-n120">
        <link targets="seg-r226"/>
    </node>
    <a label="tok" ref="penn-n120" as="xces">
        <fs>
            <f name="base" value="people"/>
            <f name="msd" value="NNS"/>
        </fs>
    </a>
    <node xml:id="penn-n121">
        <link targets="seg-r228"/>
    </node>
    <a label="tok" ref="penn-n121" as="xces">
        <fs>
            <f name="base" value="off"/>
            <f name="msd" value="RP"/>
        </fs>
    </a>
    <node xml:id="penn-n122">
        <link targets="seg-r230"/>
    </node>
    <a label="tok" ref="penn-n122" as="xces">
        <fs>
            <f name="base" value="of"/>
            <f name="msd" value="IN"/>
        </fs>
    </a>
    <node xml:id="penn-n123">
        <link targets="seg-r232"/>
    </node>
    <a label="tok" ref="penn-n123" as="xces">
        <fs>
            <f name="base" value="public"/>
            <f name="msd" value="JJ"/>
        </fs>
    </a>
    <node xml:id="penn-n124">
        <link targets="seg-r234"/>
    </node>
    <a label="tok" ref="penn-n124" as="xces">
        <fs>
            <f name="base" value="assistance"/>
            <f name="msd" value="NN"/>
        </fs>
    </a>
    <node xml:id="penn-n125">
        <link targets="seg-r235"/>
    </node>
    <a label="tok" ref="penn-n125" as="xces">
        <fs>
            <f name="base" value="."/>
            <f name="msd" value="."/>
        </fs>
    </a>
    <node xml:id="penn-n126">
        <link targets="seg-r237"/>
    </node>
    <a label="tok" ref="penn-n126" as="xces">
        <fs>
            <f name="base" value="welfare"/>
            <f name="msd" value="NNP"/>
        </fs>
    </a>
    <node xml:id="penn-n127">
        <link targets="seg-r239"/>
    </node>
    <a label="tok" ref="penn-n127" as="xces">
        <fs>
            <f name="msd" value="VBZ"/>
            <f name="base" value="be"/>
            <f name="affix" value="s"/>
        </fs>
    </a>
    <node xml:id="penn-n128">
        <link targets="seg-r241"/>
    </node>
    <a label="tok" ref="penn-n128" as="xces">
        <fs>
            <f name="base" value="not"/>
            <f name="msd" value="RB"/>
        </fs>
    </a>
    <node xml:id="penn-n129">
        <link targets="seg-r243"/>
    </node>
    <a label="tok" ref="penn-n129" as="xces">
        <fs>
            <f name="base" value="the"/>
            <f name="msd" value="DT"/>
        </fs>
    </a>
    <node xml:id="penn-n13">
        <link targets="seg-r26"/>
    </node>
    <a label="tok" ref="penn-n13" as="xces">
        <fs>
            <f name="base" value="have"/>
            <f name="msd" value="VBP"/>
        </fs>
    </a>
    <node xml:id="penn-n130">
        <link targets="seg-r245"/>
    </node>
    <a label="tok" ref="penn-n130" as="xces">
        <fs>
            <f name="base" value="answer"/>
            <f name="msd" value="NN"/>
        </fs>
    </a>
    <node xml:id="penn-n131">
        <link targets="seg-r246"/>
    </node>
    <a label="tok" ref="penn-n131" as="xces">
        <fs>
            <f name="base" value="."/>
            <f name="msd" value="."/>
        </fs>
    </a>
    <node xml:id="penn-n132">
        <link targets="seg-r248"/>
    </node>
    <a label="tok" ref="penn-n132" as="xces">
        <fs>
            <f name="base" value="and"/>
            <f name="msd" value="CC"/>
        </fs>
    </a>
    <node xml:id="penn-n133">
        <link targets="seg-r250"/>
    </node>
    <a label="tok" ref="penn-n133" as="xces">
        <fs>
            <f name="base" value="welfare"/>
            <f name="msd" value="NN"/>
        </fs>
    </a>
    <node xml:id="penn-n134">
        <link targets="seg-r252"/>
    </node>
    <a label="tok" ref="penn-n134" as="xces">
        <fs>
            <f name="base" value="reform"/>
            <f name="msd" value="NN"/>
        </fs>
    </a>
    <node xml:id="penn-n135">
        <link targets="seg-r254"/>
    </node>
    <a label="tok" ref="penn-n135" as="xces">
        <fs>
            <f name="msd" value="VBZ"/>
            <f name="base" value="be"/>
            <f name="affix" value="s"/>
        </fs>
    </a>
    <node xml:id="penn-n136">
        <link targets="seg-r256"/>
    </node>
    <a label="tok" ref="penn-n136" as="xces">
        <fs>
            <f name="base" value="an"/>
            <f name="msd" value="DT"/>
        </fs>
    </a>
    <node xml:id="penn-n137">
        <link targets="seg-r258"/>
    </node>
    <a label="tok" ref="penn-n137" as="xces">
        <fs>
            <f name="base" value="uncertain"/>
            <f name="msd" value="JJ"/>
        </fs>
    </a>
    <node xml:id="penn-n138">
        <link targets="seg-r260"/>
    </node>
    <a label="tok" ref="penn-n138" as="xces">
        <fs>
            <f name="base" value="solution"/>
            <f name="msd" value="NN"/>
        </fs>
    </a>
    <node xml:id="penn-n139">
        <link targets="seg-r262"/>
    </node>
    <a label="tok" ref="penn-n139" as="xces">
        <fs>
            <f name="base" value="with"/>
            <f name="msd" value="IN"/>
        </fs>
    </a>
    <node xml:id="penn-n14">
        <link targets="seg-r28"/>
    </node>
    <a label="tok" ref="penn-n14" as="xces">
        <fs>
            <f name="base" value="become"/>
            <f name="msd" value="VBN"/>
        </fs>
    </a>
    <node xml:id="penn-n140">
        <link targets="seg-r264"/>
    </node>
    <a label="tok" ref="penn-n140" as="xces">
        <fs>
            <f name="base" value="an"/>
            <f name="msd" value="DT"/>
        </fs>
    </a>
    <node xml:id="penn-n141">
        <link targets="seg-r266"/>
    </node>
    <a label="tok" ref="penn-n141" as="xces">
        <fs>
            <f name="base" value="unknown"/>
            <f name="msd" value="JJ"/>
        </fs>
    </a>
    <node xml:id="penn-n142">
        <link targets="seg-r268"/>
    </node>
    <a label="tok" ref="penn-n142" as="xces">
        <fs>
            <f name="base" value="starting"/>
            <f name="msd" value="NN"/>
        </fs>
    </a>
    <node xml:id="penn-n143">
        <link targets="seg-r270"/>
    </node>
    <a label="tok" ref="penn-n143" as="xces">
        <fs>
            <f name="base" value="date"/>
            <f name="msd" value="NN"/>
        </fs>
    </a>
    <node xml:id="penn-n144">
        <link targets="seg-r271"/>
    </node>
    <a label="tok" ref="penn-n144" as="xces">
        <fs>
            <f name="base" value="."/>
            <f name="msd" value="."/>
        </fs>
    </a>
    <node xml:id="penn-n145">
        <link targets="seg-r273"/>
    </node>
    <a label="tok" ref="penn-n145" as="xces">
        <fs>
            <f name="base" value="goodwill"/>
            <f name="msd" value="NNP"/>
        </fs>
    </a>
    <node xml:id="penn-n146">
        <link targets="seg-r275"/>
    </node>
    <a label="tok" ref="penn-n146" as="xces">
        <fs>
            <f name="msd" value="VBZ"/>
            <f name="base" value="work"/>
            <f name="affix" value="s"/>
        </fs>
    </a>
    <node xml:id="penn-n147">
        <link targets="seg-r276"/>
    </node>
    <a label="tok" ref="penn-n147" as="xces">
        <fs>
            <f name="base" value="."/>
            <f name="msd" value="."/>
        </fs>
    </a>
    <node xml:id="penn-n148">
        <link targets="seg-r278"/>
    </node>
    <a label="tok" ref="penn-n148" as="xces">
        <fs>
            <f name="base" value="right"/>
            <f name="msd" value="RB"/>
        </fs>
    </a>
    <node xml:id="penn-n149">
        <link targets="seg-r280"/>
    </node>
    <a label="tok" ref="penn-n149" as="xces">
        <fs>
            <f name="base" value="now"/>
            <f name="msd" value="RB"/>
        </fs>
    </a>
    <node xml:id="penn-n15">
        <link targets="seg-r30"/>
    </node>
    <a label="tok" ref="penn-n15" as="xces">
        <fs>
            <f name="base" value="dependent"/>
            <f name="msd" value="JJ"/>
        </fs>
    </a>
    <node xml:id="penn-n150">
        <link targets="seg-r281"/>
    </node>
    <a label="tok" ref="penn-n150" as="xces">
        <fs>
            <f name="base" value="."/>
            <f name="msd" value="."/>
        </fs>
    </a>
    <node xml:id="penn-n151">
        <link targets="seg-r283"/>
    </node>
    <a label="tok" ref="penn-n151" as="xces">
        <fs>
            <f name="base" value="please"/>
            <f name="msd" value="VB"/>
        </fs>
    </a>
    <node xml:id="penn-n152">
        <link targets="seg-r285"/>
    </node>
    <a label="tok" ref="penn-n152" as="xces">
        <fs>
            <f name="base" value="give"/>
            <f name="msd" value="VB"/>
        </fs>
    </a>
    <node xml:id="penn-n153">
        <link targets="seg-r287"/>
    </node>
    <a label="tok" ref="penn-n153" as="xces">
        <fs>
            <f name="base" value="the"/>
            <f name="msd" value="DT"/>
        </fs>
    </a>
    <node xml:id="penn-n154">
        <link targets="seg-r289"/>
    </node>
    <a label="tok" ref="penn-n154" as="xces">
        <fs>
            <f name="base" value="largest"/>
            <f name="msd" value="JJS"/>
        </fs>
    </a>
    <node xml:id="penn-n155">
        <link targets="seg-r291"/>
    </node>
    <a label="tok" ref="penn-n155" as="xces">
        <fs>
            <f name="base" value="gift"/>
            <f name="msd" value="NN"/>
        </fs>
    </a>
    <node xml:id="penn-n156">
        <link targets="seg-r293"/>
    </node>
    <a label="tok" ref="penn-n156" as="xces">
        <fs>
            <f name="base" value="you"/>
            <f name="msd" value="PRP"/>
        </fs>
    </a>
    <node xml:id="penn-n157">
        <link targets="seg-r295"/>
    </node>
    <a label="tok" ref="penn-n157" as="xces">
        <fs>
            <f name="base" value="can"/>
            <f name="msd" value="MD"/>
        </fs>
    </a>
    <node xml:id="penn-n158">
        <link targets="seg-r297"/>
    </node>
    <a label="tok" ref="penn-n158" as="xces">
        <fs>
            <f name="base" value="to"/>
            <f name="msd" value="TO"/>
        </fs>
    </a>
    <node xml:id="penn-n159">
        <link targets="seg-r299"/>
    </node>
    <a label="tok" ref="penn-n159" as="xces">
        <fs>
            <f name="base" value="goodwill"/>
            <f name="msd" value="NNP"/>
        </fs>
    </a>
    <node xml:id="penn-n16">
        <link targets="seg-r32"/>
    </node>
    <a label="tok" ref="penn-n16" as="xces">
        <fs>
            <f name="base" value="on"/>
            <f name="msd" value="IN"/>
        </fs>
    </a>
    <node xml:id="penn-n160">
        <link targets="seg-r301"/>
    </node>
    <a label="tok" ref="penn-n160" as="xces">
        <fs>
            <f name="base" value="today"/>
            <f name="msd" value="NN"/>
        </fs>
    </a>
    <node xml:id="penn-n161">
        <link targets="seg-r302"/>
    </node>
    <a label="tok" ref="penn-n161" as="xces">
        <fs>
            <f name="base" value="."/>
            <f name="msd" value="."/>
        </fs>
    </a>
    <node xml:id="penn-n162">
        <link targets="seg-r304"/>
    </node>
    <a label="tok" ref="penn-n162" as="xces">
        <fs>
            <f name="base" value="sincerely"/>
            <f name="msd" value="NNP"/>
        </fs>
    </a>
    <node xml:id="penn-n163">
        <link targets="seg-r305"/>
    </node>
    <a label="tok" ref="penn-n163" as="xces">
        <fs>
            <f name="base" value=","/>
            <f name="msd" value=","/>
        </fs>
    </a>
    <node xml:id="penn-n164">
        <link targets="seg-r307"/>
    </node>
    <a label="tok" ref="penn-n164" as="xces">
        <fs>
            <f name="base" value="jack"/>
            <f name="msd" value="NNP"/>
        </fs>
    </a>
    <node xml:id="penn-n165">
        <link targets="seg-r309"/>
    </node>
    <a label="tok" ref="penn-n165" as="xces">
        <fs>
            <f name="base" value="dustman"/>
            <f name="msd" value="NNP"/>
        </fs>
    </a>
    <node xml:id="penn-n166">
        <link targets="seg-r311"/>
    </node>
    <a label="tok" ref="penn-n166" as="xces">
        <fs>
            <f name="base" value="chairman"/>
            <f name="msd" value="NNP"/>
        </fs>
    </a>
    <node xml:id="penn-n17">
        <link targets="seg-r34"/>
    </node>
    <a label="tok" ref="penn-n17" as="xces">
        <fs>
            <f name="base" value="it"/>
            <f name="msd" value="PRP"/>
        </fs>
    </a>
    <node xml:id="penn-n18">
        <link targets="seg-r35"/>
    </node>
    <a label="tok" ref="penn-n18" as="xces">
        <fs>
            <f name="base" value="."/>
            <f name="msd" value="."/>
        </fs>
    </a>
    <node xml:id="penn-n19">
        <link targets="seg-r37"/>
    </node>
    <a label="tok" ref="penn-n19" as="xces">
        <fs>
            <f name="base" value="their"/>
            <f name="msd" value="PRP$"/>
        </fs>
    </a>
    <node xml:id="penn-n2">
        <link targets="seg-r4"/>
    </node>
    <a label="tok" ref="penn-n2" as="xces">
        <fs>
            <f name="base" value="the"/>
            <f name="msd" value="DT"/>
        </fs>
    </a>
    <node xml:id="penn-n20">
        <link targets="seg-r39"/>
    </node>
    <a label="tok" ref="penn-n20" as="xces">
        <fs>
            <f name="base" value="complaint"/>
            <f name="msd" value="NN"/>
        </fs>
    </a>
    <node xml:id="penn-n21">
        <link targets="seg-r40"/>
    </node>
    <a label="tok" ref="penn-n21" as="xces">
        <fs>
            <f name="base" value=":"/>
            <f name="msd" value=":"/>
        </fs>
    </a>
    <node xml:id="penn-n22">
        <link targets="seg-r42"/>
    </node>
    <a label="tok" ref="penn-n22" as="xces">
        <fs>
            <f name="base" value="the"/>
            <f name="msd" value="DT"/>
        </fs>
    </a>
    <node xml:id="penn-n23">
        <link targets="seg-r44"/>
    </node>
    <a label="tok" ref="penn-n23" as="xces">
        <fs>
            <f name="base" value="system"/>
            <f name="msd" value="NN"/>
        </fs>
    </a>
    <node xml:id="penn-n24">
        <link targets="seg-r46"/>
    </node>
    <a label="tok" ref="penn-n24" as="xces">
        <fs>
            <f name="msd" value="VBZ"/>
            <f name="base" value="discourage"/>
            <f name="affix" value="s"/>
        </fs>
    </a>
    <node xml:id="penn-n25">
        <link targets="seg-r48"/>
    </node>
    <a label="tok" ref="penn-n25" as="xces">
        <fs>
            <f name="msd" value="VBG"/>
            <f name="base" value="work"/>
            <f name="affix" value="ing"/>
        </fs>
    </a>
    <node xml:id="penn-n26">
        <link targets="seg-r50"/>
    </node>
    <a label="tok" ref="penn-n26" as="xces">
        <fs>
            <f name="base" value="because"/>
            <f name="msd" value="IN"/>
        </fs>
    </a>
    <node xml:id="penn-n27">
        <link targets="seg-r52"/>
    </node>
    <a label="tok" ref="penn-n27" as="xces">
        <fs>
            <f name="base" value="unemployment"/>
            <f name="msd" value="NN"/>
        </fs>
    </a>
    <node xml:id="penn-n28">
        <link targets="seg-r54"/>
    </node>
    <a label="tok" ref="penn-n28" as="xces">
        <fs>
            <f name="msd" value="VBZ"/>
            <f name="base" value="provide"/>
            <f name="affix" value="s"/>
        </fs>
    </a>
    <node xml:id="penn-n29">
        <link targets="seg-r56"/>
    </node>
    <a label="tok" ref="penn-n29" as="xces">
        <fs>
            <f name="msd" value="NNS"/>
            <f name="base" value="benefit"/>
            <f name="affix" value="s"/>
        </fs>
    </a>
    <node xml:id="penn-n3">
        <link targets="seg-r6"/>
    </node>
    <a label="tok" ref="penn-n3" as="xces">
        <fs>
            <f name="base" value="strongest"/>
            <f name="msd" value="JJS"/>
        </fs>
    </a>
    <node xml:id="penn-n30">
        <link targets="seg-r58"/>
    </node>
    <a label="tok" ref="penn-n30" as="xces">
        <fs>
            <f name="base" value="that"/>
            <f name="msd" value="IN"/>
        </fs>
    </a>
    <node xml:id="penn-n31">
        <link targets="seg-r60"/>
    </node>
    <a label="tok" ref="penn-n31" as="xces">
        <fs>
            <f name="base" value="many"/>
            <f name="msd" value="JJ"/>
        </fs>
    </a>
    <node xml:id="penn-n32">
        <link targets="seg-r62 seg-r63 seg-r64"/>
    </node>
    <a label="tok" ref="penn-n32" as="xces">
        <fs>
            <f name="base" value="entry-level"/>
            <f name="msd" value="JJ"/>
        </fs>
    </a>
    <node xml:id="penn-n33">
        <link targets="seg-r66"/>
    </node>
    <a label="tok" ref="penn-n33" as="xces">
        <fs>
            <f name="msd" value="NNS"/>
            <f name="base" value="job"/>
            <f name="affix" value="s"/>
        </fs>
    </a>
    <node xml:id="penn-n34">
        <link targets="seg-r68"/>
    </node>
    <a label="tok" ref="penn-n34" as="xces">
        <fs>
            <f name="base" value="do"/>
            <f name="msd" value="VBP"/>
        </fs>
    </a>
    <node xml:id="penn-n35">
        <link targets="seg-r69"/>
    </node>
    <a label="tok" ref="penn-n35" as="xces">
        <fs>
            <f name="base" value="n't"/>
            <f name="msd" value="RB"/>
        </fs>
    </a>
    <node xml:id="penn-n36">
        <link targets="seg-r71"/>
    </node>
    <a label="tok" ref="penn-n36" as="xces">
        <fs>
            <f name="base" value="include"/>
            <f name="msd" value="VB"/>
        </fs>
    </a>
    <node xml:id="penn-n37">
        <link targets="seg-r72"/>
    </node>
    <a label="tok" ref="penn-n37" as="xces">
        <fs>
            <f name="base" value="."/>
            <f name="msd" value="."/>
        </fs>
    </a>
    <node xml:id="penn-n38">
        <link targets="seg-r74"/>
    </node>
    <a label="tok" ref="penn-n38" as="xces">
        <fs>
            <f name="base" value="that"/>
            <f name="msd" value="DT"/>
        </fs>
    </a>
    <node xml:id="penn-n39">
        <link targets="seg-r75"/>
    </node>
    <a label="tok" ref="penn-n39" as="xces">
        <fs>
            <f name="msd" value="VBZ"/>
            <f name="affix" value="s"/>
            <f name="base" value="be"/>
        </fs>
    </a>
    <node xml:id="penn-n4">
        <link targets="seg-r8"/>
    </node>
    <a label="tok" ref="penn-n4" as="xces">
        <fs>
            <f name="msd" value="NNS"/>
            <f name="base" value="critic"/>
            <f name="affix" value="s"/>
        </fs>
    </a>
    <node xml:id="penn-n40">
        <link targets="seg-r77"/>
    </node>
    <a label="tok" ref="penn-n40" as="xces">
        <fs>
            <f name="base" value="where"/>
            <f name="msd" value="WRB"/>
        </fs>
    </a>
    <node xml:id="penn-n41">
        <link targets="seg-r79"/>
    </node>
    <a label="tok" ref="penn-n41" as="xces">
        <fs>
            <f name="base" value="you"/>
            <f name="msd" value="PRP"/>
        </fs>
    </a>
    <node xml:id="penn-n42">
        <link targets="seg-r81"/>
    </node>
    <a label="tok" ref="penn-n42" as="xces">
        <fs>
            <f name="base" value="-"/>
            <f name="msd" value=":"/>
        </fs>
    </a>
    <node xml:id="penn-n43">
        <link targets="seg-r82"/>
    </node>
    <a label="tok" ref="penn-n43" as="xces">
        <fs>
            <f name="base" value="-"/>
            <f name="msd" value=":"/>
        </fs>
    </a>
    <node xml:id="penn-n44">
        <link targets="seg-r83"/>
    </node>
    <a label="tok" ref="penn-n44" as="xces">
        <fs>
            <f name="base" value="and"/>
            <f name="msd" value="CC"/>
        </fs>
    </a>
    <node xml:id="penn-n45">
        <link targets="seg-r85"/>
    </node>
    <a label="tok" ref="penn-n45" as="xces">
        <fs>
            <f name="base" value="goodwill"/>
            <f name="msd" value="NNP"/>
        </fs>
    </a>
    <node xml:id="penn-n46">
        <link targets="seg-r87"/>
    </node>
    <a label="tok" ref="penn-n46" as="xces">
        <fs>
            <f name="base" value="-"/>
            <f name="msd" value=":"/>
        </fs>
    </a>
    <node xml:id="penn-n47">
        <link targets="seg-r88"/>
    </node>
    <a label="tok" ref="penn-n47" as="xces">
        <fs>
            <f name="base" value="-"/>
            <f name="msd" value=":"/>
        </fs>
    </a>
    <node xml:id="penn-n48">
        <link targets="seg-r89"/>
    </node>
    <a label="tok" ref="penn-n48" as="xces">
        <fs>
            <f name="base" value="come"/>
            <f name="msd" value="VB"/>
        </fs>
    </a>
    <node xml:id="penn-n49">
        <link targets="seg-r91"/>
    </node>
    <a label="tok" ref="penn-n49" as="xces">
        <fs>
            <f name="base" value="in"/>
            <f name="msd" value="IN"/>
        </fs>
    </a>
    <node xml:id="penn-n5">
        <link targets="seg-r10"/>
    </node>
    <a label="tok" ref="penn-n5" as="xces">
        <fs>
            <f name="base" value="of"/>
            <f name="msd" value="IN"/>
        </fs>
    </a>
    <node xml:id="penn-n50">
        <link targets="seg-r92"/>
    </node>
    <a label="tok" ref="penn-n50" as="xces">
        <fs>
            <f name="base" value="."/>
            <f name="msd" value="."/>
        </fs>
    </a>
    <node xml:id="penn-n51">
        <link targets="seg-r94"/>
    </node>
    <a label="tok" ref="penn-n51" as="xces">
        <fs>
            <f name="base" value="we"/>
            <f name="msd" value="PRP"/>
        </fs>
    </a>
    <node xml:id="penn-n52">
        <link targets="seg-r96"/>
    </node>
    <a label="tok" ref="penn-n52" as="xces">
        <fs>
            <f name="base" value="help"/>
            <f name="msd" value="VBP"/>
        </fs>
    </a>
    <node xml:id="penn-n53">
        <link targets="seg-r98"/>
    </node>
    <a label="tok" ref="penn-n53" as="xces">
        <fs>
            <f name="base" value="people"/>
            <f name="msd" value="NNS"/>
        </fs>
    </a>
    <node xml:id="penn-n54">
        <link targets="seg-r100"/>
    </node>
    <a label="tok" ref="penn-n54" as="xces">
        <fs>
            <f name="base" value="train"/>
            <f name="msd" value="VBP"/>
        </fs>
    </a>
    <node xml:id="penn-n55">
        <link targets="seg-r102"/>
    </node>
    <a label="tok" ref="penn-n55" as="xces">
        <fs>
            <f name="base" value="for"/>
            <f name="msd" value="IN"/>
        </fs>
    </a>
    <node xml:id="penn-n56">
        <link targets="seg-r104"/>
    </node>
    <a label="tok" ref="penn-n56" as="xces">
        <fs>
            <f name="base" value="and"/>
            <f name="msd" value="CC"/>
        </fs>
    </a>
    <node xml:id="penn-n57">
        <link targets="seg-r106"/>
    </node>
    <a label="tok" ref="penn-n57" as="xces">
        <fs>
            <f name="base" value="find"/>
            <f name="msd" value="VB"/>
        </fs>
    </a>
    <node xml:id="penn-n58">
        <link targets="seg-r108"/>
    </node>
    <a label="tok" ref="penn-n58" as="xces">
        <fs>
            <f name="msd" value="NNS"/>
            <f name="base" value="job"/>
            <f name="affix" value="s"/>
        </fs>
    </a>
    <node xml:id="penn-n59">
        <link targets="seg-r110"/>
    </node>
    <a label="tok" ref="penn-n59" as="xces">
        <fs>
            <f name="base" value="that"/>
            <f name="msd" value="WDT"/>
        </fs>
    </a>
    <node xml:id="penn-n6">
        <link targets="seg-r12"/>
    </node>
    <a label="tok" ref="penn-n6" as="xces">
        <fs>
            <f name="base" value="our"/>
            <f name="msd" value="PRP$"/>
        </fs>
    </a>
    <node xml:id="penn-n60">
        <link targets="seg-r112"/>
    </node>
    <a label="tok" ref="penn-n60" as="xces">
        <fs>
            <f name="base" value="make"/>
            <f name="msd" value="VBP"/>
        </fs>
    </a>
    <node xml:id="penn-n61">
        <link targets="seg-r114"/>
    </node>
    <a label="tok" ref="penn-n61" as="xces">
        <fs>
            <f name="base" value="it"/>
            <f name="msd" value="PRP"/>
        </fs>
    </a>
    <node xml:id="penn-n62">
        <link targets="seg-r116"/>
    </node>
    <a label="tok" ref="penn-n62" as="xces">
        <fs>
            <f name="base" value="possible"/>
            <f name="msd" value="JJ"/>
        </fs>
    </a>
    <node xml:id="penn-n63">
        <link targets="seg-r118"/>
    </node>
    <a label="tok" ref="penn-n63" as="xces">
        <fs>
            <f name="base" value="for"/>
            <f name="msd" value="IN"/>
        </fs>
    </a>
    <node xml:id="penn-n64">
        <link targets="seg-r120"/>
    </node>
    <a label="tok" ref="penn-n64" as="xces">
        <fs>
            <f name="base" value="them"/>
            <f name="msd" value="PRP"/>
        </fs>
    </a>
    <node xml:id="penn-n65">
        <link targets="seg-r122"/>
    </node>
    <a label="tok" ref="penn-n65" as="xces">
        <fs>
            <f name="base" value="to"/>
            <f name="msd" value="TO"/>
        </fs>
    </a>
    <node xml:id="penn-n66">
        <link targets="seg-r124"/>
    </node>
    <a label="tok" ref="penn-n66" as="xces">
        <fs>
            <f name="base" value="get"/>
            <f name="msd" value="VB"/>
        </fs>
    </a>
    <node xml:id="penn-n67">
        <link targets="seg-r126"/>
    </node>
    <a label="tok" ref="penn-n67" as="xces">
        <fs>
            <f name="base" value="off"/>
            <f name="msd" value="RP"/>
        </fs>
    </a>
    <node xml:id="penn-n68">
        <link targets="seg-r128"/>
    </node>
    <a label="tok" ref="penn-n68" as="xces">
        <fs>
            <f name="base" value="of"/>
            <f name="msd" value="IN"/>
        </fs>
    </a>
    <node xml:id="penn-n69">
        <link targets="seg-r130"/>
    </node>
    <a label="tok" ref="penn-n69" as="xces">
        <fs>
            <f name="base" value="welfare"/>
            <f name="msd" value="NN"/>
        </fs>
    </a>
    <node xml:id="penn-n7">
        <link targets="seg-r14"/>
    </node>
    <a label="tok" ref="penn-n7" as="xces">
        <fs>
            <f name="base" value="welfare"/>
            <f name="msd" value="NN"/>
        </fs>
    </a>
    <node xml:id="penn-n70">
        <link targets="seg-r131"/>
    </node>
    <a label="tok" ref="penn-n70" as="xces">
        <fs>
            <f name="base" value="."/>
            <f name="msd" value="."/>
        </fs>
    </a>
    <node xml:id="penn-n71">
        <link targets="seg-r133"/>
    </node>
    <a label="tok" ref="penn-n71" as="xces">
        <fs>
            <f name="base" value="last"/>
            <f name="msd" value="JJ"/>
        </fs>
    </a>
    <node xml:id="penn-n72">
        <link targets="seg-r135"/>
    </node>
    <a label="tok" ref="penn-n72" as="xces">
        <fs>
            <f name="base" value="year"/>
            <f name="msd" value="NN"/>
        </fs>
    </a>
    <node xml:id="penn-n73">
        <link targets="seg-r136"/>
    </node>
    <a label="tok" ref="penn-n73" as="xces">
        <fs>
            <f name="base" value=","/>
            <f name="msd" value=","/>
        </fs>
    </a>
    <node xml:id="penn-n74">
        <link targets="seg-r138"/>
    </node>
    <a label="tok" ref="penn-n74" as="xces">
        <fs>
            <f name="base" value="goodwill"/>
            <f name="msd" value="NNP"/>
        </fs>
    </a>
    <node xml:id="penn-n75">
        <link targets="seg-r140"/>
    </node>
    <a label="tok" ref="penn-n75" as="xces">
        <fs>
            <f name="msd" value="VBD"/>
            <f name="base" value="place"/>
            <f name="affix" value="ed"/>
        </fs>
    </a>
    <node xml:id="penn-n76">
        <link targets="seg-r142"/>
    </node>
    <a label="tok" ref="penn-n76" as="xces">
        <fs>
            <f name="base" value="511"/>
            <f name="msd" value="CD"/>
        </fs>
    </a>
    <node xml:id="penn-n77">
        <link targets="seg-r144"/>
    </node>
    <a label="tok" ref="penn-n77" as="xces">
        <fs>
            <f name="base" value="people"/>
            <f name="msd" value="NNS"/>
        </fs>
    </a>
    <node xml:id="penn-n78">
        <link targets="seg-r146"/>
    </node>
    <a label="tok" ref="penn-n78" as="xces">
        <fs>
            <f name="base" value="in"/>
            <f name="msd" value="IN"/>
        </fs>
    </a>
    <node xml:id="penn-n79">
        <link targets="seg-r148"/>
    </node>
    <a label="tok" ref="penn-n79" as="xces">
        <fs>
            <f name="msd" value="NNS"/>
            <f name="base" value="job"/>
            <f name="affix" value="s"/>
        </fs>
    </a>
    <node xml:id="penn-n8">
        <link targets="seg-r16"/>
    </node>
    <a label="tok" ref="penn-n8" as="xces">
        <fs>
            <f name="base" value="system"/>
            <f name="msd" value="NN"/>
        </fs>
    </a>
    <node xml:id="penn-n80">
        <link targets="seg-r149"/>
    </node>
    <a label="tok" ref="penn-n80" as="xces">
        <fs>
            <f name="base" value=","/>
            <f name="msd" value=","/>
        </fs>
    </a>
    <node xml:id="penn-n81">
        <link targets="seg-r151"/>
    </node>
    <a label="tok" ref="penn-n81" as="xces">
        <fs>
            <f name="base" value="more"/>
            <f name="msd" value="RBR"/>
        </fs>
    </a>
    <node xml:id="penn-n82">
        <link targets="seg-r153"/>
    </node>
    <a label="tok" ref="penn-n82" as="xces">
        <fs>
            <f name="base" value="than"/>
            <f name="msd" value="IN"/>
        </fs>
    </a>
    <node xml:id="penn-n83">
        <link targets="seg-r155"/>
    </node>
    <a label="tok" ref="penn-n83" as="xces">
        <fs>
            <f name="base" value="double"/>
            <f name="msd" value="VB"/>
        </fs>
    </a>
    <node xml:id="penn-n84">
        <link targets="seg-r157"/>
    </node>
    <a label="tok" ref="penn-n84" as="xces">
        <fs>
            <f name="base" value="the"/>
            <f name="msd" value="DT"/>
        </fs>
    </a>
    <node xml:id="penn-n85">
        <link targets="seg-r159"/>
    </node>
    <a label="tok" ref="penn-n85" as="xces">
        <fs>
            <f name="base" value="number"/>
            <f name="msd" value="NN"/>
        </fs>
    </a>
    <node xml:id="penn-n86">
        <link targets="seg-r161"/>
    </node>
    <a label="tok" ref="penn-n86" as="xces">
        <fs>
            <f name="base" value="we"/>
            <f name="msd" value="PRP"/>
        </fs>
    </a>
    <node xml:id="penn-n87">
        <link targets="seg-r163"/>
    </node>
    <a label="tok" ref="penn-n87" as="xces">
        <fs>
            <f name="msd" value="VBD"/>
            <f name="base" value="place"/>
            <f name="affix" value="ed"/>
        </fs>
    </a>
    <node xml:id="penn-n88">
        <link targets="seg-r165"/>
    </node>
    <a label="tok" ref="penn-n88" as="xces">
        <fs>
            <f name="base" value="in"/>
            <f name="msd" value="IN"/>
        </fs>
    </a>
    <node xml:id="penn-n89">
        <link targets="seg-r167"/>
    </node>
    <a label="tok" ref="penn-n89" as="xces">
        <fs>
            <f name="base" value="1993"/>
            <f name="msd" value="CD"/>
        </fs>
    </a>
    <node xml:id="penn-n9">
        <link targets="seg-r18"/>
    </node>
    <a label="tok" ref="penn-n9" as="xces">
        <fs>
            <f name="msd" value="VBP"/>
            <f name="base" value="be"/>
            <f name="affix" value=""/>
        </fs>
    </a>
    <node xml:id="penn-n90">
        <link targets="seg-r168"/>
    </node>
    <a label="tok" ref="penn-n90" as="xces">
        <fs>
            <f name="base" value="."/>
            <f name="msd" value="."/>
        </fs>
    </a>
    <node xml:id="penn-n91">
        <link targets="seg-r170"/>
    </node>
    <a label="tok" ref="penn-n91" as="xces">
        <fs>
            <f name="base" value="while"/>
            <f name="msd" value="IN"/>
        </fs>
    </a>
    <node xml:id="penn-n92">
        <link targets="seg-r172"/>
    </node>
    <a label="tok" ref="penn-n92" as="xces">
        <fs>
            <f name="base" value="the"/>
            <f name="msd" value="DT"/>
        </fs>
    </a>
    <node xml:id="penn-n93">
        <link targets="seg-r174"/>
    </node>
    <a label="tok" ref="penn-n93" as="xces">
        <fs>
            <f name="base" value="debate"/>
            <f name="msd" value="NN"/>
        </fs>
    </a>
    <node xml:id="penn-n94">
        <link targets="seg-r176"/>
    </node>
    <a label="tok" ref="penn-n94" as="xces">
        <fs>
            <f name="base" value="on"/>
            <f name="msd" value="IN"/>
        </fs>
    </a>
    <node xml:id="penn-n95">
        <link targets="seg-r178"/>
    </node>
    <a label="tok" ref="penn-n95" as="xces">
        <fs>
            <f name="base" value="welfare"/>
            <f name="msd" value="NN"/>
        </fs>
    </a>
    <node xml:id="penn-n96">
        <link targets="seg-r180"/>
    </node>
    <a label="tok" ref="penn-n96" as="xces">
        <fs>
            <f name="base" value="reform"/>
            <f name="msd" value="NN"/>
        </fs>
    </a>
    <node xml:id="penn-n97">
        <link targets="seg-r182"/>
    </node>
    <a label="tok" ref="penn-n97" as="xces">
        <fs>
            <f name="msd" value="VBZ"/>
            <f name="base" value="be"/>
            <f name="affix" value="s"/>
        </fs>
    </a>
    <node xml:id="penn-n98">
        <link targets="seg-r184"/>
    </node>
    <a label="tok" ref="penn-n98" as="xces">
        <fs>
            <f name="msd" value="VBG"/>
            <f name="base" value="gather"/>
            <f name="affix" value="ing"/>
        </fs>
    </a>
    <node xml:id="penn-n99">
        <link targets="seg-r186"/>
    </node>
    <a label="tok" ref="penn-n99" as="xces">
        <fs>
            <f name="base" value="like"/>
            <f name="msd" value="IN"/>
        </fs>
    </a>
</graph>
