<?xml version="1.0" encoding="UTF-8"?>
<graph xmlns="http://www.xces.org/ns/GrAF/1.0/">
    <header>
        <tagsDecl>
            <tagUsage gi="tok" occurs="224"/>
        </tagsDecl>
        <dependencies>
            <dependsOn type="seg"/>
        </dependencies>
        <annotationSets>
            <annotationSet name="FrameNet" type="http://framenet.icsi.berkeley.edu"/>
        </annotationSets>
    </header>
    <node xml:id="fn-n114">
        <link targets="seg-r79"/>
    </node>
    <a label="tok" ref="fn-n114" as="FrameNet">
        <fs>
            <f name="msd" value="PP"/>
        </fs>
    </a>
    <node xml:id="fn-n115">
        <link targets="seg-r80"/>
    </node>
    <a label="tok" ref="fn-n115" as="FrameNet">
        <fs>
            <f name="msd" value="VHP"/>
        </fs>
    </a>
    <node xml:id="fn-n116">
        <link targets="seg-r82"/>
    </node>
    <a label="tok" ref="fn-n116" as="FrameNet">
        <fs>
            <f name="msd" value="VVN"/>
        </fs>
    </a>
    <node xml:id="fn-n117">
        <link targets="seg-r84"/>
    </node>
    <a label="tok" ref="fn-n117" as="FrameNet">
        <fs>
            <f name="msd" value="NP"/>
        </fs>
    </a>
    <node xml:id="fn-n118">
        <link targets="seg-r85"/>
    </node>
    <a label="tok" ref="fn-n118" as="FrameNet">
        <fs>
            <f name="msd" value="POS"/>
        </fs>
    </a>
    <node xml:id="fn-n119">
        <link targets="seg-r87"/>
    </node>
    <a label="tok" ref="fn-n119" as="FrameNet">
        <fs>
            <f name="msd" value="jj"/>
        </fs>
    </a>
    <node xml:id="fn-n120">
        <link targets="seg-r89"/>
    </node>
    <a label="tok" ref="fn-n120" as="FrameNet">
        <fs>
            <f name="msd" value="nns"/>
        </fs>
    </a>
    <node xml:id="fn-n121">
        <link targets="seg-r91"/>
    </node>
    <a label="tok" ref="fn-n121" as="FrameNet">
        <fs>
            <f name="msd" value="to"/>
        </fs>
    </a>
    <node xml:id="fn-n122">
        <link targets="seg-r93"/>
    </node>
    <a label="tok" ref="fn-n122" as="FrameNet">
        <fs>
            <f name="msd" value="nns"/>
        </fs>
    </a>
    <node xml:id="fn-n123">
        <link targets="seg-r95"/>
    </node>
    <a label="tok" ref="fn-n123" as="FrameNet">
        <fs>
            <f name="msd" value="cc"/>
        </fs>
    </a>
    <node xml:id="fn-n124">
        <link targets="seg-r97"/>
    </node>
    <a label="tok" ref="fn-n124" as="FrameNet">
        <fs>
            <f name="msd" value="nns"/>
        </fs>
    </a>
    <node xml:id="fn-n125">
        <link targets="seg-r99"/>
    </node>
    <a label="tok" ref="fn-n125" as="FrameNet">
        <fs>
            <f name="msd" value="wrb"/>
        </fs>
    </a>
    <node xml:id="fn-n126">
        <link targets="seg-r101"/>
    </node>
    <a label="tok" ref="fn-n126" as="FrameNet">
        <fs>
            <f name="msd" value="PP"/>
        </fs>
    </a>
    <node xml:id="fn-n127">
        <link targets="seg-r103"/>
    </node>
    <a label="tok" ref="fn-n127" as="FrameNet">
        <fs>
            <f name="msd" value="vbp"/>
        </fs>
    </a>
    <node xml:id="fn-n128">
        <link targets="seg-r105"/>
    </node>
    <a label="tok" ref="fn-n128" as="FrameNet">
        <fs>
            <f name="msd" value="VVN"/>
        </fs>
    </a>
    <node xml:id="fn-n129">
        <link targets="seg-r107"/>
    </node>
    <a label="tok" ref="fn-n129" as="FrameNet">
        <fs>
            <f name="msd" value="rbs"/>
        </fs>
    </a>
    <node xml:id="fn-n130">
        <link targets="seg-r108"/>
    </node>
    <a label="tok" ref="fn-n130" as="FrameNet">
        <fs>
            <f name="msd" value="sent"/>
        </fs>
    </a>
    <node xml:id="fn-n15">
        <link targets="seg-r7"/>
    </node>
    <a label="tok" ref="fn-n15" as="FrameNet">
        <fs>
            <f name="msd" value="NP"/>
        </fs>
    </a>
    <node xml:id="fn-n16">
        <link targets="seg-r9"/>
    </node>
    <a label="tok" ref="fn-n16" as="FrameNet">
        <fs>
            <f name="msd" value="NP"/>
        </fs>
    </a>
    <node xml:id="fn-n162">
        <link targets="seg-r110"/>
    </node>
    <a label="tok" ref="fn-n162" as="FrameNet">
        <fs>
            <f name="msd" value="in"/>
        </fs>
    </a>
    <node xml:id="fn-n163">
        <link targets="seg-r112"/>
    </node>
    <a label="tok" ref="fn-n163" as="FrameNet">
        <fs>
            <f name="msd" value="nn"/>
        </fs>
    </a>
    <node xml:id="fn-n164">
        <link targets="seg-r113"/>
    </node>
    <a label="tok" ref="fn-n164" as="FrameNet">
        <fs>
            <f name="msd" value=","/>
        </fs>
    </a>
    <node xml:id="fn-n165">
        <link targets="seg-r115"/>
    </node>
    <a label="tok" ref="fn-n165" as="FrameNet">
        <fs>
            <f name="msd" value="PP"/>
        </fs>
    </a>
    <node xml:id="fn-n166">
        <link targets="seg-r116"/>
    </node>
    <a label="tok" ref="fn-n166" as="FrameNet">
        <fs>
            <f name="msd" value="VHP"/>
        </fs>
    </a>
    <node xml:id="fn-n167">
        <link targets="seg-r118"/>
    </node>
    <a label="tok" ref="fn-n167" as="FrameNet">
        <fs>
            <f name="msd" value="VVN"/>
        </fs>
    </a>
    <node xml:id="fn-n168">
        <link targets="seg-r120"/>
    </node>
    <a label="tok" ref="fn-n168" as="FrameNet">
        <fs>
            <f name="msd" value="jj"/>
        </fs>
    </a>
    <node xml:id="fn-n169">
        <link targets="seg-r122"/>
    </node>
    <a label="tok" ref="fn-n169" as="FrameNet">
        <fs>
            <f name="msd" value="nns"/>
        </fs>
    </a>
    <node xml:id="fn-n17">
        <link targets="seg-r11"/>
    </node>
    <a label="tok" ref="fn-n17" as="FrameNet">
        <fs>
            <f name="msd" value="nn"/>
        </fs>
    </a>
    <node xml:id="fn-n170">
        <link targets="seg-r123"/>
    </node>
    <a label="tok" ref="fn-n170" as="FrameNet">
        <fs>
            <f name="msd" value="sent"/>
        </fs>
    </a>
    <node xml:id="fn-n18">
        <link targets="seg-r13"/>
    </node>
    <a label="tok" ref="fn-n18" as="FrameNet">
        <fs>
            <f name="msd" value="nn"/>
        </fs>
    </a>
    <node xml:id="fn-n189">
        <link targets="seg-r125"/>
    </node>
    <a label="tok" ref="fn-n189" as="FrameNet">
        <fs>
            <f name="msd" value="PP"/>
        </fs>
    </a>
    <node xml:id="fn-n19">
        <link targets="seg-r14"/>
    </node>
    <a label="tok" ref="fn-n19" as="FrameNet">
        <fs>
            <f name="msd" value=":"/>
        </fs>
    </a>
    <node xml:id="fn-n190">
        <link targets="seg-r127"/>
    </node>
    <a label="tok" ref="fn-n190" as="FrameNet">
        <fs>
            <f name="msd" value="VHP"/>
        </fs>
    </a>
    <node xml:id="fn-n191">
        <link targets="seg-r129"/>
    </node>
    <a label="tok" ref="fn-n191" as="FrameNet">
        <fs>
            <f name="msd" value="VVN"/>
        </fs>
    </a>
    <node xml:id="fn-n192">
        <link targets="seg-r131"/>
    </node>
    <a label="tok" ref="fn-n192" as="FrameNet">
        <fs>
            <f name="msd" value="VVP"/>
        </fs>
    </a>
    <node xml:id="fn-n193">
        <link targets="seg-r133"/>
    </node>
    <a label="tok" ref="fn-n193" as="FrameNet">
        <fs>
            <f name="msd" value="NP"/>
        </fs>
    </a>
    <node xml:id="fn-n194">
        <link targets="seg-r134"/>
    </node>
    <a label="tok" ref="fn-n194" as="FrameNet">
        <fs>
            <f name="msd" value="POS"/>
        </fs>
    </a>
    <node xml:id="fn-n195">
        <link targets="seg-r136"/>
    </node>
    <a label="tok" ref="fn-n195" as="FrameNet">
        <fs>
            <f name="msd" value="nn"/>
        </fs>
    </a>
    <node xml:id="fn-n196">
        <link targets="seg-r138"/>
    </node>
    <a label="tok" ref="fn-n196" as="FrameNet">
        <fs>
            <f name="msd" value="jj"/>
        </fs>
    </a>
    <node xml:id="fn-n197">
        <link targets="seg-r140"/>
    </node>
    <a label="tok" ref="fn-n197" as="FrameNet">
        <fs>
            <f name="msd" value="in"/>
        </fs>
    </a>
    <node xml:id="fn-n198">
        <link targets="seg-r142"/>
    </node>
    <a label="tok" ref="fn-n198" as="FrameNet">
        <fs>
            <f name="msd" value="PP$"/>
        </fs>
    </a>
    <node xml:id="fn-n199">
        <link targets="seg-r144"/>
    </node>
    <a label="tok" ref="fn-n199" as="FrameNet">
        <fs>
            <f name="msd" value="jj"/>
        </fs>
    </a>
    <node xml:id="fn-n2">
        <link targets="seg-r0"/>
    </node>
    <a label="tok" ref="fn-n2" as="FrameNet">
        <fs>
            <f name="msd" value="NP"/>
        </fs>
    </a>
    <node xml:id="fn-n200">
        <link targets="seg-r146"/>
    </node>
    <a label="tok" ref="fn-n200" as="FrameNet">
        <fs>
            <f name="msd" value="nn"/>
        </fs>
    </a>
    <node xml:id="fn-n201">
        <link targets="seg-r147"/>
    </node>
    <a label="tok" ref="fn-n201" as="FrameNet">
        <fs>
            <f name="msd" value="sent"/>
        </fs>
    </a>
    <node xml:id="fn-n227">
        <link targets="seg-r149"/>
    </node>
    <a label="tok" ref="fn-n227" as="FrameNet">
        <fs>
            <f name="msd" value="NP"/>
        </fs>
    </a>
    <node xml:id="fn-n228">
        <link targets="seg-r151"/>
    </node>
    <a label="tok" ref="fn-n228" as="FrameNet">
        <fs>
            <f name="msd" value="VHZ"/>
        </fs>
    </a>
    <node xml:id="fn-n229">
        <link targets="seg-r153"/>
    </node>
    <a label="tok" ref="fn-n229" as="FrameNet">
        <fs>
            <f name="msd" value="VVN"/>
        </fs>
    </a>
    <node xml:id="fn-n230">
        <link targets="seg-r155"/>
    </node>
    <a label="tok" ref="fn-n230" as="FrameNet">
        <fs>
            <f name="msd" value="dt"/>
        </fs>
    </a>
    <node xml:id="fn-n231">
        <link targets="seg-r157"/>
    </node>
    <a label="tok" ref="fn-n231" as="FrameNet">
        <fs>
            <f name="msd" value="nns"/>
        </fs>
    </a>
    <node xml:id="fn-n232">
        <link targets="seg-r159"/>
    </node>
    <a label="tok" ref="fn-n232" as="FrameNet">
        <fs>
            <f name="msd" value="wdt"/>
        </fs>
    </a>
    <node xml:id="fn-n233">
        <link targets="seg-r161"/>
    </node>
    <a label="tok" ref="fn-n233" as="FrameNet">
        <fs>
            <f name="msd" value="VVD"/>
        </fs>
    </a>
    <node xml:id="fn-n234">
        <link targets="seg-r163"/>
    </node>
    <a label="tok" ref="fn-n234" as="FrameNet">
        <fs>
            <f name="msd" value="PP$"/>
        </fs>
    </a>
    <node xml:id="fn-n235">
        <link targets="seg-r165"/>
    </node>
    <a label="tok" ref="fn-n235" as="FrameNet">
        <fs>
            <f name="msd" value="nn"/>
        </fs>
    </a>
    <node xml:id="fn-n236">
        <link targets="seg-r167"/>
    </node>
    <a label="tok" ref="fn-n236" as="FrameNet">
        <fs>
            <f name="msd" value="in"/>
        </fs>
    </a>
    <node xml:id="fn-n237">
        <link targets="seg-r169"/>
    </node>
    <a label="tok" ref="fn-n237" as="FrameNet">
        <fs>
            <f name="msd" value="nns"/>
        </fs>
    </a>
    <node xml:id="fn-n238">
        <link targets="seg-r170"/>
    </node>
    <a label="tok" ref="fn-n238" as="FrameNet">
        <fs>
            <f name="msd" value="sent"/>
        </fs>
    </a>
    <node xml:id="fn-n260">
        <link targets="seg-r172"/>
    </node>
    <a label="tok" ref="fn-n260" as="FrameNet">
        <fs>
            <f name="msd" value="wp"/>
        </fs>
    </a>
    <node xml:id="fn-n261">
        <link targets="seg-r174"/>
    </node>
    <a label="tok" ref="fn-n261" as="FrameNet">
        <fs>
            <f name="msd" value="VHZ"/>
        </fs>
    </a>
    <node xml:id="fn-n262">
        <link targets="seg-r176"/>
    </node>
    <a label="tok" ref="fn-n262" as="FrameNet">
        <fs>
            <f name="msd" value="VVN"/>
        </fs>
    </a>
    <node xml:id="fn-n263">
        <link targets="seg-r178"/>
    </node>
    <a label="tok" ref="fn-n263" as="FrameNet">
        <fs>
            <f name="msd" value="in"/>
        </fs>
    </a>
    <node xml:id="fn-n264">
        <link targets="seg-r180"/>
    </node>
    <a label="tok" ref="fn-n264" as="FrameNet">
        <fs>
            <f name="msd" value="PP$"/>
        </fs>
    </a>
    <node xml:id="fn-n265">
        <link targets="seg-r182"/>
    </node>
    <a label="tok" ref="fn-n265" as="FrameNet">
        <fs>
            <f name="msd" value="nn"/>
        </fs>
    </a>
    <node xml:id="fn-n266">
        <link targets="seg-r183"/>
    </node>
    <a label="tok" ref="fn-n266" as="FrameNet">
        <fs>
            <f name="msd" value="sent"/>
        </fs>
    </a>
    <node xml:id="fn-n268">
        <link targets="seg-r185"/>
    </node>
    <a label="tok" ref="fn-n268" as="FrameNet">
        <fs>
            <f name="msd" value="nn"/>
        </fs>
    </a>
    <node xml:id="fn-n269">
        <link targets="seg-r187"/>
    </node>
    <a label="tok" ref="fn-n269" as="FrameNet">
        <fs>
            <f name="msd" value="VHZ"/>
        </fs>
    </a>
    <node xml:id="fn-n270">
        <link targets="seg-r188"/>
    </node>
    <a label="tok" ref="fn-n270" as="FrameNet">
        <fs>
            <f name="msd" value="sent"/>
        </fs>
    </a>
    <node xml:id="fn-n272">
        <link targets="seg-r190"/>
    </node>
    <a label="tok" ref="fn-n272" as="FrameNet">
        <fs>
            <f name="msd" value="wrb"/>
        </fs>
    </a>
    <node xml:id="fn-n273">
        <link targets="seg-r192"/>
    </node>
    <a label="tok" ref="fn-n273" as="FrameNet">
        <fs>
            <f name="msd" value="PP"/>
        </fs>
    </a>
    <node xml:id="fn-n274">
        <link targets="seg-r194"/>
    </node>
    <a label="tok" ref="fn-n274" as="FrameNet">
        <fs>
            <f name="msd" value="cc"/>
        </fs>
    </a>
    <node xml:id="fn-n275">
        <link targets="seg-r196"/>
    </node>
    <a label="tok" ref="fn-n275" as="FrameNet">
        <fs>
            <f name="msd" value="PP"/>
        </fs>
    </a>
    <node xml:id="fn-n276">
        <link targets="seg-r198"/>
    </node>
    <a label="tok" ref="fn-n276" as="FrameNet">
        <fs>
            <f name="msd" value="VVP"/>
        </fs>
    </a>
    <node xml:id="fn-n277">
        <link targets="seg-r200"/>
    </node>
    <a label="tok" ref="fn-n277" as="FrameNet">
        <fs>
            <f name="msd" value="nn"/>
        </fs>
    </a>
    <node xml:id="fn-n278">
        <link targets="seg-r202"/>
    </node>
    <a label="tok" ref="fn-n278" as="FrameNet">
        <fs>
            <f name="msd" value="VVP"/>
        </fs>
    </a>
    <node xml:id="fn-n279">
        <link targets="seg-r204"/>
    </node>
    <a label="tok" ref="fn-n279" as="FrameNet">
        <fs>
            <f name="msd" value="dt"/>
        </fs>
    </a>
    <node xml:id="fn-n280">
        <link targets="seg-r206"/>
    </node>
    <a label="tok" ref="fn-n280" as="FrameNet">
        <fs>
            <f name="msd" value="nn"/>
        </fs>
    </a>
    <node xml:id="fn-n281">
        <link targets="seg-r207"/>
    </node>
    <a label="tok" ref="fn-n281" as="FrameNet">
        <fs>
            <f name="msd" value=","/>
        </fs>
    </a>
    <node xml:id="fn-n282">
        <link targets="seg-r209"/>
    </node>
    <a label="tok" ref="fn-n282" as="FrameNet">
        <fs>
            <f name="msd" value="cd"/>
        </fs>
    </a>
    <node xml:id="fn-n283">
        <link targets="seg-r211"/>
    </node>
    <a label="tok" ref="fn-n283" as="FrameNet">
        <fs>
            <f name="msd" value="jjr"/>
        </fs>
    </a>
    <node xml:id="fn-n284">
        <link targets="seg-r213"/>
    </node>
    <a label="tok" ref="fn-n284" as="FrameNet">
        <fs>
            <f name="msd" value="nn"/>
        </fs>
    </a>
    <node xml:id="fn-n285">
        <link targets="seg-r215"/>
    </node>
    <a label="tok" ref="fn-n285" as="FrameNet">
        <fs>
            <f name="msd" value="VVZ"/>
        </fs>
    </a>
    <node xml:id="fn-n286">
        <link targets="seg-r217"/>
    </node>
    <a label="tok" ref="fn-n286" as="FrameNet">
        <fs>
            <f name="msd" value="dt"/>
        </fs>
    </a>
    <node xml:id="fn-n287">
        <link targets="seg-r219"/>
    </node>
    <a label="tok" ref="fn-n287" as="FrameNet">
        <fs>
            <f name="msd" value="nns"/>
        </fs>
    </a>
    <node xml:id="fn-n288">
        <link targets="seg-r221"/>
    </node>
    <a label="tok" ref="fn-n288" as="FrameNet">
        <fs>
            <f name="msd" value="in"/>
        </fs>
    </a>
    <node xml:id="fn-n289">
        <link targets="seg-r223"/>
    </node>
    <a label="tok" ref="fn-n289" as="FrameNet">
        <fs>
            <f name="msd" value="nn"/>
        </fs>
    </a>
    <node xml:id="fn-n290">
        <link targets="seg-r225"/>
    </node>
    <a label="tok" ref="fn-n290" as="FrameNet">
        <fs>
            <f name="msd" value="nns"/>
        </fs>
    </a>
    <node xml:id="fn-n291">
        <link targets="seg-r226"/>
    </node>
    <a label="tok" ref="fn-n291" as="FrameNet">
        <fs>
            <f name="msd" value=","/>
        </fs>
    </a>
    <node xml:id="fn-n292">
        <link targets="seg-r228"/>
    </node>
    <a label="tok" ref="fn-n292" as="FrameNet">
        <fs>
            <f name="msd" value="jjr"/>
        </fs>
    </a>
    <node xml:id="fn-n293">
        <link targets="seg-r230"/>
    </node>
    <a label="tok" ref="fn-n293" as="FrameNet">
        <fs>
            <f name="msd" value="nn"/>
        </fs>
    </a>
    <node xml:id="fn-n294">
        <link targets="seg-r232"/>
    </node>
    <a label="tok" ref="fn-n294" as="FrameNet">
        <fs>
            <f name="msd" value="nns"/>
        </fs>
    </a>
    <node xml:id="fn-n295">
        <link targets="seg-r234"/>
    </node>
    <a label="tok" ref="fn-n295" as="FrameNet">
        <fs>
            <f name="msd" value="vbp"/>
        </fs>
    </a>
    <node xml:id="fn-n296">
        <link targets="seg-r236"/>
    </node>
    <a label="tok" ref="fn-n296" as="FrameNet">
        <fs>
            <f name="msd" value="VVN"/>
        </fs>
    </a>
    <node xml:id="fn-n297">
        <link targets="seg-r238"/>
    </node>
    <a label="tok" ref="fn-n297" as="FrameNet">
        <fs>
            <f name="msd" value="in"/>
        </fs>
    </a>
    <node xml:id="fn-n298">
        <link targets="seg-r240"/>
    </node>
    <a label="tok" ref="fn-n298" as="FrameNet">
        <fs>
            <f name="msd" value="jj"/>
        </fs>
    </a>
    <node xml:id="fn-n299">
        <link targets="seg-r242"/>
    </node>
    <a label="tok" ref="fn-n299" as="FrameNet">
        <fs>
            <f name="msd" value="nn"/>
        </fs>
    </a>
    <node xml:id="fn-n3">
        <link targets="seg-r2"/>
    </node>
    <a label="tok" ref="fn-n3" as="FrameNet">
        <fs>
            <f name="msd" value="cd"/>
        </fs>
    </a>
    <node xml:id="fn-n300">
        <link targets="seg-r244"/>
    </node>
    <a label="tok" ref="fn-n300" as="FrameNet">
        <fs>
            <f name="msd" value="cc"/>
        </fs>
    </a>
    <node xml:id="fn-n301">
        <link targets="seg-r246"/>
    </node>
    <a label="tok" ref="fn-n301" as="FrameNet">
        <fs>
            <f name="msd" value="nns"/>
        </fs>
    </a>
    <node xml:id="fn-n302">
        <link targets="seg-r248"/>
    </node>
    <a label="tok" ref="fn-n302" as="FrameNet">
        <fs>
            <f name="msd" value="VVP"/>
        </fs>
    </a>
    <node xml:id="fn-n303">
        <link targets="seg-r250"/>
    </node>
    <a label="tok" ref="fn-n303" as="FrameNet">
        <fs>
            <f name="msd" value="dt"/>
        </fs>
    </a>
    <node xml:id="fn-n304">
        <link targets="seg-r252"/>
    </node>
    <a label="tok" ref="fn-n304" as="FrameNet">
        <fs>
            <f name="msd" value="nn"/>
        </fs>
    </a>
    <node xml:id="fn-n305">
        <link targets="seg-r253"/>
    </node>
    <a label="tok" ref="fn-n305" as="FrameNet">
        <fs>
            <f name="msd" value="sent"/>
        </fs>
    </a>
    <node xml:id="fn-n31">
        <link targets="seg-r16"/>
    </node>
    <a label="tok" ref="fn-n31" as="FrameNet">
        <fs>
            <f name="msd" value="PP"/>
        </fs>
    </a>
    <node xml:id="fn-n32">
        <link targets="seg-r18"/>
    </node>
    <a label="tok" ref="fn-n32" as="FrameNet">
        <fs>
            <f name="msd" value="cc"/>
        </fs>
    </a>
    <node xml:id="fn-n33">
        <link targets="seg-r20"/>
    </node>
    <a label="tok" ref="fn-n33" as="FrameNet">
        <fs>
            <f name="msd" value="PP"/>
        </fs>
    </a>
    <node xml:id="fn-n34">
        <link targets="seg-r22"/>
    </node>
    <a label="tok" ref="fn-n34" as="FrameNet">
        <fs>
            <f name="msd" value="VHP"/>
        </fs>
    </a>
    <node xml:id="fn-n35">
        <link targets="seg-r24"/>
    </node>
    <a label="tok" ref="fn-n35" as="FrameNet">
        <fs>
            <f name="msd" value="VVN"/>
        </fs>
    </a>
    <node xml:id="fn-n356">
        <link targets="seg-r255"/>
    </node>
    <a label="tok" ref="fn-n356" as="FrameNet">
        <fs>
            <f name="msd" value="ex"/>
        </fs>
    </a>
    <node xml:id="fn-n357">
        <link targets="seg-r257"/>
    </node>
    <a label="tok" ref="fn-n357" as="FrameNet">
        <fs>
            <f name="msd" value="vbp"/>
        </fs>
    </a>
    <node xml:id="fn-n358">
        <link targets="seg-r259"/>
    </node>
    <a label="tok" ref="fn-n358" as="FrameNet">
        <fs>
            <f name="msd" value="dt"/>
        </fs>
    </a>
    <node xml:id="fn-n359">
        <link targets="seg-r261"/>
    </node>
    <a label="tok" ref="fn-n359" as="FrameNet">
        <fs>
            <f name="msd" value="nn"/>
        </fs>
    </a>
    <node xml:id="fn-n36">
        <link targets="seg-r26"/>
    </node>
    <a label="tok" ref="fn-n36" as="FrameNet">
        <fs>
            <f name="msd" value="dt"/>
        </fs>
    </a>
    <node xml:id="fn-n360">
        <link targets="seg-r263"/>
    </node>
    <a label="tok" ref="fn-n360" as="FrameNet">
        <fs>
            <f name="msd" value="in"/>
        </fs>
    </a>
    <node xml:id="fn-n361">
        <link targets="seg-r265"/>
    </node>
    <a label="tok" ref="fn-n361" as="FrameNet">
        <fs>
            <f name="msd" value="nns"/>
        </fs>
    </a>
    <node xml:id="fn-n362">
        <link targets="seg-r267"/>
    </node>
    <a label="tok" ref="fn-n362" as="FrameNet">
        <fs>
            <f name="msd" value="wdt"/>
        </fs>
    </a>
    <node xml:id="fn-n363">
        <link targets="seg-r269"/>
    </node>
    <a label="tok" ref="fn-n363" as="FrameNet">
        <fs>
            <f name="msd" value="VVP"/>
        </fs>
    </a>
    <node xml:id="fn-n364">
        <link targets="seg-r271"/>
    </node>
    <a label="tok" ref="fn-n364" as="FrameNet">
        <fs>
            <f name="msd" value="nns"/>
        </fs>
    </a>
    <node xml:id="fn-n365">
        <link targets="seg-r273"/>
    </node>
    <a label="tok" ref="fn-n365" as="FrameNet">
        <fs>
            <f name="msd" value="in"/>
        </fs>
    </a>
    <node xml:id="fn-n366">
        <link targets="seg-r275"/>
    </node>
    <a label="tok" ref="fn-n366" as="FrameNet">
        <fs>
            <f name="msd" value="VVG"/>
        </fs>
    </a>
    <node xml:id="fn-n367">
        <link targets="seg-r276"/>
    </node>
    <a label="tok" ref="fn-n367" as="FrameNet">
        <fs>
            <f name="msd" value=":"/>
        </fs>
    </a>
    <node xml:id="fn-n368">
        <link targets="seg-r278"/>
    </node>
    <a label="tok" ref="fn-n368" as="FrameNet">
        <fs>
            <f name="msd" value="jj"/>
        </fs>
    </a>
    <node xml:id="fn-n369">
        <link targets="seg-r280"/>
    </node>
    <a label="tok" ref="fn-n369" as="FrameNet">
        <fs>
            <f name="msd" value="cc"/>
        </fs>
    </a>
    <node xml:id="fn-n37">
        <link targets="seg-r28"/>
    </node>
    <a label="tok" ref="fn-n37" as="FrameNet">
        <fs>
            <f name="msd" value="jj"/>
        </fs>
    </a>
    <node xml:id="fn-n370">
        <link targets="seg-r282"/>
    </node>
    <a label="tok" ref="fn-n370" as="FrameNet">
        <fs>
            <f name="msd" value="jj"/>
        </fs>
    </a>
    <node xml:id="fn-n371">
        <link targets="seg-r284"/>
    </node>
    <a label="tok" ref="fn-n371" as="FrameNet">
        <fs>
            <f name="msd" value="nns"/>
        </fs>
    </a>
    <node xml:id="fn-n372">
        <link targets="seg-r285"/>
    </node>
    <a label="tok" ref="fn-n372" as="FrameNet">
        <fs>
            <f name="msd" value=","/>
        </fs>
    </a>
    <node xml:id="fn-n373">
        <link targets="seg-r287"/>
    </node>
    <a label="tok" ref="fn-n373" as="FrameNet">
        <fs>
            <f name="msd" value="nn"/>
        </fs>
    </a>
    <node xml:id="fn-n374">
        <link targets="seg-r289"/>
    </node>
    <a label="tok" ref="fn-n374" as="FrameNet">
        <fs>
            <f name="msd" value="in"/>
        </fs>
    </a>
    <node xml:id="fn-n375">
        <link targets="seg-r291"/>
    </node>
    <a label="tok" ref="fn-n375" as="FrameNet">
        <fs>
            <f name="msd" value="nn"/>
        </fs>
    </a>
    <node xml:id="fn-n376">
        <link targets="seg-r293"/>
    </node>
    <a label="tok" ref="fn-n376" as="FrameNet">
        <fs>
            <f name="msd" value="nn"/>
        </fs>
    </a>
    <node xml:id="fn-n377">
        <link targets="seg-r295"/>
    </node>
    <a label="tok" ref="fn-n377" as="FrameNet">
        <fs>
            <f name="msd" value="cc"/>
        </fs>
    </a>
    <node xml:id="fn-n378">
        <link targets="seg-r297"/>
    </node>
    <a label="tok" ref="fn-n378" as="FrameNet">
        <fs>
            <f name="msd" value="nn"/>
        </fs>
    </a>
    <node xml:id="fn-n379">
        <link targets="seg-r299"/>
    </node>
    <a label="tok" ref="fn-n379" as="FrameNet">
        <fs>
            <f name="msd" value="in"/>
        </fs>
    </a>
    <node xml:id="fn-n38">
        <link targets="seg-r30"/>
    </node>
    <a label="tok" ref="fn-n38" as="FrameNet">
        <fs>
            <f name="msd" value="nn"/>
        </fs>
    </a>
    <node xml:id="fn-n380">
        <link targets="seg-r301"/>
    </node>
    <a label="tok" ref="fn-n380" as="FrameNet">
        <fs>
            <f name="msd" value="nn"/>
        </fs>
    </a>
    <node xml:id="fn-n381">
        <link targets="seg-r303"/>
    </node>
    <a label="tok" ref="fn-n381" as="FrameNet">
        <fs>
            <f name="msd" value="cc"/>
        </fs>
    </a>
    <node xml:id="fn-n382">
        <link targets="seg-r305"/>
    </node>
    <a label="tok" ref="fn-n382" as="FrameNet">
        <fs>
            <f name="msd" value="nn"/>
        </fs>
    </a>
    <node xml:id="fn-n383">
        <link targets="seg-r306"/>
    </node>
    <a label="tok" ref="fn-n383" as="FrameNet">
        <fs>
            <f name="msd" value="sent"/>
        </fs>
    </a>
    <node xml:id="fn-n39">
        <link targets="seg-r32"/>
    </node>
    <a label="tok" ref="fn-n39" as="FrameNet">
        <fs>
            <f name="msd" value="rb"/>
        </fs>
    </a>
    <node xml:id="fn-n4">
        <link targets="seg-r3"/>
    </node>
    <a label="tok" ref="fn-n4" as="FrameNet">
        <fs>
            <f name="msd" value=","/>
        </fs>
    </a>
    <node xml:id="fn-n40">
        <link targets="seg-r33"/>
    </node>
    <a label="tok" ref="fn-n40" as="FrameNet">
        <fs>
            <f name="msd" value="sent"/>
        </fs>
    </a>
    <node xml:id="fn-n416">
        <link targets="seg-r308"/>
    </node>
    <a label="tok" ref="fn-n416" as="FrameNet">
        <fs>
            <f name="msd" value="cc"/>
        </fs>
    </a>
    <node xml:id="fn-n417">
        <link targets="seg-r310"/>
    </node>
    <a label="tok" ref="fn-n417" as="FrameNet">
        <fs>
            <f name="msd" value="ex"/>
        </fs>
    </a>
    <node xml:id="fn-n418">
        <link targets="seg-r312"/>
    </node>
    <a label="tok" ref="fn-n418" as="FrameNet">
        <fs>
            <f name="msd" value="vbp"/>
        </fs>
    </a>
    <node xml:id="fn-n419">
        <link targets="seg-r314"/>
    </node>
    <a label="tok" ref="fn-n419" as="FrameNet">
        <fs>
            <f name="msd" value="dt"/>
        </fs>
    </a>
    <node xml:id="fn-n420">
        <link targets="seg-r316"/>
    </node>
    <a label="tok" ref="fn-n420" as="FrameNet">
        <fs>
            <f name="msd" value="nn"/>
        </fs>
    </a>
    <node xml:id="fn-n421">
        <link targets="seg-r318"/>
    </node>
    <a label="tok" ref="fn-n421" as="FrameNet">
        <fs>
            <f name="msd" value="in"/>
        </fs>
    </a>
    <node xml:id="fn-n422">
        <link targets="seg-r320"/>
    </node>
    <a label="tok" ref="fn-n422" as="FrameNet">
        <fs>
            <f name="msd" value="nns"/>
        </fs>
    </a>
    <node xml:id="fn-n423">
        <link targets="seg-r322"/>
    </node>
    <a label="tok" ref="fn-n423" as="FrameNet">
        <fs>
            <f name="msd" value="wp"/>
        </fs>
    </a>
    <node xml:id="fn-n424">
        <link targets="seg-r324"/>
    </node>
    <a label="tok" ref="fn-n424" as="FrameNet">
        <fs>
            <f name="msd" value="VVP"/>
        </fs>
    </a>
    <node xml:id="fn-n425">
        <link targets="seg-r326"/>
    </node>
    <a label="tok" ref="fn-n425" as="FrameNet">
        <fs>
            <f name="msd" value="dt"/>
        </fs>
    </a>
    <node xml:id="fn-n426">
        <link targets="seg-r328"/>
    </node>
    <a label="tok" ref="fn-n426" as="FrameNet">
        <fs>
            <f name="msd" value="VVZ"/>
        </fs>
    </a>
    <node xml:id="fn-n427">
        <link targets="seg-r330"/>
    </node>
    <a label="tok" ref="fn-n427" as="FrameNet">
        <fs>
            <f name="msd" value="dt"/>
        </fs>
    </a>
    <node xml:id="fn-n428">
        <link targets="seg-r332"/>
    </node>
    <a label="tok" ref="fn-n428" as="FrameNet">
        <fs>
            <f name="msd" value="nn"/>
        </fs>
    </a>
    <node xml:id="fn-n429">
        <link targets="seg-r334"/>
    </node>
    <a label="tok" ref="fn-n429" as="FrameNet">
        <fs>
            <f name="msd" value="in"/>
        </fs>
    </a>
    <node xml:id="fn-n430">
        <link targets="seg-r336"/>
    </node>
    <a label="tok" ref="fn-n430" as="FrameNet">
        <fs>
            <f name="msd" value="PP$"/>
        </fs>
    </a>
    <node xml:id="fn-n431">
        <link targets="seg-r338"/>
    </node>
    <a label="tok" ref="fn-n431" as="FrameNet">
        <fs>
            <f name="msd" value="nns"/>
        </fs>
    </a>
    <node xml:id="fn-n432">
        <link targets="seg-r339"/>
    </node>
    <a label="tok" ref="fn-n432" as="FrameNet">
        <fs>
            <f name="msd" value="sent"/>
        </fs>
    </a>
    <node xml:id="fn-n467">
        <link targets="seg-r341"/>
    </node>
    <a label="tok" ref="fn-n467" as="FrameNet">
        <fs>
            <f name="msd" value="in"/>
        </fs>
    </a>
    <node xml:id="fn-n468">
        <link targets="seg-r343"/>
    </node>
    <a label="tok" ref="fn-n468" as="FrameNet">
        <fs>
            <f name="msd" value="PP$"/>
        </fs>
    </a>
    <node xml:id="fn-n469">
        <link targets="seg-r345"/>
    </node>
    <a label="tok" ref="fn-n469" as="FrameNet">
        <fs>
            <f name="msd" value="nn"/>
        </fs>
    </a>
    <node xml:id="fn-n470">
        <link targets="seg-r347"/>
    </node>
    <a label="tok" ref="fn-n470" as="FrameNet">
        <fs>
            <f name="msd" value="md"/>
        </fs>
    </a>
    <node xml:id="fn-n471">
        <link targets="seg-r349"/>
    </node>
    <a label="tok" ref="fn-n471" as="FrameNet">
        <fs>
            <f name="msd" value="VV"/>
        </fs>
    </a>
    <node xml:id="fn-n472">
        <link targets="seg-r350"/>
    </node>
    <a label="tok" ref="fn-n472" as="FrameNet">
        <fs>
            <f name="msd" value="sent"/>
        </fs>
    </a>
    <node xml:id="fn-n485">
        <link targets="seg-r352"/>
    </node>
    <a label="tok" ref="fn-n485" as="FrameNet">
        <fs>
            <f name="msd" value="nn"/>
        </fs>
    </a>
    <node xml:id="fn-n486">
        <link targets="seg-r354"/>
    </node>
    <a label="tok" ref="fn-n486" as="FrameNet">
        <fs>
            <f name="msd" value="nns"/>
        </fs>
    </a>
    <node xml:id="fn-n487">
        <link targets="seg-r356"/>
    </node>
    <a label="tok" ref="fn-n487" as="FrameNet">
        <fs>
            <f name="msd" value="in"/>
        </fs>
    </a>
    <node xml:id="fn-n488">
        <link targets="seg-r358"/>
    </node>
    <a label="tok" ref="fn-n488" as="FrameNet">
        <fs>
            <f name="msd" value="dt"/>
        </fs>
    </a>
    <node xml:id="fn-n489">
        <link targets="seg-r360"/>
    </node>
    <a label="tok" ref="fn-n489" as="FrameNet">
        <fs>
            <f name="msd" value="nn"/>
        </fs>
    </a>
    <node xml:id="fn-n490">
        <link targets="seg-r362"/>
    </node>
    <a label="tok" ref="fn-n490" as="FrameNet">
        <fs>
            <f name="msd" value="PP"/>
        </fs>
    </a>
    <node xml:id="fn-n491">
        <link targets="seg-r364"/>
    </node>
    <a label="tok" ref="fn-n491" as="FrameNet">
        <fs>
            <f name="msd" value="VVP"/>
        </fs>
    </a>
    <node xml:id="fn-n492">
        <link targets="seg-r366"/>
    </node>
    <a label="tok" ref="fn-n492" as="FrameNet">
        <fs>
            <f name="msd" value="rb"/>
        </fs>
    </a>
    <node xml:id="fn-n493">
        <link targets="seg-r367"/>
    </node>
    <a label="tok" ref="fn-n493" as="FrameNet">
        <fs>
            <f name="msd" value="sent"/>
        </fs>
    </a>
    <node xml:id="fn-n5">
        <link targets="seg-r5"/>
    </node>
    <a label="tok" ref="fn-n5" as="FrameNet">
        <fs>
            <f name="msd" value="cd"/>
        </fs>
    </a>
    <node xml:id="fn-n507">
        <link targets="seg-r369"/>
    </node>
    <a label="tok" ref="fn-n507" as="FrameNet">
        <fs>
            <f name="msd" value="jj"/>
        </fs>
    </a>
    <node xml:id="fn-n508">
        <link targets="seg-r371"/>
    </node>
    <a label="tok" ref="fn-n508" as="FrameNet">
        <fs>
            <f name="msd" value="nns"/>
        </fs>
    </a>
    <node xml:id="fn-n509">
        <link targets="seg-r373"/>
    </node>
    <a label="tok" ref="fn-n509" as="FrameNet">
        <fs>
            <f name="msd" value="VVP"/>
        </fs>
    </a>
    <node xml:id="fn-n510">
        <link targets="seg-r375"/>
    </node>
    <a label="tok" ref="fn-n510" as="FrameNet">
        <fs>
            <f name="msd" value="PP$"/>
        </fs>
    </a>
    <node xml:id="fn-n511">
        <link targets="seg-r377"/>
    </node>
    <a label="tok" ref="fn-n511" as="FrameNet">
        <fs>
            <f name="msd" value="nn"/>
        </fs>
    </a>
    <node xml:id="fn-n512">
        <link targets="seg-r378"/>
    </node>
    <a label="tok" ref="fn-n512" as="FrameNet">
        <fs>
            <f name="msd" value="sent"/>
        </fs>
    </a>
    <node xml:id="fn-n532">
        <link targets="seg-r380"/>
    </node>
    <a label="tok" ref="fn-n532" as="FrameNet">
        <fs>
            <f name="msd" value="uh"/>
        </fs>
    </a>
    <node xml:id="fn-n533">
        <link targets="seg-r382"/>
    </node>
    <a label="tok" ref="fn-n533" as="FrameNet">
        <fs>
            <f name="msd" value="VV"/>
        </fs>
    </a>
    <node xml:id="fn-n534">
        <link targets="seg-r384"/>
    </node>
    <a label="tok" ref="fn-n534" as="FrameNet">
        <fs>
            <f name="msd" value="PP$"/>
        </fs>
    </a>
    <node xml:id="fn-n535">
        <link targets="seg-r386"/>
    </node>
    <a label="tok" ref="fn-n535" as="FrameNet">
        <fs>
            <f name="msd" value="jj"/>
        </fs>
    </a>
    <node xml:id="fn-n536">
        <link targets="seg-r388"/>
    </node>
    <a label="tok" ref="fn-n536" as="FrameNet">
        <fs>
            <f name="msd" value="nn"/>
        </fs>
    </a>
    <node xml:id="fn-n537">
        <link targets="seg-r389"/>
    </node>
    <a label="tok" ref="fn-n537" as="FrameNet">
        <fs>
            <f name="msd" value="sent"/>
        </fs>
    </a>
    <node xml:id="fn-n547">
        <link targets="seg-r391"/>
    </node>
    <a label="tok" ref="fn-n547" as="FrameNet">
        <fs>
            <f name="msd" value="VV"/>
        </fs>
    </a>
    <node xml:id="fn-n548">
        <link targets="seg-r393"/>
    </node>
    <a label="tok" ref="fn-n548" as="FrameNet">
        <fs>
            <f name="msd" value="NP"/>
        </fs>
    </a>
    <node xml:id="fn-n549">
        <link targets="seg-r395"/>
    </node>
    <a label="tok" ref="fn-n549" as="FrameNet">
        <fs>
            <f name="msd" value="in"/>
        </fs>
    </a>
    <node xml:id="fn-n550">
        <link targets="seg-r397"/>
    </node>
    <a label="tok" ref="fn-n550" as="FrameNet">
        <fs>
            <f name="msd" value="dt"/>
        </fs>
    </a>
    <node xml:id="fn-n551">
        <link targets="seg-r399"/>
    </node>
    <a label="tok" ref="fn-n551" as="FrameNet">
        <fs>
            <f name="msd" value="jj"/>
        </fs>
    </a>
    <node xml:id="fn-n552">
        <link targets="seg-r401"/>
    </node>
    <a label="tok" ref="fn-n552" as="FrameNet">
        <fs>
            <f name="msd" value="nn"/>
        </fs>
    </a>
    <node xml:id="fn-n553">
        <link targets="seg-r403"/>
    </node>
    <a label="tok" ref="fn-n553" as="FrameNet">
        <fs>
            <f name="msd" value="nn"/>
        </fs>
    </a>
    <node xml:id="fn-n554">
        <link targets="seg-r404"/>
    </node>
    <a label="tok" ref="fn-n554" as="FrameNet">
        <fs>
            <f name="msd" value="sent"/>
        </fs>
    </a>
    <node xml:id="fn-n572">
        <link targets="seg-r406"/>
    </node>
    <a label="tok" ref="fn-n572" as="FrameNet">
        <fs>
            <f name="msd" value="rb"/>
        </fs>
    </a>
    <node xml:id="fn-n573">
        <link targets="seg-r407"/>
    </node>
    <a label="tok" ref="fn-n573" as="FrameNet">
        <fs>
            <f name="msd" value=","/>
        </fs>
    </a>
    <node xml:id="fn-n576">
        <link targets="seg-r409"/>
    </node>
    <a label="tok" ref="fn-n576" as="FrameNet">
        <fs>
            <f name="msd" value="NP"/>
        </fs>
    </a>
    <node xml:id="fn-n577">
        <link targets="seg-r411 seg-r412"/>
    </node>
    <a label="tok" ref="fn-n577" as="FrameNet">
        <fs>
            <f name="msd" value="NP"/>
        </fs>
    </a>
    <node xml:id="fn-n578">
        <link targets="seg-r414"/>
    </node>
    <a label="tok" ref="fn-n578" as="FrameNet">
        <fs>
            <f name="msd" value="NP"/>
        </fs>
    </a>
    <node xml:id="fn-n579">
        <link targets="seg-r416"/>
    </node>
    <a label="tok" ref="fn-n579" as="FrameNet">
        <fs>
            <f name="msd" value="NP"/>
        </fs>
    </a>
    <node xml:id="fn-n63">
        <link targets="seg-r35"/>
    </node>
    <a label="tok" ref="fn-n63" as="FrameNet">
        <fs>
            <f name="msd" value="PP"/>
        </fs>
    </a>
    <node xml:id="fn-n64">
        <link targets="seg-r36"/>
    </node>
    <a label="tok" ref="fn-n64" as="FrameNet">
        <fs>
            <f name="msd" value="VHP"/>
        </fs>
    </a>
    <node xml:id="fn-n65">
        <link targets="seg-r38"/>
    </node>
    <a label="tok" ref="fn-n65" as="FrameNet">
        <fs>
            <f name="msd" value="VVN"/>
        </fs>
    </a>
    <node xml:id="fn-n66">
        <link targets="seg-r40"/>
    </node>
    <a label="tok" ref="fn-n66" as="FrameNet">
        <fs>
            <f name="msd" value="nns"/>
        </fs>
    </a>
    <node xml:id="fn-n67">
        <link targets="seg-r42"/>
    </node>
    <a label="tok" ref="fn-n67" as="FrameNet">
        <fs>
            <f name="msd" value="VVP"/>
        </fs>
    </a>
    <node xml:id="fn-n68">
        <link targets="seg-r44"/>
    </node>
    <a label="tok" ref="fn-n68" as="FrameNet">
        <fs>
            <f name="msd" value="jj"/>
        </fs>
    </a>
    <node xml:id="fn-n69">
        <link targets="seg-r46"/>
    </node>
    <a label="tok" ref="fn-n69" as="FrameNet">
        <fs>
            <f name="msd" value="in"/>
        </fs>
    </a>
    <node xml:id="fn-n70">
        <link targets="seg-r48"/>
    </node>
    <a label="tok" ref="fn-n70" as="FrameNet">
        <fs>
            <f name="msd" value="dt"/>
        </fs>
    </a>
    <node xml:id="fn-n71">
        <link targets="seg-r50"/>
    </node>
    <a label="tok" ref="fn-n71" as="FrameNet">
        <fs>
            <f name="msd" value="nn"/>
        </fs>
    </a>
    <node xml:id="fn-n72">
        <link targets="seg-r52"/>
    </node>
    <a label="tok" ref="fn-n72" as="FrameNet">
        <fs>
            <f name="msd" value="nn"/>
        </fs>
    </a>
    <node xml:id="fn-n73">
        <link targets="seg-r53"/>
    </node>
    <a label="tok" ref="fn-n73" as="FrameNet">
        <fs>
            <f name="msd" value="sent"/>
        </fs>
    </a>
    <node xml:id="fn-n83">
        <link targets="seg-r55"/>
    </node>
    <a label="tok" ref="fn-n83" as="FrameNet">
        <fs>
            <f name="msd" value="PP"/>
        </fs>
    </a>
    <node xml:id="fn-n84">
        <link targets="seg-r56"/>
    </node>
    <a label="tok" ref="fn-n84" as="FrameNet">
        <fs>
            <f name="msd" value="VHP"/>
        </fs>
    </a>
    <node xml:id="fn-n85">
        <link targets="seg-r58"/>
    </node>
    <a label="tok" ref="fn-n85" as="FrameNet">
        <fs>
            <f name="msd" value="VVN"/>
        </fs>
    </a>
    <node xml:id="fn-n86">
        <link targets="seg-r60"/>
    </node>
    <a label="tok" ref="fn-n86" as="FrameNet">
        <fs>
            <f name="msd" value="nns"/>
        </fs>
    </a>
    <node xml:id="fn-n87">
        <link targets="seg-r62"/>
    </node>
    <a label="tok" ref="fn-n87" as="FrameNet">
        <fs>
            <f name="msd" value="in"/>
        </fs>
    </a>
    <node xml:id="fn-n88">
        <link targets="seg-r64"/>
    </node>
    <a label="tok" ref="fn-n88" as="FrameNet">
        <fs>
            <f name="msd" value="nns"/>
        </fs>
    </a>
    <node xml:id="fn-n89">
        <link targets="seg-r66"/>
    </node>
    <a label="tok" ref="fn-n89" as="FrameNet">
        <fs>
            <f name="msd" value="in"/>
        </fs>
    </a>
    <node xml:id="fn-n90">
        <link targets="seg-r68"/>
    </node>
    <a label="tok" ref="fn-n90" as="FrameNet">
        <fs>
            <f name="msd" value="nns"/>
        </fs>
    </a>
    <node xml:id="fn-n91">
        <link targets="seg-r70"/>
    </node>
    <a label="tok" ref="fn-n91" as="FrameNet">
        <fs>
            <f name="msd" value="to"/>
        </fs>
    </a>
    <node xml:id="fn-n92">
        <link targets="seg-r72"/>
    </node>
    <a label="tok" ref="fn-n92" as="FrameNet">
        <fs>
            <f name="msd" value="VV"/>
        </fs>
    </a>
    <node xml:id="fn-n93">
        <link targets="seg-r74"/>
    </node>
    <a label="tok" ref="fn-n93" as="FrameNet">
        <fs>
            <f name="msd" value="dt"/>
        </fs>
    </a>
    <node xml:id="fn-n94">
        <link targets="seg-r76"/>
    </node>
    <a label="tok" ref="fn-n94" as="FrameNet">
        <fs>
            <f name="msd" value="nn"/>
        </fs>
    </a>
    <node xml:id="fn-n95">
        <link targets="seg-r77"/>
    </node>
    <a label="tok" ref="fn-n95" as="FrameNet">
        <fs>
            <f name="msd" value="sent"/>
        </fs>
    </a>
</graph>
