<?xml version="1.0" encoding="UTF-8"?>
<graph xmlns="http://www.xces.org/ns/GrAF/1.0/">
    <header>
        <tagsDecl>
            <tagUsage gi="FRAG" occurs="2"/>
            <tagUsage gi="Trace" occurs="17"/>
            <tagUsage gi="INTJ" occurs="1"/>
            <tagUsage gi="VP" occurs="33"/>
            <tagUsage gi="PRT" occurs="3"/>
            <tagUsage gi="ADVP" occurs="3"/>
            <tagUsage gi="QP" occurs="1"/>
            <tagUsage gi="NP" occurs="74"/>
            <tagUsage gi="SBAR" occurs="11"/>
            <tagUsage gi="PP" occurs="13"/>
            <tagUsage gi="S" occurs="25"/>
            <tagUsage gi="WHNP" occurs="6"/>
            <tagUsage gi="WHADVP" occurs="1"/>
            <tagUsage gi="ADJP" occurs="2"/>
        </tagsDecl>
        <roots>
            <root>ptb-n00000</root>
        </roots>
        <dependencies>
            <dependsOn type="ptbtok"/>
        </dependencies>
        <annotationSets>
            <annotationSet name="PTB" type="http://www.cis.upenn.edu/~treebank/"/>
        </annotationSets>
    </header>
    <node xml:id="ptb-n00000"/>
    <node xml:id="ptb-n00277"/>
    <a label="S" ref="ptb-n00277" as="PTB">
        <fs>
            <f name="cat" value="S"/>
        </fs>
    </a>
    <edge xml:id="ptb-e00289" from="ptb-n00277" to="ptb-n00286"/>
    <node xml:id="ptb-n00280"/>
    <a label="VP" ref="ptb-n00280" as="PTB">
        <fs>
            <f name="cat" value="VP"/>
        </fs>
    </a>
    <node xml:id="ptb-n00283"/>
    <a label="NP" ref="ptb-n00283" as="PTB">
        <fs>
            <f name="cat" value="NP"/>
            <f name="roles" value="PRD"/>
        </fs>
    </a>
    <edge xml:id="ptb-e00286" from="ptb-n00283" to="ptb-n00285"/>
    <edge xml:id="ptb-e00285" from="ptb-n00283" to="ptb-n00284"/>
    <edge xml:id="ptb-e00287" from="ptb-n00280" to="ptb-n00283"/>
    <edge xml:id="ptb-e00284" from="ptb-n00280" to="ptb-n00282"/>
    <edge xml:id="ptb-e00283" from="ptb-n00280" to="ptb-n00281"/>
    <edge xml:id="ptb-e00288" from="ptb-n00277" to="ptb-n00280"/>
    <node xml:id="ptb-n00278"/>
    <a label="NP" ref="ptb-n00278" as="PTB">
        <fs>
            <f name="cat" value="NP"/>
            <f name="roles" value="SBJ"/>
        </fs>
    </a>
    <edge xml:id="ptb-e00281" from="ptb-n00278" to="ptb-n00279"/>
    <edge xml:id="ptb-e00282" from="ptb-n00277" to="ptb-n00278"/>
    <edge xml:id="e297" from="ptb-n00000" to="ptb-n00277"/>
    <node xml:id="ptb-n00313"/>
    <a label="ADVP" ref="ptb-n00313" as="PTB">
        <fs>
            <f name="cat" value="ADVP"/>
            <f name="roles" value="TMP"/>
        </fs>
    </a>
    <edge xml:id="ptb-e00316" from="ptb-n00313" to="ptb-n00316"/>
    <edge xml:id="ptb-e00315" from="ptb-n00313" to="ptb-n00315"/>
    <edge xml:id="ptb-e00314" from="ptb-n00313" to="ptb-n00314"/>
    <edge xml:id="e327" from="ptb-n00000" to="ptb-n00313"/>
    <node xml:id="ptb-n00307"/>
    <a label="S" ref="ptb-n00307" as="PTB">
        <fs>
            <f name="cat" value="S"/>
        </fs>
    </a>
    <edge xml:id="ptb-e00313" from="ptb-n00307" to="ptb-n00312"/>
    <node xml:id="ptb-n00310"/>
    <a label="VP" ref="ptb-n00310" as="PTB">
        <fs>
            <f name="cat" value="VP"/>
        </fs>
    </a>
    <edge xml:id="ptb-e00311" from="ptb-n00310" to="ptb-n00311"/>
    <edge xml:id="ptb-e00312" from="ptb-n00307" to="ptb-n00310"/>
    <node xml:id="ptb-n00308"/>
    <a label="NP" ref="ptb-n00308" as="PTB">
        <fs>
            <f name="cat" value="NP"/>
            <f name="roles" value="SBJ"/>
        </fs>
    </a>
    <edge xml:id="ptb-e00309" from="ptb-n00308" to="ptb-n00309"/>
    <edge xml:id="ptb-e00310" from="ptb-n00307" to="ptb-n00308"/>
    <edge xml:id="e323" from="ptb-n00000" to="ptb-n00307"/>
    <node xml:id="ptb-n00247"/>
    <a label="S" ref="ptb-n00247" as="PTB">
        <fs>
            <f name="cat" value="S"/>
        </fs>
    </a>
    <edge xml:id="ptb-e00280" from="ptb-n00247" to="ptb-n00276"/>
    <node xml:id="ptb-n00250"/>
    <a label="VP" ref="ptb-n00250" as="PTB">
        <fs>
            <f name="cat" value="VP"/>
        </fs>
    </a>
    <node xml:id="ptb-n00255"/>
    <a label="S" ref="ptb-n00255" as="PTB">
        <fs>
            <f name="cat" value="S"/>
            <f name="roles" value="PRP"/>
        </fs>
    </a>
    <node xml:id="ptb-n00258"/>
    <a label="VP" ref="ptb-n00258" as="PTB">
        <fs>
            <f name="cat" value="VP"/>
        </fs>
    </a>
    <node xml:id="ptb-n00260"/>
    <a label="VP" ref="ptb-n00260" as="PTB">
        <fs>
            <f name="cat" value="VP"/>
        </fs>
    </a>
    <node xml:id="ptb-n00262"/>
    <a label="S" ref="ptb-n00262" as="PTB">
        <fs>
            <f name="cat" value="S"/>
        </fs>
    </a>
    <node xml:id="ptb-n00265"/>
    <a label="VP" ref="ptb-n00265" as="PTB">
        <fs>
            <f name="cat" value="VP"/>
        </fs>
    </a>
    <node xml:id="ptb-n00271"/>
    <a label="PP" ref="ptb-n00271" as="PTB">
        <fs>
            <f name="cat" value="PP"/>
            <f name="roles" value="CLR"/>
        </fs>
    </a>
    <node xml:id="ptb-n00273"/>
    <a label="NP" ref="ptb-n00273" as="PTB">
        <fs>
            <f name="cat" value="NP"/>
        </fs>
    </a>
    <edge xml:id="ptb-e00271" from="ptb-n00273" to="ptb-n00275"/>
    <edge xml:id="ptb-e00270" from="ptb-n00273" to="ptb-n00274"/>
    <edge xml:id="ptb-e00272" from="ptb-n00271" to="ptb-n00273"/>
    <edge xml:id="ptb-e00269" from="ptb-n00271" to="ptb-n00272"/>
    <edge xml:id="ptb-e00273" from="ptb-n00265" to="ptb-n00271"/>
    <node xml:id="ptb-n00269"/>
    <a label="PRT" ref="ptb-n00269" as="PTB">
        <fs>
            <f name="cat" value="PRT"/>
        </fs>
    </a>
    <edge xml:id="ptb-e00267" from="ptb-n00269" to="ptb-n00270"/>
    <edge xml:id="ptb-e00268" from="ptb-n00265" to="ptb-n00269"/>
    <node xml:id="ptb-n00267"/>
    <a label="NP" ref="ptb-n00267" as="PTB">
        <fs>
            <f name="cat" value="NP"/>
        </fs>
    </a>
    <edge xml:id="ptb-e00265" from="ptb-n00267" to="ptb-n00268"/>
    <edge xml:id="ptb-e00266" from="ptb-n00265" to="ptb-n00267"/>
    <edge xml:id="ptb-e00264" from="ptb-n00265" to="ptb-n00266"/>
    <edge xml:id="ptb-e00274" from="ptb-n00262" to="ptb-n00265"/>
    <node xml:id="ptb-n00263"/>
    <a label="NP" ref="ptb-n00263" as="PTB">
        <fs>
            <f name="cat" value="NP"/>
            <f name="roles" value="SBJ"/>
        </fs>
    </a>
    <node xml:id="ptb-n00264"/>
    <a label="Trace" ref="ptb-n00264" as="PTB">
        <fs>
            <f name="cat" value="*"/>
        </fs>
    </a>
    <node xml:id="ptb-n00256"/>
    <a label="NP" ref="ptb-n00256" as="PTB">
        <fs>
            <f name="cat" value="NP"/>
            <f name="roles" value="SBJ"/>
        </fs>
    </a>
    <node xml:id="ptb-n00257"/>
    <a label="Trace" ref="ptb-n00257" as="PTB">
        <fs>
            <f name="cat" value="*PRO*"/>
        </fs>
    </a>
    <node xml:id="ptb-n00248"/>
    <a label="NP" ref="ptb-n00248" as="PTB">
        <fs>
            <f name="cat" value="NP"/>
            <f name="roles" value="SBJ"/>
        </fs>
    </a>
    <edge xml:id="ptb-e00250" from="ptb-n00248" to="ptb-n00249"/>
    <edge xml:id="ptb-e00256" from="ptb-n00257" to="ptb-n00248"/>
    <edge xml:id="ptb-e00257" from="ptb-n00256" to="ptb-n00257"/>
    <edge xml:id="ptb-e00261" from="ptb-n00264" to="ptb-n00256"/>
    <edge xml:id="ptb-e00262" from="ptb-n00263" to="ptb-n00264"/>
    <edge xml:id="ptb-e00263" from="ptb-n00262" to="ptb-n00263"/>
    <edge xml:id="ptb-e00275" from="ptb-n00260" to="ptb-n00262"/>
    <edge xml:id="ptb-e00260" from="ptb-n00260" to="ptb-n00261"/>
    <edge xml:id="ptb-e00276" from="ptb-n00258" to="ptb-n00260"/>
    <edge xml:id="ptb-e00259" from="ptb-n00258" to="ptb-n00259"/>
    <edge xml:id="ptb-e00277" from="ptb-n00255" to="ptb-n00258"/>
    <edge xml:id="ptb-e00258" from="ptb-n00255" to="ptb-n00256"/>
    <edge xml:id="ptb-e00278" from="ptb-n00250" to="ptb-n00255"/>
    <node xml:id="ptb-n00252"/>
    <a label="NP" ref="ptb-n00252" as="PTB">
        <fs>
            <f name="cat" value="NP"/>
        </fs>
    </a>
    <edge xml:id="ptb-e00254" from="ptb-n00252" to="ptb-n00254"/>
    <edge xml:id="ptb-e00253" from="ptb-n00252" to="ptb-n00253"/>
    <edge xml:id="ptb-e00255" from="ptb-n00250" to="ptb-n00252"/>
    <edge xml:id="ptb-e00252" from="ptb-n00250" to="ptb-n00251"/>
    <edge xml:id="ptb-e00279" from="ptb-n00247" to="ptb-n00250"/>
    <edge xml:id="ptb-e00251" from="ptb-n00247" to="ptb-n00248"/>
    <edge xml:id="e287" from="ptb-n00000" to="ptb-n00247"/>
    <node xml:id="ptb-n00287"/>
    <a label="S" ref="ptb-n00287" as="PTB">
        <fs>
            <f name="cat" value="S"/>
        </fs>
    </a>
    <node xml:id="ptb-n00289"/>
    <a label="NP" ref="ptb-n00289" as="PTB">
        <fs>
            <f name="cat" value="NP"/>
            <f name="roles" value="SBJ"/>
        </fs>
    </a>
    <edge xml:id="ptb-e00292" from="ptb-n00289" to="ptb-n00291"/>
    <edge xml:id="ptb-e00291" from="ptb-n00289" to="ptb-n00290"/>
    <edge xml:id="ptb-e00293" from="ptb-n00287" to="ptb-n00289"/>
    <edge xml:id="ptb-e00290" from="ptb-n00287" to="ptb-n00288"/>
    <edge xml:id="ptb-e00308" from="ptb-n00287" to="ptb-n00306"/>
    <node xml:id="ptb-n00292"/>
    <a label="VP" ref="ptb-n00292" as="PTB">
        <fs>
            <f name="cat" value="VP"/>
        </fs>
    </a>
    <edge xml:id="ptb-e00294" from="ptb-n00292" to="ptb-n00293"/>
    <node xml:id="ptb-n00294"/>
    <a label="NP" ref="ptb-n00294" as="PTB">
        <fs>
            <f name="cat" value="NP"/>
            <f name="roles" value="PRD"/>
        </fs>
    </a>
    <node xml:id="ptb-n00295"/>
    <a label="NP" ref="ptb-n00295" as="PTB">
        <fs>
            <f name="cat" value="NP"/>
        </fs>
    </a>
    <edge xml:id="ptb-e00297" from="ptb-n00295" to="ptb-n00298"/>
    <edge xml:id="ptb-e00296" from="ptb-n00295" to="ptb-n00297"/>
    <edge xml:id="ptb-e00295" from="ptb-n00295" to="ptb-n00296"/>
    <edge xml:id="ptb-e00298" from="ptb-n00294" to="ptb-n00295"/>
    <node xml:id="ptb-n00299"/>
    <a label="PP" ref="ptb-n00299" as="PTB">
        <fs>
            <f name="cat" value="PP"/>
        </fs>
    </a>
    <edge xml:id="ptb-e00299" from="ptb-n00299" to="ptb-n00300"/>
    <node xml:id="ptb-n00301"/>
    <a label="NP" ref="ptb-n00301" as="PTB">
        <fs>
            <f name="cat" value="NP"/>
        </fs>
    </a>
    <edge xml:id="ptb-e00303" from="ptb-n00301" to="ptb-n00305"/>
    <edge xml:id="ptb-e00302" from="ptb-n00301" to="ptb-n00304"/>
    <edge xml:id="ptb-e00301" from="ptb-n00301" to="ptb-n00303"/>
    <edge xml:id="ptb-e00300" from="ptb-n00301" to="ptb-n00302"/>
    <edge xml:id="ptb-e00304" from="ptb-n00299" to="ptb-n00301"/>
    <edge xml:id="ptb-e00305" from="ptb-n00294" to="ptb-n00299"/>
    <edge xml:id="ptb-e00306" from="ptb-n00292" to="ptb-n00294"/>
    <edge xml:id="ptb-e00307" from="ptb-n00287" to="ptb-n00292"/>
    <edge xml:id="e317" from="ptb-n00000" to="ptb-n00287"/>
    <node xml:id="ptb-n00041"/>
    <a label="FRAG" ref="ptb-n00041" as="PTB">
        <fs>
            <f name="cat" value="FRAG"/>
        </fs>
    </a>
    <edge xml:id="ptb-e00043" from="ptb-n00041" to="ptb-n00045"/>
    <node xml:id="ptb-n00042"/>
    <a label="NP" ref="ptb-n00042" as="PTB">
        <fs>
            <f name="cat" value="NP"/>
            <f name="roles" value="SBJ"/>
        </fs>
    </a>
    <edge xml:id="ptb-e00041" from="ptb-n00042" to="ptb-n00044"/>
    <edge xml:id="ptb-e00040" from="ptb-n00042" to="ptb-n00043"/>
    <edge xml:id="ptb-e00042" from="ptb-n00041" to="ptb-n00042"/>
    <edge xml:id="ptb-e00078" from="ptb-n00041" to="ptb-n00079"/>
    <node xml:id="ptb-n00046"/>
    <a label="S" ref="ptb-n00046" as="PTB">
        <fs>
            <f name="cat" value="S"/>
            <f name="roles" value="PRD"/>
        </fs>
    </a>
    <node xml:id="ptb-n00047"/>
    <a label="NP" ref="ptb-n00047" as="PTB">
        <fs>
            <f name="cat" value="NP"/>
            <f name="roles" value="SBJ"/>
        </fs>
    </a>
    <edge xml:id="ptb-e00045" from="ptb-n00047" to="ptb-n00049"/>
    <edge xml:id="ptb-e00044" from="ptb-n00047" to="ptb-n00048"/>
    <edge xml:id="ptb-e00046" from="ptb-n00046" to="ptb-n00047"/>
    <node xml:id="ptb-n00050"/>
    <a label="VP" ref="ptb-n00050" as="PTB">
        <fs>
            <f name="cat" value="VP"/>
        </fs>
    </a>
    <node xml:id="ptb-n00052"/>
    <a label="NP" ref="ptb-n00052" as="PTB">
        <fs>
            <f name="cat" value="NP"/>
        </fs>
    </a>
    <edge xml:id="ptb-e00048" from="ptb-n00052" to="ptb-n00053"/>
    <edge xml:id="ptb-e00049" from="ptb-n00050" to="ptb-n00052"/>
    <edge xml:id="ptb-e00047" from="ptb-n00050" to="ptb-n00051"/>
    <node xml:id="ptb-n00054"/>
    <a label="SBAR" ref="ptb-n00054" as="PTB">
        <fs>
            <f name="cat" value="SBAR"/>
            <f name="roles" value="PRP"/>
        </fs>
    </a>
    <node xml:id="ptb-n00056"/>
    <a label="S" ref="ptb-n00056" as="PTB">
        <fs>
            <f name="cat" value="S"/>
        </fs>
    </a>
    <node xml:id="ptb-n00059"/>
    <a label="VP" ref="ptb-n00059" as="PTB">
        <fs>
            <f name="cat" value="VP"/>
        </fs>
    </a>
    <node xml:id="ptb-n00061"/>
    <a label="NP" ref="ptb-n00061" as="PTB">
        <fs>
            <f name="cat" value="NP"/>
        </fs>
    </a>
    <node xml:id="ptb-n00064"/>
    <a label="SBAR" ref="ptb-n00064" as="PTB">
        <fs>
            <f name="cat" value="SBAR"/>
        </fs>
    </a>
    <node xml:id="ptb-n00067"/>
    <a label="S" ref="ptb-n00067" as="PTB">
        <fs>
            <f name="cat" value="S"/>
        </fs>
    </a>
    <node xml:id="ptb-n00072"/>
    <a label="VP" ref="ptb-n00072" as="PTB">
        <fs>
            <f name="cat" value="VP"/>
        </fs>
    </a>
    <node xml:id="ptb-n00075"/>
    <a label="VP" ref="ptb-n00075" as="PTB">
        <fs>
            <f name="cat" value="VP"/>
        </fs>
    </a>
    <node xml:id="ptb-n00077"/>
    <a label="NP" ref="ptb-n00077" as="PTB">
        <fs>
            <f name="cat" value="NP"/>
        </fs>
    </a>
    <node xml:id="ptb-n00078"/>
    <a label="Trace" ref="ptb-n00078" as="PTB">
        <fs>
            <f name="cat" value="*T*"/>
        </fs>
    </a>
    <node xml:id="ptb-n00065"/>
    <a label="WHNP" ref="ptb-n00065" as="PTB">
        <fs>
            <f name="cat" value="WHNP"/>
        </fs>
    </a>
    <edge xml:id="ptb-e00056" from="ptb-n00065" to="ptb-n00066"/>
    <edge xml:id="ptb-e00065" from="ptb-n00078" to="ptb-n00065"/>
    <edge xml:id="ptb-e00066" from="ptb-n00077" to="ptb-n00078"/>
    <edge xml:id="ptb-e00067" from="ptb-n00075" to="ptb-n00077"/>
    <edge xml:id="ptb-e00064" from="ptb-n00075" to="ptb-n00076"/>
    <edge xml:id="ptb-e00068" from="ptb-n00072" to="ptb-n00075"/>
    <edge xml:id="ptb-e00063" from="ptb-n00072" to="ptb-n00074"/>
    <edge xml:id="ptb-e00062" from="ptb-n00072" to="ptb-n00073"/>
    <edge xml:id="ptb-e00069" from="ptb-n00067" to="ptb-n00072"/>
    <node xml:id="ptb-n00068"/>
    <a label="NP" ref="ptb-n00068" as="PTB">
        <fs>
            <f name="cat" value="NP"/>
            <f name="roles" value="SBJ"/>
        </fs>
    </a>
    <edge xml:id="ptb-e00060" from="ptb-n00068" to="ptb-n00071"/>
    <edge xml:id="ptb-e00059" from="ptb-n00068" to="ptb-n00070"/>
    <edge xml:id="ptb-e00058" from="ptb-n00068" to="ptb-n00069"/>
    <edge xml:id="ptb-e00061" from="ptb-n00067" to="ptb-n00068"/>
    <edge xml:id="ptb-e00070" from="ptb-n00064" to="ptb-n00067"/>
    <edge xml:id="ptb-e00057" from="ptb-n00064" to="ptb-n00065"/>
    <edge xml:id="ptb-e00071" from="ptb-n00061" to="ptb-n00064"/>
    <node xml:id="ptb-n00062"/>
    <a label="NP" ref="ptb-n00062" as="PTB">
        <fs>
            <f name="cat" value="NP"/>
        </fs>
    </a>
    <edge xml:id="ptb-e00054" from="ptb-n00062" to="ptb-n00063"/>
    <edge xml:id="ptb-e00055" from="ptb-n00061" to="ptb-n00062"/>
    <edge xml:id="ptb-e00072" from="ptb-n00059" to="ptb-n00061"/>
    <edge xml:id="ptb-e00053" from="ptb-n00059" to="ptb-n00060"/>
    <edge xml:id="ptb-e00073" from="ptb-n00056" to="ptb-n00059"/>
    <node xml:id="ptb-n00057"/>
    <a label="NP" ref="ptb-n00057" as="PTB">
        <fs>
            <f name="cat" value="NP"/>
            <f name="roles" value="SBJ"/>
        </fs>
    </a>
    <edge xml:id="ptb-e00051" from="ptb-n00057" to="ptb-n00058"/>
    <edge xml:id="ptb-e00052" from="ptb-n00056" to="ptb-n00057"/>
    <edge xml:id="ptb-e00074" from="ptb-n00054" to="ptb-n00056"/>
    <edge xml:id="ptb-e00050" from="ptb-n00054" to="ptb-n00055"/>
    <edge xml:id="ptb-e00075" from="ptb-n00050" to="ptb-n00054"/>
    <edge xml:id="ptb-e00076" from="ptb-n00046" to="ptb-n00050"/>
    <edge xml:id="ptb-e00077" from="ptb-n00041" to="ptb-n00046"/>
    <edge xml:id="e80" from="ptb-n00000" to="ptb-n00041"/>
    <node xml:id="ptb-n00200"/>
    <a label="S" ref="ptb-n00200" as="PTB">
        <fs>
            <f name="cat" value="S"/>
        </fs>
    </a>
    <edge xml:id="ptb-e00249" from="ptb-n00200" to="ptb-n00246"/>
    <node xml:id="ptb-n00242"/>
    <a label="VP" ref="ptb-n00242" as="PTB">
        <fs>
            <f name="cat" value="VP"/>
        </fs>
    </a>
    <node xml:id="ptb-n00244"/>
    <a label="VP" ref="ptb-n00244" as="PTB">
        <fs>
            <f name="cat" value="VP"/>
        </fs>
    </a>
    <edge xml:id="ptb-e00246" from="ptb-n00244" to="ptb-n00245"/>
    <edge xml:id="ptb-e00247" from="ptb-n00242" to="ptb-n00244"/>
    <edge xml:id="ptb-e00245" from="ptb-n00242" to="ptb-n00243"/>
    <edge xml:id="ptb-e00248" from="ptb-n00200" to="ptb-n00242"/>
    <node xml:id="ptb-n00228"/>
    <a label="NP" ref="ptb-n00228" as="PTB">
        <fs>
            <f name="cat" value="NP"/>
            <f name="roles" value="SBJ"/>
        </fs>
    </a>
    <node xml:id="ptb-n00232"/>
    <a label="SBAR" ref="ptb-n00232" as="PTB">
        <fs>
            <f name="cat" value="SBAR"/>
        </fs>
    </a>
    <node xml:id="ptb-n00235"/>
    <a label="S" ref="ptb-n00235" as="PTB">
        <fs>
            <f name="cat" value="S"/>
        </fs>
    </a>
    <node xml:id="ptb-n00238"/>
    <a label="VP" ref="ptb-n00238" as="PTB">
        <fs>
            <f name="cat" value="VP"/>
        </fs>
    </a>
    <node xml:id="ptb-n00240"/>
    <a label="NP" ref="ptb-n00240" as="PTB">
        <fs>
            <f name="cat" value="NP"/>
        </fs>
    </a>
    <edge xml:id="ptb-e00239" from="ptb-n00240" to="ptb-n00241"/>
    <edge xml:id="ptb-e00240" from="ptb-n00238" to="ptb-n00240"/>
    <edge xml:id="ptb-e00238" from="ptb-n00238" to="ptb-n00239"/>
    <edge xml:id="ptb-e00241" from="ptb-n00235" to="ptb-n00238"/>
    <node xml:id="ptb-n00236"/>
    <a label="NP" ref="ptb-n00236" as="PTB">
        <fs>
            <f name="cat" value="NP"/>
            <f name="roles" value="SBJ"/>
        </fs>
    </a>
    <node xml:id="ptb-n00237"/>
    <a label="Trace" ref="ptb-n00237" as="PTB">
        <fs>
            <f name="cat" value="*T*"/>
        </fs>
    </a>
    <node xml:id="ptb-n00233"/>
    <a label="WHNP" ref="ptb-n00233" as="PTB">
        <fs>
            <f name="cat" value="WHNP"/>
        </fs>
    </a>
    <edge xml:id="ptb-e00233" from="ptb-n00233" to="ptb-n00234"/>
    <edge xml:id="ptb-e00235" from="ptb-n00237" to="ptb-n00233"/>
    <edge xml:id="ptb-e00236" from="ptb-n00236" to="ptb-n00237"/>
    <edge xml:id="ptb-e00237" from="ptb-n00235" to="ptb-n00236"/>
    <edge xml:id="ptb-e00242" from="ptb-n00232" to="ptb-n00235"/>
    <edge xml:id="ptb-e00234" from="ptb-n00232" to="ptb-n00233"/>
    <edge xml:id="ptb-e00243" from="ptb-n00228" to="ptb-n00232"/>
    <node xml:id="ptb-n00229"/>
    <a label="NP" ref="ptb-n00229" as="PTB">
        <fs>
            <f name="cat" value="NP"/>
        </fs>
    </a>
    <edge xml:id="ptb-e00231" from="ptb-n00229" to="ptb-n00231"/>
    <edge xml:id="ptb-e00230" from="ptb-n00229" to="ptb-n00230"/>
    <edge xml:id="ptb-e00232" from="ptb-n00228" to="ptb-n00229"/>
    <edge xml:id="ptb-e00244" from="ptb-n00200" to="ptb-n00228"/>
    <edge xml:id="ptb-e00229" from="ptb-n00200" to="ptb-n00227"/>
    <node xml:id="ptb-n00201"/>
    <a label="SBAR" ref="ptb-n00201" as="PTB">
        <fs>
            <f name="cat" value="SBAR"/>
            <f name="roles" value="TMP"/>
        </fs>
    </a>
    <node xml:id="ptb-n00203"/>
    <a label="S" ref="ptb-n00203" as="PTB">
        <fs>
            <f name="cat" value="S"/>
        </fs>
    </a>
    <node xml:id="ptb-n00213"/>
    <a label="VP" ref="ptb-n00213" as="PTB">
        <fs>
            <f name="cat" value="VP"/>
        </fs>
    </a>
    <node xml:id="ptb-n00215"/>
    <a label="VP" ref="ptb-n00215" as="PTB">
        <fs>
            <f name="cat" value="VP"/>
        </fs>
    </a>
    <node xml:id="ptb-n00217"/>
    <a label="PP" ref="ptb-n00217" as="PTB">
        <fs>
            <f name="cat" value="PP"/>
            <f name="roles" value="MNR"/>
        </fs>
    </a>
    <node xml:id="ptb-n00219"/>
    <a label="NP" ref="ptb-n00219" as="PTB">
        <fs>
            <f name="cat" value="NP"/>
        </fs>
    </a>
    <node xml:id="ptb-n00223"/>
    <a label="PP" ref="ptb-n00223" as="PTB">
        <fs>
            <f name="cat" value="PP"/>
            <f name="roles" value="LOC"/>
        </fs>
    </a>
    <node xml:id="ptb-n00225"/>
    <a label="NP" ref="ptb-n00225" as="PTB">
        <fs>
            <f name="cat" value="NP"/>
        </fs>
    </a>
    <edge xml:id="ptb-e00220" from="ptb-n00225" to="ptb-n00226"/>
    <edge xml:id="ptb-e00221" from="ptb-n00223" to="ptb-n00225"/>
    <edge xml:id="ptb-e00219" from="ptb-n00223" to="ptb-n00224"/>
    <edge xml:id="ptb-e00222" from="ptb-n00219" to="ptb-n00223"/>
    <node xml:id="ptb-n00220"/>
    <a label="NP" ref="ptb-n00220" as="PTB">
        <fs>
            <f name="cat" value="NP"/>
        </fs>
    </a>
    <edge xml:id="ptb-e00217" from="ptb-n00220" to="ptb-n00222"/>
    <edge xml:id="ptb-e00216" from="ptb-n00220" to="ptb-n00221"/>
    <edge xml:id="ptb-e00218" from="ptb-n00219" to="ptb-n00220"/>
    <edge xml:id="ptb-e00223" from="ptb-n00217" to="ptb-n00219"/>
    <edge xml:id="ptb-e00215" from="ptb-n00217" to="ptb-n00218"/>
    <edge xml:id="ptb-e00224" from="ptb-n00215" to="ptb-n00217"/>
    <edge xml:id="ptb-e00214" from="ptb-n00215" to="ptb-n00216"/>
    <edge xml:id="ptb-e00225" from="ptb-n00213" to="ptb-n00215"/>
    <edge xml:id="ptb-e00213" from="ptb-n00213" to="ptb-n00214"/>
    <edge xml:id="ptb-e00226" from="ptb-n00203" to="ptb-n00213"/>
    <node xml:id="ptb-n00204"/>
    <a label="NP" ref="ptb-n00204" as="PTB">
        <fs>
            <f name="cat" value="NP"/>
            <f name="roles" value="SBJ"/>
        </fs>
    </a>
    <node xml:id="ptb-n00208"/>
    <a label="PP" ref="ptb-n00208" as="PTB">
        <fs>
            <f name="cat" value="PP"/>
        </fs>
    </a>
    <node xml:id="ptb-n00210"/>
    <a label="NP" ref="ptb-n00210" as="PTB">
        <fs>
            <f name="cat" value="NP"/>
        </fs>
    </a>
    <edge xml:id="ptb-e00209" from="ptb-n00210" to="ptb-n00212"/>
    <edge xml:id="ptb-e00208" from="ptb-n00210" to="ptb-n00211"/>
    <edge xml:id="ptb-e00210" from="ptb-n00208" to="ptb-n00210"/>
    <edge xml:id="ptb-e00207" from="ptb-n00208" to="ptb-n00209"/>
    <edge xml:id="ptb-e00211" from="ptb-n00204" to="ptb-n00208"/>
    <node xml:id="ptb-n00205"/>
    <a label="NP" ref="ptb-n00205" as="PTB">
        <fs>
            <f name="cat" value="NP"/>
        </fs>
    </a>
    <edge xml:id="ptb-e00205" from="ptb-n00205" to="ptb-n00207"/>
    <edge xml:id="ptb-e00204" from="ptb-n00205" to="ptb-n00206"/>
    <edge xml:id="ptb-e00206" from="ptb-n00204" to="ptb-n00205"/>
    <edge xml:id="ptb-e00212" from="ptb-n00203" to="ptb-n00204"/>
    <edge xml:id="ptb-e00227" from="ptb-n00201" to="ptb-n00203"/>
    <edge xml:id="ptb-e00203" from="ptb-n00201" to="ptb-n00202"/>
    <edge xml:id="ptb-e00228" from="ptb-n00200" to="ptb-n00201"/>
    <edge xml:id="e255" from="ptb-n00000" to="ptb-n00200"/>
    <node xml:id="ptb-n00001"/>
    <a label="S" ref="ptb-n00001" as="PTB">
        <fs>
            <f name="cat" value="S"/>
        </fs>
    </a>
    <edge xml:id="ptb-e00039" from="ptb-n00001" to="ptb-n00040"/>
    <node xml:id="ptb-n00018"/>
    <a label="VP" ref="ptb-n00018" as="PTB">
        <fs>
            <f name="cat" value="VP"/>
        </fs>
    </a>
    <node xml:id="ptb-n00020"/>
    <a label="NP" ref="ptb-n00020" as="PTB">
        <fs>
            <f name="cat" value="NP"/>
            <f name="roles" value="PRD"/>
        </fs>
    </a>
    <node xml:id="ptb-n00024"/>
    <a label="SBAR" ref="ptb-n00024" as="PTB">
        <fs>
            <f name="cat" value="SBAR"/>
        </fs>
    </a>
    <node xml:id="ptb-n00027"/>
    <a label="S" ref="ptb-n00027" as="PTB">
        <fs>
            <f name="cat" value="S"/>
        </fs>
    </a>
    <node xml:id="ptb-n00030"/>
    <a label="VP" ref="ptb-n00030" as="PTB">
        <fs>
            <f name="cat" value="VP"/>
        </fs>
    </a>
    <node xml:id="ptb-n00032"/>
    <a label="VP" ref="ptb-n00032" as="PTB">
        <fs>
            <f name="cat" value="VP"/>
        </fs>
    </a>
    <node xml:id="ptb-n00034"/>
    <a label="ADJP" ref="ptb-n00034" as="PTB">
        <fs>
            <f name="cat" value="ADJP"/>
            <f name="roles" value="PRD"/>
        </fs>
    </a>
    <node xml:id="ptb-n00036"/>
    <a label="PP" ref="ptb-n00036" as="PTB">
        <fs>
            <f name="cat" value="PP"/>
        </fs>
    </a>
    <node xml:id="ptb-n00038"/>
    <a label="NP" ref="ptb-n00038" as="PTB">
        <fs>
            <f name="cat" value="NP"/>
        </fs>
    </a>
    <edge xml:id="ptb-e00029" from="ptb-n00038" to="ptb-n00039"/>
    <edge xml:id="ptb-e00030" from="ptb-n00036" to="ptb-n00038"/>
    <edge xml:id="ptb-e00028" from="ptb-n00036" to="ptb-n00037"/>
    <edge xml:id="ptb-e00031" from="ptb-n00034" to="ptb-n00036"/>
    <edge xml:id="ptb-e00027" from="ptb-n00034" to="ptb-n00035"/>
    <edge xml:id="ptb-e00032" from="ptb-n00032" to="ptb-n00034"/>
    <edge xml:id="ptb-e00026" from="ptb-n00032" to="ptb-n00033"/>
    <edge xml:id="ptb-e00033" from="ptb-n00030" to="ptb-n00032"/>
    <edge xml:id="ptb-e00025" from="ptb-n00030" to="ptb-n00031"/>
    <edge xml:id="ptb-e00034" from="ptb-n00027" to="ptb-n00030"/>
    <node xml:id="ptb-n00028"/>
    <a label="NP" ref="ptb-n00028" as="PTB">
        <fs>
            <f name="cat" value="NP"/>
            <f name="roles" value="SBJ"/>
        </fs>
    </a>
    <node xml:id="ptb-n00029"/>
    <a label="Trace" ref="ptb-n00029" as="PTB">
        <fs>
            <f name="cat" value="*T*"/>
        </fs>
    </a>
    <node xml:id="ptb-n00025"/>
    <a label="WHNP" ref="ptb-n00025" as="PTB">
        <fs>
            <f name="cat" value="WHNP"/>
        </fs>
    </a>
    <edge xml:id="ptb-e00020" from="ptb-n00025" to="ptb-n00026"/>
    <edge xml:id="ptb-e00022" from="ptb-n00029" to="ptb-n00025"/>
    <edge xml:id="ptb-e00023" from="ptb-n00028" to="ptb-n00029"/>
    <edge xml:id="ptb-e00024" from="ptb-n00027" to="ptb-n00028"/>
    <edge xml:id="ptb-e00035" from="ptb-n00024" to="ptb-n00027"/>
    <edge xml:id="ptb-e00021" from="ptb-n00024" to="ptb-n00025"/>
    <edge xml:id="ptb-e00036" from="ptb-n00020" to="ptb-n00024"/>
    <node xml:id="ptb-n00021"/>
    <a label="NP" ref="ptb-n00021" as="PTB">
        <fs>
            <f name="cat" value="NP"/>
        </fs>
    </a>
    <edge xml:id="ptb-e00018" from="ptb-n00021" to="ptb-n00023"/>
    <edge xml:id="ptb-e00017" from="ptb-n00021" to="ptb-n00022"/>
    <edge xml:id="ptb-e00019" from="ptb-n00020" to="ptb-n00021"/>
    <edge xml:id="ptb-e00037" from="ptb-n00018" to="ptb-n00020"/>
    <edge xml:id="ptb-e00016" from="ptb-n00018" to="ptb-n00019"/>
    <edge xml:id="ptb-e00038" from="ptb-n00001" to="ptb-n00018"/>
    <node xml:id="ptb-n00002"/>
    <a label="NP" ref="ptb-n00002" as="PTB">
        <fs>
            <f name="cat" value="NP"/>
            <f name="roles" value="SBJ"/>
        </fs>
    </a>
    <node xml:id="ptb-n00005"/>
    <a label="PP" ref="ptb-n00005" as="PTB">
        <fs>
            <f name="cat" value="PP"/>
        </fs>
    </a>
    <node xml:id="ptb-n00007"/>
    <a label="NP" ref="ptb-n00007" as="PTB">
        <fs>
            <f name="cat" value="NP"/>
        </fs>
    </a>
    <node xml:id="ptb-n00012"/>
    <a label="PP" ref="ptb-n00012" as="PTB">
        <fs>
            <f name="cat" value="PP"/>
        </fs>
    </a>
    <node xml:id="ptb-n00014"/>
    <a label="NP" ref="ptb-n00014" as="PTB">
        <fs>
            <f name="cat" value="NP"/>
        </fs>
    </a>
    <edge xml:id="ptb-e00010" from="ptb-n00014" to="ptb-n00017"/>
    <edge xml:id="ptb-e00009" from="ptb-n00014" to="ptb-n00016"/>
    <edge xml:id="ptb-e00008" from="ptb-n00014" to="ptb-n00015"/>
    <edge xml:id="ptb-e00011" from="ptb-n00012" to="ptb-n00014"/>
    <edge xml:id="ptb-e00007" from="ptb-n00012" to="ptb-n00013"/>
    <edge xml:id="ptb-e00012" from="ptb-n00007" to="ptb-n00012"/>
    <node xml:id="ptb-n00008"/>
    <a label="NP" ref="ptb-n00008" as="PTB">
        <fs>
            <f name="cat" value="NP"/>
        </fs>
    </a>
    <edge xml:id="ptb-e00005" from="ptb-n00008" to="ptb-n00011"/>
    <edge xml:id="ptb-e00004" from="ptb-n00008" to="ptb-n00010"/>
    <edge xml:id="ptb-e00003" from="ptb-n00008" to="ptb-n00009"/>
    <edge xml:id="ptb-e00006" from="ptb-n00007" to="ptb-n00008"/>
    <edge xml:id="ptb-e00013" from="ptb-n00005" to="ptb-n00007"/>
    <edge xml:id="ptb-e00002" from="ptb-n00005" to="ptb-n00006"/>
    <edge xml:id="ptb-e00014" from="ptb-n00002" to="ptb-n00005"/>
    <node xml:id="ptb-n00003"/>
    <a label="NP" ref="ptb-n00003" as="PTB">
        <fs>
            <f name="cat" value="NP"/>
        </fs>
    </a>
    <edge xml:id="ptb-e00000" from="ptb-n00003" to="ptb-n00004"/>
    <edge xml:id="ptb-e00001" from="ptb-n00002" to="ptb-n00003"/>
    <edge xml:id="ptb-e00015" from="ptb-n00001" to="ptb-n00002"/>
    <edge xml:id="e40" from="ptb-n00000" to="ptb-n00001"/>
    <node xml:id="ptb-n00157"/>
    <a label="S" ref="ptb-n00157" as="PTB">
        <fs>
            <f name="cat" value="S"/>
        </fs>
    </a>
    <edge xml:id="ptb-e00202" from="ptb-n00157" to="ptb-n00199"/>
    <node xml:id="ptb-n00164"/>
    <a label="VP" ref="ptb-n00164" as="PTB">
        <fs>
            <f name="cat" value="VP"/>
        </fs>
    </a>
    <edge xml:id="ptb-e00177" from="ptb-n00164" to="ptb-n00176"/>
    <node xml:id="ptb-n00172"/>
    <a label="PP" ref="ptb-n00172" as="PTB">
        <fs>
            <f name="cat" value="PP"/>
            <f name="roles" value="LOC"/>
        </fs>
    </a>
    <node xml:id="ptb-n00174"/>
    <a label="NP" ref="ptb-n00174" as="PTB">
        <fs>
            <f name="cat" value="NP"/>
        </fs>
    </a>
    <edge xml:id="ptb-e00174" from="ptb-n00174" to="ptb-n00175"/>
    <edge xml:id="ptb-e00175" from="ptb-n00172" to="ptb-n00174"/>
    <edge xml:id="ptb-e00173" from="ptb-n00172" to="ptb-n00173"/>
    <edge xml:id="ptb-e00176" from="ptb-n00164" to="ptb-n00172"/>
    <node xml:id="ptb-n00166"/>
    <a label="NP" ref="ptb-n00166" as="PTB">
        <fs>
            <f name="cat" value="NP"/>
        </fs>
    </a>
    <node xml:id="ptb-n00170"/>
    <a label="NP" ref="ptb-n00170" as="PTB">
        <fs>
            <f name="cat" value="NP"/>
        </fs>
    </a>
    <node xml:id="ptb-n00171"/>
    <a label="Trace" ref="ptb-n00171" as="PTB">
        <fs>
            <f name="cat" value="*ICH*"/>
        </fs>
    </a>
    <node xml:id="ptb-n00120"/>
    <a label="NP" ref="ptb-n00120" as="PTB">
        <fs>
            <f name="cat" value="NP"/>
        </fs>
    </a>
    <node xml:id="ptb-n00121"/>
    <a label="Trace" ref="ptb-n00121" as="PTB">
        <fs>
            <f name="cat" value="*RNR*"/>
        </fs>
    </a>
    <node xml:id="ptb-n00086"/>
    <a label="WHADVP" ref="ptb-n00086" as="PTB">
        <fs>
            <f name="cat" value="WHADVP"/>
        </fs>
    </a>
    <edge xml:id="ptb-e00082" from="ptb-n00086" to="ptb-n00087"/>
    <edge xml:id="ptb-e00115" from="ptb-n00121" to="ptb-n00086"/>
    <edge xml:id="ptb-e00116" from="ptb-n00120" to="ptb-n00121"/>
    <edge xml:id="ptb-e00169" from="ptb-n00171" to="ptb-n00120"/>
    <edge xml:id="ptb-e00170" from="ptb-n00170" to="ptb-n00171"/>
    <edge xml:id="ptb-e00171" from="ptb-n00166" to="ptb-n00170"/>
    <node xml:id="ptb-n00167"/>
    <a label="NP" ref="ptb-n00167" as="PTB">
        <fs>
            <f name="cat" value="NP"/>
        </fs>
    </a>
    <edge xml:id="ptb-e00167" from="ptb-n00167" to="ptb-n00169"/>
    <edge xml:id="ptb-e00166" from="ptb-n00167" to="ptb-n00168"/>
    <edge xml:id="ptb-e00168" from="ptb-n00166" to="ptb-n00167"/>
    <edge xml:id="ptb-e00172" from="ptb-n00164" to="ptb-n00166"/>
    <node xml:id="ptb-n00177"/>
    <a label="NP" ref="ptb-n00177" as="PTB">
        <fs>
            <f name="cat" value="NP"/>
        </fs>
    </a>
    <node xml:id="ptb-n00185"/>
    <a label="SBAR" ref="ptb-n00185" as="PTB">
        <fs>
            <f name="cat" value="SBAR"/>
        </fs>
    </a>
    <node xml:id="ptb-n00188"/>
    <a label="S" ref="ptb-n00188" as="PTB">
        <fs>
            <f name="cat" value="S"/>
        </fs>
    </a>
    <node xml:id="ptb-n00191"/>
    <a label="VP" ref="ptb-n00191" as="PTB">
        <fs>
            <f name="cat" value="VP"/>
        </fs>
    </a>
    <node xml:id="ptb-n00195"/>
    <a label="PP" ref="ptb-n00195" as="PTB">
        <fs>
            <f name="cat" value="PP"/>
            <f name="roles" value="TMP"/>
        </fs>
    </a>
    <node xml:id="ptb-n00197"/>
    <a label="NP" ref="ptb-n00197" as="PTB">
        <fs>
            <f name="cat" value="NP"/>
        </fs>
    </a>
    <edge xml:id="ptb-e00194" from="ptb-n00197" to="ptb-n00198"/>
    <edge xml:id="ptb-e00195" from="ptb-n00195" to="ptb-n00197"/>
    <edge xml:id="ptb-e00193" from="ptb-n00195" to="ptb-n00196"/>
    <edge xml:id="ptb-e00196" from="ptb-n00191" to="ptb-n00195"/>
    <node xml:id="ptb-n00193"/>
    <a label="NP" ref="ptb-n00193" as="PTB">
        <fs>
            <f name="cat" value="NP"/>
        </fs>
    </a>
    <node xml:id="ptb-n00194"/>
    <a label="Trace" ref="ptb-n00194" as="PTB">
        <fs>
            <f name="cat" value="*T*"/>
        </fs>
    </a>
    <node xml:id="ptb-n00186"/>
    <a label="WHNP" ref="ptb-n00186" as="PTB">
        <fs>
            <f name="cat" value="WHNP"/>
        </fs>
    </a>
    <node xml:id="ptb-n00187"/>
    <a label="Trace" ref="ptb-n00187" as="PTB">
        <fs>
            <f name="cat" value="0"/>
        </fs>
    </a>
    <edge xml:id="ptb-e00185" from="ptb-n00186" to="ptb-n00187"/>
    <edge xml:id="ptb-e00190" from="ptb-n00194" to="ptb-n00186"/>
    <edge xml:id="ptb-e00191" from="ptb-n00193" to="ptb-n00194"/>
    <edge xml:id="ptb-e00192" from="ptb-n00191" to="ptb-n00193"/>
    <edge xml:id="ptb-e00189" from="ptb-n00191" to="ptb-n00192"/>
    <edge xml:id="ptb-e00197" from="ptb-n00188" to="ptb-n00191"/>
    <node xml:id="ptb-n00189"/>
    <a label="NP" ref="ptb-n00189" as="PTB">
        <fs>
            <f name="cat" value="NP"/>
            <f name="roles" value="SBJ"/>
        </fs>
    </a>
    <edge xml:id="ptb-e00187" from="ptb-n00189" to="ptb-n00190"/>
    <edge xml:id="ptb-e00188" from="ptb-n00188" to="ptb-n00189"/>
    <edge xml:id="ptb-e00198" from="ptb-n00185" to="ptb-n00188"/>
    <edge xml:id="ptb-e00186" from="ptb-n00185" to="ptb-n00186"/>
    <edge xml:id="ptb-e00199" from="ptb-n00177" to="ptb-n00185"/>
    <node xml:id="ptb-n00178"/>
    <a label="NP" ref="ptb-n00178" as="PTB">
        <fs>
            <f name="cat" value="NP"/>
        </fs>
    </a>
    <edge xml:id="ptb-e00183" from="ptb-n00178" to="ptb-n00184"/>
    <edge xml:id="ptb-e00182" from="ptb-n00178" to="ptb-n00183"/>
    <node xml:id="ptb-n00179"/>
    <a label="QP" ref="ptb-n00179" as="PTB">
        <fs>
            <f name="cat" value="QP"/>
        </fs>
    </a>
    <edge xml:id="ptb-e00180" from="ptb-n00179" to="ptb-n00182"/>
    <edge xml:id="ptb-e00179" from="ptb-n00179" to="ptb-n00181"/>
    <edge xml:id="ptb-e00178" from="ptb-n00179" to="ptb-n00180"/>
    <edge xml:id="ptb-e00181" from="ptb-n00178" to="ptb-n00179"/>
    <edge xml:id="ptb-e00184" from="ptb-n00177" to="ptb-n00178"/>
    <edge xml:id="ptb-e00200" from="ptb-n00164" to="ptb-n00177"/>
    <edge xml:id="ptb-e00165" from="ptb-n00164" to="ptb-n00165"/>
    <edge xml:id="ptb-e00201" from="ptb-n00157" to="ptb-n00164"/>
    <node xml:id="ptb-n00162"/>
    <a label="NP" ref="ptb-n00162" as="PTB">
        <fs>
            <f name="cat" value="NP"/>
            <f name="roles" value="SBJ"/>
        </fs>
    </a>
    <edge xml:id="ptb-e00163" from="ptb-n00162" to="ptb-n00163"/>
    <edge xml:id="ptb-e00164" from="ptb-n00157" to="ptb-n00162"/>
    <edge xml:id="ptb-e00162" from="ptb-n00157" to="ptb-n00161"/>
    <node xml:id="ptb-n00158"/>
    <a label="NP" ref="ptb-n00158" as="PTB">
        <fs>
            <f name="cat" value="NP"/>
            <f name="roles" value="TMP"/>
        </fs>
    </a>
    <edge xml:id="ptb-e00160" from="ptb-n00158" to="ptb-n00160"/>
    <edge xml:id="ptb-e00159" from="ptb-n00158" to="ptb-n00159"/>
    <edge xml:id="ptb-e00161" from="ptb-n00157" to="ptb-n00158"/>
    <edge xml:id="e207" from="ptb-n00000" to="ptb-n00157"/>
    <node xml:id="ptb-n00102"/>
    <a label="S" ref="ptb-n00102" as="PTB">
        <fs>
            <f name="cat" value="S"/>
        </fs>
    </a>
    <edge xml:id="ptb-e00158" from="ptb-n00102" to="ptb-n00156"/>
    <node xml:id="ptb-n00105"/>
    <a label="VP" ref="ptb-n00105" as="PTB">
        <fs>
            <f name="cat" value="VP"/>
        </fs>
    </a>
    <node xml:id="ptb-n00107"/>
    <a label="S" ref="ptb-n00107" as="PTB">
        <fs>
            <f name="cat" value="S"/>
        </fs>
    </a>
    <node xml:id="ptb-n00110"/>
    <a label="VP" ref="ptb-n00110" as="PTB">
        <fs>
            <f name="cat" value="VP"/>
        </fs>
    </a>
    <node xml:id="ptb-n00122"/>
    <a label="NP" ref="ptb-n00122" as="PTB">
        <fs>
            <f name="cat" value="NP"/>
        </fs>
    </a>
    <node xml:id="ptb-n00125"/>
    <a label="SBAR" ref="ptb-n00125" as="PTB">
        <fs>
            <f name="cat" value="SBAR"/>
        </fs>
    </a>
    <node xml:id="ptb-n00128"/>
    <a label="S" ref="ptb-n00128" as="PTB">
        <fs>
            <f name="cat" value="S"/>
        </fs>
    </a>
    <node xml:id="ptb-n00131"/>
    <a label="VP" ref="ptb-n00131" as="PTB">
        <fs>
            <f name="cat" value="VP"/>
        </fs>
    </a>
    <node xml:id="ptb-n00133"/>
    <a label="S" ref="ptb-n00133" as="PTB">
        <fs>
            <f name="cat" value="S"/>
        </fs>
    </a>
    <node xml:id="ptb-n00141"/>
    <a label="SBAR" ref="ptb-n00141" as="PTB">
        <fs>
            <f name="cat" value="SBAR"/>
        </fs>
    </a>
    <node xml:id="ptb-n00143"/>
    <a label="S" ref="ptb-n00143" as="PTB">
        <fs>
            <f name="cat" value="S"/>
        </fs>
    </a>
    <node xml:id="ptb-n00146"/>
    <a label="VP" ref="ptb-n00146" as="PTB">
        <fs>
            <f name="cat" value="VP"/>
        </fs>
    </a>
    <node xml:id="ptb-n00148"/>
    <a label="VP" ref="ptb-n00148" as="PTB">
        <fs>
            <f name="cat" value="VP"/>
        </fs>
    </a>
    <node xml:id="ptb-n00152"/>
    <a label="PP" ref="ptb-n00152" as="PTB">
        <fs>
            <f name="cat" value="PP"/>
            <f name="roles" value="CLR"/>
        </fs>
    </a>
    <node xml:id="ptb-n00154"/>
    <a label="NP" ref="ptb-n00154" as="PTB">
        <fs>
            <f name="cat" value="NP"/>
        </fs>
    </a>
    <edge xml:id="ptb-e00143" from="ptb-n00154" to="ptb-n00155"/>
    <edge xml:id="ptb-e00144" from="ptb-n00152" to="ptb-n00154"/>
    <edge xml:id="ptb-e00142" from="ptb-n00152" to="ptb-n00153"/>
    <edge xml:id="ptb-e00145" from="ptb-n00148" to="ptb-n00152"/>
    <node xml:id="ptb-n00150"/>
    <a label="PRT" ref="ptb-n00150" as="PTB">
        <fs>
            <f name="cat" value="PRT"/>
        </fs>
    </a>
    <edge xml:id="ptb-e00140" from="ptb-n00150" to="ptb-n00151"/>
    <edge xml:id="ptb-e00141" from="ptb-n00148" to="ptb-n00150"/>
    <edge xml:id="ptb-e00139" from="ptb-n00148" to="ptb-n00149"/>
    <edge xml:id="ptb-e00146" from="ptb-n00146" to="ptb-n00148"/>
    <edge xml:id="ptb-e00138" from="ptb-n00146" to="ptb-n00147"/>
    <edge xml:id="ptb-e00147" from="ptb-n00143" to="ptb-n00146"/>
    <node xml:id="ptb-n00144"/>
    <a label="NP" ref="ptb-n00144" as="PTB">
        <fs>
            <f name="cat" value="NP"/>
            <f name="roles" value="SBJ"/>
        </fs>
    </a>
    <edge xml:id="ptb-e00136" from="ptb-n00144" to="ptb-n00145"/>
    <edge xml:id="ptb-e00137" from="ptb-n00143" to="ptb-n00144"/>
    <edge xml:id="ptb-e00148" from="ptb-n00141" to="ptb-n00143"/>
    <edge xml:id="ptb-e00135" from="ptb-n00141" to="ptb-n00142"/>
    <edge xml:id="ptb-e00149" from="ptb-n00133" to="ptb-n00141"/>
    <node xml:id="ptb-n00139"/>
    <a label="ADJP" ref="ptb-n00139" as="PTB">
        <fs>
            <f name="cat" value="ADJP"/>
            <f name="roles" value="PRD"/>
        </fs>
    </a>
    <edge xml:id="ptb-e00133" from="ptb-n00139" to="ptb-n00140"/>
    <edge xml:id="ptb-e00134" from="ptb-n00133" to="ptb-n00139"/>
    <node xml:id="ptb-n00134"/>
    <a label="NP" ref="ptb-n00134" as="PTB">
        <fs>
            <f name="cat" value="NP"/>
            <f name="roles" value="SBJ"/>
        </fs>
    </a>
    <node xml:id="ptb-n00137"/>
    <a label="SBAR" ref="ptb-n00137" as="PTB">
        <fs>
            <f name="cat" value="SBAR"/>
        </fs>
    </a>
    <node xml:id="ptb-n00138"/>
    <a label="Trace" ref="ptb-n00138" as="PTB">
        <fs>
            <f name="cat" value="*EXP*"/>
        </fs>
    </a>
    <edge xml:id="ptb-e00129" from="ptb-n00138" to="ptb-n00276"/>
    <edge xml:id="ptb-e00130" from="ptb-n00137" to="ptb-n00138"/>
    <edge xml:id="ptb-e00131" from="ptb-n00134" to="ptb-n00137"/>
    <node xml:id="ptb-n00135"/>
    <a label="NP" ref="ptb-n00135" as="PTB">
        <fs>
            <f name="cat" value="NP"/>
        </fs>
    </a>
    <edge xml:id="ptb-e00127" from="ptb-n00135" to="ptb-n00136"/>
    <edge xml:id="ptb-e00128" from="ptb-n00134" to="ptb-n00135"/>
    <edge xml:id="ptb-e00132" from="ptb-n00133" to="ptb-n00134"/>
    <edge xml:id="ptb-e00150" from="ptb-n00131" to="ptb-n00133"/>
    <edge xml:id="ptb-e00126" from="ptb-n00131" to="ptb-n00132"/>
    <edge xml:id="ptb-e00151" from="ptb-n00128" to="ptb-n00131"/>
    <node xml:id="ptb-n00129"/>
    <a label="NP" ref="ptb-n00129" as="PTB">
        <fs>
            <f name="cat" value="NP"/>
            <f name="roles" value="SBJ"/>
        </fs>
    </a>
    <node xml:id="ptb-n00130"/>
    <a label="Trace" ref="ptb-n00130" as="PTB">
        <fs>
            <f name="cat" value="*T*"/>
        </fs>
    </a>
    <node xml:id="ptb-n00126"/>
    <a label="WHNP" ref="ptb-n00126" as="PTB">
        <fs>
            <f name="cat" value="WHNP"/>
        </fs>
    </a>
    <edge xml:id="ptb-e00121" from="ptb-n00126" to="ptb-n00127"/>
    <edge xml:id="ptb-e00123" from="ptb-n00130" to="ptb-n00126"/>
    <edge xml:id="ptb-e00124" from="ptb-n00129" to="ptb-n00130"/>
    <edge xml:id="ptb-e00125" from="ptb-n00128" to="ptb-n00129"/>
    <edge xml:id="ptb-e00152" from="ptb-n00125" to="ptb-n00128"/>
    <edge xml:id="ptb-e00122" from="ptb-n00125" to="ptb-n00126"/>
    <edge xml:id="ptb-e00153" from="ptb-n00122" to="ptb-n00125"/>
    <node xml:id="ptb-n00123"/>
    <a label="NP" ref="ptb-n00123" as="PTB">
        <fs>
            <f name="cat" value="NP"/>
        </fs>
    </a>
    <edge xml:id="ptb-e00119" from="ptb-n00123" to="ptb-n00124"/>
    <edge xml:id="ptb-e00120" from="ptb-n00122" to="ptb-n00123"/>
    <edge xml:id="ptb-e00154" from="ptb-n00110" to="ptb-n00122"/>
    <node xml:id="ptb-n00118"/>
    <a label="VP" ref="ptb-n00118" as="PTB">
        <fs>
            <f name="cat" value="VP"/>
        </fs>
    </a>
    <edge xml:id="ptb-e00117" from="ptb-n00118" to="ptb-n00120"/>
    <edge xml:id="ptb-e00114" from="ptb-n00118" to="ptb-n00119"/>
    <edge xml:id="ptb-e00118" from="ptb-n00110" to="ptb-n00118"/>
    <edge xml:id="ptb-e00113" from="ptb-n00110" to="ptb-n00117"/>
    <node xml:id="ptb-n00111"/>
    <a label="VP" ref="ptb-n00111" as="PTB">
        <fs>
            <f name="cat" value="VP"/>
        </fs>
    </a>
    <node xml:id="ptb-n00113"/>
    <a label="PP" ref="ptb-n00113" as="PTB">
        <fs>
            <f name="cat" value="PP"/>
            <f name="roles" value="CLR"/>
        </fs>
    </a>
    <node xml:id="ptb-n00115"/>
    <a label="NP" ref="ptb-n00115" as="PTB">
        <fs>
            <f name="cat" value="NP"/>
        </fs>
    </a>
    <node xml:id="ptb-n00116"/>
    <a label="Trace" ref="ptb-n00116" as="PTB">
        <fs>
            <f name="cat" value="*RNR*"/>
        </fs>
    </a>
    <edge xml:id="ptb-e00108" from="ptb-n00116" to="ptb-n00086"/>
    <edge xml:id="ptb-e00109" from="ptb-n00115" to="ptb-n00116"/>
    <edge xml:id="ptb-e00110" from="ptb-n00113" to="ptb-n00115"/>
    <edge xml:id="ptb-e00107" from="ptb-n00113" to="ptb-n00114"/>
    <edge xml:id="ptb-e00111" from="ptb-n00111" to="ptb-n00113"/>
    <edge xml:id="ptb-e00106" from="ptb-n00111" to="ptb-n00112"/>
    <edge xml:id="ptb-e00112" from="ptb-n00110" to="ptb-n00111"/>
    <edge xml:id="ptb-e00155" from="ptb-n00107" to="ptb-n00110"/>
    <node xml:id="ptb-n00108"/>
    <a label="NP" ref="ptb-n00108" as="PTB">
        <fs>
            <f name="cat" value="NP"/>
            <f name="roles" value="SBJ"/>
        </fs>
    </a>
    <edge xml:id="ptb-e00104" from="ptb-n00108" to="ptb-n00109"/>
    <edge xml:id="ptb-e00105" from="ptb-n00107" to="ptb-n00108"/>
    <edge xml:id="ptb-e00156" from="ptb-n00105" to="ptb-n00107"/>
    <edge xml:id="ptb-e00103" from="ptb-n00105" to="ptb-n00106"/>
    <edge xml:id="ptb-e00157" from="ptb-n00102" to="ptb-n00105"/>
    <node xml:id="ptb-n00103"/>
    <a label="NP" ref="ptb-n00103" as="PTB">
        <fs>
            <f name="cat" value="NP"/>
            <f name="roles" value="SBJ"/>
        </fs>
    </a>
    <edge xml:id="ptb-e00101" from="ptb-n00103" to="ptb-n00104"/>
    <edge xml:id="ptb-e00102" from="ptb-n00102" to="ptb-n00103"/>
    <edge xml:id="e162" from="ptb-n00000" to="ptb-n00102"/>
    <node xml:id="ptb-n00080"/>
    <a label="S" ref="ptb-n00080" as="PTB">
        <fs>
            <f name="cat" value="S"/>
        </fs>
    </a>
    <node xml:id="ptb-n00083"/>
    <a label="VP" ref="ptb-n00083" as="PTB">
        <fs>
            <f name="cat" value="VP"/>
        </fs>
    </a>
    <node xml:id="ptb-n00085"/>
    <a label="SBAR" ref="ptb-n00085" as="PTB">
        <fs>
            <f name="cat" value="SBAR"/>
            <f name="roles" value="PRD"/>
        </fs>
    </a>
    <node xml:id="ptb-n00088"/>
    <a label="S" ref="ptb-n00088" as="PTB">
        <fs>
            <f name="cat" value="S"/>
        </fs>
    </a>
    <node xml:id="ptb-n00095"/>
    <a label="VP" ref="ptb-n00095" as="PTB">
        <fs>
            <f name="cat" value="VP"/>
        </fs>
    </a>
    <node xml:id="ptb-n00099"/>
    <a label="ADVP" ref="ptb-n00099" as="PTB">
        <fs>
            <f name="cat" value="ADVP"/>
            <f name="roles" value="LOC"/>
        </fs>
    </a>
    <node xml:id="ptb-n00100"/>
    <a label="Trace" ref="ptb-n00100" as="PTB">
        <fs>
            <f name="cat" value="*T*"/>
        </fs>
    </a>
    <edge xml:id="ptb-e00093" from="ptb-n00100" to="ptb-n00086"/>
    <edge xml:id="ptb-e00094" from="ptb-n00099" to="ptb-n00100"/>
    <edge xml:id="ptb-e00095" from="ptb-n00095" to="ptb-n00099"/>
    <node xml:id="ptb-n00097"/>
    <a label="PRT" ref="ptb-n00097" as="PTB">
        <fs>
            <f name="cat" value="PRT"/>
        </fs>
    </a>
    <edge xml:id="ptb-e00091" from="ptb-n00097" to="ptb-n00098"/>
    <edge xml:id="ptb-e00092" from="ptb-n00095" to="ptb-n00097"/>
    <edge xml:id="ptb-e00090" from="ptb-n00095" to="ptb-n00096"/>
    <edge xml:id="ptb-e00096" from="ptb-n00088" to="ptb-n00095"/>
    <node xml:id="ptb-n00089"/>
    <a label="NP" ref="ptb-n00089" as="PTB">
        <fs>
            <f name="cat" value="NP"/>
            <f name="roles" value="SBJ"/>
        </fs>
    </a>
    <edge xml:id="ptb-e00088" from="ptb-n00089" to="ptb-n00094"/>
    <edge xml:id="ptb-e00087" from="ptb-n00089" to="ptb-n00093"/>
    <edge xml:id="ptb-e00086" from="ptb-n00089" to="ptb-n00092"/>
    <edge xml:id="ptb-e00085" from="ptb-n00089" to="ptb-n00091"/>
    <edge xml:id="ptb-e00084" from="ptb-n00089" to="ptb-n00090"/>
    <edge xml:id="ptb-e00089" from="ptb-n00088" to="ptb-n00089"/>
    <edge xml:id="ptb-e00097" from="ptb-n00085" to="ptb-n00088"/>
    <edge xml:id="ptb-e00083" from="ptb-n00085" to="ptb-n00086"/>
    <edge xml:id="ptb-e00098" from="ptb-n00083" to="ptb-n00085"/>
    <edge xml:id="ptb-e00081" from="ptb-n00083" to="ptb-n00084"/>
    <edge xml:id="ptb-e00099" from="ptb-n00080" to="ptb-n00083"/>
    <node xml:id="ptb-n00081"/>
    <a label="NP" ref="ptb-n00081" as="PTB">
        <fs>
            <f name="cat" value="NP"/>
            <f name="roles" value="SBJ"/>
        </fs>
    </a>
    <edge xml:id="ptb-e00079" from="ptb-n00081" to="ptb-n00082"/>
    <edge xml:id="ptb-e00080" from="ptb-n00080" to="ptb-n00081"/>
    <edge xml:id="ptb-e00100" from="ptb-n00080" to="ptb-n00101"/>
    <edge xml:id="e103" from="ptb-n00000" to="ptb-n00080"/>
    <node xml:id="ptb-n00348"/>
    <a label="FRAG" ref="ptb-n00348" as="PTB">
        <fs>
            <f name="cat" value="FRAG"/>
        </fs>
    </a>
    <node xml:id="ptb-n00352"/>
    <a label="NP" ref="ptb-n00352" as="PTB">
        <fs>
            <f name="cat" value="NP"/>
        </fs>
    </a>
    <node xml:id="ptb-n00356"/>
    <a label="NP" ref="ptb-n00356" as="PTB">
        <fs>
            <f name="cat" value="NP"/>
        </fs>
    </a>
    <edge xml:id="ptb-e00354" from="ptb-n00356" to="ptb-n00357"/>
    <edge xml:id="ptb-e00355" from="ptb-n00352" to="ptb-n00356"/>
    <node xml:id="ptb-n00353"/>
    <a label="NP" ref="ptb-n00353" as="PTB">
        <fs>
            <f name="cat" value="NP"/>
        </fs>
    </a>
    <edge xml:id="ptb-e00352" from="ptb-n00353" to="ptb-n00355"/>
    <edge xml:id="ptb-e00351" from="ptb-n00353" to="ptb-n00354"/>
    <edge xml:id="ptb-e00353" from="ptb-n00352" to="ptb-n00353"/>
    <edge xml:id="ptb-e00356" from="ptb-n00348" to="ptb-n00352"/>
    <edge xml:id="ptb-e00350" from="ptb-n00348" to="ptb-n00351"/>
    <node xml:id="ptb-n00349"/>
    <a label="ADVP" ref="ptb-n00349" as="PTB">
        <fs>
            <f name="cat" value="ADVP"/>
            <f name="roles" value="MNR"/>
        </fs>
    </a>
    <edge xml:id="ptb-e00348" from="ptb-n00349" to="ptb-n00350"/>
    <edge xml:id="ptb-e00349" from="ptb-n00348" to="ptb-n00349"/>
    <edge xml:id="e369" from="ptb-n00000" to="ptb-n00348"/>
    <node xml:id="ptb-n00317"/>
    <a label="S" ref="ptb-n00317" as="PTB">
        <fs>
            <f name="cat" value="S"/>
            <f name="roles" value="IMP"/>
        </fs>
    </a>
    <edge xml:id="ptb-e00347" from="ptb-n00317" to="ptb-n00347"/>
    <node xml:id="ptb-n00322"/>
    <a label="VP" ref="ptb-n00322" as="PTB">
        <fs>
            <f name="cat" value="VP"/>
        </fs>
    </a>
    <node xml:id="ptb-n00345"/>
    <a label="NP" ref="ptb-n00345" as="PTB">
        <fs>
            <f name="cat" value="NP"/>
            <f name="roles" value="TMP"/>
        </fs>
    </a>
    <edge xml:id="ptb-e00344" from="ptb-n00345" to="ptb-n00346"/>
    <edge xml:id="ptb-e00345" from="ptb-n00322" to="ptb-n00345"/>
    <node xml:id="ptb-n00341"/>
    <a label="PP" ref="ptb-n00341" as="PTB">
        <fs>
            <f name="cat" value="PP"/>
            <f name="roles" value="DTV"/>
        </fs>
    </a>
    <node xml:id="ptb-n00343"/>
    <a label="NP" ref="ptb-n00343" as="PTB">
        <fs>
            <f name="cat" value="NP"/>
        </fs>
    </a>
    <edge xml:id="ptb-e00341" from="ptb-n00343" to="ptb-n00344"/>
    <edge xml:id="ptb-e00342" from="ptb-n00341" to="ptb-n00343"/>
    <edge xml:id="ptb-e00340" from="ptb-n00341" to="ptb-n00342"/>
    <edge xml:id="ptb-e00343" from="ptb-n00322" to="ptb-n00341"/>
    <node xml:id="ptb-n00324"/>
    <a label="NP" ref="ptb-n00324" as="PTB">
        <fs>
            <f name="cat" value="NP"/>
        </fs>
    </a>
    <node xml:id="ptb-n00329"/>
    <a label="SBAR" ref="ptb-n00329" as="PTB">
        <fs>
            <f name="cat" value="SBAR"/>
        </fs>
    </a>
    <node xml:id="ptb-n00332"/>
    <a label="S" ref="ptb-n00332" as="PTB">
        <fs>
            <f name="cat" value="S"/>
        </fs>
    </a>
    <node xml:id="ptb-n00335"/>
    <a label="VP" ref="ptb-n00335" as="PTB">
        <fs>
            <f name="cat" value="VP"/>
        </fs>
    </a>
    <node xml:id="ptb-n00337"/>
    <a label="VP" ref="ptb-n00337" as="PTB">
        <fs>
            <f name="cat" value="VP"/>
        </fs>
    </a>
    <node xml:id="ptb-n00339"/>
    <a label="NP" ref="ptb-n00339" as="PTB">
        <fs>
            <f name="cat" value="NP"/>
        </fs>
    </a>
    <node xml:id="ptb-n00340"/>
    <a label="Trace" ref="ptb-n00340" as="PTB">
        <fs>
            <f name="cat" value="*T*"/>
        </fs>
    </a>
    <node xml:id="ptb-n00330"/>
    <a label="WHNP" ref="ptb-n00330" as="PTB">
        <fs>
            <f name="cat" value="WHNP"/>
        </fs>
    </a>
    <node xml:id="ptb-n00331"/>
    <a label="Trace" ref="ptb-n00331" as="PTB">
        <fs>
            <f name="cat" value="0"/>
        </fs>
    </a>
    <edge xml:id="ptb-e00326" from="ptb-n00330" to="ptb-n00331"/>
    <edge xml:id="ptb-e00332" from="ptb-n00340" to="ptb-n00330"/>
    <edge xml:id="ptb-e00333" from="ptb-n00339" to="ptb-n00340"/>
    <edge xml:id="ptb-e00334" from="ptb-n00337" to="ptb-n00339"/>
    <node xml:id="ptb-n00338"/>
    <a label="Trace" ref="ptb-n00338" as="PTB">
        <fs>
            <f name="cat" value="*?*"/>
        </fs>
    </a>
    <edge xml:id="ptb-e00331" from="ptb-n00337" to="ptb-n00338"/>
    <edge xml:id="ptb-e00335" from="ptb-n00335" to="ptb-n00337"/>
    <edge xml:id="ptb-e00330" from="ptb-n00335" to="ptb-n00336"/>
    <edge xml:id="ptb-e00336" from="ptb-n00332" to="ptb-n00335"/>
    <node xml:id="ptb-n00333"/>
    <a label="NP" ref="ptb-n00333" as="PTB">
        <fs>
            <f name="cat" value="NP"/>
            <f name="roles" value="SBJ"/>
        </fs>
    </a>
    <edge xml:id="ptb-e00328" from="ptb-n00333" to="ptb-n00334"/>
    <edge xml:id="ptb-e00329" from="ptb-n00332" to="ptb-n00333"/>
    <edge xml:id="ptb-e00337" from="ptb-n00329" to="ptb-n00332"/>
    <edge xml:id="ptb-e00327" from="ptb-n00329" to="ptb-n00330"/>
    <edge xml:id="ptb-e00338" from="ptb-n00324" to="ptb-n00329"/>
    <node xml:id="ptb-n00325"/>
    <a label="NP" ref="ptb-n00325" as="PTB">
        <fs>
            <f name="cat" value="NP"/>
        </fs>
    </a>
    <edge xml:id="ptb-e00324" from="ptb-n00325" to="ptb-n00328"/>
    <edge xml:id="ptb-e00323" from="ptb-n00325" to="ptb-n00327"/>
    <edge xml:id="ptb-e00322" from="ptb-n00325" to="ptb-n00326"/>
    <edge xml:id="ptb-e00325" from="ptb-n00324" to="ptb-n00325"/>
    <edge xml:id="ptb-e00339" from="ptb-n00322" to="ptb-n00324"/>
    <edge xml:id="ptb-e00321" from="ptb-n00322" to="ptb-n00323"/>
    <edge xml:id="ptb-e00346" from="ptb-n00317" to="ptb-n00322"/>
    <node xml:id="ptb-n00320"/>
    <a label="NP" ref="ptb-n00320" as="PTB">
        <fs>
            <f name="cat" value="NP"/>
            <f name="roles" value="SBJ"/>
        </fs>
    </a>
    <node xml:id="ptb-n00321"/>
    <a label="Trace" ref="ptb-n00321" as="PTB">
        <fs>
            <f name="cat" value="*PRO*"/>
        </fs>
    </a>
    <edge xml:id="ptb-e00319" from="ptb-n00320" to="ptb-n00321"/>
    <edge xml:id="ptb-e00320" from="ptb-n00317" to="ptb-n00320"/>
    <node xml:id="ptb-n00318"/>
    <a label="INTJ" ref="ptb-n00318" as="PTB">
        <fs>
            <f name="cat" value="INTJ"/>
        </fs>
    </a>
    <edge xml:id="ptb-e00317" from="ptb-n00318" to="ptb-n00319"/>
    <edge xml:id="ptb-e00318" from="ptb-n00317" to="ptb-n00318"/>
    <edge xml:id="e359" from="ptb-n00000" to="ptb-n00317"/>
</graph>
