<?xml version="1.0" encoding="UTF-8"?>
<graph xmlns="http://www.xces.org/ns/GrAF/1.0/">
    <header>
        <tagsDecl>
            <tagUsage gi="nchunk" occurs="90"/>
        </tagsDecl>
        <dependencies>
            <dependsOn type="penn"/>
        </dependencies>
        <annotationSets>
            <annotationSet name="xces" type="http://www.xces.org/schema/2003"/>
        </annotationSets>
    </header>
    <node xml:id="nc-n0"/>
    <a label="nchunk" ref="nc-n0" as="xces"/>
    <node xml:id="nc-n1"/>
    <a label="nchunk" ref="nc-n1" as="xces"/>
    <node xml:id="nc-n10"/>
    <a label="nchunk" ref="nc-n10" as="xces"/>
    <node xml:id="nc-n11"/>
    <a label="nchunk" ref="nc-n11" as="xces"/>
    <node xml:id="nc-n12"/>
    <a label="nchunk" ref="nc-n12" as="xces"/>
    <node xml:id="nc-n13"/>
    <a label="nchunk" ref="nc-n13" as="xces"/>
    <node xml:id="nc-n14"/>
    <a label="nchunk" ref="nc-n14" as="xces"/>
    <node xml:id="nc-n15"/>
    <a label="nchunk" ref="nc-n15" as="xces"/>
    <node xml:id="nc-n16"/>
    <a label="nchunk" ref="nc-n16" as="xces"/>
    <node xml:id="nc-n17"/>
    <a label="nchunk" ref="nc-n17" as="xces"/>
    <node xml:id="nc-n18"/>
    <a label="nchunk" ref="nc-n18" as="xces"/>
    <node xml:id="nc-n19"/>
    <a label="nchunk" ref="nc-n19" as="xces"/>
    <node xml:id="nc-n2"/>
    <a label="nchunk" ref="nc-n2" as="xces"/>
    <node xml:id="nc-n20"/>
    <a label="nchunk" ref="nc-n20" as="xces"/>
    <node xml:id="nc-n21"/>
    <a label="nchunk" ref="nc-n21" as="xces"/>
    <node xml:id="nc-n22"/>
    <a label="nchunk" ref="nc-n22" as="xces"/>
    <node xml:id="nc-n23"/>
    <a label="nchunk" ref="nc-n23" as="xces"/>
    <node xml:id="nc-n24"/>
    <a label="nchunk" ref="nc-n24" as="xces"/>
    <node xml:id="nc-n25"/>
    <a label="nchunk" ref="nc-n25" as="xces"/>
    <node xml:id="nc-n26"/>
    <a label="nchunk" ref="nc-n26" as="xces"/>
    <node xml:id="nc-n27"/>
    <a label="nchunk" ref="nc-n27" as="xces"/>
    <node xml:id="nc-n28"/>
    <a label="nchunk" ref="nc-n28" as="xces"/>
    <node xml:id="nc-n29"/>
    <a label="nchunk" ref="nc-n29" as="xces"/>
    <node xml:id="nc-n3"/>
    <a label="nchunk" ref="nc-n3" as="xces"/>
    <node xml:id="nc-n30"/>
    <a label="nchunk" ref="nc-n30" as="xces"/>
    <node xml:id="nc-n31"/>
    <a label="nchunk" ref="nc-n31" as="xces"/>
    <node xml:id="nc-n32"/>
    <a label="nchunk" ref="nc-n32" as="xces"/>
    <node xml:id="nc-n33"/>
    <a label="nchunk" ref="nc-n33" as="xces"/>
    <node xml:id="nc-n34"/>
    <a label="nchunk" ref="nc-n34" as="xces"/>
    <node xml:id="nc-n35"/>
    <a label="nchunk" ref="nc-n35" as="xces"/>
    <node xml:id="nc-n36"/>
    <a label="nchunk" ref="nc-n36" as="xces"/>
    <node xml:id="nc-n37"/>
    <a label="nchunk" ref="nc-n37" as="xces"/>
    <node xml:id="nc-n38"/>
    <a label="nchunk" ref="nc-n38" as="xces"/>
    <node xml:id="nc-n39"/>
    <a label="nchunk" ref="nc-n39" as="xces"/>
    <node xml:id="nc-n4"/>
    <a label="nchunk" ref="nc-n4" as="xces"/>
    <node xml:id="nc-n40"/>
    <a label="nchunk" ref="nc-n40" as="xces"/>
    <node xml:id="nc-n41"/>
    <a label="nchunk" ref="nc-n41" as="xces"/>
    <node xml:id="nc-n42"/>
    <a label="nchunk" ref="nc-n42" as="xces"/>
    <node xml:id="nc-n43"/>
    <a label="nchunk" ref="nc-n43" as="xces"/>
    <node xml:id="nc-n44"/>
    <a label="nchunk" ref="nc-n44" as="xces"/>
    <node xml:id="nc-n45"/>
    <a label="nchunk" ref="nc-n45" as="xces"/>
    <node xml:id="nc-n46"/>
    <a label="nchunk" ref="nc-n46" as="xces"/>
    <node xml:id="nc-n47"/>
    <a label="nchunk" ref="nc-n47" as="xces"/>
    <node xml:id="nc-n48"/>
    <a label="nchunk" ref="nc-n48" as="xces"/>
    <node xml:id="nc-n49"/>
    <a label="nchunk" ref="nc-n49" as="xces"/>
    <node xml:id="nc-n5"/>
    <a label="nchunk" ref="nc-n5" as="xces"/>
    <node xml:id="nc-n50"/>
    <a label="nchunk" ref="nc-n50" as="xces"/>
    <node xml:id="nc-n51"/>
    <a label="nchunk" ref="nc-n51" as="xces"/>
    <node xml:id="nc-n52"/>
    <a label="nchunk" ref="nc-n52" as="xces"/>
    <node xml:id="nc-n53"/>
    <a label="nchunk" ref="nc-n53" as="xces"/>
    <node xml:id="nc-n54"/>
    <a label="nchunk" ref="nc-n54" as="xces"/>
    <node xml:id="nc-n55"/>
    <a label="nchunk" ref="nc-n55" as="xces"/>
    <node xml:id="nc-n56"/>
    <a label="nchunk" ref="nc-n56" as="xces"/>
    <node xml:id="nc-n57"/>
    <a label="nchunk" ref="nc-n57" as="xces"/>
    <node xml:id="nc-n58"/>
    <a label="nchunk" ref="nc-n58" as="xces"/>
    <node xml:id="nc-n59"/>
    <a label="nchunk" ref="nc-n59" as="xces"/>
    <node xml:id="nc-n6"/>
    <a label="nchunk" ref="nc-n6" as="xces"/>
    <node xml:id="nc-n60"/>
    <a label="nchunk" ref="nc-n60" as="xces"/>
    <node xml:id="nc-n61"/>
    <a label="nchunk" ref="nc-n61" as="xces"/>
    <node xml:id="nc-n62"/>
    <a label="nchunk" ref="nc-n62" as="xces"/>
    <node xml:id="nc-n63"/>
    <a label="nchunk" ref="nc-n63" as="xces"/>
    <node xml:id="nc-n64"/>
    <a label="nchunk" ref="nc-n64" as="xces"/>
    <node xml:id="nc-n65"/>
    <a label="nchunk" ref="nc-n65" as="xces"/>
    <node xml:id="nc-n66"/>
    <a label="nchunk" ref="nc-n66" as="xces"/>
    <node xml:id="nc-n67"/>
    <a label="nchunk" ref="nc-n67" as="xces"/>
    <node xml:id="nc-n68"/>
    <a label="nchunk" ref="nc-n68" as="xces"/>
    <node xml:id="nc-n69"/>
    <a label="nchunk" ref="nc-n69" as="xces"/>
    <node xml:id="nc-n7"/>
    <a label="nchunk" ref="nc-n7" as="xces"/>
    <node xml:id="nc-n70"/>
    <a label="nchunk" ref="nc-n70" as="xces"/>
    <node xml:id="nc-n71"/>
    <a label="nchunk" ref="nc-n71" as="xces"/>
    <node xml:id="nc-n72"/>
    <a label="nchunk" ref="nc-n72" as="xces"/>
    <node xml:id="nc-n73"/>
    <a label="nchunk" ref="nc-n73" as="xces"/>
    <node xml:id="nc-n74"/>
    <a label="nchunk" ref="nc-n74" as="xces"/>
    <node xml:id="nc-n75"/>
    <a label="nchunk" ref="nc-n75" as="xces"/>
    <node xml:id="nc-n76"/>
    <a label="nchunk" ref="nc-n76" as="xces"/>
    <node xml:id="nc-n77"/>
    <a label="nchunk" ref="nc-n77" as="xces"/>
    <node xml:id="nc-n78"/>
    <a label="nchunk" ref="nc-n78" as="xces"/>
    <node xml:id="nc-n79"/>
    <a label="nchunk" ref="nc-n79" as="xces"/>
    <node xml:id="nc-n8"/>
    <a label="nchunk" ref="nc-n8" as="xces"/>
    <node xml:id="nc-n80"/>
    <a label="nchunk" ref="nc-n80" as="xces"/>
    <node xml:id="nc-n81"/>
    <a label="nchunk" ref="nc-n81" as="xces"/>
    <node xml:id="nc-n82"/>
    <a label="nchunk" ref="nc-n82" as="xces"/>
    <node xml:id="nc-n83"/>
    <a label="nchunk" ref="nc-n83" as="xces"/>
    <node xml:id="nc-n84"/>
    <a label="nchunk" ref="nc-n84" as="xces"/>
    <node xml:id="nc-n85"/>
    <a label="nchunk" ref="nc-n85" as="xces"/>
    <node xml:id="nc-n86"/>
    <a label="nchunk" ref="nc-n86" as="xces"/>
    <node xml:id="nc-n87"/>
    <a label="nchunk" ref="nc-n87" as="xces"/>
    <node xml:id="nc-n88"/>
    <a label="nchunk" ref="nc-n88" as="xces"/>
    <node xml:id="nc-n89"/>
    <a label="nchunk" ref="nc-n89" as="xces"/>
    <node xml:id="nc-n9"/>
    <a label="nchunk" ref="nc-n9" as="xces"/>
    <edge xml:id="lnk109" from="nc-n60" to="penn-n200"/>
    <edge xml:id="lnk108" from="nc-n60" to="penn-n199"/>
    <edge xml:id="lnk107" from="nc-n60" to="penn-n198"/>
    <edge xml:id="lnk106" from="nc-n59" to="penn-n196"/>
    <edge xml:id="lnk105" from="nc-n59" to="penn-n195"/>
    <edge xml:id="lnk104" from="nc-n58" to="penn-n193"/>
    <edge xml:id="lnk103" from="nc-n57" to="penn-n191"/>
    <edge xml:id="lnk102" from="nc-n56" to="penn-n188"/>
    <edge xml:id="lnk101" from="nc-n56" to="penn-n187"/>
    <edge xml:id="lnk100" from="nc-n56" to="penn-n186"/>
    <edge xml:id="lnk99" from="nc-n55" to="penn-n184"/>
    <edge xml:id="lnk98" from="nc-n55" to="penn-n183"/>
    <edge xml:id="lnk97" from="nc-n55" to="penn-n182"/>
    <edge xml:id="lnk96" from="nc-n54" to="penn-n179"/>
    <edge xml:id="lnk95" from="nc-n54" to="penn-n178"/>
    <edge xml:id="lnk94" from="nc-n54" to="penn-n177"/>
    <edge xml:id="lnk93" from="nc-n53" to="penn-n173"/>
    <edge xml:id="lnk92" from="nc-n53" to="penn-n172"/>
    <edge xml:id="lnk91" from="nc-n52" to="penn-n170"/>
    <edge xml:id="lnk90" from="nc-n51" to="penn-n168"/>
    <edge xml:id="lnk89" from="nc-n51" to="penn-n167"/>
    <edge xml:id="lnk88" from="nc-n51" to="penn-n166"/>
    <edge xml:id="lnk87" from="nc-n50" to="penn-n164"/>
    <edge xml:id="lnk86" from="nc-n50" to="penn-n163"/>
    <edge xml:id="lnk85" from="nc-n49" to="penn-n160"/>
    <edge xml:id="lnk84" from="nc-n48" to="penn-n155"/>
    <edge xml:id="lnk83" from="nc-n48" to="penn-n154"/>
    <edge xml:id="lnk82" from="nc-n48" to="penn-n153"/>
    <edge xml:id="lnk81" from="nc-n48" to="penn-n152"/>
    <edge xml:id="lnk80" from="nc-n47" to="penn-n149"/>
    <edge xml:id="lnk79" from="nc-n46" to="penn-n147"/>
    <edge xml:id="lnk78" from="nc-n46" to="penn-n146"/>
    <edge xml:id="lnk77" from="nc-n45" to="penn-n144"/>
    <edge xml:id="lnk76" from="nc-n44" to="penn-n142"/>
    <edge xml:id="lnk75" from="nc-n44" to="penn-n141"/>
    <edge xml:id="lnk74" from="nc-n44" to="penn-n140"/>
    <edge xml:id="lnk73" from="nc-n43" to="penn-n138"/>
    <edge xml:id="lnk72" from="nc-n43" to="penn-n137"/>
    <edge xml:id="lnk71" from="nc-n42" to="penn-n133"/>
    <edge xml:id="lnk70" from="nc-n42" to="penn-n132"/>
    <edge xml:id="lnk69" from="nc-n41" to="penn-n128"/>
    <edge xml:id="lnk68" from="nc-n40" to="penn-n124"/>
    <edge xml:id="lnk67" from="nc-n39" to="penn-n122"/>
    <edge xml:id="lnk66" from="nc-n38" to="penn-n119"/>
    <edge xml:id="lnk65" from="nc-n37" to="penn-n113"/>
    <edge xml:id="lnk64" from="nc-n36" to="penn-n112"/>
    <edge xml:id="lnk63" from="nc-n35" to="penn-n110"/>
    <edge xml:id="lnk62" from="nc-n34" to="penn-n108"/>
    <edge xml:id="lnk61" from="nc-n33" to="penn-n106"/>
    <edge xml:id="lnk60" from="nc-n32" to="penn-n104"/>
    <edge xml:id="lnk59" from="nc-n32" to="penn-n103"/>
    <edge xml:id="lnk58" from="nc-n31" to="penn-n102"/>
    <edge xml:id="lnk57" from="nc-n30" to="penn-n99"/>
    <edge xml:id="lnk56" from="nc-n29" to="penn-n98"/>
    <edge xml:id="lnk55" from="nc-n28" to="penn-n96"/>
    <edge xml:id="lnk54" from="nc-n27" to="penn-n94"/>
    <edge xml:id="lnk53" from="nc-n26" to="penn-n92"/>
    <edge xml:id="lnk52" from="nc-n26" to="penn-n91"/>
    <edge xml:id="lnk51" from="nc-n26" to="penn-n90"/>
    <edge xml:id="lnk50" from="nc-n25" to="penn-n88"/>
    <edge xml:id="lnk49" from="nc-n25" to="penn-n87"/>
    <edge xml:id="lnk48" from="nc-n24" to="penn-n85"/>
    <edge xml:id="lnk47" from="nc-n24" to="penn-n84"/>
    <edge xml:id="lnk46" from="nc-n24" to="penn-n83"/>
    <edge xml:id="lnk45" from="nc-n23" to="penn-n76"/>
    <edge xml:id="lnk44" from="nc-n22" to="penn-n75"/>
    <edge xml:id="lnk43" from="nc-n22" to="penn-n74"/>
    <edge xml:id="lnk42" from="nc-n22" to="penn-n73"/>
    <edge xml:id="lnk41" from="nc-n21" to="penn-n71"/>
    <edge xml:id="lnk40" from="nc-n20" to="penn-n69"/>
    <edge xml:id="lnk9" from="nc-n5" to="penn-n15"/>
    <edge xml:id="lnk8" from="nc-n5" to="penn-n14"/>
    <edge xml:id="lnk7" from="nc-n4" to="penn-n12"/>
    <edge xml:id="lnk6" from="nc-n3" to="penn-n10"/>
    <edge xml:id="lnk5" from="nc-n2" to="penn-n7"/>
    <edge xml:id="lnk4" from="nc-n1" to="penn-n5"/>
    <edge xml:id="lnk3" from="nc-n0" to="penn-n3"/>
    <edge xml:id="lnk2" from="nc-n0" to="penn-n2"/>
    <edge xml:id="lnk1" from="nc-n0" to="penn-n1"/>
    <edge xml:id="lnk0" from="nc-n0" to="penn-n0"/>
    <edge xml:id="lnk153" from="nc-n89" to="penn-n306"/>
    <edge xml:id="lnk39" from="nc-n20" to="penn-n68"/>
    <edge xml:id="lnk152" from="nc-n89" to="penn-n305"/>
    <edge xml:id="lnk38" from="nc-n19" to="penn-n65"/>
    <edge xml:id="lnk151" from="nc-n88" to="penn-n304"/>
    <edge xml:id="lnk37" from="nc-n19" to="penn-n64"/>
    <edge xml:id="lnk150" from="nc-n88" to="penn-n303"/>
    <edge xml:id="lnk36" from="nc-n18" to="penn-n63"/>
    <edge xml:id="lnk35" from="nc-n18" to="penn-n62"/>
    <edge xml:id="lnk34" from="nc-n18" to="penn-n61"/>
    <edge xml:id="lnk33" from="nc-n17" to="penn-n59"/>
    <edge xml:id="lnk32" from="nc-n16" to="penn-n57"/>
    <edge xml:id="lnk31" from="nc-n15" to="penn-n54"/>
    <edge xml:id="lnk30" from="nc-n14" to="penn-n50"/>
    <edge xml:id="lnk149" from="nc-n87" to="penn-n296"/>
    <edge xml:id="lnk148" from="nc-n87" to="penn-n295"/>
    <edge xml:id="lnk147" from="nc-n86" to="penn-n289"/>
    <edge xml:id="lnk146" from="nc-n85" to="penn-n287"/>
    <edge xml:id="lnk145" from="nc-n85" to="penn-n286"/>
    <edge xml:id="lnk144" from="nc-n85" to="penn-n285"/>
    <edge xml:id="lnk143" from="nc-n84" to="penn-n283"/>
    <edge xml:id="lnk29" from="nc-n13" to="penn-n49"/>
    <edge xml:id="lnk28" from="nc-n12" to="penn-n47"/>
    <edge xml:id="lnk142" from="nc-n83" to="penn-n281"/>
    <edge xml:id="lnk27" from="nc-n12" to="penn-n46"/>
    <edge xml:id="lnk141" from="nc-n82" to="penn-n277"/>
    <edge xml:id="lnk26" from="nc-n12" to="penn-n45"/>
    <edge xml:id="lnk140" from="nc-n81" to="penn-n272"/>
    <edge xml:id="lnk25" from="nc-n11" to="penn-n40"/>
    <edge xml:id="lnk24" from="nc-n11" to="penn-n39"/>
    <edge xml:id="lnk23" from="nc-n11" to="penn-n38"/>
    <edge xml:id="lnk22" from="nc-n11" to="penn-n37"/>
    <edge xml:id="lnk21" from="nc-n11" to="penn-n36"/>
    <edge xml:id="lnk20" from="nc-n11" to="penn-n35"/>
    <edge xml:id="lnk139" from="nc-n81" to="penn-n271"/>
    <edge xml:id="lnk138" from="nc-n80" to="penn-n262"/>
    <edge xml:id="lnk137" from="nc-n80" to="penn-n261"/>
    <edge xml:id="lnk136" from="nc-n79" to="penn-n259"/>
    <edge xml:id="lnk135" from="nc-n78" to="penn-n258"/>
    <edge xml:id="lnk134" from="nc-n77" to="penn-n256"/>
    <edge xml:id="lnk19" from="nc-n10" to="penn-n33"/>
    <edge xml:id="lnk133" from="nc-n77" to="penn-n255"/>
    <edge xml:id="lnk18" from="nc-n10" to="penn-n32"/>
    <edge xml:id="lnk132" from="nc-n76" to="penn-n253"/>
    <edge xml:id="lnk17" from="nc-n10" to="penn-n31"/>
    <edge xml:id="lnk131" from="nc-n75" to="penn-n250"/>
    <edge xml:id="lnk16" from="nc-n9" to="penn-n29"/>
    <edge xml:id="lnk130" from="nc-n75" to="penn-n249"/>
    <edge xml:id="lnk15" from="nc-n9" to="penn-n28"/>
    <edge xml:id="lnk14" from="nc-n8" to="penn-n24"/>
    <edge xml:id="lnk13" from="nc-n7" to="penn-n22"/>
    <edge xml:id="lnk12" from="nc-n7" to="penn-n21"/>
    <edge xml:id="lnk11" from="nc-n6" to="penn-n19"/>
    <edge xml:id="lnk10" from="nc-n5" to="penn-n16"/>
    <edge xml:id="lnk129" from="nc-n74" to="penn-n244"/>
    <edge xml:id="lnk128" from="nc-n73" to="penn-n242"/>
    <edge xml:id="lnk127" from="nc-n73" to="penn-n241"/>
    <edge xml:id="lnk126" from="nc-n73" to="penn-n240"/>
    <edge xml:id="lnk125" from="nc-n73" to="penn-n239"/>
    <edge xml:id="lnk124" from="nc-n73" to="penn-n238"/>
    <edge xml:id="lnk123" from="nc-n72" to="penn-n236"/>
    <edge xml:id="lnk122" from="nc-n71" to="penn-n233"/>
    <edge xml:id="lnk121" from="nc-n70" to="penn-n232"/>
    <edge xml:id="lnk120" from="nc-n69" to="penn-n231"/>
    <edge xml:id="lnk119" from="nc-n68" to="penn-n229"/>
    <edge xml:id="lnk118" from="nc-n68" to="penn-n228"/>
    <edge xml:id="lnk117" from="nc-n67" to="penn-n224"/>
    <edge xml:id="lnk116" from="nc-n66" to="penn-n222"/>
    <edge xml:id="lnk115" from="nc-n65" to="penn-n212"/>
    <edge xml:id="lnk114" from="nc-n65" to="penn-n211"/>
    <edge xml:id="lnk113" from="nc-n64" to="penn-n209"/>
    <edge xml:id="lnk112" from="nc-n63" to="penn-n207"/>
    <edge xml:id="lnk111" from="nc-n62" to="penn-n205"/>
    <edge xml:id="lnk110" from="nc-n61" to="penn-n203"/>
</graph>
