<?xml version="1.0" encoding="UTF-8"?>
<graph xmlns="http://www.xces.org/ns/GrAF/1.0/">
    <header>
        <tagsDecl>
            <tagUsage gi="person" occurs="2"/>
            <tagUsage gi="date" occurs="1"/>
            <tagUsage gi="org" occurs="5"/>
        </tagsDecl>
        <dependencies>
            <dependsOn type="penn"/>
        </dependencies>
        <annotationSets>
            <annotationSet name="xces" type="http://www.xces.org/schema/2003"/>
        </annotationSets>
    </header>
    <node xml:id="ne-n0"/>
    <a label="date" ref="ne-n0" as="xces">
        <fs>
            <f name="kind" value="date"/>
        </fs>
    </a>
    <node xml:id="ne-n1"/>
    <a label="org" ref="ne-n1" as="xces">
        <fs>
            <f name="type" value="government"/>
        </fs>
    </a>
    <node xml:id="ne-n2"/>
    <a label="org" ref="ne-n2" as="xces">
        <fs>
            <f name="type" value="other"/>
        </fs>
    </a>
    <node xml:id="ne-n3"/>
    <a label="org" ref="ne-n3" as="xces">
        <fs>
            <f name="type" value="other"/>
        </fs>
    </a>
    <node xml:id="ne-n4"/>
    <a label="org" ref="ne-n4" as="xces">
        <fs>
            <f name="type" value="other"/>
        </fs>
    </a>
    <node xml:id="ne-n5"/>
    <a label="org" ref="ne-n5" as="xces">
        <fs>
            <f name="type" value="other"/>
        </fs>
    </a>
    <node xml:id="ne-n6"/>
    <a label="person" ref="ne-n6" as="xces">
        <fs>
            <f name="sex" value="female"/>
        </fs>
    </a>
    <node xml:id="ne-n7"/>
    <a label="person" ref="ne-n7" as="xces">
        <fs>
            <f name="sex" value="male"/>
        </fs>
    </a>
    <edge xml:id="lnk27" from="ne-n7" to="penn-n306"/>
    <edge xml:id="lnk26" from="ne-n7" to="penn-n305"/>
    <edge xml:id="lnk25" from="ne-n6" to="penn-n304"/>
    <edge xml:id="lnk24" from="ne-n6" to="penn-n303"/>
    <edge xml:id="lnk23" from="ne-n5" to="penn-n289"/>
    <edge xml:id="lnk9" from="ne-n1" to="penn-n40"/>
    <edge xml:id="lnk22" from="ne-n5" to="penn-n288"/>
    <edge xml:id="lnk8" from="ne-n1" to="penn-n39"/>
    <edge xml:id="lnk21" from="ne-n5" to="penn-n287"/>
    <edge xml:id="lnk7" from="ne-n1" to="penn-n38"/>
    <edge xml:id="lnk20" from="ne-n5" to="penn-n286"/>
    <edge xml:id="lnk6" from="ne-n1" to="penn-n37"/>
    <edge xml:id="lnk5" from="ne-n1" to="penn-n36"/>
    <edge xml:id="lnk4" from="ne-n1" to="penn-n35"/>
    <edge xml:id="lnk3" from="ne-n0" to="penn-n3"/>
    <edge xml:id="lnk2" from="ne-n0" to="penn-n2"/>
    <edge xml:id="lnk1" from="ne-n0" to="penn-n1"/>
    <edge xml:id="lnk0" from="ne-n0" to="penn-n0"/>
    <edge xml:id="lnk19" from="ne-n5" to="penn-n285"/>
    <edge xml:id="lnk18" from="ne-n4" to="penn-n212"/>
    <edge xml:id="lnk17" from="ne-n4" to="penn-n211"/>
    <edge xml:id="lnk16" from="ne-n3" to="penn-n154"/>
    <edge xml:id="lnk15" from="ne-n3" to="penn-n153"/>
    <edge xml:id="lnk14" from="ne-n2" to="penn-n65"/>
    <edge xml:id="lnk13" from="ne-n2" to="penn-n64"/>
    <edge xml:id="lnk12" from="ne-n2" to="penn-n63"/>
    <edge xml:id="lnk11" from="ne-n2" to="penn-n62"/>
    <edge xml:id="lnk10" from="ne-n2" to="penn-n61"/>
</graph>
