<?xml version="1.0" encoding="UTF-8"?>
<graph xmlns="http://www.xces.org/ns/GrAF/1.0/">
    <header>
        <tagsDecl>
            <tagUsage gi="s" occurs="22"/>
        </tagsDecl>
        <annotationSets>
            <annotationSet name="xces" type="http://www.xces.org/schema/2003"/>
        </annotationSets>
    </header>
    <region xml:id="s-r0" anchors="18 47"/>
    <node xml:id="s-n0">
        <link targets="s-r0"/>
    </node>
    <a label="s" ref="s-n0" as="xces">
        <fs>
            <f name="id" value="p1s1"/>
        </fs>
    </a>
    <region xml:id="s-r1" anchors="54 230"/>
    <node xml:id="s-n1">
        <link targets="s-r1"/>
    </node>
    <a label="s" ref="s-n1" as="xces">
        <fs>
            <f name="id" value="p2s1"/>
        </fs>
    </a>
    <region xml:id="s-r2" anchors="231 324"/>
    <node xml:id="s-n2">
        <link targets="s-r2"/>
    </node>
    <a label="s" ref="s-n2" as="xces">
        <fs>
            <f name="id" value="p2s2"/>
        </fs>
    </a>
    <region xml:id="s-r3" anchors="325 413"/>
    <node xml:id="s-n3">
        <link targets="s-r3"/>
    </node>
    <a label="s" ref="s-n3" as="xces">
        <fs>
            <f name="id" value="p2s3"/>
        </fs>
    </a>
    <region xml:id="s-r4" anchors="420 473"/>
    <node xml:id="s-n4">
        <link targets="s-r4"/>
    </node>
    <a label="s" ref="s-n4" as="xces">
        <fs>
            <f name="id" value="p3s1"/>
        </fs>
    </a>
    <region xml:id="s-r5" anchors="474 620"/>
    <node xml:id="s-n5">
        <link targets="s-r5"/>
    </node>
    <a label="s" ref="s-n5" as="xces">
        <fs>
            <f name="id" value="p3s2"/>
        </fs>
    </a>
    <region xml:id="s-r6" anchors="621 695"/>
    <node xml:id="s-n6">
        <link targets="s-r6"/>
    </node>
    <a label="s" ref="s-n6" as="xces">
        <fs>
            <f name="id" value="p3s3"/>
        </fs>
    </a>
    <region xml:id="s-r7" anchors="702 858"/>
    <node xml:id="s-n7">
        <link targets="s-r7"/>
    </node>
    <a label="s" ref="s-n7" as="xces">
        <fs>
            <f name="id" value="p4s1"/>
        </fs>
    </a>
    <region xml:id="s-r8" anchors="859 939"/>
    <node xml:id="s-n8">
        <link targets="s-r8"/>
    </node>
    <a label="s" ref="s-n8" as="xces">
        <fs>
            <f name="id" value="p4s2"/>
        </fs>
    </a>
    <region xml:id="s-r9" anchors="940 1086"/>
    <node xml:id="s-n9">
        <link targets="s-r9"/>
    </node>
    <a label="s" ref="s-n9" as="xces">
        <fs>
            <f name="id" value="p4s3"/>
        </fs>
    </a>
    <region xml:id="s-r10" anchors="1087 1146"/>
    <node xml:id="s-n10">
        <link targets="s-r10"/>
    </node>
    <a label="s" ref="s-n10" as="xces">
        <fs>
            <f name="id" value="p4s4"/>
        </fs>
    </a>
    <region xml:id="s-r11" anchors="1147 1188"/>
    <node xml:id="s-n11">
        <link targets="s-r11"/>
    </node>
    <a label="s" ref="s-n11" as="xces">
        <fs>
            <f name="id" value="p4s5"/>
        </fs>
    </a>
    <region xml:id="s-r12" anchors="1189 1240"/>
    <node xml:id="s-n12">
        <link targets="s-r12"/>
    </node>
    <a label="s" ref="s-n12" as="xces">
        <fs>
            <f name="id" value="p4s6"/>
        </fs>
    </a>
    <region xml:id="s-r13" anchors="1247 1334"/>
    <node xml:id="s-n13">
        <link targets="s-r13"/>
    </node>
    <a label="s" ref="s-n13" as="xces">
        <fs>
            <f name="id" value="p5s1"/>
        </fs>
    </a>
    <region xml:id="s-r14" anchors="1335 1452"/>
    <node xml:id="s-n14">
        <link targets="s-r14"/>
    </node>
    <a label="s" ref="s-n14" as="xces">
        <fs>
            <f name="id" value="p5s2"/>
        </fs>
    </a>
    <region xml:id="s-r15" anchors="1453 1503"/>
    <node xml:id="s-n15">
        <link targets="s-r15"/>
    </node>
    <a label="s" ref="s-n15" as="xces">
        <fs>
            <f name="id" value="p5s3"/>
        </fs>
    </a>
    <region xml:id="s-r16" anchors="1504 1606"/>
    <node xml:id="s-n16">
        <link targets="s-r16"/>
    </node>
    <a label="s" ref="s-n16" as="xces">
        <fs>
            <f name="id" value="p5s4"/>
        </fs>
    </a>
    <region xml:id="s-r17" anchors="1620 1681"/>
    <node xml:id="s-n17">
        <link targets="s-r17"/>
    </node>
    <a label="s" ref="s-n17" as="xces">
        <fs>
            <f name="id" value="p6s1"/>
        </fs>
    </a>
    <region xml:id="s-r18" anchors="1682 1813"/>
    <node xml:id="s-n18">
        <link targets="s-r18"/>
    </node>
    <a label="s" ref="s-n18" as="xces">
        <fs>
            <f name="id" value="p6s2"/>
        </fs>
    </a>
    <region xml:id="s-r19" anchors="1820 1880"/>
    <node xml:id="s-n19">
        <link targets="s-r19"/>
    </node>
    <a label="s" ref="s-n19" as="xces">
        <fs>
            <f name="id" value="p7s1"/>
        </fs>
    </a>
    <region xml:id="s-r20" anchors="1887 1897"/>
    <node xml:id="s-n20">
        <link targets="s-r20"/>
    </node>
    <a label="s" ref="s-n20" as="xces">
        <fs>
            <f name="id" value="p8s1"/>
        </fs>
    </a>
    <region xml:id="s-r21" anchors="1904 1932"/>
    <node xml:id="s-n21">
        <link targets="s-r21"/>
    </node>
    <a label="s" ref="s-n21" as="xces">
        <fs>
            <f name="id" value="p9s1"/>
        </fs>
    </a>
</graph>
