<?xml version="1.0" encoding="UTF-8"?>
<graph xmlns="http://www.xces.org/ns/GrAF/1.0/">
    <header>
        <tagsDecl>
            <tagUsage gi="objective-speech-event" occurs="19"/>
            <tagUsage gi="attitude" occurs="6"/>
            <tagUsage gi="inside" occurs="25"/>
            <tagUsage gi="target" occurs="3"/>
            <tagUsage gi="split" occurs="28"/>
            <tagUsage gi="direct-subjective" occurs="7"/>
            <tagUsage gi="expressive-subjectivity" occurs="9"/>
            <tagUsage gi="agent" occurs="4"/>
        </tagsDecl>
        <annotationSets>
            <annotationSet name="mpqa" type="http://www.cs.pitt.edu/mpqa/"/>
        </annotationSets>
    </header>
    <region xml:id="r10" anchors="18 149"/>
    <region xml:id="r8" anchors="18 18"/>
    <region xml:id="r6" anchors="18 18"/>
    <region xml:id="r1" anchors="18 18"/>
    <region xml:id="r14" anchors="42 42"/>
    <region xml:id="r12" anchors="42 42"/>
    <region xml:id="r16" anchors="47 53"/>
    <region xml:id="r19" anchors="148 149"/>
    <region xml:id="r21" anchors="156 252"/>
    <region xml:id="r23" anchors="156 156"/>
    <region xml:id="r25" anchors="251 252"/>
    <region xml:id="r27" anchors="253 379"/>
    <region xml:id="r29" anchors="253 253"/>
    <region xml:id="r31" anchors="378 379"/>
    <region xml:id="r33" anchors="380 529"/>
    <region xml:id="r35" anchors="380 380"/>
    <region xml:id="r37" anchors="528 529"/>
    <region xml:id="r39" anchors="530 542"/>
    <region xml:id="r43" anchors="530 530"/>
    <region xml:id="r45" anchors="541 542"/>
    <region xml:id="r47" anchors="549 574"/>
    <region xml:id="r49" anchors="549 549"/>
    <region xml:id="r51" anchors="573 574"/>
    <region xml:id="r53" anchors="575 652"/>
    <region xml:id="r55" anchors="575 604"/>
    <region xml:id="r57" anchors="575 575"/>
    <region xml:id="r59" anchors="610 651"/>
    <region xml:id="r61" anchors="610 625"/>
    <region xml:id="r63" anchors="651 652"/>
    <region xml:id="r65" anchors="653 966"/>
    <region xml:id="r67" anchors="653 653"/>
    <region xml:id="r69" anchors="965 966"/>
    <region xml:id="r71" anchors="973 1053"/>
    <region xml:id="r73" anchors="973 973"/>
    <region xml:id="r75" anchors="1052 1053"/>
    <region xml:id="r77" anchors="1054 1129"/>
    <region xml:id="r79" anchors="1054 1054"/>
    <region xml:id="r81" anchors="1128 1129"/>
    <region xml:id="r83" anchors="1130 1256"/>
    <region xml:id="r85" anchors="1130 1130"/>
    <region xml:id="r87" anchors="1255 1256"/>
    <region xml:id="r89" anchors="1257 1343"/>
    <region xml:id="r91" anchors="1257 1257"/>
    <region xml:id="r93" anchors="1342 1343"/>
    <region xml:id="r95" anchors="1344 1448"/>
    <region xml:id="r97" anchors="1344 1344"/>
    <region xml:id="r99" anchors="1447 1448"/>
    <region xml:id="r101" anchors="1455 1532"/>
    <region xml:id="r103" anchors="1455 1455"/>
    <region xml:id="r105" anchors="1459 1474"/>
    <region xml:id="r108" anchors="1487 1531"/>
    <region xml:id="r110" anchors="1531 1532"/>
    <region xml:id="r112" anchors="1533 1591"/>
    <region xml:id="r114" anchors="1533 1533"/>
    <region xml:id="r116" anchors="1590 1591"/>
    <region xml:id="r118" anchors="1592 1655"/>
    <region xml:id="r120" anchors="1592 1592"/>
    <region xml:id="r122" anchors="1654 1655"/>
    <region xml:id="r124" anchors="1656 1697"/>
    <region xml:id="r126" anchors="1656 1656"/>
    <region xml:id="r128" anchors="1696 1697"/>
    <region xml:id="r130" anchors="1698 1850"/>
    <region xml:id="r132" anchors="1698 1698"/>
    <region xml:id="r134" anchors="1849 1850"/>
    <region xml:id="r136" anchors="1851 1963"/>
    <region xml:id="r138" anchors="1851 1851"/>
    <region xml:id="r140" anchors="1962 1963"/>
    <region xml:id="r142" anchors="1964 2039"/>
    <region xml:id="r144" anchors="1964 1964"/>
    <region xml:id="r146" anchors="1978 2003"/>
    <region xml:id="r149" anchors="2013 2020"/>
    <region xml:id="r151" anchors="2025 2038"/>
    <region xml:id="r154" anchors="2038 2039"/>
    <region xml:id="r156" anchors="2046 2161"/>
    <region xml:id="r158" anchors="2046 2046"/>
    <region xml:id="r160" anchors="2160 2161"/>
    <region xml:id="r162" anchors="2162 2234"/>
    <region xml:id="r164" anchors="2162 2162"/>
    <region xml:id="r166" anchors="2233 2234"/>
    <region xml:id="r168" anchors="2235 2311"/>
    <region xml:id="r170" anchors="2235 2235"/>
    <region xml:id="r172" anchors="2310 2311"/>
    <region xml:id="r174" anchors="2312 2388"/>
    <region xml:id="r176" anchors="2312 2312"/>
    <region xml:id="r178" anchors="2332 2359"/>
    <region xml:id="r180" anchors="2360 2364"/>
    <region xml:id="r182" anchors="2387 2388"/>
    <region xml:id="r184" anchors="2395 2421"/>
    <region xml:id="r186" anchors="2395 2404"/>
    <region xml:id="r188" anchors="2395 2395"/>
    <region xml:id="r190" anchors="2412 2421"/>
    <region xml:id="r192" anchors="2421 2421"/>
    <node xml:id="n0">
        <link targets="r1"/>
    </node>
    <a label="expressive-subjectivity" ref="n0" as="mpqa"/>
    <a label="direct-subjective" ref="n0" as="mpqa"/>
    <a label="agent" ref="n0" as="mpqa">
        <fs>
            <f name="id" value="w"/>
        </fs>
    </a>
    <a label="agent" ref="n0" as="mpqa">
        <fs>
            <f name="id" value="implicit"/>
        </fs>
    </a>
    <node xml:id="n1">
        <link targets="r6"/>
    </node>
    <a label="split" ref="n1" as="mpqa"/>
    <node xml:id="n10">
        <link targets="r25"/>
    </node>
    <a label="split" ref="n10" as="mpqa"/>
    <node xml:id="n11">
        <link targets="r27"/>
    </node>
    <a label="inside" ref="n11" as="mpqa">
        <fs>
            <f name="nested-source" value="w"/>
        </fs>
    </a>
    <node xml:id="n12">
        <link targets="r29"/>
    </node>
    <a label="objective-speech-event" ref="n12" as="mpqa">
        <fs>
            <f name="implicit" value="true"/>
            <f name="nested-source" value="w"/>
        </fs>
    </a>
    <node xml:id="n13">
        <link targets="r31"/>
    </node>
    <a label="split" ref="n13" as="mpqa"/>
    <node xml:id="n14">
        <link targets="r33"/>
    </node>
    <a label="inside" ref="n14" as="mpqa">
        <fs>
            <f name="nested-source" value="w"/>
        </fs>
    </a>
    <node xml:id="n15">
        <link targets="r35"/>
    </node>
    <a label="objective-speech-event" ref="n15" as="mpqa">
        <fs>
            <f name="implicit" value="true"/>
            <f name="nested-source" value="w"/>
        </fs>
    </a>
    <node xml:id="n16">
        <link targets="r37"/>
    </node>
    <a label="split" ref="n16" as="mpqa"/>
    <node xml:id="n17">
        <link targets="r39"/>
    </node>
    <a label="expressive-subjectivity" ref="n17" as="mpqa">
        <fs>
            <f name="nested-source" value="w"/>
            <f name="polarity" value="both"/>
            <f name="intensity" value="medium"/>
        </fs>
    </a>
    <a label="attitude" ref="n17" as="mpqa">
        <fs>
            <f name="attitude-type" value="other-attitude"/>
            <f name="id" value="real"/>
            <f name="intensity" value="high"/>
        </fs>
    </a>
    <a label="inside" ref="n17" as="mpqa">
        <fs>
            <f name="nested-source" value="w"/>
        </fs>
    </a>
    <node xml:id="n18">
        <link targets="r43"/>
    </node>
    <a label="direct-subjective" ref="n18" as="mpqa">
        <fs>
            <f name="implicit" value="true"/>
            <f name="intensity" value="high"/>
            <f name="attitude-link" value="real"/>
            <f name="nested-source" value="w"/>
        </fs>
    </a>
    <node xml:id="n19">
        <link targets="r45"/>
    </node>
    <a label="split" ref="n19" as="mpqa"/>
    <node xml:id="n2">
        <link targets="r8"/>
    </node>
    <a label="split" ref="n2" as="mpqa"/>
    <node xml:id="n20">
        <link targets="r47"/>
    </node>
    <a label="inside" ref="n20" as="mpqa">
        <fs>
            <f name="nested-source" value="w"/>
        </fs>
    </a>
    <node xml:id="n21">
        <link targets="r49"/>
    </node>
    <a label="objective-speech-event" ref="n21" as="mpqa">
        <fs>
            <f name="implicit" value="true"/>
            <f name="nested-source" value="w"/>
        </fs>
    </a>
    <node xml:id="n22">
        <link targets="r51"/>
    </node>
    <a label="split" ref="n22" as="mpqa"/>
    <node xml:id="n23">
        <link targets="r53"/>
    </node>
    <a label="inside" ref="n23" as="mpqa">
        <fs>
            <f name="nested-source" value="w"/>
        </fs>
    </a>
    <node xml:id="n24">
        <link targets="r55"/>
    </node>
    <a label="target" ref="n24" as="mpqa">
        <fs>
            <f name="id" value="torn"/>
        </fs>
    </a>
    <node xml:id="n25">
        <link targets="r57"/>
    </node>
    <a label="direct-subjective" ref="n25" as="mpqa">
        <fs>
            <f name="nested-source" value="w"/>
            <f name="attitude-link" value="victims"/>
            <f name="annotation-uncertain" value=""/>
            <f name="implicit" value="true"/>
            <f name="intensity" value="medium"/>
        </fs>
    </a>
    <node xml:id="n26">
        <link targets="r59"/>
    </node>
    <a label="attitude" ref="n26" as="mpqa">
        <fs>
            <f name="id" value="victims"/>
            <f name="target-link" value="torn"/>
            <f name="intensity" value="medium-high"/>
            <f name="attitude-type" value="sentiment-neg"/>
        </fs>
    </a>
    <node xml:id="n27">
        <link targets="r61"/>
    </node>
    <a label="expressive-subjectivity" ref="n27" as="mpqa">
        <fs>
            <f name="nested-source" value="w"/>
            <f name="polarity" value="negative"/>
            <f name="intensity" value="medium"/>
        </fs>
    </a>
    <node xml:id="n28">
        <link targets="r63"/>
    </node>
    <a label="split" ref="n28" as="mpqa"/>
    <node xml:id="n29">
        <link targets="r65"/>
    </node>
    <a label="inside" ref="n29" as="mpqa">
        <fs>
            <f name="nested-source" value="w"/>
        </fs>
    </a>
    <node xml:id="n3">
        <link targets="r10"/>
    </node>
    <a label="inside" ref="n3" as="mpqa">
        <fs>
            <f name="nested-source" value="w"/>
        </fs>
    </a>
    <node xml:id="n30">
        <link targets="r67"/>
    </node>
    <a label="objective-speech-event" ref="n30" as="mpqa">
        <fs>
            <f name="implicit" value="true"/>
            <f name="nested-source" value="w"/>
        </fs>
    </a>
    <node xml:id="n31">
        <link targets="r69"/>
    </node>
    <a label="split" ref="n31" as="mpqa"/>
    <node xml:id="n32">
        <link targets="r71"/>
    </node>
    <a label="inside" ref="n32" as="mpqa">
        <fs>
            <f name="nested-source" value="w"/>
        </fs>
    </a>
    <node xml:id="n33">
        <link targets="r73"/>
    </node>
    <a label="objective-speech-event" ref="n33" as="mpqa">
        <fs>
            <f name="implicit" value="true"/>
            <f name="nested-source" value="w"/>
        </fs>
    </a>
    <node xml:id="n34">
        <link targets="r75"/>
    </node>
    <a label="split" ref="n34" as="mpqa"/>
    <node xml:id="n35">
        <link targets="r77"/>
    </node>
    <a label="inside" ref="n35" as="mpqa">
        <fs>
            <f name="nested-source" value="w"/>
        </fs>
    </a>
    <node xml:id="n36">
        <link targets="r79"/>
    </node>
    <a label="objective-speech-event" ref="n36" as="mpqa">
        <fs>
            <f name="implicit" value="true"/>
            <f name="nested-source" value="w"/>
        </fs>
    </a>
    <node xml:id="n37">
        <link targets="r81"/>
    </node>
    <a label="split" ref="n37" as="mpqa"/>
    <node xml:id="n38">
        <link targets="r83"/>
    </node>
    <a label="inside" ref="n38" as="mpqa">
        <fs>
            <f name="nested-source" value="w"/>
        </fs>
    </a>
    <node xml:id="n39">
        <link targets="r85"/>
    </node>
    <a label="objective-speech-event" ref="n39" as="mpqa">
        <fs>
            <f name="implicit" value="true"/>
            <f name="nested-source" value="w"/>
        </fs>
    </a>
    <node xml:id="n4">
        <link targets="r12"/>
    </node>
    <a label="split" ref="n4" as="mpqa"/>
    <node xml:id="n40">
        <link targets="r87"/>
    </node>
    <a label="split" ref="n40" as="mpqa"/>
    <node xml:id="n41">
        <link targets="r89"/>
    </node>
    <a label="inside" ref="n41" as="mpqa">
        <fs>
            <f name="nested-source" value="w"/>
        </fs>
    </a>
    <node xml:id="n42">
        <link targets="r91"/>
    </node>
    <a label="objective-speech-event" ref="n42" as="mpqa">
        <fs>
            <f name="implicit" value="true"/>
            <f name="nested-source" value="w"/>
        </fs>
    </a>
    <node xml:id="n43">
        <link targets="r93"/>
    </node>
    <a label="split" ref="n43" as="mpqa"/>
    <node xml:id="n44">
        <link targets="r95"/>
    </node>
    <a label="inside" ref="n44" as="mpqa">
        <fs>
            <f name="nested-source" value="w"/>
        </fs>
    </a>
    <node xml:id="n45">
        <link targets="r97"/>
    </node>
    <a label="objective-speech-event" ref="n45" as="mpqa">
        <fs>
            <f name="implicit" value="true"/>
            <f name="nested-source" value="w"/>
        </fs>
    </a>
    <node xml:id="n46">
        <link targets="r99"/>
    </node>
    <a label="split" ref="n46" as="mpqa"/>
    <node xml:id="n47">
        <link targets="r101"/>
    </node>
    <a label="inside" ref="n47" as="mpqa">
        <fs>
            <f name="nested-source" value="w"/>
        </fs>
    </a>
    <node xml:id="n48">
        <link targets="r103"/>
    </node>
    <a label="direct-subjective" ref="n48" as="mpqa">
        <fs>
            <f name="nested-source" value="w"/>
            <f name="attitude-link" value="tragedy"/>
            <f name="target-speech-link" value=""/>
            <f name="implicit" value="true"/>
            <f name="intensity" value="medium"/>
        </fs>
    </a>
    <node xml:id="n49">
        <link targets="r105"/>
    </node>
    <a label="expressive-subjectivity" ref="n49" as="mpqa">
        <fs>
            <f name="nested-source" value="w"/>
            <f name="polarity" value="negative"/>
            <f name="intensity" value="high"/>
        </fs>
    </a>
    <a label="attitude" ref="n49" as="mpqa">
        <fs>
            <f name="target-link" value="problems"/>
            <f name="id" value="tragedy"/>
            <f name="intensity" value="medium-high"/>
            <f name="attitude-type" value="sentiment-neg"/>
        </fs>
    </a>
    <node xml:id="n5">
        <link targets="r14"/>
    </node>
    <a label="direct-subjective" ref="n5" as="mpqa">
        <fs>
            <f name="nested-source" value="w"/>
            <f name="polarity" value=""/>
            <f name="attitude-link" value="friend"/>
            <f name="implicit" value="true"/>
            <f name="intensity" value="medium"/>
        </fs>
    </a>
    <node xml:id="n50">
        <link targets="r108"/>
    </node>
    <a label="target" ref="n50" as="mpqa">
        <fs>
            <f name="id" value="problems"/>
        </fs>
    </a>
    <node xml:id="n51">
        <link targets="r110"/>
    </node>
    <a label="split" ref="n51" as="mpqa"/>
    <node xml:id="n52">
        <link targets="r112"/>
    </node>
    <a label="inside" ref="n52" as="mpqa">
        <fs>
            <f name="nested-source" value="w"/>
        </fs>
    </a>
    <node xml:id="n53">
        <link targets="r114"/>
    </node>
    <a label="objective-speech-event" ref="n53" as="mpqa">
        <fs>
            <f name="implicit" value="true"/>
            <f name="nested-source" value="w"/>
        </fs>
    </a>
    <node xml:id="n54">
        <link targets="r116"/>
    </node>
    <a label="split" ref="n54" as="mpqa"/>
    <node xml:id="n55">
        <link targets="r118"/>
    </node>
    <a label="inside" ref="n55" as="mpqa">
        <fs>
            <f name="nested-source" value="w"/>
        </fs>
    </a>
    <node xml:id="n56">
        <link targets="r120"/>
    </node>
    <a label="objective-speech-event" ref="n56" as="mpqa">
        <fs>
            <f name="implicit" value="true"/>
            <f name="nested-source" value="w"/>
        </fs>
    </a>
    <node xml:id="n57">
        <link targets="r122"/>
    </node>
    <a label="split" ref="n57" as="mpqa"/>
    <node xml:id="n58">
        <link targets="r124"/>
    </node>
    <a label="inside" ref="n58" as="mpqa">
        <fs>
            <f name="nested-source" value="w"/>
        </fs>
    </a>
    <node xml:id="n59">
        <link targets="r126"/>
    </node>
    <a label="objective-speech-event" ref="n59" as="mpqa">
        <fs>
            <f name="implicit" value="true"/>
            <f name="nested-source" value="w"/>
        </fs>
    </a>
    <node xml:id="n6">
        <link targets="r16"/>
    </node>
    <a label="expressive-subjectivity" ref="n6" as="mpqa">
        <fs>
            <f name="nested-source" value="w"/>
            <f name="polarity" value="positive"/>
            <f name="intensity" value="medium"/>
        </fs>
    </a>
    <a label="attitude" ref="n6" as="mpqa">
        <fs>
            <f name="id" value="friend"/>
            <f name="target-link" value="dear"/>
            <f name="intensity" value="medium"/>
            <f name="attitude-type" value="sentiment-pos"/>
        </fs>
    </a>
    <node xml:id="n60">
        <link targets="r128"/>
    </node>
    <a label="split" ref="n60" as="mpqa"/>
    <node xml:id="n61">
        <link targets="r130"/>
    </node>
    <a label="inside" ref="n61" as="mpqa">
        <fs>
            <f name="nested-source" value="w"/>
        </fs>
    </a>
    <node xml:id="n62">
        <link targets="r132"/>
    </node>
    <a label="objective-speech-event" ref="n62" as="mpqa">
        <fs>
            <f name="implicit" value="true"/>
            <f name="nested-source" value="w"/>
        </fs>
    </a>
    <node xml:id="n63">
        <link targets="r134"/>
    </node>
    <a label="split" ref="n63" as="mpqa"/>
    <node xml:id="n64">
        <link targets="r136"/>
    </node>
    <a label="inside" ref="n64" as="mpqa">
        <fs>
            <f name="nested-source" value="w"/>
        </fs>
    </a>
    <node xml:id="n65">
        <link targets="r138"/>
    </node>
    <a label="objective-speech-event" ref="n65" as="mpqa">
        <fs>
            <f name="implicit" value="true"/>
            <f name="nested-source" value="w"/>
        </fs>
    </a>
    <node xml:id="n66">
        <link targets="r140"/>
    </node>
    <a label="split" ref="n66" as="mpqa"/>
    <node xml:id="n67">
        <link targets="r142"/>
    </node>
    <a label="inside" ref="n67" as="mpqa">
        <fs>
            <f name="nested-source" value="w"/>
        </fs>
    </a>
    <node xml:id="n68">
        <link targets="r144"/>
    </node>
    <a label="direct-subjective" ref="n68" as="mpqa">
        <fs>
            <f name="implicit" value="true"/>
            <f name="intensity" value="high"/>
            <f name="attitude-link" value="struggle, worth"/>
            <f name="nested-source" value="w"/>
        </fs>
    </a>
    <node xml:id="n69">
        <link targets="r146"/>
    </node>
    <a label="attitude" ref="n69" as="mpqa">
        <fs>
            <f name="attitude-type" value="sentiment-neg"/>
            <f name="id" value="struggle"/>
            <f name="intensity" value="medium"/>
        </fs>
    </a>
    <a label="expressive-subjectivity" ref="n69" as="mpqa">
        <fs>
            <f name="nested-source" value="w"/>
            <f name="polarity" value="negative"/>
            <f name="intensity" value="medium"/>
        </fs>
    </a>
    <node xml:id="n7">
        <link targets="r19"/>
    </node>
    <a label="split" ref="n7" as="mpqa"/>
    <node xml:id="n70">
        <link targets="r149"/>
    </node>
    <a label="target" ref="n70" as="mpqa">
        <fs>
            <f name="id" value="results"/>
        </fs>
    </a>
    <node xml:id="n71">
        <link targets="r151"/>
    </node>
    <a label="expressive-subjectivity" ref="n71" as="mpqa">
        <fs>
            <f name="polarity" value="positive"/>
        </fs>
    </a>
    <a label="attitude" ref="n71" as="mpqa">
        <fs>
            <f name="id" value="worth"/>
            <f name="target-link" value="results"/>
            <f name="intensity" value="medium-high"/>
            <f name="attitude-type" value="sentiment-pos"/>
        </fs>
    </a>
    <node xml:id="n72">
        <link targets="r154"/>
    </node>
    <a label="split" ref="n72" as="mpqa"/>
    <node xml:id="n73">
        <link targets="r156"/>
    </node>
    <a label="inside" ref="n73" as="mpqa">
        <fs>
            <f name="nested-source" value="w"/>
        </fs>
    </a>
    <node xml:id="n74">
        <link targets="r158"/>
    </node>
    <a label="objective-speech-event" ref="n74" as="mpqa">
        <fs>
            <f name="implicit" value="true"/>
            <f name="nested-source" value="w"/>
        </fs>
    </a>
    <node xml:id="n75">
        <link targets="r160"/>
    </node>
    <a label="split" ref="n75" as="mpqa"/>
    <node xml:id="n76">
        <link targets="r162"/>
    </node>
    <a label="inside" ref="n76" as="mpqa">
        <fs>
            <f name="nested-source" value="w"/>
        </fs>
    </a>
    <node xml:id="n77">
        <link targets="r164"/>
    </node>
    <a label="objective-speech-event" ref="n77" as="mpqa">
        <fs>
            <f name="implicit" value="true"/>
            <f name="nested-source" value="w"/>
        </fs>
    </a>
    <node xml:id="n78">
        <link targets="r166"/>
    </node>
    <a label="split" ref="n78" as="mpqa"/>
    <node xml:id="n79">
        <link targets="r168"/>
    </node>
    <a label="inside" ref="n79" as="mpqa">
        <fs>
            <f name="nested-source" value="w"/>
        </fs>
    </a>
    <node xml:id="n8">
        <link targets="r21"/>
    </node>
    <a label="inside" ref="n8" as="mpqa">
        <fs>
            <f name="nested-source" value="w"/>
        </fs>
    </a>
    <node xml:id="n80">
        <link targets="r170"/>
    </node>
    <a label="objective-speech-event" ref="n80" as="mpqa">
        <fs>
            <f name="implicit" value="true"/>
            <f name="nested-source" value="w"/>
        </fs>
    </a>
    <node xml:id="n81">
        <link targets="r172"/>
    </node>
    <a label="split" ref="n81" as="mpqa"/>
    <node xml:id="n82">
        <link targets="r174"/>
    </node>
    <a label="inside" ref="n82" as="mpqa">
        <fs>
            <f name="nested-source" value="w"/>
        </fs>
    </a>
    <node xml:id="n83">
        <link targets="r176"/>
    </node>
    <a label="objective-speech-event" ref="n83" as="mpqa">
        <fs>
            <f name="implicit" value="true"/>
            <f name="nested-source" value="w"/>
        </fs>
    </a>
    <node xml:id="n84">
        <link targets="r178"/>
    </node>
    <a label="agent" ref="n84" as="mpqa">
        <fs>
            <f name="id" value="families"/>
            <f name="nested-source" value="w, families"/>
        </fs>
    </a>
    <node xml:id="n85">
        <link targets="r180"/>
    </node>
    <a label="expressive-subjectivity" ref="n85" as="mpqa">
        <fs>
            <f name="nested-source" value="w, families"/>
            <f name="polarity" value="positive"/>
            <f name="intensity" value="medium"/>
        </fs>
    </a>
    <node xml:id="n86">
        <link targets="r182"/>
    </node>
    <a label="split" ref="n86" as="mpqa"/>
    <node xml:id="n87">
        <link targets="r184"/>
    </node>
    <a label="inside" ref="n87" as="mpqa">
        <fs>
            <f name="nested-source" value="w"/>
        </fs>
    </a>
    <node xml:id="n88">
        <link targets="r186"/>
    </node>
    <a label="expressive-subjectivity" ref="n88" as="mpqa">
        <fs>
            <f name="intensity" value="medium"/>
            <f name="nested-source-uncertain" value=""/>
            <f name="polarity" value="positive"/>
            <f name="nested-source" value="w"/>
        </fs>
    </a>
    <node xml:id="n89">
        <link targets="r188"/>
    </node>
    <a label="objective-speech-event" ref="n89" as="mpqa">
        <fs>
            <f name="implicit" value="true"/>
            <f name="nested-source" value="w"/>
        </fs>
    </a>
    <node xml:id="n9">
        <link targets="r23"/>
    </node>
    <a label="direct-subjective" ref="n9" as="mpqa">
        <fs>
            <f name="implicit" value="true"/>
            <f name="intensity" value="medium"/>
            <f name="polarity" value="neutral"/>
            <f name="nested-source" value="w"/>
        </fs>
    </a>
    <node xml:id="n90">
        <link targets="r190"/>
    </node>
    <a label="agent" ref="n90" as="mpqa">
        <fs>
            <f name="id" value="w"/>
            <f name="nested-source" value="w, w"/>
        </fs>
    </a>
    <node xml:id="n91">
        <link targets="r192"/>
    </node>
    <a label="split" ref="n91" as="mpqa"/>
</graph>
