<?xml version="1.0" encoding="UTF-8"?>
<graph xmlns="http://www.xces.org/ns/GrAF/1.0/">
    <header>
        <tagsDecl>
            <tagUsage gi="tok" occurs="305"/>
        </tagsDecl>
        <dependencies>
            <dependsOn type="seg"/>
        </dependencies>
        <annotationSets>
            <annotationSet name="PTB" type="http://www.cis.upenn.edu/~treebank/"/>
        </annotationSets>
    </header>
    <node xml:id="ptb-n00003">
        <link targets="seg-r0"/>
    </node>
    <a label="tok" ref="ptb-n00003" as="PTB">
        <fs>
            <f name="msd" value="NNP"/>
        </fs>
    </a>
    <node xml:id="ptb-n00004">
        <link targets="seg-r2"/>
    </node>
    <a label="tok" ref="ptb-n00004" as="PTB">
        <fs>
            <f name="msd" value="CD"/>
        </fs>
    </a>
    <node xml:id="ptb-n00005">
        <link targets="seg-r3"/>
    </node>
    <a label="tok" ref="ptb-n00005" as="PTB">
        <fs>
            <f name="msd" value=","/>
        </fs>
    </a>
    <node xml:id="ptb-n00006">
        <link targets="seg-r5"/>
    </node>
    <a label="tok" ref="ptb-n00006" as="PTB">
        <fs>
            <f name="msd" value="CD"/>
        </fs>
    </a>
    <node xml:id="ptb-n00009">
        <link targets="seg-r7"/>
    </node>
    <a label="tok" ref="ptb-n00009" as="PTB">
        <fs>
            <f name="msd" value="NN"/>
        </fs>
    </a>
    <node xml:id="ptb-n00011">
        <link targets="seg-r9"/>
    </node>
    <a label="tok" ref="ptb-n00011" as="PTB">
        <fs>
            <f name="msd" value="NN"/>
        </fs>
    </a>
    <node xml:id="ptb-n00013">
        <link targets="seg-r11"/>
    </node>
    <a label="tok" ref="ptb-n00013" as="PTB">
        <fs>
            <f name="msd" value="NN"/>
        </fs>
    </a>
    <node xml:id="ptb-n00014">
        <link targets="seg-r12"/>
    </node>
    <a label="tok" ref="ptb-n00014" as="PTB">
        <fs>
            <f name="msd" value=","/>
        </fs>
    </a>
    <node xml:id="ptb-n00016">
        <link targets="seg-r14"/>
    </node>
    <a label="tok" ref="ptb-n00016" as="PTB">
        <fs>
            <f name="msd" value="NN"/>
        </fs>
    </a>
    <node xml:id="ptb-n00018">
        <link targets="seg-r16"/>
    </node>
    <a label="tok" ref="ptb-n00018" as="PTB">
        <fs>
            <f name="msd" value="NN"/>
        </fs>
    </a>
    <node xml:id="ptb-n00020">
        <link targets="seg-r18"/>
    </node>
    <a label="tok" ref="ptb-n00020" as="PTB">
        <fs>
            <f name="msd" value="JJ"/>
        </fs>
    </a>
    <node xml:id="ptb-n00021">
        <link targets="seg-r20"/>
    </node>
    <a label="tok" ref="ptb-n00021" as="PTB">
        <fs>
            <f name="msd" value="."/>
        </fs>
    </a>
    <node xml:id="ptb-n00023">
        <link targets="seg-r22"/>
    </node>
    <a label="tok" ref="ptb-n00023" as="PTB">
        <fs>
            <f name="msd" value="VBP"/>
        </fs>
    </a>
    <node xml:id="ptb-n00025">
        <link targets="seg-r24"/>
    </node>
    <a label="tok" ref="ptb-n00025" as="PTB">
        <fs>
            <f name="msd" value="PRP"/>
        </fs>
    </a>
    <node xml:id="ptb-n00027">
        <link targets="seg-r26"/>
    </node>
    <a label="tok" ref="ptb-n00027" as="PTB">
        <fs>
            <f name="msd" value="VB"/>
        </fs>
    </a>
    <node xml:id="ptb-n00031">
        <link targets="seg-r28"/>
    </node>
    <a label="tok" ref="ptb-n00031" as="PTB">
        <fs>
            <f name="msd" value="DT"/>
        </fs>
    </a>
    <node xml:id="ptb-n00032">
        <link targets="seg-r30"/>
    </node>
    <a label="tok" ref="ptb-n00032" as="PTB">
        <fs>
            <f name="msd" value="NN"/>
        </fs>
    </a>
    <node xml:id="ptb-n00034">
        <link targets="seg-r32"/>
    </node>
    <a label="tok" ref="ptb-n00034" as="PTB">
        <fs>
            <f name="msd" value="IN"/>
        </fs>
    </a>
    <node xml:id="ptb-n00036">
        <link targets="seg-r34"/>
    </node>
    <a label="tok" ref="ptb-n00036" as="PTB">
        <fs>
            <f name="msd" value="NN"/>
        </fs>
    </a>
    <node xml:id="ptb-n00037">
        <link targets="seg-r36"/>
    </node>
    <a label="tok" ref="ptb-n00037" as="PTB">
        <fs>
            <f name="msd" value="CC"/>
        </fs>
    </a>
    <node xml:id="ptb-n00038">
        <link targets="seg-r38"/>
    </node>
    <a label="tok" ref="ptb-n00038" as="PTB">
        <fs>
            <f name="msd" value="NN"/>
        </fs>
    </a>
    <node xml:id="ptb-n00044">
        <link targets="seg-r40"/>
    </node>
    <a label="tok" ref="ptb-n00044" as="PTB">
        <fs>
            <f name="msd" value="PRP"/>
        </fs>
    </a>
    <node xml:id="ptb-n00046">
        <link targets="seg-r42"/>
    </node>
    <a label="tok" ref="ptb-n00046" as="PTB">
        <fs>
            <f name="msd" value="VBD"/>
        </fs>
    </a>
    <node xml:id="ptb-n00051">
        <link targets="seg-r44"/>
    </node>
    <a label="tok" ref="ptb-n00051" as="PTB">
        <fs>
            <f name="msd" value="WRB"/>
        </fs>
    </a>
    <node xml:id="ptb-n00054">
        <link targets="seg-r46"/>
    </node>
    <a label="tok" ref="ptb-n00054" as="PTB">
        <fs>
            <f name="msd" value="PRP"/>
        </fs>
    </a>
    <node xml:id="ptb-n00056">
        <link targets="seg-r48"/>
    </node>
    <a label="tok" ref="ptb-n00056" as="PTB">
        <fs>
            <f name="msd" value="RB"/>
        </fs>
    </a>
    <node xml:id="ptb-n00058">
        <link targets="seg-r50"/>
    </node>
    <a label="tok" ref="ptb-n00058" as="PTB">
        <fs>
            <f name="msd" value="VBD"/>
        </fs>
    </a>
    <node xml:id="ptb-n00060">
        <link targets="seg-r52"/>
    </node>
    <a label="tok" ref="ptb-n00060" as="PTB">
        <fs>
            <f name="msd" value="NN"/>
        </fs>
    </a>
    <node xml:id="ptb-n00063">
        <link targets="seg-r53"/>
    </node>
    <a label="tok" ref="ptb-n00063" as="PTB">
        <fs>
            <f name="msd" value="."/>
        </fs>
    </a>
    <node xml:id="ptb-n00067">
        <link targets="seg-r55"/>
    </node>
    <a label="tok" ref="ptb-n00067" as="PTB">
        <fs>
            <f name="msd" value="DT"/>
        </fs>
    </a>
    <node xml:id="ptb-n00068">
        <link targets="seg-r57"/>
    </node>
    <a label="tok" ref="ptb-n00068" as="PTB">
        <fs>
            <f name="msd" value="JJ"/>
        </fs>
    </a>
    <node xml:id="ptb-n00069">
        <link targets="seg-r59"/>
    </node>
    <a label="tok" ref="ptb-n00069" as="PTB">
        <fs>
            <f name="msd" value="NNS"/>
        </fs>
    </a>
    <node xml:id="ptb-n00072">
        <link targets="seg-r61"/>
    </node>
    <a label="tok" ref="ptb-n00072" as="PTB">
        <fs>
            <f name="msd" value="WP"/>
        </fs>
    </a>
    <node xml:id="ptb-n00077">
        <link targets="seg-r63"/>
    </node>
    <a label="tok" ref="ptb-n00077" as="PTB">
        <fs>
            <f name="msd" value="VBP"/>
        </fs>
    </a>
    <node xml:id="ptb-n00079">
        <link targets="seg-r65"/>
    </node>
    <a label="tok" ref="ptb-n00079" as="PTB">
        <fs>
            <f name="msd" value="NNP"/>
        </fs>
    </a>
    <node xml:id="ptb-n00080">
        <link targets="seg-r67"/>
    </node>
    <a label="tok" ref="ptb-n00080" as="PTB">
        <fs>
            <f name="msd" value="NNP"/>
        </fs>
    </a>
    <node xml:id="ptb-n00082">
        <link targets="seg-r69"/>
    </node>
    <a label="tok" ref="ptb-n00082" as="PTB">
        <fs>
            <f name="msd" value="VBP"/>
        </fs>
    </a>
    <node xml:id="ptb-n00084">
        <link targets="seg-r71"/>
    </node>
    <a label="tok" ref="ptb-n00084" as="PTB">
        <fs>
            <f name="msd" value="DT"/>
        </fs>
    </a>
    <node xml:id="ptb-n00085">
        <link targets="seg-r73"/>
    </node>
    <a label="tok" ref="ptb-n00085" as="PTB">
        <fs>
            <f name="msd" value="JJ"/>
        </fs>
    </a>
    <node xml:id="ptb-n00086">
        <link targets="seg-r75"/>
    </node>
    <a label="tok" ref="ptb-n00086" as="PTB">
        <fs>
            <f name="msd" value="NNS"/>
        </fs>
    </a>
    <node xml:id="ptb-n00087">
        <link targets="seg-r76"/>
    </node>
    <a label="tok" ref="ptb-n00087" as="PTB">
        <fs>
            <f name="msd" value="."/>
        </fs>
    </a>
    <node xml:id="ptb-n00091">
        <link targets="seg-r78"/>
    </node>
    <a label="tok" ref="ptb-n00091" as="PTB">
        <fs>
            <f name="msd" value="RB"/>
        </fs>
    </a>
    <node xml:id="ptb-n00092">
        <link targets="seg-r80"/>
    </node>
    <a label="tok" ref="ptb-n00092" as="PTB">
        <fs>
            <f name="msd" value="JJ"/>
        </fs>
    </a>
    <node xml:id="ptb-n00094">
        <link targets="seg-r82"/>
    </node>
    <a label="tok" ref="ptb-n00094" as="PTB">
        <fs>
            <f name="msd" value="VBP"/>
        </fs>
    </a>
    <node xml:id="ptb-n00097">
        <link targets="seg-r84"/>
    </node>
    <a label="tok" ref="ptb-n00097" as="PTB">
        <fs>
            <f name="msd" value="NN"/>
        </fs>
    </a>
    <node xml:id="ptb-n00098">
        <link targets="seg-r86"/>
    </node>
    <a label="tok" ref="ptb-n00098" as="PTB">
        <fs>
            <f name="msd" value="NN"/>
        </fs>
    </a>
    <node xml:id="ptb-n00106">
        <link targets="seg-r88"/>
    </node>
    <a label="tok" ref="ptb-n00106" as="PTB">
        <fs>
            <f name="msd" value="TO"/>
        </fs>
    </a>
    <node xml:id="ptb-n00108">
        <link targets="seg-r90"/>
    </node>
    <a label="tok" ref="ptb-n00108" as="PTB">
        <fs>
            <f name="msd" value="VB"/>
        </fs>
    </a>
    <node xml:id="ptb-n00111">
        <link targets="seg-r92"/>
    </node>
    <a label="tok" ref="ptb-n00111" as="PTB">
        <fs>
            <f name="msd" value="PRP"/>
        </fs>
    </a>
    <node xml:id="ptb-n00113">
        <link targets="seg-r94"/>
    </node>
    <a label="tok" ref="ptb-n00113" as="PTB">
        <fs>
            <f name="msd" value="VBN"/>
        </fs>
    </a>
    <node xml:id="ptb-n00116">
        <link targets="seg-r95"/>
    </node>
    <a label="tok" ref="ptb-n00116" as="PTB">
        <fs>
            <f name="msd" value="."/>
        </fs>
    </a>
    <node xml:id="ptb-n00119">
        <link targets="seg-r97"/>
    </node>
    <a label="tok" ref="ptb-n00119" as="PTB">
        <fs>
            <f name="msd" value="JJ"/>
        </fs>
    </a>
    <node xml:id="ptb-n00121">
        <link targets="seg-r99"/>
    </node>
    <a label="tok" ref="ptb-n00121" as="PTB">
        <fs>
            <f name="msd" value="VBP"/>
        </fs>
    </a>
    <node xml:id="ptb-n00124">
        <link targets="seg-r101"/>
    </node>
    <a label="tok" ref="ptb-n00124" as="PTB">
        <fs>
            <f name="msd" value="NN"/>
        </fs>
    </a>
    <node xml:id="ptb-n00125">
        <link targets="seg-r102"/>
    </node>
    <a label="tok" ref="ptb-n00125" as="PTB">
        <fs>
            <f name="msd" value=","/>
        </fs>
    </a>
    <node xml:id="ptb-n00127">
        <link targets="seg-r104"/>
    </node>
    <a label="tok" ref="ptb-n00127" as="PTB">
        <fs>
            <f name="msd" value="NNS"/>
        </fs>
    </a>
    <node xml:id="ptb-n00128">
        <link targets="seg-r106"/>
    </node>
    <a label="tok" ref="ptb-n00128" as="PTB">
        <fs>
            <f name="msd" value="CC"/>
        </fs>
    </a>
    <node xml:id="ptb-n00130">
        <link targets="seg-r108"/>
    </node>
    <a label="tok" ref="ptb-n00130" as="PTB">
        <fs>
            <f name="msd" value="JJ"/>
        </fs>
    </a>
    <node xml:id="ptb-n00131">
        <link targets="seg-r110"/>
    </node>
    <a label="tok" ref="ptb-n00131" as="PTB">
        <fs>
            <f name="msd" value="JJ"/>
        </fs>
    </a>
    <node xml:id="ptb-n00132">
        <link targets="seg-r112"/>
    </node>
    <a label="tok" ref="ptb-n00132" as="PTB">
        <fs>
            <f name="msd" value="NNS"/>
        </fs>
    </a>
    <node xml:id="ptb-n00137">
        <link targets="seg-r114"/>
    </node>
    <a label="tok" ref="ptb-n00137" as="PTB">
        <fs>
            <f name="msd" value="TO"/>
        </fs>
    </a>
    <node xml:id="ptb-n00139">
        <link targets="seg-r116"/>
    </node>
    <a label="tok" ref="ptb-n00139" as="PTB">
        <fs>
            <f name="msd" value="VB"/>
        </fs>
    </a>
    <node xml:id="ptb-n00141">
        <link targets="seg-r118"/>
    </node>
    <a label="tok" ref="ptb-n00141" as="PTB">
        <fs>
            <f name="msd" value="NNS"/>
        </fs>
    </a>
    <node xml:id="ptb-n00143">
        <link targets="seg-r120"/>
    </node>
    <a label="tok" ref="ptb-n00143" as="PTB">
        <fs>
            <f name="msd" value="IN"/>
        </fs>
    </a>
    <node xml:id="ptb-n00145">
        <link targets="seg-r122"/>
    </node>
    <a label="tok" ref="ptb-n00145" as="PTB">
        <fs>
            <f name="msd" value="PRP$"/>
        </fs>
    </a>
    <node xml:id="ptb-n00146">
        <link targets="seg-r124"/>
    </node>
    <a label="tok" ref="ptb-n00146" as="PTB">
        <fs>
            <f name="msd" value="JJ"/>
        </fs>
    </a>
    <node xml:id="ptb-n00147">
        <link targets="seg-r125"/>
    </node>
    <a label="tok" ref="ptb-n00147" as="PTB">
        <fs>
            <f name="msd" value="."/>
        </fs>
    </a>
    <node xml:id="ptb-n00153">
        <link targets="seg-r127"/>
    </node>
    <a label="tok" ref="ptb-n00153" as="PTB">
        <fs>
            <f name="msd" value="TO"/>
        </fs>
    </a>
    <node xml:id="ptb-n00155">
        <link targets="seg-r129"/>
    </node>
    <a label="tok" ref="ptb-n00155" as="PTB">
        <fs>
            <f name="msd" value="VB"/>
        </fs>
    </a>
    <node xml:id="ptb-n00158">
        <link targets="seg-r131"/>
    </node>
    <a label="tok" ref="ptb-n00158" as="PTB">
        <fs>
            <f name="msd" value="PRP"/>
        </fs>
    </a>
    <node xml:id="ptb-n00160">
        <link targets="seg-r133"/>
    </node>
    <a label="tok" ref="ptb-n00160" as="PTB">
        <fs>
            <f name="msd" value="VB"/>
        </fs>
    </a>
    <node xml:id="ptb-n00162">
        <link targets="seg-r135"/>
    </node>
    <a label="tok" ref="ptb-n00162" as="PTB">
        <fs>
            <f name="msd" value="PRP"/>
        </fs>
    </a>
    <node xml:id="ptb-n00164">
        <link targets="seg-r137"/>
    </node>
    <a label="tok" ref="ptb-n00164" as="PTB">
        <fs>
            <f name="msd" value="IN"/>
        </fs>
    </a>
    <node xml:id="ptb-n00166">
        <link targets="seg-r139"/>
    </node>
    <a label="tok" ref="ptb-n00166" as="PTB">
        <fs>
            <f name="msd" value="DT"/>
        </fs>
    </a>
    <node xml:id="ptb-n00167">
        <link targets="seg-r141"/>
    </node>
    <a label="tok" ref="ptb-n00167" as="PTB">
        <fs>
            <f name="msd" value="NN"/>
        </fs>
    </a>
    <node xml:id="ptb-n00168">
        <link targets="seg-r142"/>
    </node>
    <a label="tok" ref="ptb-n00168" as="PTB">
        <fs>
            <f name="msd" value=","/>
        </fs>
    </a>
    <node xml:id="ptb-n00170">
        <link targets="seg-r144"/>
    </node>
    <a label="tok" ref="ptb-n00170" as="PTB">
        <fs>
            <f name="msd" value="DT"/>
        </fs>
    </a>
    <node xml:id="ptb-n00172">
        <link targets="seg-r146"/>
    </node>
    <a label="tok" ref="ptb-n00172" as="PTB">
        <fs>
            <f name="msd" value="NNP"/>
        </fs>
    </a>
    <node xml:id="ptb-n00173">
        <link targets="seg-r148"/>
    </node>
    <a label="tok" ref="ptb-n00173" as="PTB">
        <fs>
            <f name="msd" value="NNP"/>
        </fs>
    </a>
    <node xml:id="ptb-n00174">
        <link targets="seg-r150"/>
    </node>
    <a label="tok" ref="ptb-n00174" as="PTB">
        <fs>
            <f name="msd" value="NNP"/>
        </fs>
    </a>
    <node xml:id="ptb-n00175">
        <link targets="seg-r152"/>
    </node>
    <a label="tok" ref="ptb-n00175" as="PTB">
        <fs>
            <f name="msd" value="NNP"/>
        </fs>
    </a>
    <node xml:id="ptb-n00177">
        <link targets="seg-r154"/>
    </node>
    <a label="tok" ref="ptb-n00177" as="PTB">
        <fs>
            <f name="msd" value="VBD"/>
        </fs>
    </a>
    <node xml:id="ptb-n00179">
        <link targets="seg-r156"/>
    </node>
    <a label="tok" ref="ptb-n00179" as="PTB">
        <fs>
            <f name="msd" value="VBN"/>
        </fs>
    </a>
    <node xml:id="ptb-n00183">
        <link targets="seg-r158"/>
    </node>
    <a label="tok" ref="ptb-n00183" as="PTB">
        <fs>
            <f name="msd" value="IN"/>
        </fs>
    </a>
    <node xml:id="ptb-n00185">
        <link targets="seg-r160"/>
    </node>
    <a label="tok" ref="ptb-n00185" as="PTB">
        <fs>
            <f name="msd" value="CD"/>
        </fs>
    </a>
    <node xml:id="ptb-n00187">
        <link targets="seg-r162"/>
    </node>
    <a label="tok" ref="ptb-n00187" as="PTB">
        <fs>
            <f name="msd" value="IN"/>
        </fs>
    </a>
    <node xml:id="ptb-n00190">
        <link targets="seg-r164"/>
    </node>
    <a label="tok" ref="ptb-n00190" as="PTB">
        <fs>
            <f name="msd" value="JJ"/>
        </fs>
    </a>
    <node xml:id="ptb-n00191">
        <link targets="seg-r166"/>
    </node>
    <a label="tok" ref="ptb-n00191" as="PTB">
        <fs>
            <f name="msd" value="NNS"/>
        </fs>
    </a>
    <node xml:id="ptb-n00194">
        <link targets="seg-r168"/>
    </node>
    <a label="tok" ref="ptb-n00194" as="PTB">
        <fs>
            <f name="msd" value="WP"/>
        </fs>
    </a>
    <node xml:id="ptb-n00199">
        <link targets="seg-r170"/>
    </node>
    <a label="tok" ref="ptb-n00199" as="PTB">
        <fs>
            <f name="msd" value="VBD"/>
        </fs>
    </a>
    <node xml:id="ptb-n00204">
        <link targets="seg-r172"/>
    </node>
    <a label="tok" ref="ptb-n00204" as="PTB">
        <fs>
            <f name="msd" value="TO"/>
        </fs>
    </a>
    <node xml:id="ptb-n00206">
        <link targets="seg-r174"/>
    </node>
    <a label="tok" ref="ptb-n00206" as="PTB">
        <fs>
            <f name="msd" value="VB"/>
        </fs>
    </a>
    <node xml:id="ptb-n00209">
        <link targets="seg-r176"/>
    </node>
    <a label="tok" ref="ptb-n00209" as="PTB">
        <fs>
            <f name="msd" value="DT"/>
        </fs>
    </a>
    <node xml:id="ptb-n00210">
        <link targets="seg-r178"/>
    </node>
    <a label="tok" ref="ptb-n00210" as="PTB">
        <fs>
            <f name="msd" value="NN"/>
        </fs>
    </a>
    <node xml:id="ptb-n00212">
        <link targets="seg-r180"/>
    </node>
    <a label="tok" ref="ptb-n00212" as="PTB">
        <fs>
            <f name="msd" value="IN"/>
        </fs>
    </a>
    <node xml:id="ptb-n00214">
        <link targets="seg-r182"/>
    </node>
    <a label="tok" ref="ptb-n00214" as="PTB">
        <fs>
            <f name="msd" value="JJ"/>
        </fs>
    </a>
    <node xml:id="ptb-n00215">
        <link targets="seg-r184"/>
    </node>
    <a label="tok" ref="ptb-n00215" as="PTB">
        <fs>
            <f name="msd" value="NN"/>
        </fs>
    </a>
    <node xml:id="ptb-n00217">
        <link targets="seg-r186"/>
    </node>
    <a label="tok" ref="ptb-n00217" as="PTB">
        <fs>
            <f name="msd" value="IN"/>
        </fs>
    </a>
    <node xml:id="ptb-n00220">
        <link targets="seg-r188"/>
    </node>
    <a label="tok" ref="ptb-n00220" as="PTB">
        <fs>
            <f name="msd" value="DT"/>
        </fs>
    </a>
    <node xml:id="ptb-n00222">
        <link targets="seg-r190"/>
    </node>
    <a label="tok" ref="ptb-n00222" as="PTB">
        <fs>
            <f name="msd" value="VBG"/>
        </fs>
    </a>
    <node xml:id="ptb-n00224">
        <link targets="seg-r192"/>
    </node>
    <a label="tok" ref="ptb-n00224" as="PTB">
        <fs>
            <f name="msd" value="PRP$"/>
        </fs>
    </a>
    <node xml:id="ptb-n00225">
        <link targets="seg-r194"/>
    </node>
    <a label="tok" ref="ptb-n00225" as="PTB">
        <fs>
            <f name="msd" value="NNS"/>
        </fs>
    </a>
    <node xml:id="ptb-n00226">
        <link targets="seg-r195"/>
    </node>
    <a label="tok" ref="ptb-n00226" as="PTB">
        <fs>
            <f name="msd" value="."/>
        </fs>
    </a>
    <node xml:id="ptb-n00230">
        <link targets="seg-r197"/>
    </node>
    <a label="tok" ref="ptb-n00230" as="PTB">
        <fs>
            <f name="msd" value="NNS"/>
        </fs>
    </a>
    <node xml:id="ptb-n00233">
        <link targets="seg-r199"/>
    </node>
    <a label="tok" ref="ptb-n00233" as="PTB">
        <fs>
            <f name="msd" value="WP"/>
        </fs>
    </a>
    <node xml:id="ptb-n00238">
        <link targets="seg-r201"/>
    </node>
    <a label="tok" ref="ptb-n00238" as="PTB">
        <fs>
            <f name="msd" value="VBP"/>
        </fs>
    </a>
    <node xml:id="ptb-n00240">
        <link targets="seg-r203"/>
    </node>
    <a label="tok" ref="ptb-n00240" as="PTB">
        <fs>
            <f name="msd" value="VBG"/>
        </fs>
    </a>
    <node xml:id="ptb-n00242">
        <link targets="seg-r205"/>
    </node>
    <a label="tok" ref="ptb-n00242" as="PTB">
        <fs>
            <f name="msd" value="VBN"/>
        </fs>
    </a>
    <node xml:id="ptb-n00246">
        <link targets="seg-r207"/>
    </node>
    <a label="tok" ref="ptb-n00246" as="PTB">
        <fs>
            <f name="msd" value="VBP"/>
        </fs>
    </a>
    <node xml:id="ptb-n00248">
        <link targets="seg-r209"/>
    </node>
    <a label="tok" ref="ptb-n00248" as="PTB">
        <fs>
            <f name="msd" value="JJ"/>
        </fs>
    </a>
    <node xml:id="ptb-n00253">
        <link targets="seg-r211"/>
    </node>
    <a label="tok" ref="ptb-n00253" as="PTB">
        <fs>
            <f name="msd" value="TO"/>
        </fs>
    </a>
    <node xml:id="ptb-n00255">
        <link targets="seg-r213"/>
    </node>
    <a label="tok" ref="ptb-n00255" as="PTB">
        <fs>
            <f name="msd" value="VB"/>
        </fs>
    </a>
    <node xml:id="ptb-n00258">
        <link targets="seg-r215"/>
    </node>
    <a label="tok" ref="ptb-n00258" as="PTB">
        <fs>
            <f name="msd" value="RP"/>
        </fs>
    </a>
    <node xml:id="ptb-n00259">
        <link targets="seg-r217"/>
    </node>
    <a label="tok" ref="ptb-n00259" as="PTB">
        <fs>
            <f name="msd" value="TO"/>
        </fs>
    </a>
    <node xml:id="ptb-n00260">
        <link targets="seg-r219"/>
    </node>
    <a label="tok" ref="ptb-n00260" as="PTB">
        <fs>
            <f name="msd" value="$"/>
        </fs>
    </a>
    <node xml:id="ptb-n00261">
        <link targets="seg-r220"/>
    </node>
    <a label="tok" ref="ptb-n00261" as="PTB">
        <fs>
            <f name="msd" value="CD"/>
        </fs>
    </a>
    <node xml:id="ptb-n00264">
        <link targets="seg-r222"/>
    </node>
    <a label="tok" ref="ptb-n00264" as="PTB">
        <fs>
            <f name="msd" value="IN"/>
        </fs>
    </a>
    <node xml:id="ptb-n00266">
        <link targets="seg-r224"/>
    </node>
    <a label="tok" ref="ptb-n00266" as="PTB">
        <fs>
            <f name="msd" value="DT"/>
        </fs>
    </a>
    <node xml:id="ptb-n00267">
        <link targets="seg-r226"/>
    </node>
    <a label="tok" ref="ptb-n00267" as="PTB">
        <fs>
            <f name="msd" value="NN"/>
        </fs>
    </a>
    <node xml:id="ptb-n00269">
        <link targets="seg-r228"/>
    </node>
    <a label="tok" ref="ptb-n00269" as="PTB">
        <fs>
            <f name="msd" value="IN"/>
        </fs>
    </a>
    <node xml:id="ptb-n00272">
        <link targets="seg-r230"/>
    </node>
    <a label="tok" ref="ptb-n00272" as="PTB">
        <fs>
            <f name="msd" value="PRP"/>
        </fs>
    </a>
    <node xml:id="ptb-n00274">
        <link targets="seg-r232"/>
    </node>
    <a label="tok" ref="ptb-n00274" as="PTB">
        <fs>
            <f name="msd" value="RB"/>
        </fs>
    </a>
    <node xml:id="ptb-n00277">
        <link targets="seg-r234"/>
    </node>
    <a label="tok" ref="ptb-n00277" as="PTB">
        <fs>
            <f name="msd" value="VBP"/>
        </fs>
    </a>
    <node xml:id="ptb-n00278">
        <link targets="seg-r236"/>
    </node>
    <a label="tok" ref="ptb-n00278" as="PTB">
        <fs>
            <f name="msd" value="CC"/>
        </fs>
    </a>
    <node xml:id="ptb-n00280">
        <link targets="seg-r238"/>
    </node>
    <a label="tok" ref="ptb-n00280" as="PTB">
        <fs>
            <f name="msd" value="VB"/>
        </fs>
    </a>
    <node xml:id="ptb-n00282">
        <link targets="seg-r240"/>
    </node>
    <a label="tok" ref="ptb-n00282" as="PTB">
        <fs>
            <f name="msd" value="CD"/>
        </fs>
    </a>
    <node xml:id="ptb-n00283">
        <link targets="seg-r242"/>
    </node>
    <a label="tok" ref="ptb-n00283" as="PTB">
        <fs>
            <f name="msd" value="NNS"/>
        </fs>
    </a>
    <node xml:id="ptb-n00284">
        <link targets="seg-r243"/>
    </node>
    <a label="tok" ref="ptb-n00284" as="PTB">
        <fs>
            <f name="msd" value=":"/>
        </fs>
    </a>
    <node xml:id="ptb-n00287">
        <link targets="seg-r245 seg-r246"/>
    </node>
    <a label="tok" ref="ptb-n00287" as="PTB">
        <fs>
            <f name="msd" value="LS"/>
        </fs>
    </a>
    <node xml:id="ptb-n00289">
        <link targets="seg-r248"/>
    </node>
    <a label="tok" ref="ptb-n00289" as="PTB">
        <fs>
            <f name="msd" value="NN"/>
        </fs>
    </a>
    <node xml:id="ptb-n00291">
        <link targets="seg-r250"/>
    </node>
    <a label="tok" ref="ptb-n00291" as="PTB">
        <fs>
            <f name="msd" value="IN"/>
        </fs>
    </a>
    <node xml:id="ptb-n00293">
        <link targets="seg-r252"/>
    </node>
    <a label="tok" ref="ptb-n00293" as="PTB">
        <fs>
            <f name="msd" value="DT"/>
        </fs>
    </a>
    <node xml:id="ptb-n00294">
        <link targets="seg-r254"/>
    </node>
    <a label="tok" ref="ptb-n00294" as="PTB">
        <fs>
            <f name="msd" value="NNS"/>
        </fs>
    </a>
    <node xml:id="ptb-n00297">
        <link targets="seg-r256 seg-r257"/>
    </node>
    <a label="tok" ref="ptb-n00297" as="PTB">
        <fs>
            <f name="msd" value="LS"/>
        </fs>
    </a>
    <node xml:id="ptb-n00299">
        <link targets="seg-r259"/>
    </node>
    <a label="tok" ref="ptb-n00299" as="PTB">
        <fs>
            <f name="msd" value="JJ"/>
        </fs>
    </a>
    <node xml:id="ptb-n00300">
        <link targets="seg-r261"/>
    </node>
    <a label="tok" ref="ptb-n00300" as="PTB">
        <fs>
            <f name="msd" value="NN"/>
        </fs>
    </a>
    <node xml:id="ptb-n00302">
        <link targets="seg-r263"/>
    </node>
    <a label="tok" ref="ptb-n00302" as="PTB">
        <fs>
            <f name="msd" value="IN"/>
        </fs>
    </a>
    <node xml:id="ptb-n00304">
        <link targets="seg-r265"/>
    </node>
    <a label="tok" ref="ptb-n00304" as="PTB">
        <fs>
            <f name="msd" value="DT"/>
        </fs>
    </a>
    <node xml:id="ptb-n00306">
        <link targets="seg-r267"/>
    </node>
    <a label="tok" ref="ptb-n00306" as="PTB">
        <fs>
            <f name="msd" value="NN"/>
        </fs>
    </a>
    <node xml:id="ptb-n00307">
        <link targets="seg-r269"/>
    </node>
    <a label="tok" ref="ptb-n00307" as="PTB">
        <fs>
            <f name="msd" value="NNS"/>
        </fs>
    </a>
    <node xml:id="ptb-n00308">
        <link targets="seg-r271"/>
    </node>
    <a label="tok" ref="ptb-n00308" as="PTB">
        <fs>
            <f name="msd" value="NNS"/>
        </fs>
    </a>
    <node xml:id="ptb-n00311">
        <link targets="seg-r273 seg-r274"/>
    </node>
    <a label="tok" ref="ptb-n00311" as="PTB">
        <fs>
            <f name="msd" value="LS"/>
        </fs>
    </a>
    <node xml:id="ptb-n00313">
        <link targets="seg-r276"/>
    </node>
    <a label="tok" ref="ptb-n00313" as="PTB">
        <fs>
            <f name="msd" value="JJ"/>
        </fs>
    </a>
    <node xml:id="ptb-n00314">
        <link targets="seg-r278"/>
    </node>
    <a label="tok" ref="ptb-n00314" as="PTB">
        <fs>
            <f name="msd" value="NN"/>
        </fs>
    </a>
    <node xml:id="ptb-n00316">
        <link targets="seg-r280"/>
    </node>
    <a label="tok" ref="ptb-n00316" as="PTB">
        <fs>
            <f name="msd" value="IN"/>
        </fs>
    </a>
    <node xml:id="ptb-n00318">
        <link targets="seg-r282"/>
    </node>
    <a label="tok" ref="ptb-n00318" as="PTB">
        <fs>
            <f name="msd" value="PRP$"/>
        </fs>
    </a>
    <node xml:id="ptb-n00319">
        <link targets="seg-r284"/>
    </node>
    <a label="tok" ref="ptb-n00319" as="PTB">
        <fs>
            <f name="msd" value="CC"/>
        </fs>
    </a>
    <node xml:id="ptb-n00320">
        <link targets="seg-r286"/>
    </node>
    <a label="tok" ref="ptb-n00320" as="PTB">
        <fs>
            <f name="msd" value="PRP$"/>
        </fs>
    </a>
    <node xml:id="ptb-n00322">
        <link targets="seg-r288"/>
    </node>
    <a label="tok" ref="ptb-n00322" as="PTB">
        <fs>
            <f name="msd" value="NNP"/>
        </fs>
    </a>
    <node xml:id="ptb-n00323">
        <link targets="seg-r290"/>
    </node>
    <a label="tok" ref="ptb-n00323" as="PTB">
        <fs>
            <f name="msd" value="NNP"/>
        </fs>
    </a>
    <node xml:id="ptb-n00324">
        <link targets="seg-r292"/>
    </node>
    <a label="tok" ref="ptb-n00324" as="PTB">
        <fs>
            <f name="msd" value="NN"/>
        </fs>
    </a>
    <node xml:id="ptb-n00327">
        <link targets="seg-r294 seg-r295"/>
    </node>
    <a label="tok" ref="ptb-n00327" as="PTB">
        <fs>
            <f name="msd" value="LS"/>
        </fs>
    </a>
    <node xml:id="ptb-n00329">
        <link targets="seg-r297"/>
    </node>
    <a label="tok" ref="ptb-n00329" as="PTB">
        <fs>
            <f name="msd" value="NN"/>
        </fs>
    </a>
    <node xml:id="ptb-n00331">
        <link targets="seg-r299"/>
    </node>
    <a label="tok" ref="ptb-n00331" as="PTB">
        <fs>
            <f name="msd" value="IN"/>
        </fs>
    </a>
    <node xml:id="ptb-n00334">
        <link targets="seg-r301"/>
    </node>
    <a label="tok" ref="ptb-n00334" as="PTB">
        <fs>
            <f name="msd" value="DT"/>
        </fs>
    </a>
    <node xml:id="ptb-n00336">
        <link targets="seg-r303"/>
    </node>
    <a label="tok" ref="ptb-n00336" as="PTB">
        <fs>
            <f name="msd" value="JJ"/>
        </fs>
    </a>
    <node xml:id="ptb-n00337">
        <link targets="seg-r305"/>
    </node>
    <a label="tok" ref="ptb-n00337" as="PTB">
        <fs>
            <f name="msd" value="NN"/>
        </fs>
    </a>
    <node xml:id="ptb-n00338">
        <link targets="seg-r307"/>
    </node>
    <a label="tok" ref="ptb-n00338" as="PTB">
        <fs>
            <f name="msd" value="NN"/>
        </fs>
    </a>
    <node xml:id="ptb-n00339">
        <link targets="seg-r309"/>
    </node>
    <a label="tok" ref="ptb-n00339" as="PTB">
        <fs>
            <f name="msd" value="CC"/>
        </fs>
    </a>
    <node xml:id="ptb-n00341">
        <link targets="seg-r311"/>
    </node>
    <a label="tok" ref="ptb-n00341" as="PTB">
        <fs>
            <f name="msd" value="NN"/>
        </fs>
    </a>
    <node xml:id="ptb-n00345">
        <link targets="seg-r313"/>
    </node>
    <a label="tok" ref="ptb-n00345" as="PTB">
        <fs>
            <f name="msd" value="NN"/>
        </fs>
    </a>
    <node xml:id="ptb-n00347">
        <link targets="seg-r315"/>
    </node>
    <a label="tok" ref="ptb-n00347" as="PTB">
        <fs>
            <f name="msd" value="IN"/>
        </fs>
    </a>
    <node xml:id="ptb-n00352">
        <link targets="seg-r317"/>
    </node>
    <a label="tok" ref="ptb-n00352" as="PTB">
        <fs>
            <f name="msd" value="VBG"/>
        </fs>
    </a>
    <node xml:id="ptb-n00354">
        <link targets="seg-r319"/>
    </node>
    <a label="tok" ref="ptb-n00354" as="PTB">
        <fs>
            <f name="msd" value="DT"/>
        </fs>
    </a>
    <node xml:id="ptb-n00355">
        <link targets="seg-r320"/>
    </node>
    <a label="tok" ref="ptb-n00355" as="PTB">
        <fs>
            <f name="msd" value=","/>
        </fs>
    </a>
    <node xml:id="ptb-n00357">
        <link targets="seg-r322"/>
    </node>
    <a label="tok" ref="ptb-n00357" as="PTB">
        <fs>
            <f name="msd" value="CD"/>
        </fs>
    </a>
    <node xml:id="ptb-n00358">
        <link targets="seg-r324"/>
    </node>
    <a label="tok" ref="ptb-n00358" as="PTB">
        <fs>
            <f name="msd" value="NN"/>
        </fs>
    </a>
    <node xml:id="ptb-n00359">
        <link targets="seg-r326"/>
    </node>
    <a label="tok" ref="ptb-n00359" as="PTB">
        <fs>
            <f name="msd" value="NN"/>
        </fs>
    </a>
    <node xml:id="ptb-n00360">
        <link targets="seg-r328"/>
    </node>
    <a label="tok" ref="ptb-n00360" as="PTB">
        <fs>
            <f name="msd" value="NNS"/>
        </fs>
    </a>
    <node xml:id="ptb-n00361">
        <link targets="seg-r330"/>
    </node>
    <a label="tok" ref="ptb-n00361" as="PTB">
        <fs>
            <f name="msd" value="CC"/>
        </fs>
    </a>
    <node xml:id="ptb-n00364">
        <link targets="seg-r332"/>
    </node>
    <a label="tok" ref="ptb-n00364" as="PTB">
        <fs>
            <f name="msd" value="DT"/>
        </fs>
    </a>
    <node xml:id="ptb-n00365">
        <link targets="seg-r334"/>
    </node>
    <a label="tok" ref="ptb-n00365" as="PTB">
        <fs>
            <f name="msd" value="NN"/>
        </fs>
    </a>
    <node xml:id="ptb-n00367">
        <link targets="seg-r336"/>
    </node>
    <a label="tok" ref="ptb-n00367" as="PTB">
        <fs>
            <f name="msd" value="VBG"/>
        </fs>
    </a>
    <node xml:id="ptb-n00371">
        <link targets="seg-r338"/>
    </node>
    <a label="tok" ref="ptb-n00371" as="PTB">
        <fs>
            <f name="msd" value="WRB"/>
        </fs>
    </a>
    <node xml:id="ptb-n00374">
        <link targets="seg-r340"/>
    </node>
    <a label="tok" ref="ptb-n00374" as="PTB">
        <fs>
            <f name="msd" value="PRP"/>
        </fs>
    </a>
    <node xml:id="ptb-n00376">
        <link targets="seg-r342"/>
    </node>
    <a label="tok" ref="ptb-n00376" as="PTB">
        <fs>
            <f name="msd" value="MD"/>
        </fs>
    </a>
    <node xml:id="ptb-n00378">
        <link targets="seg-r344"/>
    </node>
    <a label="tok" ref="ptb-n00378" as="PTB">
        <fs>
            <f name="msd" value="VB"/>
        </fs>
    </a>
    <node xml:id="ptb-n00380">
        <link targets="seg-r346"/>
    </node>
    <a label="tok" ref="ptb-n00380" as="PTB">
        <fs>
            <f name="msd" value="DT"/>
        </fs>
    </a>
    <node xml:id="ptb-n00381">
        <link targets="seg-r348"/>
    </node>
    <a label="tok" ref="ptb-n00381" as="PTB">
        <fs>
            <f name="msd" value="NN"/>
        </fs>
    </a>
    <node xml:id="ptb-n00384">
        <link targets="seg-r350"/>
    </node>
    <a label="tok" ref="ptb-n00384" as="PTB">
        <fs>
            <f name="msd" value="CC"/>
        </fs>
    </a>
    <node xml:id="ptb-n00387">
        <link targets="seg-r352"/>
    </node>
    <a label="tok" ref="ptb-n00387" as="PTB">
        <fs>
            <f name="msd" value="WRB"/>
        </fs>
    </a>
    <node xml:id="ptb-n00390">
        <link targets="seg-r354"/>
    </node>
    <a label="tok" ref="ptb-n00390" as="PTB">
        <fs>
            <f name="msd" value="PRP"/>
        </fs>
    </a>
    <node xml:id="ptb-n00392">
        <link targets="seg-r356"/>
    </node>
    <a label="tok" ref="ptb-n00392" as="PTB">
        <fs>
            <f name="msd" value="MD"/>
        </fs>
    </a>
    <node xml:id="ptb-n00394">
        <link targets="seg-r358"/>
    </node>
    <a label="tok" ref="ptb-n00394" as="PTB">
        <fs>
            <f name="msd" value="VB"/>
        </fs>
    </a>
    <node xml:id="ptb-n00396">
        <link targets="seg-r360"/>
    </node>
    <a label="tok" ref="ptb-n00396" as="PTB">
        <fs>
            <f name="msd" value="VBN"/>
        </fs>
    </a>
    <node xml:id="ptb-n00402">
        <link targets="seg-r362"/>
    </node>
    <a label="tok" ref="ptb-n00402" as="PTB">
        <fs>
            <f name="msd" value="VBP"/>
        </fs>
    </a>
    <node xml:id="ptb-n00403">
        <link targets="seg-r364"/>
    </node>
    <a label="tok" ref="ptb-n00403" as="PTB">
        <fs>
            <f name="msd" value="DT"/>
        </fs>
    </a>
    <node xml:id="ptb-n00405">
        <link targets="seg-r366"/>
    </node>
    <a label="tok" ref="ptb-n00405" as="PTB">
        <fs>
            <f name="msd" value="VBN"/>
        </fs>
    </a>
    <node xml:id="ptb-n00409">
        <link targets="seg-r368"/>
    </node>
    <a label="tok" ref="ptb-n00409" as="PTB">
        <fs>
            <f name="msd" value="IN"/>
        </fs>
    </a>
    <node xml:id="ptb-n00412">
        <link targets="seg-r370"/>
    </node>
    <a label="tok" ref="ptb-n00412" as="PTB">
        <fs>
            <f name="msd" value="DT"/>
        </fs>
    </a>
    <node xml:id="ptb-n00414">
        <link targets="seg-r372"/>
    </node>
    <a label="tok" ref="ptb-n00414" as="PTB">
        <fs>
            <f name="msd" value="NNP"/>
        </fs>
    </a>
    <node xml:id="ptb-n00415">
        <link targets="seg-r374"/>
    </node>
    <a label="tok" ref="ptb-n00415" as="PTB">
        <fs>
            <f name="msd" value="NNP"/>
        </fs>
    </a>
    <node xml:id="ptb-n00416">
        <link targets="seg-r376"/>
    </node>
    <a label="tok" ref="ptb-n00416" as="PTB">
        <fs>
            <f name="msd" value="NN"/>
        </fs>
    </a>
    <node xml:id="ptb-n00417">
        <link targets="seg-r377"/>
    </node>
    <a label="tok" ref="ptb-n00417" as="PTB">
        <fs>
            <f name="msd" value=","/>
        </fs>
    </a>
    <node xml:id="ptb-n00420">
        <link targets="seg-r379"/>
    </node>
    <a label="tok" ref="ptb-n00420" as="PTB">
        <fs>
            <f name="msd" value="WDT"/>
        </fs>
    </a>
    <node xml:id="ptb-n00425">
        <link targets="seg-r381"/>
    </node>
    <a label="tok" ref="ptb-n00425" as="PTB">
        <fs>
            <f name="msd" value="VBZ"/>
        </fs>
    </a>
    <node xml:id="ptb-n00427">
        <link targets="seg-r383"/>
    </node>
    <a label="tok" ref="ptb-n00427" as="PTB">
        <fs>
            <f name="msd" value="IN"/>
        </fs>
    </a>
    <node xml:id="ptb-n00430">
        <link targets="seg-r385"/>
    </node>
    <a label="tok" ref="ptb-n00430" as="PTB">
        <fs>
            <f name="msd" value="DT"/>
        </fs>
    </a>
    <node xml:id="ptb-n00431">
        <link targets="seg-r387"/>
    </node>
    <a label="tok" ref="ptb-n00431" as="PTB">
        <fs>
            <f name="msd" value="NN"/>
        </fs>
    </a>
    <node xml:id="ptb-n00433">
        <link targets="seg-r390"/>
    </node>
    <a label="tok" ref="ptb-n00433" as="PTB">
        <fs>
            <f name="msd" value="VBZ"/>
        </fs>
    </a>
    <node xml:id="ptb-n00435">
        <link targets="seg-r392"/>
    </node>
    <a label="tok" ref="ptb-n00435" as="PTB">
        <fs>
            <f name="msd" value="DT"/>
        </fs>
    </a>
    <node xml:id="ptb-n00436">
        <link targets="seg-r394"/>
    </node>
    <a label="tok" ref="ptb-n00436" as="PTB">
        <fs>
            <f name="msd" value="NNS"/>
        </fs>
    </a>
    <node xml:id="ptb-n00437">
        <link targets="seg-r395"/>
    </node>
    <a label="tok" ref="ptb-n00437" as="PTB">
        <fs>
            <f name="msd" value="."/>
        </fs>
    </a>
    <node xml:id="ptb-n00440">
        <link targets="seg-r397"/>
    </node>
    <a label="tok" ref="ptb-n00440" as="PTB">
        <fs>
            <f name="msd" value="JJ"/>
        </fs>
    </a>
    <node xml:id="ptb-n00441">
        <link targets="seg-r399"/>
    </node>
    <a label="tok" ref="ptb-n00441" as="PTB">
        <fs>
            <f name="msd" value="NN"/>
        </fs>
    </a>
    <node xml:id="ptb-n00443">
        <link targets="seg-r401"/>
    </node>
    <a label="tok" ref="ptb-n00443" as="PTB">
        <fs>
            <f name="msd" value="VBP"/>
        </fs>
    </a>
    <node xml:id="ptb-n00445">
        <link targets="seg-r403"/>
    </node>
    <a label="tok" ref="ptb-n00445" as="PTB">
        <fs>
            <f name="msd" value="RB"/>
        </fs>
    </a>
    <node xml:id="ptb-n00447">
        <link targets="seg-r405"/>
    </node>
    <a label="tok" ref="ptb-n00447" as="PTB">
        <fs>
            <f name="msd" value="VBN"/>
        </fs>
    </a>
    <node xml:id="ptb-n00451">
        <link targets="seg-r407"/>
    </node>
    <a label="tok" ref="ptb-n00451" as="PTB">
        <fs>
            <f name="msd" value="IN"/>
        </fs>
    </a>
    <node xml:id="ptb-n00454">
        <link targets="seg-r409"/>
    </node>
    <a label="tok" ref="ptb-n00454" as="PTB">
        <fs>
            <f name="msd" value="NN"/>
        </fs>
    </a>
    <node xml:id="ptb-n00455">
        <link targets="seg-r411"/>
    </node>
    <a label="tok" ref="ptb-n00455" as="PTB">
        <fs>
            <f name="msd" value="NN"/>
        </fs>
    </a>
    <node xml:id="ptb-n00456">
        <link targets="seg-r412"/>
    </node>
    <a label="tok" ref="ptb-n00456" as="PTB">
        <fs>
            <f name="msd" value=","/>
        </fs>
    </a>
    <node xml:id="ptb-n00458">
        <link targets="seg-r414"/>
    </node>
    <a label="tok" ref="ptb-n00458" as="PTB">
        <fs>
            <f name="msd" value="JJ"/>
        </fs>
    </a>
    <node xml:id="ptb-n00459">
        <link targets="seg-r416"/>
    </node>
    <a label="tok" ref="ptb-n00459" as="PTB">
        <fs>
            <f name="msd" value="NN"/>
        </fs>
    </a>
    <node xml:id="ptb-n00460">
        <link targets="seg-r418"/>
    </node>
    <a label="tok" ref="ptb-n00460" as="PTB">
        <fs>
            <f name="msd" value="CC"/>
        </fs>
    </a>
    <node xml:id="ptb-n00463">
        <link targets="seg-r420"/>
    </node>
    <a label="tok" ref="ptb-n00463" as="PTB">
        <fs>
            <f name="msd" value="DT"/>
        </fs>
    </a>
    <node xml:id="ptb-n00464">
        <link targets="seg-r422"/>
    </node>
    <a label="tok" ref="ptb-n00464" as="PTB">
        <fs>
            <f name="msd" value="NN"/>
        </fs>
    </a>
    <node xml:id="ptb-n00466">
        <link targets="seg-r424"/>
    </node>
    <a label="tok" ref="ptb-n00466" as="PTB">
        <fs>
            <f name="msd" value="IN"/>
        </fs>
    </a>
    <node xml:id="ptb-n00468">
        <link targets="seg-r426"/>
    </node>
    <a label="tok" ref="ptb-n00468" as="PTB">
        <fs>
            <f name="msd" value="DT"/>
        </fs>
    </a>
    <node xml:id="ptb-n00469">
        <link targets="seg-r428"/>
    </node>
    <a label="tok" ref="ptb-n00469" as="PTB">
        <fs>
            <f name="msd" value="NN"/>
        </fs>
    </a>
    <node xml:id="ptb-n00470">
        <link targets="seg-r429"/>
    </node>
    <a label="tok" ref="ptb-n00470" as="PTB">
        <fs>
            <f name="msd" value="."/>
        </fs>
    </a>
    <node xml:id="ptb-n00473">
        <link targets="seg-r431"/>
    </node>
    <a label="tok" ref="ptb-n00473" as="PTB">
        <fs>
            <f name="msd" value="IN"/>
        </fs>
    </a>
    <node xml:id="ptb-n00476">
        <link targets="seg-r433"/>
    </node>
    <a label="tok" ref="ptb-n00476" as="PTB">
        <fs>
            <f name="msd" value="NNP"/>
        </fs>
    </a>
    <node xml:id="ptb-n00477">
        <link targets="seg-r435"/>
    </node>
    <a label="tok" ref="ptb-n00477" as="PTB">
        <fs>
            <f name="msd" value="NNP"/>
        </fs>
    </a>
    <node xml:id="ptb-n00479">
        <link targets="seg-r437"/>
    </node>
    <a label="tok" ref="ptb-n00479" as="PTB">
        <fs>
            <f name="msd" value="VBZ"/>
        </fs>
    </a>
    <node xml:id="ptb-n00482">
        <link targets="seg-r439"/>
    </node>
    <a label="tok" ref="ptb-n00482" as="PTB">
        <fs>
            <f name="msd" value="DT"/>
        </fs>
    </a>
    <node xml:id="ptb-n00483">
        <link targets="seg-r441"/>
    </node>
    <a label="tok" ref="ptb-n00483" as="PTB">
        <fs>
            <f name="msd" value="JJ"/>
        </fs>
    </a>
    <node xml:id="ptb-n00484">
        <link targets="seg-r443"/>
    </node>
    <a label="tok" ref="ptb-n00484" as="PTB">
        <fs>
            <f name="msd" value="''"/>
        </fs>
    </a>
    <node xml:id="ptb-n00485">
        <link targets="seg-r444"/>
    </node>
    <a label="tok" ref="ptb-n00485" as="PTB">
        <fs>
            <f name="msd" value="NN"/>
        </fs>
    </a>
    <node xml:id="ptb-n00486">
        <link targets="seg-r445"/>
    </node>
    <a label="tok" ref="ptb-n00486" as="PTB">
        <fs>
            <f name="msd" value="''"/>
        </fs>
    </a>
    <node xml:id="ptb-n00488">
        <link targets="seg-r447"/>
    </node>
    <a label="tok" ref="ptb-n00488" as="PTB">
        <fs>
            <f name="msd" value="IN"/>
        </fs>
    </a>
    <node xml:id="ptb-n00491">
        <link targets="seg-r449"/>
    </node>
    <a label="tok" ref="ptb-n00491" as="PTB">
        <fs>
            <f name="msd" value="RB"/>
        </fs>
    </a>
    <node xml:id="ptb-n00492">
        <link targets="seg-r451"/>
    </node>
    <a label="tok" ref="ptb-n00492" as="PTB">
        <fs>
            <f name="msd" value="JJ"/>
        </fs>
    </a>
    <node xml:id="ptb-n00493">
        <link targets="seg-r452"/>
    </node>
    <a label="tok" ref="ptb-n00493" as="PTB">
        <fs>
            <f name="msd" value=","/>
        </fs>
    </a>
    <node xml:id="ptb-n00495">
        <link targets="seg-r454"/>
    </node>
    <a label="tok" ref="ptb-n00495" as="PTB">
        <fs>
            <f name="msd" value="PRP$"/>
        </fs>
    </a>
    <node xml:id="ptb-n00496">
        <link targets="seg-r456"/>
    </node>
    <a label="tok" ref="ptb-n00496" as="PTB">
        <fs>
            <f name="msd" value="NNP"/>
        </fs>
    </a>
    <node xml:id="ptb-n00497">
        <link targets="seg-r458"/>
    </node>
    <a label="tok" ref="ptb-n00497" as="PTB">
        <fs>
            <f name="msd" value="NNP"/>
        </fs>
    </a>
    <node xml:id="ptb-n00499">
        <link targets="seg-r460"/>
    </node>
    <a label="tok" ref="ptb-n00499" as="PTB">
        <fs>
            <f name="msd" value="VBZ"/>
        </fs>
    </a>
    <node xml:id="ptb-n00502">
        <link targets="seg-r462"/>
    </node>
    <a label="tok" ref="ptb-n00502" as="PTB">
        <fs>
            <f name="msd" value="CD"/>
        </fs>
    </a>
    <node xml:id="ptb-n00503">
        <link targets="seg-r464"/>
    </node>
    <a label="tok" ref="ptb-n00503" as="PTB">
        <fs>
            <f name="msd" value="NN"/>
        </fs>
    </a>
    <node xml:id="ptb-n00509">
        <link targets="seg-r466"/>
    </node>
    <a label="tok" ref="ptb-n00509" as="PTB">
        <fs>
            <f name="msd" value="PRP"/>
        </fs>
    </a>
    <node xml:id="ptb-n00511">
        <link targets="seg-r468"/>
    </node>
    <a label="tok" ref="ptb-n00511" as="PTB">
        <fs>
            <f name="msd" value="MD"/>
        </fs>
    </a>
    <node xml:id="ptb-n00513">
        <link targets="seg-r470"/>
    </node>
    <a label="tok" ref="ptb-n00513" as="PTB">
        <fs>
            <f name="msd" value="VB"/>
        </fs>
    </a>
    <node xml:id="ptb-n00516">
        <link targets="seg-r472"/>
    </node>
    <a label="tok" ref="ptb-n00516" as="PTB">
        <fs>
            <f name="msd" value="DT"/>
        </fs>
    </a>
    <node xml:id="ptb-n00517">
        <link targets="seg-r474"/>
    </node>
    <a label="tok" ref="ptb-n00517" as="PTB">
        <fs>
            <f name="msd" value="JJ"/>
        </fs>
    </a>
    <node xml:id="ptb-n00518">
        <link targets="seg-r476"/>
    </node>
    <a label="tok" ref="ptb-n00518" as="PTB">
        <fs>
            <f name="msd" value="NN"/>
        </fs>
    </a>
    <node xml:id="ptb-n00520">
        <link targets="seg-r478"/>
    </node>
    <a label="tok" ref="ptb-n00520" as="PTB">
        <fs>
            <f name="msd" value="VB"/>
        </fs>
    </a>
    <node xml:id="ptb-n00522">
        <link targets="seg-r480"/>
    </node>
    <a label="tok" ref="ptb-n00522" as="PTB">
        <fs>
            <f name="msd" value="DT"/>
        </fs>
    </a>
    <node xml:id="ptb-n00523">
        <link targets="seg-r482"/>
    </node>
    <a label="tok" ref="ptb-n00523" as="PTB">
        <fs>
            <f name="msd" value="JJ"/>
        </fs>
    </a>
    <node xml:id="ptb-n00524">
        <link targets="seg-r484"/>
    </node>
    <a label="tok" ref="ptb-n00524" as="PTB">
        <fs>
            <f name="msd" value="NNS"/>
        </fs>
    </a>
    <node xml:id="ptb-n00526">
        <link targets="seg-r486"/>
    </node>
    <a label="tok" ref="ptb-n00526" as="PTB">
        <fs>
            <f name="msd" value="IN"/>
        </fs>
    </a>
    <node xml:id="ptb-n00528">
        <link targets="seg-r488"/>
    </node>
    <a label="tok" ref="ptb-n00528" as="PTB">
        <fs>
            <f name="msd" value="PRP$"/>
        </fs>
    </a>
    <node xml:id="ptb-n00529">
        <link targets="seg-r490"/>
    </node>
    <a label="tok" ref="ptb-n00529" as="PTB">
        <fs>
            <f name="msd" value="CC"/>
        </fs>
    </a>
    <node xml:id="ptb-n00530">
        <link targets="seg-r492"/>
    </node>
    <a label="tok" ref="ptb-n00530" as="PTB">
        <fs>
            <f name="msd" value="PRP$"/>
        </fs>
    </a>
    <node xml:id="ptb-n00531">
        <link targets="seg-r494"/>
    </node>
    <a label="tok" ref="ptb-n00531" as="PTB">
        <fs>
            <f name="msd" value="JJ"/>
        </fs>
    </a>
    <node xml:id="ptb-n00532">
        <link targets="seg-r496"/>
    </node>
    <a label="tok" ref="ptb-n00532" as="PTB">
        <fs>
            <f name="msd" value="NN"/>
        </fs>
    </a>
    <node xml:id="ptb-n00534">
        <link targets="seg-r498"/>
    </node>
    <a label="tok" ref="ptb-n00534" as="PTB">
        <fs>
            <f name="msd" value="IN"/>
        </fs>
    </a>
    <node xml:id="ptb-n00536">
        <link targets="seg-r500"/>
    </node>
    <a label="tok" ref="ptb-n00536" as="PTB">
        <fs>
            <f name="msd" value="DT"/>
        </fs>
    </a>
    <node xml:id="ptb-n00538">
        <link targets="seg-r502"/>
    </node>
    <a label="tok" ref="ptb-n00538" as="PTB">
        <fs>
            <f name="msd" value="JJ"/>
        </fs>
    </a>
    <node xml:id="ptb-n00539">
        <link targets="seg-r504"/>
    </node>
    <a label="tok" ref="ptb-n00539" as="PTB">
        <fs>
            <f name="msd" value="CC"/>
        </fs>
    </a>
    <node xml:id="ptb-n00540">
        <link targets="seg-r506"/>
    </node>
    <a label="tok" ref="ptb-n00540" as="PTB">
        <fs>
            <f name="msd" value="JJ"/>
        </fs>
    </a>
    <node xml:id="ptb-n00541">
        <link targets="seg-r508"/>
    </node>
    <a label="tok" ref="ptb-n00541" as="PTB">
        <fs>
            <f name="msd" value="NN"/>
        </fs>
    </a>
    <node xml:id="ptb-n00544">
        <link targets="seg-r509"/>
    </node>
    <a label="tok" ref="ptb-n00544" as="PTB">
        <fs>
            <f name="msd" value="."/>
        </fs>
    </a>
    <node xml:id="ptb-n00547">
        <link targets="seg-r511"/>
    </node>
    <a label="tok" ref="ptb-n00547" as="PTB">
        <fs>
            <f name="msd" value="IN"/>
        </fs>
    </a>
    <node xml:id="ptb-n00550">
        <link targets="seg-r513"/>
    </node>
    <a label="tok" ref="ptb-n00550" as="PTB">
        <fs>
            <f name="msd" value="JJ"/>
        </fs>
    </a>
    <node xml:id="ptb-n00551">
        <link targets="seg-r515"/>
    </node>
    <a label="tok" ref="ptb-n00551" as="PTB">
        <fs>
            <f name="msd" value="NN"/>
        </fs>
    </a>
    <node xml:id="ptb-n00552">
        <link targets="seg-r517"/>
    </node>
    <a label="tok" ref="ptb-n00552" as="PTB">
        <fs>
            <f name="msd" value="NN"/>
        </fs>
    </a>
    <node xml:id="ptb-n00553">
        <link targets="seg-r518"/>
    </node>
    <a label="tok" ref="ptb-n00553" as="PTB">
        <fs>
            <f name="msd" value=","/>
        </fs>
    </a>
    <node xml:id="ptb-n00555">
        <link targets="seg-r520"/>
    </node>
    <a label="tok" ref="ptb-n00555" as="PTB">
        <fs>
            <f name="msd" value="DT"/>
        </fs>
    </a>
    <node xml:id="ptb-n00556">
        <link targets="seg-r522"/>
    </node>
    <a label="tok" ref="ptb-n00556" as="PTB">
        <fs>
            <f name="msd" value="NN"/>
        </fs>
    </a>
    <node xml:id="ptb-n00558">
        <link targets="seg-r524"/>
    </node>
    <a label="tok" ref="ptb-n00558" as="PTB">
        <fs>
            <f name="msd" value="VBZ"/>
        </fs>
    </a>
    <node xml:id="ptb-n00559">
        <link targets="seg-r525"/>
    </node>
    <a label="tok" ref="ptb-n00559" as="PTB">
        <fs>
            <f name="msd" value="RB"/>
        </fs>
    </a>
    <node xml:id="ptb-n00561">
        <link targets="seg-r527"/>
    </node>
    <a label="tok" ref="ptb-n00561" as="PTB">
        <fs>
            <f name="msd" value="VB"/>
        </fs>
    </a>
    <node xml:id="ptb-n00562">
        <link targets="seg-r528"/>
    </node>
    <a label="tok" ref="ptb-n00562" as="PTB">
        <fs>
            <f name="msd" value="."/>
        </fs>
    </a>
    <node xml:id="ptb-n00565">
        <link targets="seg-r530"/>
    </node>
    <a label="tok" ref="ptb-n00565" as="PTB">
        <fs>
            <f name="msd" value="UH"/>
        </fs>
    </a>
    <node xml:id="ptb-n00569">
        <link targets="seg-r532"/>
    </node>
    <a label="tok" ref="ptb-n00569" as="PTB">
        <fs>
            <f name="msd" value="VB"/>
        </fs>
    </a>
    <node xml:id="ptb-n00571">
        <link targets="seg-r534"/>
    </node>
    <a label="tok" ref="ptb-n00571" as="PTB">
        <fs>
            <f name="msd" value="DT"/>
        </fs>
    </a>
    <node xml:id="ptb-n00572">
        <link targets="seg-r536"/>
    </node>
    <a label="tok" ref="ptb-n00572" as="PTB">
        <fs>
            <f name="msd" value="JJ"/>
        </fs>
    </a>
    <node xml:id="ptb-n00573">
        <link targets="seg-r538"/>
    </node>
    <a label="tok" ref="ptb-n00573" as="PTB">
        <fs>
            <f name="msd" value="NNS"/>
        </fs>
    </a>
    <node xml:id="ptb-n00578">
        <link targets="seg-r540"/>
    </node>
    <a label="tok" ref="ptb-n00578" as="PTB">
        <fs>
            <f name="msd" value="TO"/>
        </fs>
    </a>
    <node xml:id="ptb-n00580">
        <link targets="seg-r542"/>
    </node>
    <a label="tok" ref="ptb-n00580" as="PTB">
        <fs>
            <f name="msd" value="VB"/>
        </fs>
    </a>
    <node xml:id="ptb-n00583">
        <link targets="seg-r544"/>
    </node>
    <a label="tok" ref="ptb-n00583" as="PTB">
        <fs>
            <f name="msd" value="DT"/>
        </fs>
    </a>
    <node xml:id="ptb-n00584">
        <link targets="seg-r546"/>
    </node>
    <a label="tok" ref="ptb-n00584" as="PTB">
        <fs>
            <f name="msd" value="NN"/>
        </fs>
    </a>
    <node xml:id="ptb-n00592">
        <link targets="seg-r548"/>
    </node>
    <a label="tok" ref="ptb-n00592" as="PTB">
        <fs>
            <f name="msd" value="TO"/>
        </fs>
    </a>
    <node xml:id="ptb-n00594">
        <link targets="seg-r550"/>
    </node>
    <a label="tok" ref="ptb-n00594" as="PTB">
        <fs>
            <f name="msd" value="VB"/>
        </fs>
    </a>
    <node xml:id="ptb-n00599">
        <link targets="seg-r552"/>
    </node>
    <a label="tok" ref="ptb-n00599" as="PTB">
        <fs>
            <f name="msd" value="CD"/>
        </fs>
    </a>
    <node xml:id="ptb-n00600">
        <link targets="seg-r554"/>
    </node>
    <a label="tok" ref="ptb-n00600" as="PTB">
        <fs>
            <f name="msd" value="CC"/>
        </fs>
    </a>
    <node xml:id="ptb-n00601">
        <link targets="seg-r556"/>
    </node>
    <a label="tok" ref="ptb-n00601" as="PTB">
        <fs>
            <f name="msd" value="JJR"/>
        </fs>
    </a>
    <node xml:id="ptb-n00603">
        <link targets="seg-r558"/>
    </node>
    <a label="tok" ref="ptb-n00603" as="PTB">
        <fs>
            <f name="msd" value="IN"/>
        </fs>
    </a>
    <node xml:id="ptb-n00605">
        <link targets="seg-r560"/>
    </node>
    <a label="tok" ref="ptb-n00605" as="PTB">
        <fs>
            <f name="msd" value="PRP$"/>
        </fs>
    </a>
    <node xml:id="ptb-n00606">
        <link targets="seg-r562"/>
    </node>
    <a label="tok" ref="ptb-n00606" as="PTB">
        <fs>
            <f name="msd" value="NNS"/>
        </fs>
    </a>
    <node xml:id="ptb-n00608">
        <link targets="seg-r564"/>
    </node>
    <a label="tok" ref="ptb-n00608" as="PTB">
        <fs>
            <f name="msd" value="RB"/>
        </fs>
    </a>
    <node xml:id="ptb-n00610">
        <link targets="seg-r566"/>
    </node>
    <a label="tok" ref="ptb-n00610" as="PTB">
        <fs>
            <f name="msd" value="VB"/>
        </fs>
    </a>
    <node xml:id="ptb-n00612">
        <link targets="seg-r568"/>
    </node>
    <a label="tok" ref="ptb-n00612" as="PTB">
        <fs>
            <f name="msd" value="DT"/>
        </fs>
    </a>
    <node xml:id="ptb-n00613">
        <link targets="seg-r570"/>
    </node>
    <a label="tok" ref="ptb-n00613" as="PTB">
        <fs>
            <f name="msd" value="NN"/>
        </fs>
    </a>
    <node xml:id="ptb-n00615">
        <link targets="seg-r572"/>
    </node>
    <a label="tok" ref="ptb-n00615" as="PTB">
        <fs>
            <f name="msd" value="IN"/>
        </fs>
    </a>
    <node xml:id="ptb-n00617">
        <link targets="seg-r574"/>
    </node>
    <a label="tok" ref="ptb-n00617" as="PTB">
        <fs>
            <f name="msd" value="DT"/>
        </fs>
    </a>
    <node xml:id="ptb-n00618">
        <link targets="seg-r576"/>
    </node>
    <a label="tok" ref="ptb-n00618" as="PTB">
        <fs>
            <f name="msd" value="NN"/>
        </fs>
    </a>
    <node xml:id="ptb-n00619">
        <link targets="seg-r577"/>
    </node>
    <a label="tok" ref="ptb-n00619" as="PTB">
        <fs>
            <f name="msd" value="."/>
        </fs>
    </a>
    <node xml:id="ptb-n00622">
        <link targets="seg-r579"/>
    </node>
    <a label="tok" ref="ptb-n00622" as="PTB">
        <fs>
            <f name="msd" value="RB"/>
        </fs>
    </a>
    <node xml:id="ptb-n00623">
        <link targets="seg-r580"/>
    </node>
    <a label="tok" ref="ptb-n00623" as="PTB">
        <fs>
            <f name="msd" value=","/>
        </fs>
    </a>
    <node xml:id="ptb-n00626">
        <link targets="seg-r582"/>
    </node>
    <a label="tok" ref="ptb-n00626" as="PTB">
        <fs>
            <f name="msd" value="NNP"/>
        </fs>
    </a>
    <node xml:id="ptb-n00627">
        <link targets="seg-r584"/>
    </node>
    <a label="tok" ref="ptb-n00627" as="PTB">
        <fs>
            <f name="msd" value="NNP"/>
        </fs>
    </a>
    <node xml:id="ptb-n00629">
        <link targets="seg-r586"/>
    </node>
    <a label="tok" ref="ptb-n00629" as="PTB">
        <fs>
            <f name="msd" value="NNP"/>
        </fs>
    </a>
    <node xml:id="ptb-n00630">
        <link targets="seg-r588"/>
    </node>
    <a label="tok" ref="ptb-n00630" as="PTB">
        <fs>
            <f name="msd" value="NNP"/>
        </fs>
    </a>
</graph>
