<?xml version="1.0" encoding="UTF-8"?>
<graph xmlns="http://www.xces.org/ns/GrAF/1.0/">
    <header>
        <tagsDecl>
            <tagUsage gi="vchunk" occurs="51"/>
        </tagsDecl>
        <dependencies>
            <dependsOn type="penn"/>
        </dependencies>
        <annotationSets>
            <annotationSet name="xces" type="http://www.xces.org/schema/2003"/>
        </annotationSets>
    </header>
    <node xml:id="n0"/>
    <a label="vchunk" ref="n0" as="xces">
        <fs>
            <f name="voice" value="active"/>
            <f name="tense" value="SimPre"/>
            <f name="type" value="FVG"/>
        </fs>
    </a>
    <node xml:id="n1"/>
    <a label="vchunk" ref="n1" as="xces">
        <fs>
            <f name="voice" value="active"/>
            <f name="tense" value="SimPre"/>
            <f name="type" value="FVG"/>
        </fs>
    </a>
    <node xml:id="n10"/>
    <a label="vchunk" ref="n10" as="xces">
        <fs>
            <f name="voice" value="active"/>
            <f name="tense" value="SimPre"/>
            <f name="type" value="FVG"/>
        </fs>
    </a>
    <node xml:id="n11"/>
    <a label="vchunk" ref="n11" as="xces">
        <fs>
            <f name="voice" value="active"/>
            <f name="tense" value="Inf"/>
            <f name="type" value="NFVG"/>
        </fs>
    </a>
    <node xml:id="n12"/>
    <a label="vchunk" ref="n12" as="xces">
        <fs>
            <f name="voice" value="active"/>
            <f name="tense" value="SimPre"/>
            <f name="type" value="FVG"/>
        </fs>
    </a>
    <node xml:id="n13"/>
    <a label="vchunk" ref="n13" as="xces">
        <fs>
            <f name="voice" value="active"/>
            <f name="tense" value="SimPre"/>
            <f name="type" value="FVG"/>
        </fs>
    </a>
    <node xml:id="n14"/>
    <a label="vchunk" ref="n14" as="xces">
        <fs>
            <f name="voice" value="active"/>
            <f name="tense" value="SimPre"/>
            <f name="type" value="FVG"/>
        </fs>
    </a>
    <node xml:id="n15"/>
    <a label="vchunk" ref="n15" as="xces">
        <fs>
            <f name="voice" value="active"/>
            <f name="tense" value="Pre"/>
            <f name="type" value="PART"/>
        </fs>
    </a>
    <node xml:id="n16"/>
    <a label="vchunk" ref="n16" as="xces">
        <fs>
            <f name="voice" value="active"/>
            <f name="tense" value="SimPre"/>
            <f name="type" value="FVG"/>
        </fs>
    </a>
    <node xml:id="n17"/>
    <a label="vchunk" ref="n17" as="xces">
        <fs>
            <f name="voice" value="active"/>
            <f name="tense" value="Inf"/>
            <f name="type" value="NFVG"/>
        </fs>
    </a>
    <node xml:id="n18"/>
    <a label="vchunk" ref="n18" as="xces">
        <fs>
            <f name="voice" value="active"/>
            <f name="tense" value="PreCon"/>
            <f name="type" value="FVG"/>
        </fs>
    </a>
    <node xml:id="n19"/>
    <a label="vchunk" ref="n19" as="xces">
        <fs>
            <f name="voice" value="active"/>
            <f name="tense" value="Inf"/>
            <f name="type" value="NFVG"/>
        </fs>
    </a>
    <node xml:id="n2"/>
    <a label="vchunk" ref="n2" as="xces">
        <fs>
            <f name="voice" value="active"/>
            <f name="tense" value="Pre"/>
            <f name="type" value="PART"/>
        </fs>
    </a>
    <node xml:id="n20"/>
    <a label="vchunk" ref="n20" as="xces">
        <fs>
            <f name="voice" value="active"/>
            <f name="tense" value="Inf"/>
            <f name="type" value="NFVG"/>
        </fs>
    </a>
    <node xml:id="n21"/>
    <a label="vchunk" ref="n21" as="xces">
        <fs>
            <f name="voice" value="active"/>
            <f name="tense" value="Inf"/>
            <f name="type" value="NFVG"/>
        </fs>
    </a>
    <node xml:id="n22"/>
    <a label="vchunk" ref="n22" as="xces">
        <fs>
            <f name="voice" value="active"/>
            <f name="tense" value="SimPre"/>
            <f name="type" value="FVG"/>
        </fs>
    </a>
    <node xml:id="n23"/>
    <a label="vchunk" ref="n23" as="xces">
        <fs>
            <f name="voice" value="active"/>
            <f name="tense" value="SimPre"/>
            <f name="type" value="FVG"/>
        </fs>
    </a>
    <node xml:id="n24"/>
    <a label="vchunk" ref="n24" as="xces">
        <fs>
            <f name="voice" value="active"/>
            <f name="tense" value="SimPre"/>
            <f name="type" value="FVG"/>
        </fs>
    </a>
    <node xml:id="n25"/>
    <a label="vchunk" ref="n25" as="xces">
        <fs>
            <f name="voice" value="active"/>
            <f name="tense" value="PreCon"/>
            <f name="type" value="FVG"/>
        </fs>
    </a>
    <node xml:id="n26"/>
    <a label="vchunk" ref="n26" as="xces">
        <fs>
            <f name="voice" value="active"/>
            <f name="tense" value="Inf"/>
            <f name="type" value="NFVG"/>
        </fs>
    </a>
    <node xml:id="n27"/>
    <a label="vchunk" ref="n27" as="xces">
        <fs>
            <f name="neg" value="yes"/>
            <f name="voice" value="active"/>
            <f name="tense" value="SimPre"/>
            <f name="type" value="FVG"/>
        </fs>
    </a>
    <node xml:id="n28"/>
    <a label="vchunk" ref="n28" as="xces">
        <fs>
            <f name="voice" value="active"/>
            <f name="tense" value="Inf"/>
            <f name="type" value="NFVG"/>
        </fs>
    </a>
    <node xml:id="n29"/>
    <a label="vchunk" ref="n29" as="xces">
        <fs>
            <f name="voice" value="active"/>
            <f name="tense" value="SimFut"/>
            <f name="type" value="FVG"/>
        </fs>
    </a>
    <node xml:id="n3"/>
    <a label="vchunk" ref="n3" as="xces">
        <fs>
            <f name="voice" value="active"/>
            <f name="tense" value="Pre"/>
            <f name="type" value="PART"/>
        </fs>
    </a>
    <node xml:id="n30"/>
    <a label="vchunk" ref="n30" as="xces">
        <fs>
            <f name="voice" value="none"/>
            <f name="tense" value="none"/>
            <f name="type" value="MODAL"/>
        </fs>
    </a>
    <node xml:id="n31"/>
    <a label="vchunk" ref="n31" as="xces">
        <fs>
            <f name="voice" value="active"/>
            <f name="tense" value="SimPre"/>
            <f name="type" value="FVG"/>
        </fs>
    </a>
    <node xml:id="n32"/>
    <a label="vchunk" ref="n32" as="xces">
        <fs>
            <f name="voice" value="none"/>
            <f name="tense" value="none"/>
            <f name="type" value="MODAL"/>
        </fs>
    </a>
    <node xml:id="n33"/>
    <a label="vchunk" ref="n33" as="xces">
        <fs>
            <f name="voice" value="active"/>
            <f name="tense" value="SimPre"/>
            <f name="type" value="FVG"/>
        </fs>
    </a>
    <node xml:id="n34"/>
    <a label="vchunk" ref="n34" as="xces">
        <fs>
            <f name="voice" value="active"/>
            <f name="tense" value="SimFut"/>
            <f name="type" value="FVG"/>
        </fs>
    </a>
    <node xml:id="n35"/>
    <a label="vchunk" ref="n35" as="xces">
        <fs>
            <f name="voice" value="active"/>
            <f name="tense" value="Inf"/>
            <f name="type" value="NFVG"/>
        </fs>
    </a>
    <node xml:id="n36"/>
    <a label="vchunk" ref="n36" as="xces">
        <fs>
            <f name="voice" value="active"/>
            <f name="tense" value="SimPre"/>
            <f name="type" value="FVG"/>
        </fs>
    </a>
    <node xml:id="n37"/>
    <a label="vchunk" ref="n37" as="xces">
        <fs>
            <f name="voice" value="active"/>
            <f name="tense" value="SimFut"/>
            <f name="type" value="FVG"/>
        </fs>
    </a>
    <node xml:id="n38"/>
    <a label="vchunk" ref="n38" as="xces">
        <fs>
            <f name="voice" value="active"/>
            <f name="tense" value="Inf"/>
            <f name="type" value="NFVG"/>
        </fs>
    </a>
    <node xml:id="n39"/>
    <a label="vchunk" ref="n39" as="xces">
        <fs>
            <f name="voice" value="active"/>
            <f name="tense" value="Inf"/>
            <f name="type" value="NFVG"/>
        </fs>
    </a>
    <node xml:id="n4"/>
    <a label="vchunk" ref="n4" as="xces">
        <fs>
            <f name="voice" value="active"/>
            <f name="tense" value="Pre"/>
            <f name="type" value="PART"/>
        </fs>
    </a>
    <node xml:id="n40"/>
    <a label="vchunk" ref="n40" as="xces">
        <fs>
            <f name="voice" value="active"/>
            <f name="tense" value="SimFut"/>
            <f name="type" value="FVG"/>
        </fs>
    </a>
    <node xml:id="n41"/>
    <a label="vchunk" ref="n41" as="xces">
        <fs>
            <f name="voice" value="none"/>
            <f name="tense" value="none"/>
            <f name="type" value="MODAL"/>
        </fs>
    </a>
    <node xml:id="n42"/>
    <a label="vchunk" ref="n42" as="xces">
        <fs>
            <f name="voice" value="active"/>
            <f name="tense" value="Inf"/>
            <f name="type" value="NFVG"/>
        </fs>
    </a>
    <node xml:id="n43"/>
    <a label="vchunk" ref="n43" as="xces">
        <fs>
            <f name="voice" value="active"/>
            <f name="tense" value="Inf"/>
            <f name="type" value="NFVG"/>
        </fs>
    </a>
    <node xml:id="n44"/>
    <a label="vchunk" ref="n44" as="xces">
        <fs>
            <f name="voice" value="active"/>
            <f name="tense" value="Inf"/>
            <f name="type" value="NFVG"/>
        </fs>
    </a>
    <node xml:id="n45"/>
    <a label="vchunk" ref="n45" as="xces">
        <fs>
            <f name="voice" value="active"/>
            <f name="tense" value="Inf"/>
            <f name="type" value="NFVG"/>
        </fs>
    </a>
    <node xml:id="n46"/>
    <a label="vchunk" ref="n46" as="xces">
        <fs>
            <f name="voice" value="active"/>
            <f name="tense" value="SimPre"/>
            <f name="type" value="FVG"/>
        </fs>
    </a>
    <node xml:id="n47"/>
    <a label="vchunk" ref="n47" as="xces">
        <fs>
            <f name="voice" value="active"/>
            <f name="tense" value="SimPre"/>
            <f name="type" value="FVG"/>
        </fs>
    </a>
    <node xml:id="n48"/>
    <a label="vchunk" ref="n48" as="xces">
        <fs>
            <f name="voice" value="active"/>
            <f name="tense" value="Inf"/>
            <f name="type" value="NFVG"/>
        </fs>
    </a>
    <node xml:id="n49"/>
    <a label="vchunk" ref="n49" as="xces">
        <fs>
            <f name="voice" value="active"/>
            <f name="tense" value="SimFut"/>
            <f name="type" value="FVG"/>
        </fs>
    </a>
    <node xml:id="n5"/>
    <a label="vchunk" ref="n5" as="xces">
        <fs>
            <f name="voice" value="active"/>
            <f name="tense" value="Pre"/>
            <f name="type" value="PART"/>
        </fs>
    </a>
    <node xml:id="n50"/>
    <a label="vchunk" ref="n50" as="xces">
        <fs>
            <f name="voice" value="active"/>
            <f name="tense" value="SimPre"/>
            <f name="type" value="FVG"/>
        </fs>
    </a>
    <node xml:id="n6"/>
    <a label="vchunk" ref="n6" as="xces">
        <fs>
            <f name="voice" value="active"/>
            <f name="tense" value="Inf"/>
            <f name="type" value="NFVG"/>
        </fs>
    </a>
    <node xml:id="n7"/>
    <a label="vchunk" ref="n7" as="xces">
        <fs>
            <f name="voice" value="active"/>
            <f name="tense" value="SimPre"/>
            <f name="type" value="FVG"/>
        </fs>
    </a>
    <node xml:id="n8"/>
    <a label="vchunk" ref="n8" as="xces">
        <fs>
            <f name="voice" value="active"/>
            <f name="tense" value="SimPre"/>
            <f name="type" value="FVG"/>
        </fs>
    </a>
    <node xml:id="n9"/>
    <a label="vchunk" ref="n9" as="xces">
        <fs>
            <f name="voice" value="active"/>
            <f name="tense" value="SimPre"/>
            <f name="type" value="FVG"/>
        </fs>
    </a>
    <edge xml:id="lnk69" from="n49" to="penn-n323"/>
    <edge xml:id="lnk68" from="n49" to="penn-n322"/>
    <edge xml:id="lnk67" from="n48" to="penn-n312"/>
    <edge xml:id="lnk66" from="n48" to="penn-n311"/>
    <edge xml:id="lnk65" from="n47" to="penn-n309"/>
    <edge xml:id="lnk64" from="n46" to="penn-n306"/>
    <edge xml:id="lnk63" from="n45" to="penn-n301"/>
    <edge xml:id="lnk62" from="n44" to="penn-n294"/>
    <edge xml:id="lnk61" from="n44" to="penn-n293"/>
    <edge xml:id="lnk60" from="n43" to="penn-n289"/>
    <edge xml:id="lnk59" from="n42" to="penn-n274"/>
    <edge xml:id="lnk58" from="n41" to="penn-n273"/>
    <edge xml:id="lnk57" from="n41" to="penn-n272"/>
    <edge xml:id="lnk56" from="n40" to="penn-n265"/>
    <edge xml:id="lnk55" from="n40" to="penn-n264"/>
    <edge xml:id="lnk54" from="n4" to="penn-n25"/>
    <edge xml:id="lnk53" from="n39" to="penn-n258"/>
    <edge xml:id="lnk52" from="n39" to="penn-n257"/>
    <edge xml:id="lnk51" from="n38" to="penn-n252"/>
    <edge xml:id="lnk50" from="n38" to="penn-n251"/>
    <edge xml:id="lnk49" from="n37" to="penn-n244"/>
    <edge xml:id="lnk48" from="n37" to="penn-n243"/>
    <edge xml:id="lnk47" from="n36" to="penn-n240"/>
    <edge xml:id="lnk46" from="n35" to="penn-n236"/>
    <edge xml:id="lnk45" from="n35" to="penn-n235"/>
    <edge xml:id="lnk44" from="n34" to="penn-n233"/>
    <edge xml:id="lnk43" from="n34" to="penn-n232"/>
    <edge xml:id="lnk42" from="n33" to="penn-n226"/>
    <edge xml:id="lnk41" from="n32" to="penn-n216"/>
    <edge xml:id="lnk40" from="n32" to="penn-n215"/>
    <edge xml:id="lnk39" from="n32" to="penn-n214"/>
    <edge xml:id="lnk38" from="n31" to="penn-n210"/>
    <edge xml:id="lnk37" from="n30" to="penn-n207"/>
    <edge xml:id="lnk36" from="n30" to="penn-n206"/>
    <edge xml:id="lnk35" from="n3" to="penn-n22"/>
    <edge xml:id="lnk34" from="n29" to="penn-n196"/>
    <edge xml:id="lnk33" from="n29" to="penn-n195"/>
    <edge xml:id="lnk32" from="n28" to="penn-n189"/>
    <edge xml:id="lnk31" from="n28" to="penn-n188"/>
    <edge xml:id="lnk30" from="n27" to="penn-n185"/>
    <edge xml:id="lnk9" from="n16" to="penn-n112"/>
    <edge xml:id="lnk8" from="n15" to="penn-n93"/>
    <edge xml:id="lnk7" from="n14" to="penn-n85"/>
    <edge xml:id="lnk6" from="n13" to="penn-n77"/>
    <edge xml:id="lnk5" from="n12" to="penn-n73"/>
    <edge xml:id="lnk4" from="n11" to="penn-n66"/>
    <edge xml:id="lnk3" from="n11" to="penn-n65"/>
    <edge xml:id="lnk2" from="n10" to="penn-n62"/>
    <edge xml:id="lnk29" from="n27" to="penn-n184"/>
    <edge xml:id="lnk1" from="n1" to="penn-n16"/>
    <edge xml:id="lnk28" from="n27" to="penn-n183"/>
    <edge xml:id="lnk0" from="n0" to="penn-n9"/>
    <edge xml:id="lnk27" from="n26" to="penn-n176"/>
    <edge xml:id="lnk26" from="n26" to="penn-n175"/>
    <edge xml:id="lnk25" from="n25" to="penn-n174"/>
    <edge xml:id="lnk24" from="n25" to="penn-n173"/>
    <edge xml:id="lnk23" from="n24" to="penn-n169"/>
    <edge xml:id="lnk22" from="n23" to="penn-n156"/>
    <edge xml:id="lnk21" from="n22" to="penn-n149"/>
    <edge xml:id="lnk20" from="n21" to="penn-n141"/>
    <edge xml:id="lnk19" from="n21" to="penn-n140"/>
    <edge xml:id="lnk18" from="n20" to="penn-n134"/>
    <edge xml:id="lnk17" from="n20" to="penn-n133"/>
    <edge xml:id="lnk16" from="n20" to="penn-n132"/>
    <edge xml:id="lnk15" from="n2" to="penn-n19"/>
    <edge xml:id="lnk14" from="n19" to="penn-n128"/>
    <edge xml:id="lnk13" from="n19" to="penn-n127"/>
    <edge xml:id="lnk12" from="n18" to="penn-n125"/>
    <edge xml:id="lnk76" from="n9" to="penn-n54"/>
    <edge xml:id="lnk11" from="n18" to="penn-n124"/>
    <edge xml:id="lnk75" from="n8" to="penn-n46"/>
    <edge xml:id="lnk10" from="n17" to="penn-n117"/>
    <edge xml:id="lnk74" from="n7" to="penn-n39"/>
    <edge xml:id="lnk73" from="n6" to="penn-n32"/>
    <edge xml:id="lnk72" from="n6" to="penn-n31"/>
    <edge xml:id="lnk71" from="n50" to="penn-n326"/>
    <edge xml:id="lnk70" from="n5" to="penn-n29"/>
</graph>
