<?xml version="1.0" encoding="UTF-8"?>
<graph xmlns="http://www.xces.org/ns/GrAF/1.0/">
    <header>
        <tagsDecl>
            <tagUsage gi="UCP" occurs="1"/>
            <tagUsage gi="FRAG" occurs="1"/>
            <tagUsage gi="INTJ" occurs="1"/>
            <tagUsage gi="Trace" occurs="14"/>
            <tagUsage gi="VP" occurs="45"/>
            <tagUsage gi="NML" occurs="4"/>
            <tagUsage gi="PRT" occurs="1"/>
            <tagUsage gi="ADVP" occurs="9"/>
            <tagUsage gi="NP" occurs="128"/>
            <tagUsage gi="SBAR" occurs="12"/>
            <tagUsage gi="PP" occurs="31"/>
            <tagUsage gi="S" occurs="35"/>
            <tagUsage gi="WHNP" occurs="7"/>
            <tagUsage gi="WHADVP" occurs="2"/>
            <tagUsage gi="ADJP" occurs="5"/>
        </tagsDecl>
        <roots>
            <root>ptb-n00000</root>
        </roots>
        <dependencies>
            <dependsOn type="ptbtok"/>
        </dependencies>
        <annotationSets>
            <annotationSet name="PTB" type="http://www.cis.upenn.edu/~treebank/"/>
        </annotationSets>
    </header>
    <node xml:id="ptb-n00000"/>
    <node xml:id="ptb-n00565"/>
    <a label="NP" ref="ptb-n00565" as="PTB">
        <fs>
            <f name="cat" value="NP"/>
        </fs>
    </a>
    <edge xml:id="ptb-e00582" from="ptb-n00565" to="ptb-n00590"/>
    <edge xml:id="ptb-e00581" from="ptb-n00565" to="ptb-n00589"/>
    <node xml:id="ptb-n00576"/>
    <a label="SBAR" ref="ptb-n00576" as="PTB">
        <fs>
            <f name="cat" value="SBAR"/>
        </fs>
    </a>
    <node xml:id="ptb-n00579"/>
    <a label="S" ref="ptb-n00579" as="PTB">
        <fs>
            <f name="cat" value="S"/>
        </fs>
    </a>
    <node xml:id="ptb-n00583"/>
    <a label="VP" ref="ptb-n00583" as="PTB">
        <fs>
            <f name="cat" value="VP"/>
        </fs>
    </a>
    <node xml:id="ptb-n00587"/>
    <a label="ADVP" ref="ptb-n00587" as="PTB">
        <fs>
            <f name="cat" value="ADVP"/>
            <f name="roles" value="LOC"/>
        </fs>
    </a>
    <node xml:id="ptb-n00588"/>
    <a label="Trace" ref="ptb-n00588" as="PTB">
        <fs>
            <f name="cat" value="*T*"/>
        </fs>
    </a>
    <node xml:id="ptb-n00577"/>
    <a label="WHADVP" ref="ptb-n00577" as="PTB">
        <fs>
            <f name="cat" value="WHADVP"/>
        </fs>
    </a>
    <edge xml:id="ptb-e00567" from="ptb-n00577" to="ptb-n00578"/>
    <edge xml:id="ptb-e00575" from="ptb-n00588" to="ptb-n00577"/>
    <edge xml:id="ptb-e00576" from="ptb-n00587" to="ptb-n00588"/>
    <edge xml:id="ptb-e00577" from="ptb-n00583" to="ptb-n00587"/>
    <node xml:id="ptb-n00585"/>
    <a label="ADJP" ref="ptb-n00585" as="PTB">
        <fs>
            <f name="cat" value="ADJP"/>
            <f name="roles" value="PRD"/>
        </fs>
    </a>
    <edge xml:id="ptb-e00573" from="ptb-n00585" to="ptb-n00586"/>
    <edge xml:id="ptb-e00574" from="ptb-n00583" to="ptb-n00585"/>
    <edge xml:id="ptb-e00572" from="ptb-n00583" to="ptb-n00584"/>
    <edge xml:id="ptb-e00578" from="ptb-n00579" to="ptb-n00583"/>
    <node xml:id="ptb-n00580"/>
    <a label="NP" ref="ptb-n00580" as="PTB">
        <fs>
            <f name="cat" value="NP"/>
            <f name="roles" value="SBJ"/>
        </fs>
    </a>
    <edge xml:id="ptb-e00570" from="ptb-n00580" to="ptb-n00582"/>
    <edge xml:id="ptb-e00569" from="ptb-n00580" to="ptb-n00581"/>
    <edge xml:id="ptb-e00571" from="ptb-n00579" to="ptb-n00580"/>
    <edge xml:id="ptb-e00579" from="ptb-n00576" to="ptb-n00579"/>
    <edge xml:id="ptb-e00568" from="ptb-n00576" to="ptb-n00577"/>
    <edge xml:id="ptb-e00580" from="ptb-n00565" to="ptb-n00576"/>
    <edge xml:id="ptb-e00566" from="ptb-n00565" to="ptb-n00575"/>
    <edge xml:id="ptb-e00565" from="ptb-n00565" to="ptb-n00574"/>
    <node xml:id="ptb-n00566"/>
    <a label="NP" ref="ptb-n00566" as="PTB">
        <fs>
            <f name="cat" value="NP"/>
        </fs>
    </a>
    <edge xml:id="ptb-e00563" from="ptb-n00566" to="ptb-n00573"/>
    <node xml:id="ptb-n00567"/>
    <a label="NP" ref="ptb-n00567" as="PTB">
        <fs>
            <f name="cat" value="NP"/>
        </fs>
    </a>
    <edge xml:id="ptb-e00561" from="ptb-n00567" to="ptb-n00572"/>
    <edge xml:id="ptb-e00560" from="ptb-n00567" to="ptb-n00571"/>
    <node xml:id="ptb-n00568"/>
    <a label="NML" ref="ptb-n00568" as="PTB">
        <fs>
            <f name="cat" value="NML"/>
        </fs>
    </a>
    <edge xml:id="ptb-e00558" from="ptb-n00568" to="ptb-n00570"/>
    <edge xml:id="ptb-e00557" from="ptb-n00568" to="ptb-n00569"/>
    <edge xml:id="ptb-e00559" from="ptb-n00567" to="ptb-n00568"/>
    <edge xml:id="ptb-e00562" from="ptb-n00566" to="ptb-n00567"/>
    <edge xml:id="ptb-e00564" from="ptb-n00565" to="ptb-n00566"/>
    <edge xml:id="e602" from="ptb-n00000" to="ptb-n00565"/>
    <node xml:id="ptb-n00468"/>
    <a label="S" ref="ptb-n00468" as="PTB">
        <fs>
            <f name="cat" value="S"/>
        </fs>
    </a>
    <edge xml:id="ptb-e00472" from="ptb-n00468" to="ptb-n00479"/>
    <node xml:id="ptb-n00471"/>
    <a label="VP" ref="ptb-n00471" as="PTB">
        <fs>
            <f name="cat" value="VP"/>
        </fs>
    </a>
    <node xml:id="ptb-n00473"/>
    <a label="NP" ref="ptb-n00473" as="PTB">
        <fs>
            <f name="cat" value="NP"/>
            <f name="roles" value="PRD"/>
        </fs>
    </a>
    <edge xml:id="ptb-e00469" from="ptb-n00473" to="ptb-n00478"/>
    <edge xml:id="ptb-e00468" from="ptb-n00473" to="ptb-n00477"/>
    <edge xml:id="ptb-e00467" from="ptb-n00473" to="ptb-n00476"/>
    <edge xml:id="ptb-e00466" from="ptb-n00473" to="ptb-n00475"/>
    <edge xml:id="ptb-e00465" from="ptb-n00473" to="ptb-n00474"/>
    <edge xml:id="ptb-e00470" from="ptb-n00471" to="ptb-n00473"/>
    <edge xml:id="ptb-e00464" from="ptb-n00471" to="ptb-n00472"/>
    <edge xml:id="ptb-e00471" from="ptb-n00468" to="ptb-n00471"/>
    <node xml:id="ptb-n00469"/>
    <a label="NP" ref="ptb-n00469" as="PTB">
        <fs>
            <f name="cat" value="NP"/>
            <f name="roles" value="SBJ"/>
        </fs>
    </a>
    <edge xml:id="ptb-e00462" from="ptb-n00469" to="ptb-n00470"/>
    <edge xml:id="ptb-e00463" from="ptb-n00468" to="ptb-n00469"/>
    <edge xml:id="e488" from="ptb-n00000" to="ptb-n00468"/>
    <node xml:id="ptb-n00440"/>
    <a label="S" ref="ptb-n00440" as="PTB">
        <fs>
            <f name="cat" value="S"/>
        </fs>
    </a>
    <edge xml:id="ptb-e00461" from="ptb-n00440" to="ptb-n00467"/>
    <node xml:id="ptb-n00443"/>
    <a label="VP" ref="ptb-n00443" as="PTB">
        <fs>
            <f name="cat" value="VP"/>
        </fs>
    </a>
    <node xml:id="ptb-n00445"/>
    <a label="ADJP" ref="ptb-n00445" as="PTB">
        <fs>
            <f name="cat" value="ADJP"/>
            <f name="roles" value="PRD"/>
        </fs>
    </a>
    <node xml:id="ptb-n00447"/>
    <a label="PP" ref="ptb-n00447" as="PTB">
        <fs>
            <f name="cat" value="PP"/>
        </fs>
    </a>
    <node xml:id="ptb-n00449"/>
    <a label="NP" ref="ptb-n00449" as="PTB">
        <fs>
            <f name="cat" value="NP"/>
        </fs>
    </a>
    <node xml:id="ptb-n00454"/>
    <a label="NP" ref="ptb-n00454" as="PTB">
        <fs>
            <f name="cat" value="NP"/>
        </fs>
    </a>
    <node xml:id="ptb-n00457"/>
    <a label="SBAR" ref="ptb-n00457" as="PTB">
        <fs>
            <f name="cat" value="SBAR"/>
        </fs>
    </a>
    <node xml:id="ptb-n00460"/>
    <a label="S" ref="ptb-n00460" as="PTB">
        <fs>
            <f name="cat" value="S"/>
        </fs>
    </a>
    <node xml:id="ptb-n00463"/>
    <a label="VP" ref="ptb-n00463" as="PTB">
        <fs>
            <f name="cat" value="VP"/>
        </fs>
    </a>
    <node xml:id="ptb-n00465"/>
    <a label="NP" ref="ptb-n00465" as="PTB">
        <fs>
            <f name="cat" value="NP"/>
        </fs>
    </a>
    <node xml:id="ptb-n00466"/>
    <a label="Trace" ref="ptb-n00466" as="PTB">
        <fs>
            <f name="cat" value="*T*"/>
        </fs>
    </a>
    <node xml:id="ptb-n00458"/>
    <a label="WHNP" ref="ptb-n00458" as="PTB">
        <fs>
            <f name="cat" value="WHNP"/>
        </fs>
    </a>
    <edge xml:id="ptb-e00445" from="ptb-n00458" to="ptb-n00459"/>
    <edge xml:id="ptb-e00450" from="ptb-n00466" to="ptb-n00458"/>
    <edge xml:id="ptb-e00451" from="ptb-n00465" to="ptb-n00466"/>
    <edge xml:id="ptb-e00452" from="ptb-n00463" to="ptb-n00465"/>
    <edge xml:id="ptb-e00449" from="ptb-n00463" to="ptb-n00464"/>
    <edge xml:id="ptb-e00453" from="ptb-n00460" to="ptb-n00463"/>
    <node xml:id="ptb-n00461"/>
    <a label="NP" ref="ptb-n00461" as="PTB">
        <fs>
            <f name="cat" value="NP"/>
            <f name="roles" value="SBJ"/>
        </fs>
    </a>
    <edge xml:id="ptb-e00447" from="ptb-n00461" to="ptb-n00462"/>
    <edge xml:id="ptb-e00448" from="ptb-n00460" to="ptb-n00461"/>
    <edge xml:id="ptb-e00454" from="ptb-n00457" to="ptb-n00460"/>
    <edge xml:id="ptb-e00446" from="ptb-n00457" to="ptb-n00458"/>
    <edge xml:id="ptb-e00455" from="ptb-n00454" to="ptb-n00457"/>
    <node xml:id="ptb-n00455"/>
    <a label="NP" ref="ptb-n00455" as="PTB">
        <fs>
            <f name="cat" value="NP"/>
        </fs>
    </a>
    <edge xml:id="ptb-e00443" from="ptb-n00455" to="ptb-n00456"/>
    <edge xml:id="ptb-e00444" from="ptb-n00454" to="ptb-n00455"/>
    <edge xml:id="ptb-e00456" from="ptb-n00449" to="ptb-n00454"/>
    <edge xml:id="ptb-e00442" from="ptb-n00449" to="ptb-n00453"/>
    <node xml:id="ptb-n00450"/>
    <a label="NP" ref="ptb-n00450" as="PTB">
        <fs>
            <f name="cat" value="NP"/>
        </fs>
    </a>
    <edge xml:id="ptb-e00440" from="ptb-n00450" to="ptb-n00452"/>
    <edge xml:id="ptb-e00439" from="ptb-n00450" to="ptb-n00451"/>
    <edge xml:id="ptb-e00441" from="ptb-n00449" to="ptb-n00450"/>
    <edge xml:id="ptb-e00457" from="ptb-n00447" to="ptb-n00449"/>
    <edge xml:id="ptb-e00438" from="ptb-n00447" to="ptb-n00448"/>
    <edge xml:id="ptb-e00458" from="ptb-n00445" to="ptb-n00447"/>
    <edge xml:id="ptb-e00437" from="ptb-n00445" to="ptb-n00446"/>
    <edge xml:id="ptb-e00459" from="ptb-n00443" to="ptb-n00445"/>
    <edge xml:id="ptb-e00436" from="ptb-n00443" to="ptb-n00444"/>
    <edge xml:id="ptb-e00460" from="ptb-n00440" to="ptb-n00443"/>
    <node xml:id="ptb-n00441"/>
    <a label="NP" ref="ptb-n00441" as="PTB">
        <fs>
            <f name="cat" value="NP"/>
            <f name="roles" value="SBJ"/>
        </fs>
    </a>
    <edge xml:id="ptb-e00434" from="ptb-n00441" to="ptb-n00442"/>
    <edge xml:id="ptb-e00435" from="ptb-n00440" to="ptb-n00441"/>
    <edge xml:id="e476" from="ptb-n00000" to="ptb-n00440"/>
    <node xml:id="ptb-n00067"/>
    <a label="S" ref="ptb-n00067" as="PTB">
        <fs>
            <f name="cat" value="S"/>
        </fs>
    </a>
    <node xml:id="ptb-n00068"/>
    <a label="NP" ref="ptb-n00068" as="PTB">
        <fs>
            <f name="cat" value="NP"/>
            <f name="roles" value="SBJ"/>
        </fs>
    </a>
    <edge xml:id="ptb-e00068" from="ptb-n00068" to="ptb-n00075"/>
    <node xml:id="ptb-n00069"/>
    <a label="UCP" ref="ptb-n00069" as="PTB">
        <fs>
            <f name="cat" value="UCP"/>
        </fs>
    </a>
    <edge xml:id="ptb-e00066" from="ptb-n00069" to="ptb-n00074"/>
    <edge xml:id="ptb-e00065" from="ptb-n00069" to="ptb-n00073"/>
    <edge xml:id="ptb-e00064" from="ptb-n00069" to="ptb-n00072"/>
    <edge xml:id="ptb-e00063" from="ptb-n00069" to="ptb-n00071"/>
    <edge xml:id="ptb-e00062" from="ptb-n00069" to="ptb-n00070"/>
    <edge xml:id="ptb-e00067" from="ptb-n00068" to="ptb-n00069"/>
    <edge xml:id="ptb-e00069" from="ptb-n00067" to="ptb-n00068"/>
    <edge xml:id="ptb-e00104" from="ptb-n00067" to="ptb-n00109"/>
    <node xml:id="ptb-n00076"/>
    <a label="VP" ref="ptb-n00076" as="PTB">
        <fs>
            <f name="cat" value="VP"/>
        </fs>
    </a>
    <edge xml:id="ptb-e00070" from="ptb-n00076" to="ptb-n00077"/>
    <node xml:id="ptb-n00078"/>
    <a label="VP" ref="ptb-n00078" as="PTB">
        <fs>
            <f name="cat" value="VP"/>
        </fs>
    </a>
    <edge xml:id="ptb-e00073" from="ptb-n00078" to="ptb-n00081"/>
    <edge xml:id="ptb-e00072" from="ptb-n00078" to="ptb-n00080"/>
    <edge xml:id="ptb-e00071" from="ptb-n00078" to="ptb-n00079"/>
    <node xml:id="ptb-n00082"/>
    <a label="NP" ref="ptb-n00082" as="PTB">
        <fs>
            <f name="cat" value="NP"/>
        </fs>
    </a>
    <node xml:id="ptb-n00083"/>
    <a label="NP" ref="ptb-n00083" as="PTB">
        <fs>
            <f name="cat" value="NP"/>
        </fs>
    </a>
    <edge xml:id="ptb-e00079" from="ptb-n00083" to="ptb-n00089"/>
    <edge xml:id="ptb-e00078" from="ptb-n00083" to="ptb-n00088"/>
    <node xml:id="ptb-n00084"/>
    <a label="ADJP" ref="ptb-n00084" as="PTB">
        <fs>
            <f name="cat" value="ADJP"/>
        </fs>
    </a>
    <edge xml:id="ptb-e00076" from="ptb-n00084" to="ptb-n00087"/>
    <edge xml:id="ptb-e00075" from="ptb-n00084" to="ptb-n00086"/>
    <edge xml:id="ptb-e00074" from="ptb-n00084" to="ptb-n00085"/>
    <edge xml:id="ptb-e00077" from="ptb-n00083" to="ptb-n00084"/>
    <edge xml:id="ptb-e00080" from="ptb-n00082" to="ptb-n00083"/>
    <node xml:id="ptb-n00090"/>
    <a label="PP" ref="ptb-n00090" as="PTB">
        <fs>
            <f name="cat" value="PP"/>
        </fs>
    </a>
    <edge xml:id="ptb-e00081" from="ptb-n00090" to="ptb-n00091"/>
    <node xml:id="ptb-n00092"/>
    <a label="NP" ref="ptb-n00092" as="PTB">
        <fs>
            <f name="cat" value="NP"/>
        </fs>
    </a>
    <node xml:id="ptb-n00093"/>
    <a label="NP" ref="ptb-n00093" as="PTB">
        <fs>
            <f name="cat" value="NP"/>
        </fs>
    </a>
    <edge xml:id="ptb-e00082" from="ptb-n00093" to="ptb-n00094"/>
    <edge xml:id="ptb-e00083" from="ptb-n00092" to="ptb-n00093"/>
    <node xml:id="ptb-n00095"/>
    <a label="SBAR" ref="ptb-n00095" as="PTB">
        <fs>
            <f name="cat" value="SBAR"/>
        </fs>
    </a>
    <node xml:id="ptb-n00096"/>
    <a label="WHNP" ref="ptb-n00096" as="PTB">
        <fs>
            <f name="cat" value="WHNP"/>
        </fs>
    </a>
    <edge xml:id="ptb-e00084" from="ptb-n00096" to="ptb-n00097"/>
    <edge xml:id="ptb-e00085" from="ptb-n00095" to="ptb-n00096"/>
    <node xml:id="ptb-n00098"/>
    <a label="S" ref="ptb-n00098" as="PTB">
        <fs>
            <f name="cat" value="S"/>
        </fs>
    </a>
    <node xml:id="ptb-n00099"/>
    <a label="NP" ref="ptb-n00099" as="PTB">
        <fs>
            <f name="cat" value="NP"/>
            <f name="roles" value="SBJ"/>
        </fs>
    </a>
    <node xml:id="ptb-n00100"/>
    <a label="Trace" ref="ptb-n00100" as="PTB">
        <fs>
            <f name="cat" value="*T*"/>
        </fs>
    </a>
    <edge xml:id="ptb-e00086" from="ptb-n00100" to="ptb-n00096"/>
    <edge xml:id="ptb-e00087" from="ptb-n00099" to="ptb-n00100"/>
    <edge xml:id="ptb-e00088" from="ptb-n00098" to="ptb-n00099"/>
    <node xml:id="ptb-n00101"/>
    <a label="VP" ref="ptb-n00101" as="PTB">
        <fs>
            <f name="cat" value="VP"/>
        </fs>
    </a>
    <node xml:id="ptb-n00105"/>
    <a label="PP" ref="ptb-n00105" as="PTB">
        <fs>
            <f name="cat" value="PP"/>
            <f name="roles" value="PRD"/>
        </fs>
    </a>
    <node xml:id="ptb-n00107"/>
    <a label="NP" ref="ptb-n00107" as="PTB">
        <fs>
            <f name="cat" value="NP"/>
        </fs>
    </a>
    <edge xml:id="ptb-e00093" from="ptb-n00107" to="ptb-n00108"/>
    <edge xml:id="ptb-e00094" from="ptb-n00105" to="ptb-n00107"/>
    <edge xml:id="ptb-e00092" from="ptb-n00105" to="ptb-n00106"/>
    <edge xml:id="ptb-e00095" from="ptb-n00101" to="ptb-n00105"/>
    <node xml:id="ptb-n00103"/>
    <a label="ADVP" ref="ptb-n00103" as="PTB">
        <fs>
            <f name="cat" value="ADVP"/>
        </fs>
    </a>
    <edge xml:id="ptb-e00090" from="ptb-n00103" to="ptb-n00104"/>
    <edge xml:id="ptb-e00091" from="ptb-n00101" to="ptb-n00103"/>
    <edge xml:id="ptb-e00089" from="ptb-n00101" to="ptb-n00102"/>
    <edge xml:id="ptb-e00096" from="ptb-n00098" to="ptb-n00101"/>
    <edge xml:id="ptb-e00097" from="ptb-n00095" to="ptb-n00098"/>
    <edge xml:id="ptb-e00098" from="ptb-n00092" to="ptb-n00095"/>
    <edge xml:id="ptb-e00099" from="ptb-n00090" to="ptb-n00092"/>
    <edge xml:id="ptb-e00100" from="ptb-n00082" to="ptb-n00090"/>
    <edge xml:id="ptb-e00101" from="ptb-n00078" to="ptb-n00082"/>
    <edge xml:id="ptb-e00102" from="ptb-n00076" to="ptb-n00078"/>
    <edge xml:id="ptb-e00103" from="ptb-n00067" to="ptb-n00076"/>
    <edge xml:id="e110" from="ptb-n00000" to="ptb-n00067"/>
    <node xml:id="ptb-n00409"/>
    <a label="S" ref="ptb-n00409" as="PTB">
        <fs>
            <f name="cat" value="S"/>
        </fs>
    </a>
    <edge xml:id="ptb-e00433" from="ptb-n00409" to="ptb-n00439"/>
    <node xml:id="ptb-n00412"/>
    <a label="VP" ref="ptb-n00412" as="PTB">
        <fs>
            <f name="cat" value="VP"/>
        </fs>
    </a>
    <node xml:id="ptb-n00421"/>
    <a label="S" ref="ptb-n00421" as="PTB">
        <fs>
            <f name="cat" value="S"/>
            <f name="roles" value="ADV"/>
        </fs>
    </a>
    <node xml:id="ptb-n00424"/>
    <a label="ADJP" ref="ptb-n00424" as="PTB">
        <fs>
            <f name="cat" value="ADJP"/>
            <f name="roles" value="PRD"/>
        </fs>
    </a>
    <node xml:id="ptb-n00428"/>
    <a label="S" ref="ptb-n00428" as="PTB">
        <fs>
            <f name="cat" value="S"/>
        </fs>
    </a>
    <node xml:id="ptb-n00431"/>
    <a label="VP" ref="ptb-n00431" as="PTB">
        <fs>
            <f name="cat" value="VP"/>
        </fs>
    </a>
    <node xml:id="ptb-n00433"/>
    <a label="VP" ref="ptb-n00433" as="PTB">
        <fs>
            <f name="cat" value="VP"/>
        </fs>
    </a>
    <node xml:id="ptb-n00435"/>
    <a label="PP" ref="ptb-n00435" as="PTB">
        <fs>
            <f name="cat" value="PP"/>
            <f name="roles" value="CLR"/>
        </fs>
    </a>
    <node xml:id="ptb-n00437"/>
    <a label="NP" ref="ptb-n00437" as="PTB">
        <fs>
            <f name="cat" value="NP"/>
        </fs>
    </a>
    <edge xml:id="ptb-e00424" from="ptb-n00437" to="ptb-n00438"/>
    <edge xml:id="ptb-e00425" from="ptb-n00435" to="ptb-n00437"/>
    <edge xml:id="ptb-e00423" from="ptb-n00435" to="ptb-n00436"/>
    <edge xml:id="ptb-e00426" from="ptb-n00433" to="ptb-n00435"/>
    <edge xml:id="ptb-e00422" from="ptb-n00433" to="ptb-n00434"/>
    <edge xml:id="ptb-e00427" from="ptb-n00431" to="ptb-n00433"/>
    <edge xml:id="ptb-e00421" from="ptb-n00431" to="ptb-n00432"/>
    <edge xml:id="ptb-e00428" from="ptb-n00428" to="ptb-n00431"/>
    <node xml:id="ptb-n00429"/>
    <a label="NP" ref="ptb-n00429" as="PTB">
        <fs>
            <f name="cat" value="NP"/>
            <f name="roles" value="SBJ"/>
        </fs>
    </a>
    <node xml:id="ptb-n00430"/>
    <a label="Trace" ref="ptb-n00430" as="PTB">
        <fs>
            <f name="cat" value="*PRO*"/>
        </fs>
    </a>
    <node xml:id="ptb-n00422"/>
    <a label="NP" ref="ptb-n00422" as="PTB">
        <fs>
            <f name="cat" value="NP"/>
            <f name="roles" value="SBJ"/>
        </fs>
    </a>
    <node xml:id="ptb-n00423"/>
    <a label="Trace" ref="ptb-n00423" as="PTB">
        <fs>
            <f name="cat" value="*PRO*"/>
        </fs>
    </a>
    <node xml:id="ptb-n00410"/>
    <a label="NP" ref="ptb-n00410" as="PTB">
        <fs>
            <f name="cat" value="NP"/>
            <f name="roles" value="SBJ"/>
        </fs>
    </a>
    <edge xml:id="ptb-e00402" from="ptb-n00410" to="ptb-n00411"/>
    <edge xml:id="ptb-e00412" from="ptb-n00423" to="ptb-n00410"/>
    <edge xml:id="ptb-e00413" from="ptb-n00422" to="ptb-n00423"/>
    <edge xml:id="ptb-e00418" from="ptb-n00430" to="ptb-n00422"/>
    <edge xml:id="ptb-e00419" from="ptb-n00429" to="ptb-n00430"/>
    <edge xml:id="ptb-e00420" from="ptb-n00428" to="ptb-n00429"/>
    <edge xml:id="ptb-e00429" from="ptb-n00424" to="ptb-n00428"/>
    <edge xml:id="ptb-e00417" from="ptb-n00424" to="ptb-n00427"/>
    <edge xml:id="ptb-e00416" from="ptb-n00424" to="ptb-n00426"/>
    <edge xml:id="ptb-e00415" from="ptb-n00424" to="ptb-n00425"/>
    <edge xml:id="ptb-e00430" from="ptb-n00421" to="ptb-n00424"/>
    <edge xml:id="ptb-e00414" from="ptb-n00421" to="ptb-n00422"/>
    <edge xml:id="ptb-e00431" from="ptb-n00412" to="ptb-n00421"/>
    <edge xml:id="ptb-e00411" from="ptb-n00412" to="ptb-n00420"/>
    <node xml:id="ptb-n00418"/>
    <a label="ADVP" ref="ptb-n00418" as="PTB">
        <fs>
            <f name="cat" value="ADVP"/>
        </fs>
    </a>
    <edge xml:id="ptb-e00409" from="ptb-n00418" to="ptb-n00419"/>
    <edge xml:id="ptb-e00410" from="ptb-n00412" to="ptb-n00418"/>
    <edge xml:id="ptb-e00408" from="ptb-n00412" to="ptb-n00417"/>
    <node xml:id="ptb-n00414"/>
    <a label="NP" ref="ptb-n00414" as="PTB">
        <fs>
            <f name="cat" value="NP"/>
        </fs>
    </a>
    <edge xml:id="ptb-e00406" from="ptb-n00414" to="ptb-n00416"/>
    <edge xml:id="ptb-e00405" from="ptb-n00414" to="ptb-n00415"/>
    <edge xml:id="ptb-e00407" from="ptb-n00412" to="ptb-n00414"/>
    <edge xml:id="ptb-e00404" from="ptb-n00412" to="ptb-n00413"/>
    <edge xml:id="ptb-e00432" from="ptb-n00409" to="ptb-n00412"/>
    <edge xml:id="ptb-e00403" from="ptb-n00409" to="ptb-n00410"/>
    <edge xml:id="e447" from="ptb-n00000" to="ptb-n00409"/>
    <node xml:id="ptb-n00374"/>
    <a label="S" ref="ptb-n00374" as="PTB">
        <fs>
            <f name="cat" value="S"/>
        </fs>
    </a>
    <edge xml:id="ptb-e00388" from="ptb-n00374" to="ptb-n00395"/>
    <node xml:id="ptb-n00375"/>
    <a label="S" ref="ptb-n00375" as="PTB">
        <fs>
            <f name="cat" value="S"/>
        </fs>
    </a>
    <node xml:id="ptb-n00383"/>
    <a label="VP" ref="ptb-n00383" as="PTB">
        <fs>
            <f name="cat" value="VP"/>
        </fs>
    </a>
    <node xml:id="ptb-n00385"/>
    <a label="NP" ref="ptb-n00385" as="PTB">
        <fs>
            <f name="cat" value="NP"/>
            <f name="roles" value="PRD"/>
        </fs>
    </a>
    <node xml:id="ptb-n00389"/>
    <a label="PP" ref="ptb-n00389" as="PTB">
        <fs>
            <f name="cat" value="PP"/>
        </fs>
    </a>
    <node xml:id="ptb-n00391"/>
    <a label="NP" ref="ptb-n00391" as="PTB">
        <fs>
            <f name="cat" value="NP"/>
        </fs>
    </a>
    <edge xml:id="ptb-e00382" from="ptb-n00391" to="ptb-n00394"/>
    <edge xml:id="ptb-e00381" from="ptb-n00391" to="ptb-n00393"/>
    <edge xml:id="ptb-e00380" from="ptb-n00391" to="ptb-n00392"/>
    <edge xml:id="ptb-e00383" from="ptb-n00389" to="ptb-n00391"/>
    <edge xml:id="ptb-e00379" from="ptb-n00389" to="ptb-n00390"/>
    <edge xml:id="ptb-e00384" from="ptb-n00385" to="ptb-n00389"/>
    <node xml:id="ptb-n00386"/>
    <a label="NP" ref="ptb-n00386" as="PTB">
        <fs>
            <f name="cat" value="NP"/>
        </fs>
    </a>
    <edge xml:id="ptb-e00377" from="ptb-n00386" to="ptb-n00388"/>
    <edge xml:id="ptb-e00376" from="ptb-n00386" to="ptb-n00387"/>
    <edge xml:id="ptb-e00378" from="ptb-n00385" to="ptb-n00386"/>
    <edge xml:id="ptb-e00385" from="ptb-n00383" to="ptb-n00385"/>
    <edge xml:id="ptb-e00375" from="ptb-n00383" to="ptb-n00384"/>
    <edge xml:id="ptb-e00386" from="ptb-n00375" to="ptb-n00383"/>
    <node xml:id="ptb-n00381"/>
    <a label="NP" ref="ptb-n00381" as="PTB">
        <fs>
            <f name="cat" value="NP"/>
            <f name="roles" value="SBJ"/>
        </fs>
    </a>
    <edge xml:id="ptb-e00373" from="ptb-n00381" to="ptb-n00382"/>
    <edge xml:id="ptb-e00374" from="ptb-n00375" to="ptb-n00381"/>
    <edge xml:id="ptb-e00372" from="ptb-n00375" to="ptb-n00380"/>
    <node xml:id="ptb-n00376"/>
    <a label="PP" ref="ptb-n00376" as="PTB">
        <fs>
            <f name="cat" value="PP"/>
        </fs>
    </a>
    <node xml:id="ptb-n00378"/>
    <a label="NP" ref="ptb-n00378" as="PTB">
        <fs>
            <f name="cat" value="NP"/>
        </fs>
    </a>
    <edge xml:id="ptb-e00369" from="ptb-n00378" to="ptb-n00379"/>
    <edge xml:id="ptb-e00370" from="ptb-n00376" to="ptb-n00378"/>
    <edge xml:id="ptb-e00368" from="ptb-n00376" to="ptb-n00377"/>
    <edge xml:id="ptb-e00371" from="ptb-n00375" to="ptb-n00376"/>
    <edge xml:id="ptb-e00387" from="ptb-n00374" to="ptb-n00375"/>
    <edge xml:id="ptb-e00401" from="ptb-n00374" to="ptb-n00408"/>
    <node xml:id="ptb-n00396"/>
    <a label="S" ref="ptb-n00396" as="PTB">
        <fs>
            <f name="cat" value="S"/>
        </fs>
    </a>
    <node xml:id="ptb-n00404"/>
    <a label="VP" ref="ptb-n00404" as="PTB">
        <fs>
            <f name="cat" value="VP"/>
        </fs>
    </a>
    <node xml:id="ptb-n00406"/>
    <a label="NP" ref="ptb-n00406" as="PTB">
        <fs>
            <f name="cat" value="NP"/>
        </fs>
    </a>
    <edge xml:id="ptb-e00397" from="ptb-n00406" to="ptb-n00407"/>
    <edge xml:id="ptb-e00398" from="ptb-n00404" to="ptb-n00406"/>
    <edge xml:id="ptb-e00396" from="ptb-n00404" to="ptb-n00405"/>
    <edge xml:id="ptb-e00399" from="ptb-n00396" to="ptb-n00404"/>
    <node xml:id="ptb-n00402"/>
    <a label="NP" ref="ptb-n00402" as="PTB">
        <fs>
            <f name="cat" value="NP"/>
            <f name="roles" value="SBJ"/>
        </fs>
    </a>
    <edge xml:id="ptb-e00394" from="ptb-n00402" to="ptb-n00403"/>
    <edge xml:id="ptb-e00395" from="ptb-n00396" to="ptb-n00402"/>
    <edge xml:id="ptb-e00393" from="ptb-n00396" to="ptb-n00401"/>
    <node xml:id="ptb-n00397"/>
    <a label="PP" ref="ptb-n00397" as="PTB">
        <fs>
            <f name="cat" value="PP"/>
        </fs>
    </a>
    <node xml:id="ptb-n00399"/>
    <a label="NP" ref="ptb-n00399" as="PTB">
        <fs>
            <f name="cat" value="NP"/>
        </fs>
    </a>
    <edge xml:id="ptb-e00390" from="ptb-n00399" to="ptb-n00400"/>
    <edge xml:id="ptb-e00391" from="ptb-n00397" to="ptb-n00399"/>
    <edge xml:id="ptb-e00389" from="ptb-n00397" to="ptb-n00398"/>
    <edge xml:id="ptb-e00392" from="ptb-n00396" to="ptb-n00397"/>
    <edge xml:id="ptb-e00400" from="ptb-n00374" to="ptb-n00396"/>
    <edge xml:id="e414" from="ptb-n00000" to="ptb-n00374"/>
    <node xml:id="ptb-n00289"/>
    <a label="NP" ref="ptb-n00289" as="PTB">
        <fs>
            <f name="cat" value="NP"/>
        </fs>
    </a>
    <edge xml:id="ptb-e00288" from="ptb-n00289" to="ptb-n00293"/>
    <edge xml:id="ptb-e00287" from="ptb-n00289" to="ptb-n00292"/>
    <edge xml:id="ptb-e00286" from="ptb-n00289" to="ptb-n00291"/>
    <edge xml:id="ptb-e00285" from="ptb-n00289" to="ptb-n00290"/>
    <edge xml:id="e298" from="ptb-n00000" to="ptb-n00289"/>
    <node xml:id="ptb-n00247"/>
    <a label="S" ref="ptb-n00247" as="PTB">
        <fs>
            <f name="cat" value="S"/>
        </fs>
    </a>
    <edge xml:id="ptb-e00284" from="ptb-n00247" to="ptb-n00288"/>
    <node xml:id="ptb-n00256"/>
    <a label="VP" ref="ptb-n00256" as="PTB">
        <fs>
            <f name="cat" value="VP"/>
        </fs>
    </a>
    <node xml:id="ptb-n00258"/>
    <a label="NP" ref="ptb-n00258" as="PTB">
        <fs>
            <f name="cat" value="NP"/>
        </fs>
    </a>
    <node xml:id="ptb-n00261"/>
    <a label="PP" ref="ptb-n00261" as="PTB">
        <fs>
            <f name="cat" value="PP"/>
        </fs>
    </a>
    <node xml:id="ptb-n00263"/>
    <a label="NP" ref="ptb-n00263" as="PTB">
        <fs>
            <f name="cat" value="NP"/>
        </fs>
    </a>
    <node xml:id="ptb-n00266"/>
    <a label="SBAR" ref="ptb-n00266" as="PTB">
        <fs>
            <f name="cat" value="SBAR"/>
        </fs>
    </a>
    <node xml:id="ptb-n00269"/>
    <a label="S" ref="ptb-n00269" as="PTB">
        <fs>
            <f name="cat" value="S"/>
        </fs>
    </a>
    <node xml:id="ptb-n00272"/>
    <a label="VP" ref="ptb-n00272" as="PTB">
        <fs>
            <f name="cat" value="VP"/>
        </fs>
    </a>
    <node xml:id="ptb-n00281"/>
    <a label="VP" ref="ptb-n00281" as="PTB">
        <fs>
            <f name="cat" value="VP"/>
        </fs>
    </a>
    <node xml:id="ptb-n00283"/>
    <a label="VP" ref="ptb-n00283" as="PTB">
        <fs>
            <f name="cat" value="VP"/>
        </fs>
    </a>
    <node xml:id="ptb-n00285"/>
    <a label="NP" ref="ptb-n00285" as="PTB">
        <fs>
            <f name="cat" value="NP"/>
        </fs>
    </a>
    <edge xml:id="ptb-e00273" from="ptb-n00285" to="ptb-n00287"/>
    <edge xml:id="ptb-e00272" from="ptb-n00285" to="ptb-n00286"/>
    <edge xml:id="ptb-e00274" from="ptb-n00283" to="ptb-n00285"/>
    <edge xml:id="ptb-e00271" from="ptb-n00283" to="ptb-n00284"/>
    <edge xml:id="ptb-e00275" from="ptb-n00281" to="ptb-n00283"/>
    <edge xml:id="ptb-e00270" from="ptb-n00281" to="ptb-n00282"/>
    <edge xml:id="ptb-e00276" from="ptb-n00272" to="ptb-n00281"/>
    <edge xml:id="ptb-e00269" from="ptb-n00272" to="ptb-n00280"/>
    <node xml:id="ptb-n00273"/>
    <a label="VP" ref="ptb-n00273" as="PTB">
        <fs>
            <f name="cat" value="VP"/>
        </fs>
    </a>
    <node xml:id="ptb-n00275"/>
    <a label="PP" ref="ptb-n00275" as="PTB">
        <fs>
            <f name="cat" value="PP"/>
            <f name="roles" value="CLR"/>
        </fs>
    </a>
    <node xml:id="ptb-n00277"/>
    <a label="NP" ref="ptb-n00277" as="PTB">
        <fs>
            <f name="cat" value="NP"/>
        </fs>
    </a>
    <edge xml:id="ptb-e00265" from="ptb-n00277" to="ptb-n00279"/>
    <edge xml:id="ptb-e00264" from="ptb-n00277" to="ptb-n00278"/>
    <edge xml:id="ptb-e00266" from="ptb-n00275" to="ptb-n00277"/>
    <edge xml:id="ptb-e00263" from="ptb-n00275" to="ptb-n00276"/>
    <edge xml:id="ptb-e00267" from="ptb-n00273" to="ptb-n00275"/>
    <edge xml:id="ptb-e00262" from="ptb-n00273" to="ptb-n00274"/>
    <edge xml:id="ptb-e00268" from="ptb-n00272" to="ptb-n00273"/>
    <edge xml:id="ptb-e00277" from="ptb-n00269" to="ptb-n00272"/>
    <node xml:id="ptb-n00270"/>
    <a label="NP" ref="ptb-n00270" as="PTB">
        <fs>
            <f name="cat" value="NP"/>
            <f name="roles" value="SBJ"/>
        </fs>
    </a>
    <node xml:id="ptb-n00271"/>
    <a label="Trace" ref="ptb-n00271" as="PTB">
        <fs>
            <f name="cat" value="*T*"/>
        </fs>
    </a>
    <node xml:id="ptb-n00267"/>
    <a label="WHNP" ref="ptb-n00267" as="PTB">
        <fs>
            <f name="cat" value="WHNP"/>
        </fs>
    </a>
    <edge xml:id="ptb-e00257" from="ptb-n00267" to="ptb-n00268"/>
    <edge xml:id="ptb-e00259" from="ptb-n00271" to="ptb-n00267"/>
    <edge xml:id="ptb-e00260" from="ptb-n00270" to="ptb-n00271"/>
    <edge xml:id="ptb-e00261" from="ptb-n00269" to="ptb-n00270"/>
    <edge xml:id="ptb-e00278" from="ptb-n00266" to="ptb-n00269"/>
    <edge xml:id="ptb-e00258" from="ptb-n00266" to="ptb-n00267"/>
    <edge xml:id="ptb-e00279" from="ptb-n00263" to="ptb-n00266"/>
    <node xml:id="ptb-n00264"/>
    <a label="NP" ref="ptb-n00264" as="PTB">
        <fs>
            <f name="cat" value="NP"/>
        </fs>
    </a>
    <edge xml:id="ptb-e00255" from="ptb-n00264" to="ptb-n00265"/>
    <edge xml:id="ptb-e00256" from="ptb-n00263" to="ptb-n00264"/>
    <edge xml:id="ptb-e00280" from="ptb-n00261" to="ptb-n00263"/>
    <edge xml:id="ptb-e00254" from="ptb-n00261" to="ptb-n00262"/>
    <edge xml:id="ptb-e00281" from="ptb-n00258" to="ptb-n00261"/>
    <node xml:id="ptb-n00259"/>
    <a label="NP" ref="ptb-n00259" as="PTB">
        <fs>
            <f name="cat" value="NP"/>
        </fs>
    </a>
    <edge xml:id="ptb-e00252" from="ptb-n00259" to="ptb-n00260"/>
    <edge xml:id="ptb-e00253" from="ptb-n00258" to="ptb-n00259"/>
    <edge xml:id="ptb-e00282" from="ptb-n00256" to="ptb-n00258"/>
    <edge xml:id="ptb-e00251" from="ptb-n00256" to="ptb-n00257"/>
    <edge xml:id="ptb-e00283" from="ptb-n00247" to="ptb-n00256"/>
    <node xml:id="ptb-n00249"/>
    <a label="NP" ref="ptb-n00249" as="PTB">
        <fs>
            <f name="cat" value="NP"/>
            <f name="roles" value="SBJ"/>
        </fs>
    </a>
    <node xml:id="ptb-n00252"/>
    <a label="PP" ref="ptb-n00252" as="PTB">
        <fs>
            <f name="cat" value="PP"/>
        </fs>
    </a>
    <node xml:id="ptb-n00254"/>
    <a label="NP" ref="ptb-n00254" as="PTB">
        <fs>
            <f name="cat" value="NP"/>
        </fs>
    </a>
    <edge xml:id="ptb-e00247" from="ptb-n00254" to="ptb-n00255"/>
    <edge xml:id="ptb-e00248" from="ptb-n00252" to="ptb-n00254"/>
    <edge xml:id="ptb-e00246" from="ptb-n00252" to="ptb-n00253"/>
    <edge xml:id="ptb-e00249" from="ptb-n00249" to="ptb-n00252"/>
    <node xml:id="ptb-n00250"/>
    <a label="NP" ref="ptb-n00250" as="PTB">
        <fs>
            <f name="cat" value="NP"/>
        </fs>
    </a>
    <edge xml:id="ptb-e00244" from="ptb-n00250" to="ptb-n00251"/>
    <edge xml:id="ptb-e00245" from="ptb-n00249" to="ptb-n00250"/>
    <edge xml:id="ptb-e00250" from="ptb-n00247" to="ptb-n00249"/>
    <edge xml:id="ptb-e00243" from="ptb-n00247" to="ptb-n00248"/>
    <edge xml:id="e293" from="ptb-n00000" to="ptb-n00247"/>
    <node xml:id="ptb-n00198"/>
    <a label="S" ref="ptb-n00198" as="PTB">
        <fs>
            <f name="cat" value="S"/>
        </fs>
    </a>
    <node xml:id="ptb-n00199"/>
    <a label="NP" ref="ptb-n00199" as="PTB">
        <fs>
            <f name="cat" value="NP"/>
            <f name="roles" value="SBJ"/>
        </fs>
    </a>
    <node xml:id="ptb-n00202"/>
    <a label="NP" ref="ptb-n00202" as="PTB">
        <fs>
            <f name="cat" value="NP"/>
        </fs>
    </a>
    <edge xml:id="ptb-e00196" from="ptb-n00202" to="ptb-n00203"/>
    <edge xml:id="ptb-e00197" from="ptb-n00199" to="ptb-n00202"/>
    <node xml:id="ptb-n00200"/>
    <a label="NP" ref="ptb-n00200" as="PTB">
        <fs>
            <f name="cat" value="NP"/>
        </fs>
    </a>
    <edge xml:id="ptb-e00194" from="ptb-n00200" to="ptb-n00201"/>
    <edge xml:id="ptb-e00195" from="ptb-n00199" to="ptb-n00200"/>
    <edge xml:id="ptb-e00198" from="ptb-n00198" to="ptb-n00199"/>
    <edge xml:id="ptb-e00242" from="ptb-n00198" to="ptb-n00246"/>
    <node xml:id="ptb-n00204"/>
    <a label="VP" ref="ptb-n00204" as="PTB">
        <fs>
            <f name="cat" value="VP"/>
        </fs>
    </a>
    <edge xml:id="ptb-e00199" from="ptb-n00204" to="ptb-n00205"/>
    <node xml:id="ptb-n00206"/>
    <a label="PP" ref="ptb-n00206" as="PTB">
        <fs>
            <f name="cat" value="PP"/>
            <f name="roles" value="CLR"/>
        </fs>
    </a>
    <node xml:id="ptb-n00208"/>
    <a label="NP" ref="ptb-n00208" as="PTB">
        <fs>
            <f name="cat" value="NP"/>
        </fs>
    </a>
    <node xml:id="ptb-n00214"/>
    <a label="PP" ref="ptb-n00214" as="PTB">
        <fs>
            <f name="cat" value="PP"/>
        </fs>
    </a>
    <node xml:id="ptb-n00216"/>
    <a label="NP" ref="ptb-n00216" as="PTB">
        <fs>
            <f name="cat" value="NP"/>
        </fs>
    </a>
    <node xml:id="ptb-n00224"/>
    <a label="PP" ref="ptb-n00224" as="PTB">
        <fs>
            <f name="cat" value="PP"/>
        </fs>
    </a>
    <node xml:id="ptb-n00226"/>
    <a label="NP" ref="ptb-n00226" as="PTB">
        <fs>
            <f name="cat" value="NP"/>
        </fs>
    </a>
    <node xml:id="ptb-n00244"/>
    <a label="NP" ref="ptb-n00244" as="PTB">
        <fs>
            <f name="cat" value="NP"/>
        </fs>
    </a>
    <edge xml:id="ptb-e00233" from="ptb-n00244" to="ptb-n00245"/>
    <edge xml:id="ptb-e00234" from="ptb-n00226" to="ptb-n00244"/>
    <edge xml:id="ptb-e00232" from="ptb-n00226" to="ptb-n00243"/>
    <node xml:id="ptb-n00227"/>
    <a label="NP" ref="ptb-n00227" as="PTB">
        <fs>
            <f name="cat" value="NP"/>
        </fs>
    </a>
    <node xml:id="ptb-n00230"/>
    <a label="SBAR" ref="ptb-n00230" as="PTB">
        <fs>
            <f name="cat" value="SBAR"/>
        </fs>
    </a>
    <node xml:id="ptb-n00233"/>
    <a label="S" ref="ptb-n00233" as="PTB">
        <fs>
            <f name="cat" value="S"/>
        </fs>
    </a>
    <node xml:id="ptb-n00236"/>
    <a label="VP" ref="ptb-n00236" as="PTB">
        <fs>
            <f name="cat" value="VP"/>
        </fs>
    </a>
    <node xml:id="ptb-n00239"/>
    <a label="VP" ref="ptb-n00239" as="PTB">
        <fs>
            <f name="cat" value="VP"/>
        </fs>
    </a>
    <node xml:id="ptb-n00241"/>
    <a label="PRT" ref="ptb-n00241" as="PTB">
        <fs>
            <f name="cat" value="PRT"/>
        </fs>
    </a>
    <edge xml:id="ptb-e00225" from="ptb-n00241" to="ptb-n00242"/>
    <edge xml:id="ptb-e00226" from="ptb-n00239" to="ptb-n00241"/>
    <edge xml:id="ptb-e00224" from="ptb-n00239" to="ptb-n00240"/>
    <edge xml:id="ptb-e00227" from="ptb-n00236" to="ptb-n00239"/>
    <edge xml:id="ptb-e00223" from="ptb-n00236" to="ptb-n00238"/>
    <edge xml:id="ptb-e00222" from="ptb-n00236" to="ptb-n00237"/>
    <edge xml:id="ptb-e00228" from="ptb-n00233" to="ptb-n00236"/>
    <node xml:id="ptb-n00234"/>
    <a label="NP" ref="ptb-n00234" as="PTB">
        <fs>
            <f name="cat" value="NP"/>
            <f name="roles" value="SBJ"/>
        </fs>
    </a>
    <node xml:id="ptb-n00235"/>
    <a label="Trace" ref="ptb-n00235" as="PTB">
        <fs>
            <f name="cat" value="*T*"/>
        </fs>
    </a>
    <node xml:id="ptb-n00231"/>
    <a label="WHNP" ref="ptb-n00231" as="PTB">
        <fs>
            <f name="cat" value="WHNP"/>
        </fs>
    </a>
    <edge xml:id="ptb-e00217" from="ptb-n00231" to="ptb-n00232"/>
    <edge xml:id="ptb-e00219" from="ptb-n00235" to="ptb-n00231"/>
    <edge xml:id="ptb-e00220" from="ptb-n00234" to="ptb-n00235"/>
    <edge xml:id="ptb-e00221" from="ptb-n00233" to="ptb-n00234"/>
    <edge xml:id="ptb-e00229" from="ptb-n00230" to="ptb-n00233"/>
    <edge xml:id="ptb-e00218" from="ptb-n00230" to="ptb-n00231"/>
    <edge xml:id="ptb-e00230" from="ptb-n00227" to="ptb-n00230"/>
    <node xml:id="ptb-n00228"/>
    <a label="NP" ref="ptb-n00228" as="PTB">
        <fs>
            <f name="cat" value="NP"/>
        </fs>
    </a>
    <edge xml:id="ptb-e00215" from="ptb-n00228" to="ptb-n00229"/>
    <edge xml:id="ptb-e00216" from="ptb-n00227" to="ptb-n00228"/>
    <edge xml:id="ptb-e00231" from="ptb-n00226" to="ptb-n00227"/>
    <edge xml:id="ptb-e00235" from="ptb-n00224" to="ptb-n00226"/>
    <edge xml:id="ptb-e00214" from="ptb-n00224" to="ptb-n00225"/>
    <edge xml:id="ptb-e00236" from="ptb-n00216" to="ptb-n00224"/>
    <node xml:id="ptb-n00217"/>
    <a label="NP" ref="ptb-n00217" as="PTB">
        <fs>
            <f name="cat" value="NP"/>
        </fs>
    </a>
    <node xml:id="ptb-n00222"/>
    <a label="NP" ref="ptb-n00222" as="PTB">
        <fs>
            <f name="cat" value="NP"/>
        </fs>
    </a>
    <edge xml:id="ptb-e00211" from="ptb-n00222" to="ptb-n00223"/>
    <edge xml:id="ptb-e00212" from="ptb-n00217" to="ptb-n00222"/>
    <edge xml:id="ptb-e00210" from="ptb-n00217" to="ptb-n00221"/>
    <edge xml:id="ptb-e00209" from="ptb-n00217" to="ptb-n00220"/>
    <edge xml:id="ptb-e00208" from="ptb-n00217" to="ptb-n00219"/>
    <edge xml:id="ptb-e00207" from="ptb-n00217" to="ptb-n00218"/>
    <edge xml:id="ptb-e00213" from="ptb-n00216" to="ptb-n00217"/>
    <edge xml:id="ptb-e00237" from="ptb-n00214" to="ptb-n00216"/>
    <edge xml:id="ptb-e00206" from="ptb-n00214" to="ptb-n00215"/>
    <edge xml:id="ptb-e00238" from="ptb-n00208" to="ptb-n00214"/>
    <node xml:id="ptb-n00209"/>
    <a label="NP" ref="ptb-n00209" as="PTB">
        <fs>
            <f name="cat" value="NP"/>
        </fs>
    </a>
    <edge xml:id="ptb-e00204" from="ptb-n00209" to="ptb-n00213"/>
    <node xml:id="ptb-n00210"/>
    <a label="NP" ref="ptb-n00210" as="PTB">
        <fs>
            <f name="cat" value="NP"/>
        </fs>
    </a>
    <edge xml:id="ptb-e00202" from="ptb-n00210" to="ptb-n00212"/>
    <edge xml:id="ptb-e00201" from="ptb-n00210" to="ptb-n00211"/>
    <edge xml:id="ptb-e00203" from="ptb-n00209" to="ptb-n00210"/>
    <edge xml:id="ptb-e00205" from="ptb-n00208" to="ptb-n00209"/>
    <edge xml:id="ptb-e00239" from="ptb-n00206" to="ptb-n00208"/>
    <edge xml:id="ptb-e00200" from="ptb-n00206" to="ptb-n00207"/>
    <edge xml:id="ptb-e00240" from="ptb-n00204" to="ptb-n00206"/>
    <edge xml:id="ptb-e00241" from="ptb-n00198" to="ptb-n00204"/>
    <edge xml:id="e250" from="ptb-n00000" to="ptb-n00198"/>
    <node xml:id="ptb-n00550"/>
    <a label="S" ref="ptb-n00550" as="PTB">
        <fs>
            <f name="cat" value="S"/>
            <f name="roles" value="IMP"/>
        </fs>
    </a>
    <edge xml:id="ptb-e00556" from="ptb-n00550" to="ptb-n00564"/>
    <node xml:id="ptb-n00555"/>
    <a label="VP" ref="ptb-n00555" as="PTB">
        <fs>
            <f name="cat" value="VP"/>
        </fs>
    </a>
    <node xml:id="ptb-n00557"/>
    <a label="S" ref="ptb-n00557" as="PTB">
        <fs>
            <f name="cat" value="S"/>
        </fs>
    </a>
    <node xml:id="ptb-n00560"/>
    <a label="VP" ref="ptb-n00560" as="PTB">
        <fs>
            <f name="cat" value="VP"/>
        </fs>
    </a>
    <node xml:id="ptb-n00562"/>
    <a label="NP" ref="ptb-n00562" as="PTB">
        <fs>
            <f name="cat" value="NP"/>
        </fs>
    </a>
    <edge xml:id="ptb-e00551" from="ptb-n00562" to="ptb-n00563"/>
    <edge xml:id="ptb-e00552" from="ptb-n00560" to="ptb-n00562"/>
    <edge xml:id="ptb-e00550" from="ptb-n00560" to="ptb-n00561"/>
    <edge xml:id="ptb-e00553" from="ptb-n00557" to="ptb-n00560"/>
    <node xml:id="ptb-n00558"/>
    <a label="NP" ref="ptb-n00558" as="PTB">
        <fs>
            <f name="cat" value="NP"/>
            <f name="roles" value="SBJ"/>
        </fs>
    </a>
    <edge xml:id="ptb-e00548" from="ptb-n00558" to="ptb-n00559"/>
    <edge xml:id="ptb-e00549" from="ptb-n00557" to="ptb-n00558"/>
    <edge xml:id="ptb-e00554" from="ptb-n00555" to="ptb-n00557"/>
    <edge xml:id="ptb-e00547" from="ptb-n00555" to="ptb-n00556"/>
    <edge xml:id="ptb-e00555" from="ptb-n00550" to="ptb-n00555"/>
    <node xml:id="ptb-n00553"/>
    <a label="NP" ref="ptb-n00553" as="PTB">
        <fs>
            <f name="cat" value="NP"/>
            <f name="roles" value="SBJ"/>
        </fs>
    </a>
    <node xml:id="ptb-n00554"/>
    <a label="Trace" ref="ptb-n00554" as="PTB">
        <fs>
            <f name="cat" value="*PRO*"/>
        </fs>
    </a>
    <edge xml:id="ptb-e00545" from="ptb-n00553" to="ptb-n00554"/>
    <edge xml:id="ptb-e00546" from="ptb-n00550" to="ptb-n00553"/>
    <node xml:id="ptb-n00551"/>
    <a label="INTJ" ref="ptb-n00551" as="PTB">
        <fs>
            <f name="cat" value="INTJ"/>
        </fs>
    </a>
    <edge xml:id="ptb-e00543" from="ptb-n00551" to="ptb-n00552"/>
    <edge xml:id="ptb-e00544" from="ptb-n00550" to="ptb-n00551"/>
    <edge xml:id="e575" from="ptb-n00000" to="ptb-n00550"/>
    <node xml:id="ptb-n00110"/>
    <a label="S" ref="ptb-n00110" as="PTB">
        <fs>
            <f name="cat" value="S"/>
        </fs>
    </a>
    <edge xml:id="ptb-e00193" from="ptb-n00110" to="ptb-n00197"/>
    <node xml:id="ptb-n00161"/>
    <a label="VP" ref="ptb-n00161" as="PTB">
        <fs>
            <f name="cat" value="VP"/>
        </fs>
    </a>
    <node xml:id="ptb-n00163"/>
    <a label="S" ref="ptb-n00163" as="PTB">
        <fs>
            <f name="cat" value="S"/>
        </fs>
    </a>
    <node xml:id="ptb-n00166"/>
    <a label="VP" ref="ptb-n00166" as="PTB">
        <fs>
            <f name="cat" value="VP"/>
        </fs>
    </a>
    <node xml:id="ptb-n00168"/>
    <a label="VP" ref="ptb-n00168" as="PTB">
        <fs>
            <f name="cat" value="VP"/>
        </fs>
    </a>
    <node xml:id="ptb-n00170"/>
    <a label="NP" ref="ptb-n00170" as="PTB">
        <fs>
            <f name="cat" value="NP"/>
        </fs>
    </a>
    <node xml:id="ptb-n00175"/>
    <a label="PP" ref="ptb-n00175" as="PTB">
        <fs>
            <f name="cat" value="PP"/>
        </fs>
    </a>
    <node xml:id="ptb-n00177"/>
    <a label="NP" ref="ptb-n00177" as="PTB">
        <fs>
            <f name="cat" value="NP"/>
        </fs>
    </a>
    <node xml:id="ptb-n00181"/>
    <a label="PP" ref="ptb-n00181" as="PTB">
        <fs>
            <f name="cat" value="PP"/>
        </fs>
    </a>
    <node xml:id="ptb-n00183"/>
    <a label="NP" ref="ptb-n00183" as="PTB">
        <fs>
            <f name="cat" value="NP"/>
        </fs>
    </a>
    <node xml:id="ptb-n00188"/>
    <a label="PP" ref="ptb-n00188" as="PTB">
        <fs>
            <f name="cat" value="PP"/>
        </fs>
    </a>
    <node xml:id="ptb-n00190"/>
    <a label="NP" ref="ptb-n00190" as="PTB">
        <fs>
            <f name="cat" value="NP"/>
        </fs>
    </a>
    <node xml:id="ptb-n00193"/>
    <a label="PP" ref="ptb-n00193" as="PTB">
        <fs>
            <f name="cat" value="PP"/>
        </fs>
    </a>
    <node xml:id="ptb-n00195"/>
    <a label="NP" ref="ptb-n00195" as="PTB">
        <fs>
            <f name="cat" value="NP"/>
        </fs>
    </a>
    <edge xml:id="ptb-e00179" from="ptb-n00195" to="ptb-n00196"/>
    <edge xml:id="ptb-e00180" from="ptb-n00193" to="ptb-n00195"/>
    <edge xml:id="ptb-e00178" from="ptb-n00193" to="ptb-n00194"/>
    <edge xml:id="ptb-e00181" from="ptb-n00190" to="ptb-n00193"/>
    <node xml:id="ptb-n00191"/>
    <a label="NP" ref="ptb-n00191" as="PTB">
        <fs>
            <f name="cat" value="NP"/>
        </fs>
    </a>
    <edge xml:id="ptb-e00176" from="ptb-n00191" to="ptb-n00192"/>
    <edge xml:id="ptb-e00177" from="ptb-n00190" to="ptb-n00191"/>
    <edge xml:id="ptb-e00182" from="ptb-n00188" to="ptb-n00190"/>
    <edge xml:id="ptb-e00175" from="ptb-n00188" to="ptb-n00189"/>
    <edge xml:id="ptb-e00183" from="ptb-n00183" to="ptb-n00188"/>
    <node xml:id="ptb-n00184"/>
    <a label="NP" ref="ptb-n00184" as="PTB">
        <fs>
            <f name="cat" value="NP"/>
        </fs>
    </a>
    <edge xml:id="ptb-e00173" from="ptb-n00184" to="ptb-n00187"/>
    <edge xml:id="ptb-e00172" from="ptb-n00184" to="ptb-n00186"/>
    <edge xml:id="ptb-e00171" from="ptb-n00184" to="ptb-n00185"/>
    <edge xml:id="ptb-e00174" from="ptb-n00183" to="ptb-n00184"/>
    <edge xml:id="ptb-e00184" from="ptb-n00181" to="ptb-n00183"/>
    <edge xml:id="ptb-e00170" from="ptb-n00181" to="ptb-n00182"/>
    <edge xml:id="ptb-e00185" from="ptb-n00177" to="ptb-n00181"/>
    <node xml:id="ptb-n00178"/>
    <a label="NP" ref="ptb-n00178" as="PTB">
        <fs>
            <f name="cat" value="NP"/>
        </fs>
    </a>
    <edge xml:id="ptb-e00168" from="ptb-n00178" to="ptb-n00180"/>
    <edge xml:id="ptb-e00167" from="ptb-n00178" to="ptb-n00179"/>
    <edge xml:id="ptb-e00169" from="ptb-n00177" to="ptb-n00178"/>
    <edge xml:id="ptb-e00186" from="ptb-n00175" to="ptb-n00177"/>
    <edge xml:id="ptb-e00166" from="ptb-n00175" to="ptb-n00176"/>
    <edge xml:id="ptb-e00187" from="ptb-n00170" to="ptb-n00175"/>
    <node xml:id="ptb-n00171"/>
    <a label="NP" ref="ptb-n00171" as="PTB">
        <fs>
            <f name="cat" value="NP"/>
        </fs>
    </a>
    <edge xml:id="ptb-e00164" from="ptb-n00171" to="ptb-n00174"/>
    <edge xml:id="ptb-e00163" from="ptb-n00171" to="ptb-n00173"/>
    <edge xml:id="ptb-e00162" from="ptb-n00171" to="ptb-n00172"/>
    <edge xml:id="ptb-e00165" from="ptb-n00170" to="ptb-n00171"/>
    <edge xml:id="ptb-e00188" from="ptb-n00168" to="ptb-n00170"/>
    <edge xml:id="ptb-e00161" from="ptb-n00168" to="ptb-n00169"/>
    <edge xml:id="ptb-e00189" from="ptb-n00166" to="ptb-n00168"/>
    <edge xml:id="ptb-e00160" from="ptb-n00166" to="ptb-n00167"/>
    <edge xml:id="ptb-e00190" from="ptb-n00163" to="ptb-n00166"/>
    <node xml:id="ptb-n00164"/>
    <a label="NP" ref="ptb-n00164" as="PTB">
        <fs>
            <f name="cat" value="NP"/>
            <f name="roles" value="SBJ"/>
        </fs>
    </a>
    <node xml:id="ptb-n00165"/>
    <a label="Trace" ref="ptb-n00165" as="PTB">
        <fs>
            <f name="cat" value="*"/>
        </fs>
    </a>
    <node xml:id="ptb-n00121"/>
    <a label="NP" ref="ptb-n00121" as="PTB">
        <fs>
            <f name="cat" value="NP"/>
            <f name="roles" value="SBJ"/>
        </fs>
    </a>
    <edge xml:id="ptb-e00121" from="ptb-n00121" to="ptb-n00128"/>
    <node xml:id="ptb-n00122"/>
    <a label="NP" ref="ptb-n00122" as="PTB">
        <fs>
            <f name="cat" value="NP"/>
        </fs>
    </a>
    <edge xml:id="ptb-e00119" from="ptb-n00122" to="ptb-n00127"/>
    <edge xml:id="ptb-e00118" from="ptb-n00122" to="ptb-n00126"/>
    <node xml:id="ptb-n00123"/>
    <a label="NML" ref="ptb-n00123" as="PTB">
        <fs>
            <f name="cat" value="NML"/>
        </fs>
    </a>
    <edge xml:id="ptb-e00116" from="ptb-n00123" to="ptb-n00125"/>
    <edge xml:id="ptb-e00115" from="ptb-n00123" to="ptb-n00124"/>
    <edge xml:id="ptb-e00117" from="ptb-n00122" to="ptb-n00123"/>
    <edge xml:id="ptb-e00120" from="ptb-n00121" to="ptb-n00122"/>
    <edge xml:id="ptb-e00157" from="ptb-n00165" to="ptb-n00121"/>
    <edge xml:id="ptb-e00158" from="ptb-n00164" to="ptb-n00165"/>
    <edge xml:id="ptb-e00159" from="ptb-n00163" to="ptb-n00164"/>
    <edge xml:id="ptb-e00191" from="ptb-n00161" to="ptb-n00163"/>
    <edge xml:id="ptb-e00156" from="ptb-n00161" to="ptb-n00162"/>
    <edge xml:id="ptb-e00192" from="ptb-n00110" to="ptb-n00161"/>
    <edge xml:id="ptb-e00155" from="ptb-n00110" to="ptb-n00160"/>
    <node xml:id="ptb-n00130"/>
    <a label="PP" ref="ptb-n00130" as="PTB">
        <fs>
            <f name="cat" value="PP"/>
            <f name="roles" value="MNR"/>
        </fs>
    </a>
    <node xml:id="ptb-n00132"/>
    <a label="NP" ref="ptb-n00132" as="PTB">
        <fs>
            <f name="cat" value="NP"/>
        </fs>
    </a>
    <node xml:id="ptb-n00136"/>
    <a label="PP" ref="ptb-n00136" as="PTB">
        <fs>
            <f name="cat" value="PP"/>
        </fs>
    </a>
    <node xml:id="ptb-n00138"/>
    <a label="NP" ref="ptb-n00138" as="PTB">
        <fs>
            <f name="cat" value="NP"/>
        </fs>
    </a>
    <node xml:id="ptb-n00141"/>
    <a label="PP" ref="ptb-n00141" as="PTB">
        <fs>
            <f name="cat" value="PP"/>
        </fs>
    </a>
    <node xml:id="ptb-n00143"/>
    <a label="NP" ref="ptb-n00143" as="PTB">
        <fs>
            <f name="cat" value="NP"/>
        </fs>
    </a>
    <node xml:id="ptb-n00147"/>
    <a label="NP" ref="ptb-n00147" as="PTB">
        <fs>
            <f name="cat" value="NP"/>
        </fs>
    </a>
    <node xml:id="ptb-n00150"/>
    <a label="SBAR" ref="ptb-n00150" as="PTB">
        <fs>
            <f name="cat" value="SBAR"/>
        </fs>
    </a>
    <node xml:id="ptb-n00153"/>
    <a label="S" ref="ptb-n00153" as="PTB">
        <fs>
            <f name="cat" value="S"/>
        </fs>
    </a>
    <node xml:id="ptb-n00158"/>
    <a label="VP" ref="ptb-n00158" as="PTB">
        <fs>
            <f name="cat" value="VP"/>
        </fs>
    </a>
    <edge xml:id="ptb-e00144" from="ptb-n00158" to="ptb-n00159"/>
    <edge xml:id="ptb-e00145" from="ptb-n00153" to="ptb-n00158"/>
    <node xml:id="ptb-n00156"/>
    <a label="ADVP" ref="ptb-n00156" as="PTB">
        <fs>
            <f name="cat" value="ADVP"/>
        </fs>
    </a>
    <edge xml:id="ptb-e00142" from="ptb-n00156" to="ptb-n00157"/>
    <edge xml:id="ptb-e00143" from="ptb-n00153" to="ptb-n00156"/>
    <node xml:id="ptb-n00154"/>
    <a label="NP" ref="ptb-n00154" as="PTB">
        <fs>
            <f name="cat" value="NP"/>
            <f name="roles" value="SBJ"/>
        </fs>
    </a>
    <node xml:id="ptb-n00155"/>
    <a label="Trace" ref="ptb-n00155" as="PTB">
        <fs>
            <f name="cat" value="*T*"/>
        </fs>
    </a>
    <node xml:id="ptb-n00151"/>
    <a label="WHNP" ref="ptb-n00151" as="PTB">
        <fs>
            <f name="cat" value="WHNP"/>
        </fs>
    </a>
    <edge xml:id="ptb-e00137" from="ptb-n00151" to="ptb-n00152"/>
    <edge xml:id="ptb-e00139" from="ptb-n00155" to="ptb-n00151"/>
    <edge xml:id="ptb-e00140" from="ptb-n00154" to="ptb-n00155"/>
    <edge xml:id="ptb-e00141" from="ptb-n00153" to="ptb-n00154"/>
    <edge xml:id="ptb-e00146" from="ptb-n00150" to="ptb-n00153"/>
    <edge xml:id="ptb-e00138" from="ptb-n00150" to="ptb-n00151"/>
    <edge xml:id="ptb-e00147" from="ptb-n00147" to="ptb-n00150"/>
    <node xml:id="ptb-n00148"/>
    <a label="NP" ref="ptb-n00148" as="PTB">
        <fs>
            <f name="cat" value="NP"/>
        </fs>
    </a>
    <edge xml:id="ptb-e00135" from="ptb-n00148" to="ptb-n00149"/>
    <edge xml:id="ptb-e00136" from="ptb-n00147" to="ptb-n00148"/>
    <edge xml:id="ptb-e00148" from="ptb-n00143" to="ptb-n00147"/>
    <edge xml:id="ptb-e00134" from="ptb-n00143" to="ptb-n00146"/>
    <node xml:id="ptb-n00144"/>
    <a label="NP" ref="ptb-n00144" as="PTB">
        <fs>
            <f name="cat" value="NP"/>
        </fs>
    </a>
    <edge xml:id="ptb-e00132" from="ptb-n00144" to="ptb-n00145"/>
    <edge xml:id="ptb-e00133" from="ptb-n00143" to="ptb-n00144"/>
    <edge xml:id="ptb-e00149" from="ptb-n00141" to="ptb-n00143"/>
    <edge xml:id="ptb-e00131" from="ptb-n00141" to="ptb-n00142"/>
    <edge xml:id="ptb-e00150" from="ptb-n00138" to="ptb-n00141"/>
    <node xml:id="ptb-n00139"/>
    <a label="NP" ref="ptb-n00139" as="PTB">
        <fs>
            <f name="cat" value="NP"/>
        </fs>
    </a>
    <edge xml:id="ptb-e00129" from="ptb-n00139" to="ptb-n00140"/>
    <edge xml:id="ptb-e00130" from="ptb-n00138" to="ptb-n00139"/>
    <edge xml:id="ptb-e00151" from="ptb-n00136" to="ptb-n00138"/>
    <edge xml:id="ptb-e00128" from="ptb-n00136" to="ptb-n00137"/>
    <edge xml:id="ptb-e00152" from="ptb-n00132" to="ptb-n00136"/>
    <node xml:id="ptb-n00133"/>
    <a label="NP" ref="ptb-n00133" as="PTB">
        <fs>
            <f name="cat" value="NP"/>
        </fs>
    </a>
    <edge xml:id="ptb-e00126" from="ptb-n00133" to="ptb-n00135"/>
    <edge xml:id="ptb-e00125" from="ptb-n00133" to="ptb-n00134"/>
    <edge xml:id="ptb-e00127" from="ptb-n00132" to="ptb-n00133"/>
    <edge xml:id="ptb-e00153" from="ptb-n00130" to="ptb-n00132"/>
    <edge xml:id="ptb-e00124" from="ptb-n00130" to="ptb-n00131"/>
    <edge xml:id="ptb-e00154" from="ptb-n00110" to="ptb-n00130"/>
    <edge xml:id="ptb-e00123" from="ptb-n00110" to="ptb-n00129"/>
    <edge xml:id="ptb-e00122" from="ptb-n00110" to="ptb-n00121"/>
    <edge xml:id="ptb-e00114" from="ptb-n00110" to="ptb-n00120"/>
    <node xml:id="ptb-n00111"/>
    <a label="PP" ref="ptb-n00111" as="PTB">
        <fs>
            <f name="cat" value="PP"/>
        </fs>
    </a>
    <node xml:id="ptb-n00113"/>
    <a label="NP" ref="ptb-n00113" as="PTB">
        <fs>
            <f name="cat" value="NP"/>
        </fs>
    </a>
    <node xml:id="ptb-n00116"/>
    <a label="PP" ref="ptb-n00116" as="PTB">
        <fs>
            <f name="cat" value="PP"/>
        </fs>
    </a>
    <node xml:id="ptb-n00118"/>
    <a label="NP" ref="ptb-n00118" as="PTB">
        <fs>
            <f name="cat" value="NP"/>
        </fs>
    </a>
    <edge xml:id="ptb-e00109" from="ptb-n00118" to="ptb-n00119"/>
    <edge xml:id="ptb-e00110" from="ptb-n00116" to="ptb-n00118"/>
    <edge xml:id="ptb-e00108" from="ptb-n00116" to="ptb-n00117"/>
    <edge xml:id="ptb-e00111" from="ptb-n00113" to="ptb-n00116"/>
    <node xml:id="ptb-n00114"/>
    <a label="NP" ref="ptb-n00114" as="PTB">
        <fs>
            <f name="cat" value="NP"/>
        </fs>
    </a>
    <edge xml:id="ptb-e00106" from="ptb-n00114" to="ptb-n00115"/>
    <edge xml:id="ptb-e00107" from="ptb-n00113" to="ptb-n00114"/>
    <edge xml:id="ptb-e00112" from="ptb-n00111" to="ptb-n00113"/>
    <edge xml:id="ptb-e00105" from="ptb-n00111" to="ptb-n00112"/>
    <edge xml:id="ptb-e00113" from="ptb-n00110" to="ptb-n00111"/>
    <edge xml:id="e200" from="ptb-n00000" to="ptb-n00110"/>
    <node xml:id="ptb-n00500"/>
    <a label="S" ref="ptb-n00500" as="PTB">
        <fs>
            <f name="cat" value="S"/>
        </fs>
    </a>
    <node xml:id="ptb-n00501"/>
    <a label="NP" ref="ptb-n00501" as="PTB">
        <fs>
            <f name="cat" value="NP"/>
            <f name="roles" value="SBJ"/>
        </fs>
    </a>
    <node xml:id="ptb-n00505"/>
    <a label="PP" ref="ptb-n00505" as="PTB">
        <fs>
            <f name="cat" value="PP"/>
        </fs>
    </a>
    <node xml:id="ptb-n00507"/>
    <a label="NP" ref="ptb-n00507" as="PTB">
        <fs>
            <f name="cat" value="NP"/>
        </fs>
    </a>
    <node xml:id="ptb-n00510"/>
    <a label="SBAR" ref="ptb-n00510" as="PTB">
        <fs>
            <f name="cat" value="SBAR"/>
        </fs>
    </a>
    <node xml:id="ptb-n00513"/>
    <a label="S" ref="ptb-n00513" as="PTB">
        <fs>
            <f name="cat" value="S"/>
        </fs>
    </a>
    <node xml:id="ptb-n00516"/>
    <a label="VP" ref="ptb-n00516" as="PTB">
        <fs>
            <f name="cat" value="VP"/>
        </fs>
    </a>
    <node xml:id="ptb-n00518"/>
    <a label="NP" ref="ptb-n00518" as="PTB">
        <fs>
            <f name="cat" value="NP"/>
        </fs>
    </a>
    <edge xml:id="ptb-e00505" from="ptb-n00518" to="ptb-n00520"/>
    <edge xml:id="ptb-e00504" from="ptb-n00518" to="ptb-n00519"/>
    <edge xml:id="ptb-e00506" from="ptb-n00516" to="ptb-n00518"/>
    <edge xml:id="ptb-e00503" from="ptb-n00516" to="ptb-n00517"/>
    <edge xml:id="ptb-e00507" from="ptb-n00513" to="ptb-n00516"/>
    <node xml:id="ptb-n00514"/>
    <a label="NP" ref="ptb-n00514" as="PTB">
        <fs>
            <f name="cat" value="NP"/>
            <f name="roles" value="SBJ"/>
        </fs>
    </a>
    <node xml:id="ptb-n00515"/>
    <a label="Trace" ref="ptb-n00515" as="PTB">
        <fs>
            <f name="cat" value="*T*"/>
        </fs>
    </a>
    <node xml:id="ptb-n00511"/>
    <a label="WHNP" ref="ptb-n00511" as="PTB">
        <fs>
            <f name="cat" value="WHNP"/>
        </fs>
    </a>
    <edge xml:id="ptb-e00498" from="ptb-n00511" to="ptb-n00512"/>
    <edge xml:id="ptb-e00500" from="ptb-n00515" to="ptb-n00511"/>
    <edge xml:id="ptb-e00501" from="ptb-n00514" to="ptb-n00515"/>
    <edge xml:id="ptb-e00502" from="ptb-n00513" to="ptb-n00514"/>
    <edge xml:id="ptb-e00508" from="ptb-n00510" to="ptb-n00513"/>
    <edge xml:id="ptb-e00499" from="ptb-n00510" to="ptb-n00511"/>
    <edge xml:id="ptb-e00509" from="ptb-n00507" to="ptb-n00510"/>
    <node xml:id="ptb-n00508"/>
    <a label="NP" ref="ptb-n00508" as="PTB">
        <fs>
            <f name="cat" value="NP"/>
        </fs>
    </a>
    <edge xml:id="ptb-e00496" from="ptb-n00508" to="ptb-n00509"/>
    <edge xml:id="ptb-e00497" from="ptb-n00507" to="ptb-n00508"/>
    <edge xml:id="ptb-e00510" from="ptb-n00505" to="ptb-n00507"/>
    <edge xml:id="ptb-e00495" from="ptb-n00505" to="ptb-n00506"/>
    <edge xml:id="ptb-e00511" from="ptb-n00501" to="ptb-n00505"/>
    <node xml:id="ptb-n00502"/>
    <a label="NP" ref="ptb-n00502" as="PTB">
        <fs>
            <f name="cat" value="NP"/>
        </fs>
    </a>
    <edge xml:id="ptb-e00493" from="ptb-n00502" to="ptb-n00504"/>
    <edge xml:id="ptb-e00492" from="ptb-n00502" to="ptb-n00503"/>
    <edge xml:id="ptb-e00494" from="ptb-n00501" to="ptb-n00502"/>
    <edge xml:id="ptb-e00512" from="ptb-n00500" to="ptb-n00501"/>
    <edge xml:id="ptb-e00542" from="ptb-n00500" to="ptb-n00549"/>
    <node xml:id="ptb-n00521"/>
    <a label="VP" ref="ptb-n00521" as="PTB">
        <fs>
            <f name="cat" value="VP"/>
        </fs>
    </a>
    <edge xml:id="ptb-e00513" from="ptb-n00521" to="ptb-n00522"/>
    <node xml:id="ptb-n00523"/>
    <a label="VP" ref="ptb-n00523" as="PTB">
        <fs>
            <f name="cat" value="VP"/>
        </fs>
    </a>
    <edge xml:id="ptb-e00515" from="ptb-n00523" to="ptb-n00525"/>
    <edge xml:id="ptb-e00514" from="ptb-n00523" to="ptb-n00524"/>
    <node xml:id="ptb-n00526"/>
    <a label="ADVP" ref="ptb-n00526" as="PTB">
        <fs>
            <f name="cat" value="ADVP"/>
            <f name="roles" value="MNR"/>
        </fs>
    </a>
    <node xml:id="ptb-n00527"/>
    <a label="ADVP" ref="ptb-n00527" as="PTB">
        <fs>
            <f name="cat" value="ADVP"/>
        </fs>
    </a>
    <edge xml:id="ptb-e00517" from="ptb-n00527" to="ptb-n00529"/>
    <edge xml:id="ptb-e00516" from="ptb-n00527" to="ptb-n00528"/>
    <edge xml:id="ptb-e00518" from="ptb-n00526" to="ptb-n00527"/>
    <node xml:id="ptb-n00530"/>
    <a label="SBAR" ref="ptb-n00530" as="PTB">
        <fs>
            <f name="cat" value="SBAR"/>
        </fs>
    </a>
    <edge xml:id="ptb-e00519" from="ptb-n00530" to="ptb-n00531"/>
    <node xml:id="ptb-n00532"/>
    <a label="S" ref="ptb-n00532" as="PTB">
        <fs>
            <f name="cat" value="S"/>
        </fs>
    </a>
    <node xml:id="ptb-n00533"/>
    <a label="NP" ref="ptb-n00533" as="PTB">
        <fs>
            <f name="cat" value="NP"/>
            <f name="roles" value="SBJ"/>
        </fs>
    </a>
    <edge xml:id="ptb-e00521" from="ptb-n00533" to="ptb-n00535"/>
    <edge xml:id="ptb-e00520" from="ptb-n00533" to="ptb-n00534"/>
    <edge xml:id="ptb-e00522" from="ptb-n00532" to="ptb-n00533"/>
    <node xml:id="ptb-n00536"/>
    <a label="VP" ref="ptb-n00536" as="PTB">
        <fs>
            <f name="cat" value="VP"/>
        </fs>
    </a>
    <edge xml:id="ptb-e00523" from="ptb-n00536" to="ptb-n00537"/>
    <node xml:id="ptb-n00538"/>
    <a label="VP" ref="ptb-n00538" as="PTB">
        <fs>
            <f name="cat" value="VP"/>
        </fs>
    </a>
    <edge xml:id="ptb-e00524" from="ptb-n00538" to="ptb-n00539"/>
    <node xml:id="ptb-n00540"/>
    <a label="S" ref="ptb-n00540" as="PTB">
        <fs>
            <f name="cat" value="S"/>
            <f name="roles" value="PRP"/>
        </fs>
    </a>
    <node xml:id="ptb-n00541"/>
    <a label="NP" ref="ptb-n00541" as="PTB">
        <fs>
            <f name="cat" value="NP"/>
            <f name="roles" value="SBJ"/>
        </fs>
    </a>
    <node xml:id="ptb-n00542"/>
    <a label="Trace" ref="ptb-n00542" as="PTB">
        <fs>
            <f name="cat" value="*PRO*"/>
        </fs>
    </a>
    <edge xml:id="ptb-e00525" from="ptb-n00542" to="ptb-n00533"/>
    <edge xml:id="ptb-e00526" from="ptb-n00541" to="ptb-n00542"/>
    <edge xml:id="ptb-e00527" from="ptb-n00540" to="ptb-n00541"/>
    <node xml:id="ptb-n00543"/>
    <a label="VP" ref="ptb-n00543" as="PTB">
        <fs>
            <f name="cat" value="VP"/>
        </fs>
    </a>
    <edge xml:id="ptb-e00528" from="ptb-n00543" to="ptb-n00544"/>
    <node xml:id="ptb-n00545"/>
    <a label="VP" ref="ptb-n00545" as="PTB">
        <fs>
            <f name="cat" value="VP"/>
        </fs>
    </a>
    <edge xml:id="ptb-e00529" from="ptb-n00545" to="ptb-n00546"/>
    <node xml:id="ptb-n00547"/>
    <a label="NP" ref="ptb-n00547" as="PTB">
        <fs>
            <f name="cat" value="NP"/>
        </fs>
    </a>
    <edge xml:id="ptb-e00530" from="ptb-n00547" to="ptb-n00548"/>
    <edge xml:id="ptb-e00531" from="ptb-n00545" to="ptb-n00547"/>
    <edge xml:id="ptb-e00532" from="ptb-n00543" to="ptb-n00545"/>
    <edge xml:id="ptb-e00533" from="ptb-n00540" to="ptb-n00543"/>
    <edge xml:id="ptb-e00534" from="ptb-n00538" to="ptb-n00540"/>
    <edge xml:id="ptb-e00535" from="ptb-n00536" to="ptb-n00538"/>
    <edge xml:id="ptb-e00536" from="ptb-n00532" to="ptb-n00536"/>
    <edge xml:id="ptb-e00537" from="ptb-n00530" to="ptb-n00532"/>
    <edge xml:id="ptb-e00538" from="ptb-n00526" to="ptb-n00530"/>
    <edge xml:id="ptb-e00539" from="ptb-n00523" to="ptb-n00526"/>
    <edge xml:id="ptb-e00540" from="ptb-n00521" to="ptb-n00523"/>
    <edge xml:id="ptb-e00541" from="ptb-n00500" to="ptb-n00521"/>
    <edge xml:id="e560" from="ptb-n00000" to="ptb-n00500"/>
    <node xml:id="ptb-n00480"/>
    <a label="S" ref="ptb-n00480" as="PTB">
        <fs>
            <f name="cat" value="S"/>
        </fs>
    </a>
    <edge xml:id="ptb-e00491" from="ptb-n00480" to="ptb-n00499"/>
    <node xml:id="ptb-n00483"/>
    <a label="VP" ref="ptb-n00483" as="PTB">
        <fs>
            <f name="cat" value="VP"/>
        </fs>
    </a>
    <node xml:id="ptb-n00486"/>
    <a label="VP" ref="ptb-n00486" as="PTB">
        <fs>
            <f name="cat" value="VP"/>
        </fs>
    </a>
    <node xml:id="ptb-n00488"/>
    <a label="SBAR" ref="ptb-n00488" as="PTB">
        <fs>
            <f name="cat" value="SBAR"/>
            <f name="roles" value="ADV"/>
        </fs>
    </a>
    <node xml:id="ptb-n00490"/>
    <a label="S" ref="ptb-n00490" as="PTB">
        <fs>
            <f name="cat" value="S"/>
        </fs>
    </a>
    <node xml:id="ptb-n00494"/>
    <a label="VP" ref="ptb-n00494" as="PTB">
        <fs>
            <f name="cat" value="VP"/>
        </fs>
    </a>
    <node xml:id="ptb-n00497"/>
    <a label="ADVP" ref="ptb-n00497" as="PTB">
        <fs>
            <f name="cat" value="ADVP"/>
            <f name="roles" value="LOC-PRD"/>
        </fs>
    </a>
    <edge xml:id="ptb-e00484" from="ptb-n00497" to="ptb-n00498"/>
    <edge xml:id="ptb-e00485" from="ptb-n00494" to="ptb-n00497"/>
    <edge xml:id="ptb-e00483" from="ptb-n00494" to="ptb-n00496"/>
    <edge xml:id="ptb-e00482" from="ptb-n00494" to="ptb-n00495"/>
    <edge xml:id="ptb-e00486" from="ptb-n00490" to="ptb-n00494"/>
    <node xml:id="ptb-n00491"/>
    <a label="NP" ref="ptb-n00491" as="PTB">
        <fs>
            <f name="cat" value="NP"/>
            <f name="roles" value="SBJ"/>
        </fs>
    </a>
    <edge xml:id="ptb-e00480" from="ptb-n00491" to="ptb-n00493"/>
    <edge xml:id="ptb-e00479" from="ptb-n00491" to="ptb-n00492"/>
    <edge xml:id="ptb-e00481" from="ptb-n00490" to="ptb-n00491"/>
    <edge xml:id="ptb-e00487" from="ptb-n00488" to="ptb-n00490"/>
    <edge xml:id="ptb-e00478" from="ptb-n00488" to="ptb-n00489"/>
    <edge xml:id="ptb-e00488" from="ptb-n00486" to="ptb-n00488"/>
    <edge xml:id="ptb-e00477" from="ptb-n00486" to="ptb-n00487"/>
    <edge xml:id="ptb-e00489" from="ptb-n00483" to="ptb-n00486"/>
    <edge xml:id="ptb-e00476" from="ptb-n00483" to="ptb-n00485"/>
    <edge xml:id="ptb-e00475" from="ptb-n00483" to="ptb-n00484"/>
    <edge xml:id="ptb-e00490" from="ptb-n00480" to="ptb-n00483"/>
    <node xml:id="ptb-n00481"/>
    <a label="NP" ref="ptb-n00481" as="PTB">
        <fs>
            <f name="cat" value="NP"/>
            <f name="roles" value="SBJ"/>
        </fs>
    </a>
    <edge xml:id="ptb-e00473" from="ptb-n00481" to="ptb-n00482"/>
    <edge xml:id="ptb-e00474" from="ptb-n00480" to="ptb-n00481"/>
    <edge xml:id="e508" from="ptb-n00000" to="ptb-n00480"/>
    <node xml:id="ptb-n00034"/>
    <a label="S" ref="ptb-n00034" as="PTB">
        <fs>
            <f name="cat" value="S"/>
        </fs>
    </a>
    <edge xml:id="ptb-e00061" from="ptb-n00034" to="ptb-n00066"/>
    <node xml:id="ptb-n00038"/>
    <a label="VP" ref="ptb-n00038" as="PTB">
        <fs>
            <f name="cat" value="VP"/>
        </fs>
    </a>
    <node xml:id="ptb-n00040"/>
    <a label="NP" ref="ptb-n00040" as="PTB">
        <fs>
            <f name="cat" value="NP"/>
            <f name="roles" value="PRD"/>
        </fs>
    </a>
    <node xml:id="ptb-n00044"/>
    <a label="SBAR" ref="ptb-n00044" as="PTB">
        <fs>
            <f name="cat" value="SBAR"/>
        </fs>
    </a>
    <node xml:id="ptb-n00047"/>
    <a label="S" ref="ptb-n00047" as="PTB">
        <fs>
            <f name="cat" value="S"/>
        </fs>
    </a>
    <node xml:id="ptb-n00050"/>
    <a label="VP" ref="ptb-n00050" as="PTB">
        <fs>
            <f name="cat" value="VP"/>
        </fs>
    </a>
    <node xml:id="ptb-n00053"/>
    <a label="VP" ref="ptb-n00053" as="PTB">
        <fs>
            <f name="cat" value="VP"/>
        </fs>
    </a>
    <node xml:id="ptb-n00064"/>
    <a label="ADVP" ref="ptb-n00064" as="PTB">
        <fs>
            <f name="cat" value="ADVP"/>
            <f name="roles" value="PRP"/>
        </fs>
    </a>
    <node xml:id="ptb-n00065"/>
    <a label="Trace" ref="ptb-n00065" as="PTB">
        <fs>
            <f name="cat" value="*T*"/>
        </fs>
    </a>
    <node xml:id="ptb-n00045"/>
    <a label="WHADVP" ref="ptb-n00045" as="PTB">
        <fs>
            <f name="cat" value="WHADVP"/>
        </fs>
    </a>
    <edge xml:id="ptb-e00036" from="ptb-n00045" to="ptb-n00046"/>
    <edge xml:id="ptb-e00052" from="ptb-n00065" to="ptb-n00045"/>
    <edge xml:id="ptb-e00053" from="ptb-n00064" to="ptb-n00065"/>
    <edge xml:id="ptb-e00054" from="ptb-n00053" to="ptb-n00064"/>
    <node xml:id="ptb-n00058"/>
    <a label="PP" ref="ptb-n00058" as="PTB">
        <fs>
            <f name="cat" value="PP"/>
            <f name="roles" value="TMP"/>
        </fs>
    </a>
    <node xml:id="ptb-n00060"/>
    <a label="NP" ref="ptb-n00060" as="PTB">
        <fs>
            <f name="cat" value="NP"/>
        </fs>
    </a>
    <edge xml:id="ptb-e00049" from="ptb-n00060" to="ptb-n00063"/>
    <edge xml:id="ptb-e00048" from="ptb-n00060" to="ptb-n00062"/>
    <edge xml:id="ptb-e00047" from="ptb-n00060" to="ptb-n00061"/>
    <edge xml:id="ptb-e00050" from="ptb-n00058" to="ptb-n00060"/>
    <edge xml:id="ptb-e00046" from="ptb-n00058" to="ptb-n00059"/>
    <edge xml:id="ptb-e00051" from="ptb-n00053" to="ptb-n00058"/>
    <node xml:id="ptb-n00055"/>
    <a label="NP" ref="ptb-n00055" as="PTB">
        <fs>
            <f name="cat" value="NP"/>
        </fs>
    </a>
    <edge xml:id="ptb-e00044" from="ptb-n00055" to="ptb-n00057"/>
    <edge xml:id="ptb-e00043" from="ptb-n00055" to="ptb-n00056"/>
    <edge xml:id="ptb-e00045" from="ptb-n00053" to="ptb-n00055"/>
    <edge xml:id="ptb-e00042" from="ptb-n00053" to="ptb-n00054"/>
    <edge xml:id="ptb-e00055" from="ptb-n00050" to="ptb-n00053"/>
    <edge xml:id="ptb-e00041" from="ptb-n00050" to="ptb-n00052"/>
    <edge xml:id="ptb-e00040" from="ptb-n00050" to="ptb-n00051"/>
    <edge xml:id="ptb-e00056" from="ptb-n00047" to="ptb-n00050"/>
    <node xml:id="ptb-n00048"/>
    <a label="NP" ref="ptb-n00048" as="PTB">
        <fs>
            <f name="cat" value="NP"/>
            <f name="roles" value="SBJ"/>
        </fs>
    </a>
    <edge xml:id="ptb-e00038" from="ptb-n00048" to="ptb-n00049"/>
    <edge xml:id="ptb-e00039" from="ptb-n00047" to="ptb-n00048"/>
    <edge xml:id="ptb-e00057" from="ptb-n00044" to="ptb-n00047"/>
    <edge xml:id="ptb-e00037" from="ptb-n00044" to="ptb-n00045"/>
    <edge xml:id="ptb-e00058" from="ptb-n00040" to="ptb-n00044"/>
    <node xml:id="ptb-n00041"/>
    <a label="NP" ref="ptb-n00041" as="PTB">
        <fs>
            <f name="cat" value="NP"/>
        </fs>
    </a>
    <edge xml:id="ptb-e00034" from="ptb-n00041" to="ptb-n00043"/>
    <edge xml:id="ptb-e00033" from="ptb-n00041" to="ptb-n00042"/>
    <edge xml:id="ptb-e00035" from="ptb-n00040" to="ptb-n00041"/>
    <edge xml:id="ptb-e00059" from="ptb-n00038" to="ptb-n00040"/>
    <edge xml:id="ptb-e00032" from="ptb-n00038" to="ptb-n00039"/>
    <edge xml:id="ptb-e00060" from="ptb-n00034" to="ptb-n00038"/>
    <node xml:id="ptb-n00036"/>
    <a label="NP" ref="ptb-n00036" as="PTB">
        <fs>
            <f name="cat" value="NP"/>
            <f name="roles" value="SBJ"/>
        </fs>
    </a>
    <edge xml:id="ptb-e00030" from="ptb-n00036" to="ptb-n00037"/>
    <edge xml:id="ptb-e00031" from="ptb-n00034" to="ptb-n00036"/>
    <edge xml:id="ptb-e00029" from="ptb-n00034" to="ptb-n00035"/>
    <edge xml:id="e66" from="ptb-n00000" to="ptb-n00034"/>
    <node xml:id="ptb-n00021"/>
    <a label="S" ref="ptb-n00021" as="PTB">
        <fs>
            <f name="cat" value="S"/>
        </fs>
    </a>
    <edge xml:id="ptb-e00028" from="ptb-n00021" to="ptb-n00033"/>
    <node xml:id="ptb-n00024"/>
    <a label="VP" ref="ptb-n00024" as="PTB">
        <fs>
            <f name="cat" value="VP"/>
        </fs>
    </a>
    <node xml:id="ptb-n00026"/>
    <a label="NP" ref="ptb-n00026" as="PTB">
        <fs>
            <f name="cat" value="NP"/>
            <f name="roles" value="PRD"/>
        </fs>
    </a>
    <edge xml:id="ptb-e00025" from="ptb-n00026" to="ptb-n00032"/>
    <node xml:id="ptb-n00028"/>
    <a label="ADJP" ref="ptb-n00028" as="PTB">
        <fs>
            <f name="cat" value="ADJP"/>
        </fs>
    </a>
    <edge xml:id="ptb-e00023" from="ptb-n00028" to="ptb-n00031"/>
    <edge xml:id="ptb-e00022" from="ptb-n00028" to="ptb-n00030"/>
    <edge xml:id="ptb-e00021" from="ptb-n00028" to="ptb-n00029"/>
    <edge xml:id="ptb-e00024" from="ptb-n00026" to="ptb-n00028"/>
    <edge xml:id="ptb-e00020" from="ptb-n00026" to="ptb-n00027"/>
    <edge xml:id="ptb-e00026" from="ptb-n00024" to="ptb-n00026"/>
    <edge xml:id="ptb-e00019" from="ptb-n00024" to="ptb-n00025"/>
    <edge xml:id="ptb-e00027" from="ptb-n00021" to="ptb-n00024"/>
    <node xml:id="ptb-n00022"/>
    <a label="NP" ref="ptb-n00022" as="PTB">
        <fs>
            <f name="cat" value="NP"/>
            <f name="roles" value="SBJ"/>
        </fs>
    </a>
    <edge xml:id="ptb-e00017" from="ptb-n00022" to="ptb-n00023"/>
    <edge xml:id="ptb-e00018" from="ptb-n00021" to="ptb-n00022"/>
    <edge xml:id="e32" from="ptb-n00000" to="ptb-n00021"/>
    <node xml:id="ptb-n00303"/>
    <a label="S" ref="ptb-n00303" as="PTB">
        <fs>
            <f name="cat" value="S"/>
        </fs>
    </a>
    <edge xml:id="ptb-e00367" from="ptb-n00303" to="ptb-n00373"/>
    <node xml:id="ptb-n00306"/>
    <a label="VP" ref="ptb-n00306" as="PTB">
        <fs>
            <f name="cat" value="VP"/>
        </fs>
    </a>
    <node xml:id="ptb-n00317"/>
    <a label="SBAR" ref="ptb-n00317" as="PTB">
        <fs>
            <f name="cat" value="SBAR"/>
            <f name="roles" value="ADV"/>
        </fs>
    </a>
    <node xml:id="ptb-n00319"/>
    <a label="S" ref="ptb-n00319" as="PTB">
        <fs>
            <f name="cat" value="S"/>
        </fs>
    </a>
    <node xml:id="ptb-n00322"/>
    <a label="VP" ref="ptb-n00322" as="PTB">
        <fs>
            <f name="cat" value="VP"/>
        </fs>
    </a>
    <node xml:id="ptb-n00324"/>
    <a label="PP" ref="ptb-n00324" as="PTB">
        <fs>
            <f name="cat" value="PP"/>
            <f name="roles" value="PRD"/>
        </fs>
    </a>
    <node xml:id="ptb-n00360"/>
    <a label="PP" ref="ptb-n00360" as="PTB">
        <fs>
            <f name="cat" value="PP"/>
            <f name="roles" value="LOC"/>
        </fs>
    </a>
    <node xml:id="ptb-n00362"/>
    <a label="NP" ref="ptb-n00362" as="PTB">
        <fs>
            <f name="cat" value="NP"/>
        </fs>
    </a>
    <node xml:id="ptb-n00367"/>
    <a label="PP" ref="ptb-n00367" as="PTB">
        <fs>
            <f name="cat" value="PP"/>
        </fs>
    </a>
    <node xml:id="ptb-n00369"/>
    <a label="NP" ref="ptb-n00369" as="PTB">
        <fs>
            <f name="cat" value="NP"/>
        </fs>
    </a>
    <edge xml:id="ptb-e00357" from="ptb-n00369" to="ptb-n00372"/>
    <edge xml:id="ptb-e00356" from="ptb-n00369" to="ptb-n00371"/>
    <edge xml:id="ptb-e00355" from="ptb-n00369" to="ptb-n00370"/>
    <edge xml:id="ptb-e00358" from="ptb-n00367" to="ptb-n00369"/>
    <edge xml:id="ptb-e00354" from="ptb-n00367" to="ptb-n00368"/>
    <edge xml:id="ptb-e00359" from="ptb-n00362" to="ptb-n00367"/>
    <node xml:id="ptb-n00363"/>
    <a label="NP" ref="ptb-n00363" as="PTB">
        <fs>
            <f name="cat" value="NP"/>
        </fs>
    </a>
    <edge xml:id="ptb-e00352" from="ptb-n00363" to="ptb-n00366"/>
    <edge xml:id="ptb-e00351" from="ptb-n00363" to="ptb-n00365"/>
    <edge xml:id="ptb-e00350" from="ptb-n00363" to="ptb-n00364"/>
    <edge xml:id="ptb-e00353" from="ptb-n00362" to="ptb-n00363"/>
    <edge xml:id="ptb-e00360" from="ptb-n00360" to="ptb-n00362"/>
    <edge xml:id="ptb-e00349" from="ptb-n00360" to="ptb-n00361"/>
    <edge xml:id="ptb-e00361" from="ptb-n00324" to="ptb-n00360"/>
    <edge xml:id="ptb-e00348" from="ptb-n00324" to="ptb-n00359"/>
    <node xml:id="ptb-n00352"/>
    <a label="PP" ref="ptb-n00352" as="PTB">
        <fs>
            <f name="cat" value="PP"/>
        </fs>
    </a>
    <node xml:id="ptb-n00354"/>
    <a label="NP" ref="ptb-n00354" as="PTB">
        <fs>
            <f name="cat" value="NP"/>
        </fs>
    </a>
    <edge xml:id="ptb-e00345" from="ptb-n00354" to="ptb-n00358"/>
    <node xml:id="ptb-n00355"/>
    <a label="NML" ref="ptb-n00355" as="PTB">
        <fs>
            <f name="cat" value="NML"/>
        </fs>
    </a>
    <edge xml:id="ptb-e00343" from="ptb-n00355" to="ptb-n00357"/>
    <edge xml:id="ptb-e00342" from="ptb-n00355" to="ptb-n00356"/>
    <edge xml:id="ptb-e00344" from="ptb-n00354" to="ptb-n00355"/>
    <edge xml:id="ptb-e00346" from="ptb-n00352" to="ptb-n00354"/>
    <edge xml:id="ptb-e00341" from="ptb-n00352" to="ptb-n00353"/>
    <edge xml:id="ptb-e00347" from="ptb-n00324" to="ptb-n00352"/>
    <edge xml:id="ptb-e00340" from="ptb-n00324" to="ptb-n00351"/>
    <node xml:id="ptb-n00325"/>
    <a label="PP" ref="ptb-n00325" as="PTB">
        <fs>
            <f name="cat" value="PP"/>
        </fs>
    </a>
    <node xml:id="ptb-n00327"/>
    <a label="NP" ref="ptb-n00327" as="PTB">
        <fs>
            <f name="cat" value="NP"/>
        </fs>
    </a>
    <edge xml:id="ptb-e00337" from="ptb-n00327" to="ptb-n00350"/>
    <node xml:id="ptb-n00339"/>
    <a label="SBAR" ref="ptb-n00339" as="PTB">
        <fs>
            <f name="cat" value="SBAR"/>
        </fs>
    </a>
    <node xml:id="ptb-n00342"/>
    <a label="S" ref="ptb-n00342" as="PTB">
        <fs>
            <f name="cat" value="S"/>
        </fs>
    </a>
    <node xml:id="ptb-n00345"/>
    <a label="VP" ref="ptb-n00345" as="PTB">
        <fs>
            <f name="cat" value="VP"/>
        </fs>
    </a>
    <node xml:id="ptb-n00347"/>
    <a label="NP" ref="ptb-n00347" as="PTB">
        <fs>
            <f name="cat" value="NP"/>
        </fs>
    </a>
    <edge xml:id="ptb-e00332" from="ptb-n00347" to="ptb-n00349"/>
    <edge xml:id="ptb-e00331" from="ptb-n00347" to="ptb-n00348"/>
    <edge xml:id="ptb-e00333" from="ptb-n00345" to="ptb-n00347"/>
    <edge xml:id="ptb-e00330" from="ptb-n00345" to="ptb-n00346"/>
    <edge xml:id="ptb-e00334" from="ptb-n00342" to="ptb-n00345"/>
    <node xml:id="ptb-n00343"/>
    <a label="NP" ref="ptb-n00343" as="PTB">
        <fs>
            <f name="cat" value="NP"/>
            <f name="roles" value="SBJ"/>
        </fs>
    </a>
    <node xml:id="ptb-n00344"/>
    <a label="Trace" ref="ptb-n00344" as="PTB">
        <fs>
            <f name="cat" value="*T*"/>
        </fs>
    </a>
    <node xml:id="ptb-n00340"/>
    <a label="WHNP" ref="ptb-n00340" as="PTB">
        <fs>
            <f name="cat" value="WHNP"/>
        </fs>
    </a>
    <edge xml:id="ptb-e00325" from="ptb-n00340" to="ptb-n00341"/>
    <edge xml:id="ptb-e00327" from="ptb-n00344" to="ptb-n00340"/>
    <edge xml:id="ptb-e00328" from="ptb-n00343" to="ptb-n00344"/>
    <edge xml:id="ptb-e00329" from="ptb-n00342" to="ptb-n00343"/>
    <edge xml:id="ptb-e00335" from="ptb-n00339" to="ptb-n00342"/>
    <edge xml:id="ptb-e00326" from="ptb-n00339" to="ptb-n00340"/>
    <edge xml:id="ptb-e00336" from="ptb-n00327" to="ptb-n00339"/>
    <edge xml:id="ptb-e00324" from="ptb-n00327" to="ptb-n00338"/>
    <node xml:id="ptb-n00328"/>
    <a label="NP" ref="ptb-n00328" as="PTB">
        <fs>
            <f name="cat" value="NP"/>
        </fs>
    </a>
    <node xml:id="ptb-n00332"/>
    <a label="PP" ref="ptb-n00332" as="PTB">
        <fs>
            <f name="cat" value="PP"/>
        </fs>
    </a>
    <node xml:id="ptb-n00334"/>
    <a label="NP" ref="ptb-n00334" as="PTB">
        <fs>
            <f name="cat" value="NP"/>
        </fs>
    </a>
    <edge xml:id="ptb-e00320" from="ptb-n00334" to="ptb-n00337"/>
    <edge xml:id="ptb-e00319" from="ptb-n00334" to="ptb-n00336"/>
    <edge xml:id="ptb-e00318" from="ptb-n00334" to="ptb-n00335"/>
    <edge xml:id="ptb-e00321" from="ptb-n00332" to="ptb-n00334"/>
    <edge xml:id="ptb-e00317" from="ptb-n00332" to="ptb-n00333"/>
    <edge xml:id="ptb-e00322" from="ptb-n00328" to="ptb-n00332"/>
    <node xml:id="ptb-n00329"/>
    <a label="NP" ref="ptb-n00329" as="PTB">
        <fs>
            <f name="cat" value="NP"/>
        </fs>
    </a>
    <edge xml:id="ptb-e00315" from="ptb-n00329" to="ptb-n00331"/>
    <edge xml:id="ptb-e00314" from="ptb-n00329" to="ptb-n00330"/>
    <edge xml:id="ptb-e00316" from="ptb-n00328" to="ptb-n00329"/>
    <edge xml:id="ptb-e00323" from="ptb-n00327" to="ptb-n00328"/>
    <edge xml:id="ptb-e00338" from="ptb-n00325" to="ptb-n00327"/>
    <edge xml:id="ptb-e00313" from="ptb-n00325" to="ptb-n00326"/>
    <edge xml:id="ptb-e00339" from="ptb-n00324" to="ptb-n00325"/>
    <edge xml:id="ptb-e00362" from="ptb-n00322" to="ptb-n00324"/>
    <edge xml:id="ptb-e00312" from="ptb-n00322" to="ptb-n00323"/>
    <edge xml:id="ptb-e00363" from="ptb-n00319" to="ptb-n00322"/>
    <node xml:id="ptb-n00320"/>
    <a label="NP" ref="ptb-n00320" as="PTB">
        <fs>
            <f name="cat" value="NP"/>
            <f name="roles" value="SBJ"/>
        </fs>
    </a>
    <edge xml:id="ptb-e00310" from="ptb-n00320" to="ptb-n00321"/>
    <edge xml:id="ptb-e00311" from="ptb-n00319" to="ptb-n00320"/>
    <edge xml:id="ptb-e00364" from="ptb-n00317" to="ptb-n00319"/>
    <edge xml:id="ptb-e00309" from="ptb-n00317" to="ptb-n00318"/>
    <edge xml:id="ptb-e00365" from="ptb-n00306" to="ptb-n00317"/>
    <edge xml:id="ptb-e00308" from="ptb-n00306" to="ptb-n00316"/>
    <node xml:id="ptb-n00308"/>
    <a label="PP" ref="ptb-n00308" as="PTB">
        <fs>
            <f name="cat" value="PP"/>
            <f name="roles" value="CLR"/>
        </fs>
    </a>
    <node xml:id="ptb-n00310"/>
    <a label="NP" ref="ptb-n00310" as="PTB">
        <fs>
            <f name="cat" value="NP"/>
        </fs>
    </a>
    <edge xml:id="ptb-e00305" from="ptb-n00310" to="ptb-n00315"/>
    <node xml:id="ptb-n00312"/>
    <a label="NML" ref="ptb-n00312" as="PTB">
        <fs>
            <f name="cat" value="NML"/>
        </fs>
    </a>
    <edge xml:id="ptb-e00303" from="ptb-n00312" to="ptb-n00314"/>
    <edge xml:id="ptb-e00302" from="ptb-n00312" to="ptb-n00313"/>
    <edge xml:id="ptb-e00304" from="ptb-n00310" to="ptb-n00312"/>
    <edge xml:id="ptb-e00301" from="ptb-n00310" to="ptb-n00311"/>
    <edge xml:id="ptb-e00306" from="ptb-n00308" to="ptb-n00310"/>
    <edge xml:id="ptb-e00300" from="ptb-n00308" to="ptb-n00309"/>
    <edge xml:id="ptb-e00307" from="ptb-n00306" to="ptb-n00308"/>
    <edge xml:id="ptb-e00299" from="ptb-n00306" to="ptb-n00307"/>
    <edge xml:id="ptb-e00366" from="ptb-n00303" to="ptb-n00306"/>
    <node xml:id="ptb-n00304"/>
    <a label="NP" ref="ptb-n00304" as="PTB">
        <fs>
            <f name="cat" value="NP"/>
            <f name="roles" value="SBJ"/>
        </fs>
    </a>
    <edge xml:id="ptb-e00297" from="ptb-n00304" to="ptb-n00305"/>
    <edge xml:id="ptb-e00298" from="ptb-n00303" to="ptb-n00304"/>
    <edge xml:id="e379" from="ptb-n00000" to="ptb-n00303"/>
    <node xml:id="ptb-n00012"/>
    <a label="S" ref="ptb-n00012" as="PTB">
        <fs>
            <f name="cat" value="S"/>
        </fs>
    </a>
    <edge xml:id="ptb-e00016" from="ptb-n00012" to="ptb-n00020"/>
    <node xml:id="ptb-n00015"/>
    <a label="VP" ref="ptb-n00015" as="PTB">
        <fs>
            <f name="cat" value="VP"/>
        </fs>
    </a>
    <node xml:id="ptb-n00018"/>
    <a label="NP" ref="ptb-n00018" as="PTB">
        <fs>
            <f name="cat" value="NP"/>
            <f name="roles" value="PRD"/>
        </fs>
    </a>
    <edge xml:id="ptb-e00013" from="ptb-n00018" to="ptb-n00019"/>
    <edge xml:id="ptb-e00014" from="ptb-n00015" to="ptb-n00018"/>
    <edge xml:id="ptb-e00012" from="ptb-n00015" to="ptb-n00017"/>
    <edge xml:id="ptb-e00011" from="ptb-n00015" to="ptb-n00016"/>
    <edge xml:id="ptb-e00015" from="ptb-n00012" to="ptb-n00015"/>
    <node xml:id="ptb-n00013"/>
    <a label="NP" ref="ptb-n00013" as="PTB">
        <fs>
            <f name="cat" value="NP"/>
            <f name="roles" value="SBJ"/>
        </fs>
    </a>
    <edge xml:id="ptb-e00009" from="ptb-n00013" to="ptb-n00014"/>
    <edge xml:id="ptb-e00010" from="ptb-n00012" to="ptb-n00013"/>
    <edge xml:id="e19" from="ptb-n00000" to="ptb-n00012"/>
    <node xml:id="ptb-n00008"/>
    <a label="NP" ref="ptb-n00008" as="PTB">
        <fs>
            <f name="cat" value="NP"/>
            <f name="roles" value="VOC"/>
        </fs>
    </a>
    <edge xml:id="ptb-e00008" from="ptb-n00008" to="ptb-n00011"/>
    <edge xml:id="ptb-e00007" from="ptb-n00008" to="ptb-n00010"/>
    <edge xml:id="ptb-e00006" from="ptb-n00008" to="ptb-n00009"/>
    <edge xml:id="e10" from="ptb-n00000" to="ptb-n00008"/>
    <node xml:id="ptb-n00294"/>
    <a label="S" ref="ptb-n00294" as="PTB">
        <fs>
            <f name="cat" value="S"/>
        </fs>
    </a>
    <edge xml:id="ptb-e00296" from="ptb-n00294" to="ptb-n00302"/>
    <node xml:id="ptb-n00297"/>
    <a label="VP" ref="ptb-n00297" as="PTB">
        <fs>
            <f name="cat" value="VP"/>
        </fs>
    </a>
    <node xml:id="ptb-n00299"/>
    <a label="NP" ref="ptb-n00299" as="PTB">
        <fs>
            <f name="cat" value="NP"/>
            <f name="roles" value="PRD"/>
        </fs>
    </a>
    <edge xml:id="ptb-e00293" from="ptb-n00299" to="ptb-n00301"/>
    <edge xml:id="ptb-e00292" from="ptb-n00299" to="ptb-n00300"/>
    <edge xml:id="ptb-e00294" from="ptb-n00297" to="ptb-n00299"/>
    <edge xml:id="ptb-e00291" from="ptb-n00297" to="ptb-n00298"/>
    <edge xml:id="ptb-e00295" from="ptb-n00294" to="ptb-n00297"/>
    <node xml:id="ptb-n00295"/>
    <a label="NP" ref="ptb-n00295" as="PTB">
        <fs>
            <f name="cat" value="NP"/>
            <f name="roles" value="SBJ"/>
        </fs>
    </a>
    <edge xml:id="ptb-e00289" from="ptb-n00295" to="ptb-n00296"/>
    <edge xml:id="ptb-e00290" from="ptb-n00294" to="ptb-n00295"/>
    <edge xml:id="e307" from="ptb-n00000" to="ptb-n00294"/>
    <node xml:id="ptb-n00001"/>
    <a label="NP" ref="ptb-n00001" as="PTB">
        <fs>
            <f name="cat" value="NP"/>
            <f name="roles" value="TMP"/>
        </fs>
    </a>
    <node xml:id="ptb-n00006"/>
    <a label="NP" ref="ptb-n00006" as="PTB">
        <fs>
            <f name="cat" value="NP"/>
        </fs>
    </a>
    <edge xml:id="ptb-e00004" from="ptb-n00006" to="ptb-n00007"/>
    <edge xml:id="ptb-e00005" from="ptb-n00001" to="ptb-n00006"/>
    <edge xml:id="ptb-e00003" from="ptb-n00001" to="ptb-n00005"/>
    <node xml:id="ptb-n00002"/>
    <a label="NP" ref="ptb-n00002" as="PTB">
        <fs>
            <f name="cat" value="NP"/>
        </fs>
    </a>
    <edge xml:id="ptb-e00001" from="ptb-n00002" to="ptb-n00004"/>
    <edge xml:id="ptb-e00000" from="ptb-n00002" to="ptb-n00003"/>
    <edge xml:id="ptb-e00002" from="ptb-n00001" to="ptb-n00002"/>
    <edge xml:id="e6" from="ptb-n00000" to="ptb-n00001"/>
    <node xml:id="ptb-n00591"/>
    <a label="FRAG" ref="ptb-n00591" as="PTB">
        <fs>
            <f name="cat" value="FRAG"/>
        </fs>
    </a>
    <node xml:id="ptb-n00595"/>
    <a label="NP" ref="ptb-n00595" as="PTB">
        <fs>
            <f name="cat" value="NP"/>
        </fs>
    </a>
    <node xml:id="ptb-n00599"/>
    <a label="NP" ref="ptb-n00599" as="PTB">
        <fs>
            <f name="cat" value="NP"/>
        </fs>
    </a>
    <edge xml:id="ptb-e00590" from="ptb-n00599" to="ptb-n00601"/>
    <edge xml:id="ptb-e00589" from="ptb-n00599" to="ptb-n00600"/>
    <edge xml:id="ptb-e00591" from="ptb-n00595" to="ptb-n00599"/>
    <node xml:id="ptb-n00596"/>
    <a label="NP" ref="ptb-n00596" as="PTB">
        <fs>
            <f name="cat" value="NP"/>
        </fs>
    </a>
    <edge xml:id="ptb-e00587" from="ptb-n00596" to="ptb-n00598"/>
    <edge xml:id="ptb-e00586" from="ptb-n00596" to="ptb-n00597"/>
    <edge xml:id="ptb-e00588" from="ptb-n00595" to="ptb-n00596"/>
    <edge xml:id="ptb-e00592" from="ptb-n00591" to="ptb-n00595"/>
    <edge xml:id="ptb-e00585" from="ptb-n00591" to="ptb-n00594"/>
    <node xml:id="ptb-n00592"/>
    <a label="ADVP" ref="ptb-n00592" as="PTB">
        <fs>
            <f name="cat" value="ADVP"/>
            <f name="roles" value="MNR"/>
        </fs>
    </a>
    <edge xml:id="ptb-e00583" from="ptb-n00592" to="ptb-n00593"/>
    <edge xml:id="ptb-e00584" from="ptb-n00591" to="ptb-n00592"/>
    <edge xml:id="e613" from="ptb-n00000" to="ptb-n00591"/>
</graph>
