<?xml version="1.0" encoding="UTF-8"?>
<graph xmlns="http://www.xces.org/ns/GrAF/1.0/">
    <header>
        <tagsDecl>
            <tagUsage gi="tok" occurs="345"/>
        </tagsDecl>
        <dependencies>
            <dependsOn type="seg"/>
        </dependencies>
        <annotationSets>
            <annotationSet name="PTB" type="http://www.cis.upenn.edu/~treebank/"/>
        </annotationSets>
    </header>
    <node xml:id="ptb-n00003">
        <link targets="seg-r0"/>
    </node>
    <a label="tok" ref="ptb-n00003" as="PTB">
        <fs>
            <f name="msd" value="JJ"/>
        </fs>
    </a>
    <node xml:id="ptb-n00004">
        <link targets="seg-r2"/>
    </node>
    <a label="tok" ref="ptb-n00004" as="PTB">
        <fs>
            <f name="msd" value="NNS"/>
        </fs>
    </a>
    <node xml:id="ptb-n00006">
        <link targets="seg-r4"/>
    </node>
    <a label="tok" ref="ptb-n00006" as="PTB">
        <fs>
            <f name="msd" value="IN"/>
        </fs>
    </a>
    <node xml:id="ptb-n00008">
        <link targets="seg-r6"/>
    </node>
    <a label="tok" ref="ptb-n00008" as="PTB">
        <fs>
            <f name="msd" value="NNP"/>
        </fs>
    </a>
    <node xml:id="ptb-n00009">
        <link targets="seg-r8"/>
    </node>
    <a label="tok" ref="ptb-n00009" as="PTB">
        <fs>
            <f name="msd" value="NNP"/>
        </fs>
    </a>
    <node xml:id="ptb-n00010">
        <link targets="seg-r9"/>
    </node>
    <a label="tok" ref="ptb-n00010" as="PTB">
        <fs>
            <f name="msd" value="."/>
        </fs>
    </a>
    <node xml:id="ptb-n00013">
        <link targets="seg-r11"/>
    </node>
    <a label="tok" ref="ptb-n00013" as="PTB">
        <fs>
            <f name="msd" value="DT"/>
        </fs>
    </a>
    <node xml:id="ptb-n00014">
        <link targets="seg-r13"/>
    </node>
    <a label="tok" ref="ptb-n00014" as="PTB">
        <fs>
            <f name="msd" value="NN"/>
        </fs>
    </a>
    <node xml:id="ptb-n00015">
        <link targets="seg-r15"/>
    </node>
    <a label="tok" ref="ptb-n00015" as="PTB">
        <fs>
            <f name="msd" value="NN"/>
        </fs>
    </a>
    <node xml:id="ptb-n00017">
        <link targets="seg-r17"/>
    </node>
    <a label="tok" ref="ptb-n00017" as="PTB">
        <fs>
            <f name="msd" value="VBZ"/>
        </fs>
    </a>
    <node xml:id="ptb-n00021">
        <link targets="seg-r19"/>
    </node>
    <a label="tok" ref="ptb-n00021" as="PTB">
        <fs>
            <f name="msd" value="DT"/>
        </fs>
    </a>
    <node xml:id="ptb-n00022">
        <link targets="seg-r21"/>
    </node>
    <a label="tok" ref="ptb-n00022" as="PTB">
        <fs>
            <f name="msd" value="NN"/>
        </fs>
    </a>
    <node xml:id="ptb-n00024">
        <link targets="seg-r23"/>
    </node>
    <a label="tok" ref="ptb-n00024" as="PTB">
        <fs>
            <f name="msd" value="IN"/>
        </fs>
    </a>
    <node xml:id="ptb-n00026">
        <link targets="seg-r25"/>
    </node>
    <a label="tok" ref="ptb-n00026" as="PTB">
        <fs>
            <f name="msd" value="NN"/>
        </fs>
    </a>
    <node xml:id="ptb-n00029">
        <link targets="seg-r27"/>
    </node>
    <a label="tok" ref="ptb-n00029" as="PTB">
        <fs>
            <f name="msd" value="WRB"/>
        </fs>
    </a>
    <node xml:id="ptb-n00032">
        <link targets="seg-r29"/>
    </node>
    <a label="tok" ref="ptb-n00032" as="PTB">
        <fs>
            <f name="msd" value="PRP"/>
        </fs>
    </a>
    <node xml:id="ptb-n00034">
        <link targets="seg-r30"/>
    </node>
    <a label="tok" ref="ptb-n00034" as="PTB">
        <fs>
            <f name="msd" value="VBP"/>
        </fs>
    </a>
    <node xml:id="ptb-n00035">
        <link targets="seg-r32"/>
    </node>
    <a label="tok" ref="ptb-n00035" as="PTB">
        <fs>
            <f name="msd" value="DT"/>
        </fs>
    </a>
    <node xml:id="ptb-n00037">
        <link targets="seg-r34"/>
    </node>
    <a label="tok" ref="ptb-n00037" as="PTB">
        <fs>
            <f name="msd" value="JJ"/>
        </fs>
    </a>
    <node xml:id="ptb-n00043">
        <link targets="seg-r36"/>
    </node>
    <a label="tok" ref="ptb-n00043" as="PTB">
        <fs>
            <f name="msd" value="VBG"/>
        </fs>
    </a>
    <node xml:id="ptb-n00045">
        <link targets="seg-r38"/>
    </node>
    <a label="tok" ref="ptb-n00045" as="PTB">
        <fs>
            <f name="msd" value="NNS"/>
        </fs>
    </a>
    <node xml:id="ptb-n00046">
        <link targets="seg-r39"/>
    </node>
    <a label="tok" ref="ptb-n00046" as="PTB">
        <fs>
            <f name="msd" value=","/>
        </fs>
    </a>
    <node xml:id="ptb-n00048">
        <link targets="seg-r41"/>
    </node>
    <a label="tok" ref="ptb-n00048" as="PTB">
        <fs>
            <f name="msd" value="VBG"/>
        </fs>
    </a>
    <node xml:id="ptb-n00050">
        <link targets="seg-r43"/>
    </node>
    <a label="tok" ref="ptb-n00050" as="PTB">
        <fs>
            <f name="msd" value="NNS"/>
        </fs>
    </a>
    <node xml:id="ptb-n00051">
        <link targets="seg-r44"/>
    </node>
    <a label="tok" ref="ptb-n00051" as="PTB">
        <fs>
            <f name="msd" value=","/>
        </fs>
    </a>
    <node xml:id="ptb-n00053">
        <link targets="seg-r46"/>
    </node>
    <a label="tok" ref="ptb-n00053" as="PTB">
        <fs>
            <f name="msd" value="VBG"/>
        </fs>
    </a>
    <node xml:id="ptb-n00055">
        <link targets="seg-r48"/>
    </node>
    <a label="tok" ref="ptb-n00055" as="PTB">
        <fs>
            <f name="msd" value="PRP$"/>
        </fs>
    </a>
    <node xml:id="ptb-n00056">
        <link targets="seg-r50"/>
    </node>
    <a label="tok" ref="ptb-n00056" as="PTB">
        <fs>
            <f name="msd" value="NNS"/>
        </fs>
    </a>
    <node xml:id="ptb-n00057">
        <link targets="seg-r52"/>
    </node>
    <a label="tok" ref="ptb-n00057" as="PTB">
        <fs>
            <f name="msd" value="CC"/>
        </fs>
    </a>
    <node xml:id="ptb-n00059">
        <link targets="seg-r54"/>
    </node>
    <a label="tok" ref="ptb-n00059" as="PTB">
        <fs>
            <f name="msd" value="VBG"/>
        </fs>
    </a>
    <node xml:id="ptb-n00061">
        <link targets="seg-r56"/>
    </node>
    <a label="tok" ref="ptb-n00061" as="PTB">
        <fs>
            <f name="msd" value="NNS"/>
        </fs>
    </a>
    <node xml:id="ptb-n00066">
        <link targets="seg-r58"/>
    </node>
    <a label="tok" ref="ptb-n00066" as="PTB">
        <fs>
            <f name="msd" value="TO"/>
        </fs>
    </a>
    <node xml:id="ptb-n00068">
        <link targets="seg-r60"/>
    </node>
    <a label="tok" ref="ptb-n00068" as="PTB">
        <fs>
            <f name="msd" value="VB"/>
        </fs>
    </a>
    <node xml:id="ptb-n00070">
        <link targets="seg-r62"/>
    </node>
    <a label="tok" ref="ptb-n00070" as="PTB">
        <fs>
            <f name="msd" value="IN"/>
        </fs>
    </a>
    <node xml:id="ptb-n00072">
        <link targets="seg-r64"/>
    </node>
    <a label="tok" ref="ptb-n00072" as="PTB">
        <fs>
            <f name="msd" value="NN"/>
        </fs>
    </a>
    <node xml:id="ptb-n00073">
        <link targets="seg-r66"/>
    </node>
    <a label="tok" ref="ptb-n00073" as="PTB">
        <fs>
            <f name="msd" value="CC"/>
        </fs>
    </a>
    <node xml:id="ptb-n00074">
        <link targets="seg-r68"/>
    </node>
    <a label="tok" ref="ptb-n00074" as="PTB">
        <fs>
            <f name="msd" value="NNS"/>
        </fs>
    </a>
    <node xml:id="ptb-n00077">
        <link targets="seg-r69"/>
    </node>
    <a label="tok" ref="ptb-n00077" as="PTB">
        <fs>
            <f name="msd" value="."/>
        </fs>
    </a>
    <node xml:id="ptb-n00080">
        <link targets="seg-r71"/>
    </node>
    <a label="tok" ref="ptb-n00080" as="PTB">
        <fs>
            <f name="msd" value="DT"/>
        </fs>
    </a>
    <node xml:id="ptb-n00082">
        <link targets="seg-r73"/>
    </node>
    <a label="tok" ref="ptb-n00082" as="PTB">
        <fs>
            <f name="msd" value="VBZ"/>
        </fs>
    </a>
    <node xml:id="ptb-n00086">
        <link targets="seg-r75"/>
    </node>
    <a label="tok" ref="ptb-n00086" as="PTB">
        <fs>
            <f name="msd" value="DT"/>
        </fs>
    </a>
    <node xml:id="ptb-n00087">
        <link targets="seg-r77"/>
    </node>
    <a label="tok" ref="ptb-n00087" as="PTB">
        <fs>
            <f name="msd" value="NN"/>
        </fs>
    </a>
    <node xml:id="ptb-n00089">
        <link targets="seg-r79"/>
    </node>
    <a label="tok" ref="ptb-n00089" as="PTB">
        <fs>
            <f name="msd" value="IN"/>
        </fs>
    </a>
    <node xml:id="ptb-n00091">
        <link targets="seg-r81"/>
    </node>
    <a label="tok" ref="ptb-n00091" as="PTB">
        <fs>
            <f name="msd" value="NN"/>
        </fs>
    </a>
    <node xml:id="ptb-n00094">
        <link targets="seg-r83"/>
    </node>
    <a label="tok" ref="ptb-n00094" as="PTB">
        <fs>
            <f name="msd" value="WRB"/>
        </fs>
    </a>
    <node xml:id="ptb-n00097">
        <link targets="seg-r85"/>
    </node>
    <a label="tok" ref="ptb-n00097" as="PTB">
        <fs>
            <f name="msd" value="PRP"/>
        </fs>
    </a>
    <node xml:id="ptb-n00099">
        <link targets="seg-r87"/>
    </node>
    <a label="tok" ref="ptb-n00099" as="PTB">
        <fs>
            <f name="msd" value="VBP"/>
        </fs>
    </a>
    <node xml:id="ptb-n00102">
        <link targets="seg-r89"/>
    </node>
    <a label="tok" ref="ptb-n00102" as="PTB">
        <fs>
            <f name="msd" value="NNS"/>
        </fs>
    </a>
    <node xml:id="ptb-n00104">
        <link targets="seg-r91"/>
    </node>
    <a label="tok" ref="ptb-n00104" as="PTB">
        <fs>
            <f name="msd" value="IN"/>
        </fs>
    </a>
    <node xml:id="ptb-n00107">
        <link targets="seg-r93"/>
    </node>
    <a label="tok" ref="ptb-n00107" as="PTB">
        <fs>
            <f name="msd" value="DT"/>
        </fs>
    </a>
    <node xml:id="ptb-n00108">
        <link targets="seg-r95"/>
    </node>
    <a label="tok" ref="ptb-n00108" as="PTB">
        <fs>
            <f name="msd" value="NN"/>
        </fs>
    </a>
    <node xml:id="ptb-n00109">
        <link targets="seg-r97"/>
    </node>
    <a label="tok" ref="ptb-n00109" as="PTB">
        <fs>
            <f name="msd" value="CC"/>
        </fs>
    </a>
    <node xml:id="ptb-n00110">
        <link targets="seg-r99"/>
    </node>
    <a label="tok" ref="ptb-n00110" as="PTB">
        <fs>
            <f name="msd" value="NN"/>
        </fs>
    </a>
    <node xml:id="ptb-n00113">
        <link targets="seg-r101"/>
    </node>
    <a label="tok" ref="ptb-n00113" as="PTB">
        <fs>
            <f name="msd" value="WDT"/>
        </fs>
    </a>
    <node xml:id="ptb-n00118">
        <link targets="seg-r103"/>
    </node>
    <a label="tok" ref="ptb-n00118" as="PTB">
        <fs>
            <f name="msd" value="VBZ"/>
        </fs>
    </a>
    <node xml:id="ptb-n00120">
        <link targets="seg-r105"/>
    </node>
    <a label="tok" ref="ptb-n00120" as="PTB">
        <fs>
            <f name="msd" value="PRP"/>
        </fs>
    </a>
    <node xml:id="ptb-n00123">
        <link targets="seg-r106"/>
    </node>
    <a label="tok" ref="ptb-n00123" as="PTB">
        <fs>
            <f name="msd" value="."/>
        </fs>
    </a>
    <node xml:id="ptb-n00125">
        <link targets="seg-r108"/>
    </node>
    <a label="tok" ref="ptb-n00125" as="PTB">
        <fs>
            <f name="msd" value="CC"/>
        </fs>
    </a>
    <node xml:id="ptb-n00128">
        <link targets="seg-r110"/>
    </node>
    <a label="tok" ref="ptb-n00128" as="PTB">
        <fs>
            <f name="msd" value="DT"/>
        </fs>
    </a>
    <node xml:id="ptb-n00129">
        <link targets="seg-r112"/>
    </node>
    <a label="tok" ref="ptb-n00129" as="PTB">
        <fs>
            <f name="msd" value="NN"/>
        </fs>
    </a>
    <node xml:id="ptb-n00131">
        <link targets="seg-r114"/>
    </node>
    <a label="tok" ref="ptb-n00131" as="PTB">
        <fs>
            <f name="msd" value="IN"/>
        </fs>
    </a>
    <node xml:id="ptb-n00133">
        <link targets="seg-r116"/>
    </node>
    <a label="tok" ref="ptb-n00133" as="PTB">
        <fs>
            <f name="msd" value="NN"/>
        </fs>
    </a>
    <node xml:id="ptb-n00135">
        <link targets="seg-r118"/>
    </node>
    <a label="tok" ref="ptb-n00135" as="PTB">
        <fs>
            <f name="msd" value="VBZ"/>
        </fs>
    </a>
    <node xml:id="ptb-n00138">
        <link targets="seg-r120"/>
    </node>
    <a label="tok" ref="ptb-n00138" as="PTB">
        <fs>
            <f name="msd" value="DT"/>
        </fs>
    </a>
    <node xml:id="ptb-n00139">
        <link targets="seg-r122"/>
    </node>
    <a label="tok" ref="ptb-n00139" as="PTB">
        <fs>
            <f name="msd" value="NN"/>
        </fs>
    </a>
    <node xml:id="ptb-n00147">
        <link targets="seg-r124"/>
    </node>
    <a label="tok" ref="ptb-n00147" as="PTB">
        <fs>
            <f name="msd" value="TO"/>
        </fs>
    </a>
    <node xml:id="ptb-n00149">
        <link targets="seg-r126"/>
    </node>
    <a label="tok" ref="ptb-n00149" as="PTB">
        <fs>
            <f name="msd" value="VB"/>
        </fs>
    </a>
    <node xml:id="ptb-n00152">
        <link targets="seg-r128"/>
    </node>
    <a label="tok" ref="ptb-n00152" as="PTB">
        <fs>
            <f name="msd" value="DT"/>
        </fs>
    </a>
    <node xml:id="ptb-n00155">
        <link targets="seg-r130"/>
    </node>
    <a label="tok" ref="ptb-n00155" as="PTB">
        <fs>
            <f name="msd" value="RB"/>
        </fs>
    </a>
    <node xml:id="ptb-n00156">
        <link targets="seg-r132"/>
    </node>
    <a label="tok" ref="ptb-n00156" as="PTB">
        <fs>
            <f name="msd" value="RB"/>
        </fs>
    </a>
    <node xml:id="ptb-n00157">
        <link targets="seg-r134"/>
    </node>
    <a label="tok" ref="ptb-n00157" as="PTB">
        <fs>
            <f name="msd" value="JJ"/>
        </fs>
    </a>
    <node xml:id="ptb-n00159">
        <link targets="seg-r136"/>
    </node>
    <a label="tok" ref="ptb-n00159" as="PTB">
        <fs>
            <f name="msd" value="IN"/>
        </fs>
    </a>
    <node xml:id="ptb-n00162">
        <link targets="seg-r138"/>
    </node>
    <a label="tok" ref="ptb-n00162" as="PTB">
        <fs>
            <f name="msd" value="PRP"/>
        </fs>
    </a>
    <node xml:id="ptb-n00164">
        <link targets="seg-r140"/>
    </node>
    <a label="tok" ref="ptb-n00164" as="PTB">
        <fs>
            <f name="msd" value="VBP"/>
        </fs>
    </a>
    <node xml:id="ptb-n00169">
        <link targets="seg-r141"/>
    </node>
    <a label="tok" ref="ptb-n00169" as="PTB">
        <fs>
            <f name="msd" value="."/>
        </fs>
    </a>
    <node xml:id="ptb-n00172">
        <link targets="seg-r143"/>
    </node>
    <a label="tok" ref="ptb-n00172" as="PTB">
        <fs>
            <f name="msd" value="NNP"/>
        </fs>
    </a>
    <node xml:id="ptb-n00173">
        <link targets="seg-r145"/>
    </node>
    <a label="tok" ref="ptb-n00173" as="PTB">
        <fs>
            <f name="msd" value="NNP"/>
        </fs>
    </a>
    <node xml:id="ptb-n00175">
        <link targets="seg-r147"/>
    </node>
    <a label="tok" ref="ptb-n00175" as="PTB">
        <fs>
            <f name="msd" value="VBZ"/>
        </fs>
    </a>
    <node xml:id="ptb-n00177">
        <link targets="seg-r149"/>
    </node>
    <a label="tok" ref="ptb-n00177" as="PTB">
        <fs>
            <f name="msd" value="IN"/>
        </fs>
    </a>
    <node xml:id="ptb-n00179">
        <link targets="seg-r151"/>
    </node>
    <a label="tok" ref="ptb-n00179" as="PTB">
        <fs>
            <f name="msd" value="JJ"/>
        </fs>
    </a>
    <node xml:id="ptb-n00180">
        <link targets="seg-r153"/>
    </node>
    <a label="tok" ref="ptb-n00180" as="PTB">
        <fs>
            <f name="msd" value="NNS"/>
        </fs>
    </a>
    <node xml:id="ptb-n00181">
        <link targets="seg-r155"/>
    </node>
    <a label="tok" ref="ptb-n00181" as="PTB">
        <fs>
            <f name="msd" value="CC"/>
        </fs>
    </a>
    <node xml:id="ptb-n00182">
        <link targets="seg-r157"/>
    </node>
    <a label="tok" ref="ptb-n00182" as="PTB">
        <fs>
            <f name="msd" value="NNS"/>
        </fs>
    </a>
    <node xml:id="ptb-n00183">
        <link targets="seg-r158"/>
    </node>
    <a label="tok" ref="ptb-n00183" as="PTB">
        <fs>
            <f name="msd" value="."/>
        </fs>
    </a>
    <node xml:id="ptb-n00186">
        <link targets="seg-r160"/>
    </node>
    <a label="tok" ref="ptb-n00186" as="PTB">
        <fs>
            <f name="msd" value="PRP"/>
        </fs>
    </a>
    <node xml:id="ptb-n00188">
        <link targets="seg-r162"/>
    </node>
    <a label="tok" ref="ptb-n00188" as="PTB">
        <fs>
            <f name="msd" value="VBP"/>
        </fs>
    </a>
    <node xml:id="ptb-n00190">
        <link targets="seg-r164"/>
    </node>
    <a label="tok" ref="ptb-n00190" as="PTB">
        <fs>
            <f name="msd" value="DT"/>
        </fs>
    </a>
    <node xml:id="ptb-n00192">
        <link targets="seg-r166"/>
    </node>
    <a label="tok" ref="ptb-n00192" as="PTB">
        <fs>
            <f name="msd" value="IN"/>
        </fs>
    </a>
    <node xml:id="ptb-n00195">
        <link targets="seg-r168"/>
    </node>
    <a label="tok" ref="ptb-n00195" as="PTB">
        <fs>
            <f name="msd" value="DT"/>
        </fs>
    </a>
    <node xml:id="ptb-n00196">
        <link targets="seg-r170"/>
    </node>
    <a label="tok" ref="ptb-n00196" as="PTB">
        <fs>
            <f name="msd" value="JJ"/>
        </fs>
    </a>
    <node xml:id="ptb-n00197">
        <link targets="seg-r172"/>
    </node>
    <a label="tok" ref="ptb-n00197" as="PTB">
        <fs>
            <f name="msd" value="NN"/>
        </fs>
    </a>
    <node xml:id="ptb-n00199">
        <link targets="seg-r174"/>
    </node>
    <a label="tok" ref="ptb-n00199" as="PTB">
        <fs>
            <f name="msd" value="IN"/>
        </fs>
    </a>
    <node xml:id="ptb-n00202">
        <link targets="seg-r176"/>
    </node>
    <a label="tok" ref="ptb-n00202" as="PTB">
        <fs>
            <f name="msd" value="NNS"/>
        </fs>
    </a>
    <node xml:id="ptb-n00204">
        <link targets="seg-r178"/>
    </node>
    <a label="tok" ref="ptb-n00204" as="PTB">
        <fs>
            <f name="msd" value="VBG"/>
        </fs>
    </a>
    <node xml:id="ptb-n00208">
        <link targets="seg-r180"/>
    </node>
    <a label="tok" ref="ptb-n00208" as="PTB">
        <fs>
            <f name="msd" value="NN"/>
        </fs>
    </a>
    <node xml:id="ptb-n00209">
        <link targets="seg-r181"/>
    </node>
    <a label="tok" ref="ptb-n00209" as="PTB">
        <fs>
            <f name="msd" value="HYPH"/>
        </fs>
    </a>
    <node xml:id="ptb-n00210">
        <link targets="seg-r183"/>
    </node>
    <a label="tok" ref="ptb-n00210" as="PTB">
        <fs>
            <f name="msd" value="VBN"/>
        </fs>
    </a>
    <node xml:id="ptb-n00211">
        <link targets="seg-r184"/>
    </node>
    <a label="tok" ref="ptb-n00211" as="PTB">
        <fs>
            <f name="msd" value=","/>
        </fs>
    </a>
    <node xml:id="ptb-n00212">
        <link targets="seg-r186"/>
    </node>
    <a label="tok" ref="ptb-n00212" as="PTB">
        <fs>
            <f name="msd" value="JJ"/>
        </fs>
    </a>
    <node xml:id="ptb-n00213">
        <link targets="seg-r188"/>
    </node>
    <a label="tok" ref="ptb-n00213" as="PTB">
        <fs>
            <f name="msd" value="NN"/>
        </fs>
    </a>
    <node xml:id="ptb-n00214">
        <link targets="seg-r190"/>
    </node>
    <a label="tok" ref="ptb-n00214" as="PTB">
        <fs>
            <f name="msd" value="NN"/>
        </fs>
    </a>
    <node xml:id="ptb-n00215">
        <link targets="seg-r191"/>
    </node>
    <a label="tok" ref="ptb-n00215" as="PTB">
        <fs>
            <f name="msd" value=","/>
        </fs>
    </a>
    <node xml:id="ptb-n00217">
        <link targets="seg-r193"/>
    </node>
    <a label="tok" ref="ptb-n00217" as="PTB">
        <fs>
            <f name="msd" value="VB"/>
        </fs>
    </a>
    <node xml:id="ptb-n00218">
        <link targets="seg-r195"/>
    </node>
    <a label="tok" ref="ptb-n00218" as="PTB">
        <fs>
            <f name="msd" value="NNS"/>
        </fs>
    </a>
    <node xml:id="ptb-n00219">
        <link targets="seg-r197"/>
    </node>
    <a label="tok" ref="ptb-n00219" as="PTB">
        <fs>
            <f name="msd" value="CC"/>
        </fs>
    </a>
    <node xml:id="ptb-n00221">
        <link targets="seg-r199"/>
    </node>
    <a label="tok" ref="ptb-n00221" as="PTB">
        <fs>
            <f name="msd" value="PRP$"/>
        </fs>
    </a>
    <node xml:id="ptb-n00222">
        <link targets="seg-r201"/>
    </node>
    <a label="tok" ref="ptb-n00222" as="PTB">
        <fs>
            <f name="msd" value="NN"/>
        </fs>
    </a>
    <node xml:id="ptb-n00223">
        <link targets="seg-r203"/>
    </node>
    <a label="tok" ref="ptb-n00223" as="PTB">
        <fs>
            <f name="msd" value="NN"/>
        </fs>
    </a>
    <node xml:id="ptb-n00224">
        <link targets="seg-r204"/>
    </node>
    <a label="tok" ref="ptb-n00224" as="PTB">
        <fs>
            <f name="msd" value="."/>
        </fs>
    </a>
    <node xml:id="ptb-n00228">
        <link targets="seg-r206"/>
    </node>
    <a label="tok" ref="ptb-n00228" as="PTB">
        <fs>
            <f name="msd" value="JJ"/>
        </fs>
    </a>
    <node xml:id="ptb-n00230">
        <link targets="seg-r208"/>
    </node>
    <a label="tok" ref="ptb-n00230" as="PTB">
        <fs>
            <f name="msd" value="IN"/>
        </fs>
    </a>
    <node xml:id="ptb-n00232">
        <link targets="seg-r210"/>
    </node>
    <a label="tok" ref="ptb-n00232" as="PTB">
        <fs>
            <f name="msd" value="DT"/>
        </fs>
    </a>
    <node xml:id="ptb-n00233">
        <link targets="seg-r212"/>
    </node>
    <a label="tok" ref="ptb-n00233" as="PTB">
        <fs>
            <f name="msd" value="NNS"/>
        </fs>
    </a>
    <node xml:id="ptb-n00236">
        <link targets="seg-r214"/>
    </node>
    <a label="tok" ref="ptb-n00236" as="PTB">
        <fs>
            <f name="msd" value="VBP"/>
        </fs>
    </a>
    <node xml:id="ptb-n00239">
        <link targets="seg-r216"/>
    </node>
    <a label="tok" ref="ptb-n00239" as="PTB">
        <fs>
            <f name="msd" value="NNS"/>
        </fs>
    </a>
    <node xml:id="ptb-n00241">
        <link targets="seg-r218"/>
    </node>
    <a label="tok" ref="ptb-n00241" as="PTB">
        <fs>
            <f name="msd" value="IN"/>
        </fs>
    </a>
    <node xml:id="ptb-n00243">
        <link targets="seg-r220"/>
    </node>
    <a label="tok" ref="ptb-n00243" as="PTB">
        <fs>
            <f name="msd" value="NN"/>
        </fs>
    </a>
    <node xml:id="ptb-n00244">
        <link targets="seg-r222"/>
    </node>
    <a label="tok" ref="ptb-n00244" as="PTB">
        <fs>
            <f name="msd" value="CC"/>
        </fs>
    </a>
    <node xml:id="ptb-n00246">
        <link targets="seg-r224"/>
    </node>
    <a label="tok" ref="ptb-n00246" as="PTB">
        <fs>
            <f name="msd" value="VBP"/>
        </fs>
    </a>
    <node xml:id="ptb-n00248">
        <link targets="seg-r226"/>
    </node>
    <a label="tok" ref="ptb-n00248" as="PTB">
        <fs>
            <f name="msd" value="IN"/>
        </fs>
    </a>
    <node xml:id="ptb-n00250">
        <link targets="seg-r228"/>
    </node>
    <a label="tok" ref="ptb-n00250" as="PTB">
        <fs>
            <f name="msd" value="JJ"/>
        </fs>
    </a>
    <node xml:id="ptb-n00251">
        <link targets="seg-r230"/>
    </node>
    <a label="tok" ref="ptb-n00251" as="PTB">
        <fs>
            <f name="msd" value="NNS"/>
        </fs>
    </a>
    <node xml:id="ptb-n00252">
        <link targets="seg-r231"/>
    </node>
    <a label="tok" ref="ptb-n00252" as="PTB">
        <fs>
            <f name="msd" value="."/>
        </fs>
    </a>
    <node xml:id="ptb-n00255">
        <link targets="seg-r233"/>
    </node>
    <a label="tok" ref="ptb-n00255" as="PTB">
        <fs>
            <f name="msd" value="NN"/>
        </fs>
    </a>
    <node xml:id="ptb-n00257">
        <link targets="seg-r235"/>
    </node>
    <a label="tok" ref="ptb-n00257" as="PTB">
        <fs>
            <f name="msd" value="PRP"/>
        </fs>
    </a>
    <node xml:id="ptb-n00259">
        <link targets="seg-r237"/>
    </node>
    <a label="tok" ref="ptb-n00259" as="PTB">
        <fs>
            <f name="msd" value="VBP"/>
        </fs>
    </a>
    <node xml:id="ptb-n00261">
        <link targets="seg-r239"/>
    </node>
    <a label="tok" ref="ptb-n00261" as="PTB">
        <fs>
            <f name="msd" value="VBG"/>
        </fs>
    </a>
    <node xml:id="ptb-n00263">
        <link targets="seg-r241"/>
    </node>
    <a label="tok" ref="ptb-n00263" as="PTB">
        <fs>
            <f name="msd" value="PRP"/>
        </fs>
    </a>
    <node xml:id="ptb-n00268">
        <link targets="seg-r243"/>
    </node>
    <a label="tok" ref="ptb-n00268" as="PTB">
        <fs>
            <f name="msd" value="TO"/>
        </fs>
    </a>
    <node xml:id="ptb-n00270">
        <link targets="seg-r245"/>
    </node>
    <a label="tok" ref="ptb-n00270" as="PTB">
        <fs>
            <f name="msd" value="VB"/>
        </fs>
    </a>
    <node xml:id="ptb-n00272">
        <link targets="seg-r247"/>
    </node>
    <a label="tok" ref="ptb-n00272" as="PTB">
        <fs>
            <f name="msd" value="DT"/>
        </fs>
    </a>
    <node xml:id="ptb-n00273">
        <link targets="seg-r249"/>
    </node>
    <a label="tok" ref="ptb-n00273" as="PTB">
        <fs>
            <f name="msd" value="JJ"/>
        </fs>
    </a>
    <node xml:id="ptb-n00274">
        <link targets="seg-r251"/>
    </node>
    <a label="tok" ref="ptb-n00274" as="PTB">
        <fs>
            <f name="msd" value="NNS"/>
        </fs>
    </a>
    <node xml:id="ptb-n00279">
        <link targets="seg-r253"/>
    </node>
    <a label="tok" ref="ptb-n00279" as="PTB">
        <fs>
            <f name="msd" value="TO"/>
        </fs>
    </a>
    <node xml:id="ptb-n00281">
        <link targets="seg-r255"/>
    </node>
    <a label="tok" ref="ptb-n00281" as="PTB">
        <fs>
            <f name="msd" value="VB"/>
        </fs>
    </a>
    <node xml:id="ptb-n00286">
        <link targets="seg-r257"/>
    </node>
    <a label="tok" ref="ptb-n00286" as="PTB">
        <fs>
            <f name="msd" value="VBG"/>
        </fs>
    </a>
    <node xml:id="ptb-n00289">
        <link targets="seg-r259"/>
    </node>
    <a label="tok" ref="ptb-n00289" as="PTB">
        <fs>
            <f name="msd" value="DT"/>
        </fs>
    </a>
    <node xml:id="ptb-n00290">
        <link targets="seg-r261"/>
    </node>
    <a label="tok" ref="ptb-n00290" as="PTB">
        <fs>
            <f name="msd" value="NN"/>
        </fs>
    </a>
    <node xml:id="ptb-n00292">
        <link targets="seg-r263"/>
    </node>
    <a label="tok" ref="ptb-n00292" as="PTB">
        <fs>
            <f name="msd" value="TO"/>
        </fs>
    </a>
    <node xml:id="ptb-n00294">
        <link targets="seg-r265"/>
    </node>
    <a label="tok" ref="ptb-n00294" as="PTB">
        <fs>
            <f name="msd" value="NNP"/>
        </fs>
    </a>
    <node xml:id="ptb-n00295">
        <link targets="seg-r267"/>
    </node>
    <a label="tok" ref="ptb-n00295" as="PTB">
        <fs>
            <f name="msd" value="NNP"/>
        </fs>
    </a>
    <node xml:id="ptb-n00300">
        <link targets="seg-r269"/>
    </node>
    <a label="tok" ref="ptb-n00300" as="PTB">
        <fs>
            <f name="msd" value="TO"/>
        </fs>
    </a>
    <node xml:id="ptb-n00302">
        <link targets="seg-r271"/>
    </node>
    <a label="tok" ref="ptb-n00302" as="PTB">
        <fs>
            <f name="msd" value="VB"/>
        </fs>
    </a>
    <node xml:id="ptb-n00305">
        <link targets="seg-r273"/>
    </node>
    <a label="tok" ref="ptb-n00305" as="PTB">
        <fs>
            <f name="msd" value="DT"/>
        </fs>
    </a>
    <node xml:id="ptb-n00306">
        <link targets="seg-r275 seg-r276 seg-r277"/>
    </node>
    <a label="tok" ref="ptb-n00306" as="PTB">
        <fs>
            <f name="msd" value="CD"/>
        </fs>
    </a>
    <node xml:id="ptb-n00307">
        <link targets="seg-r279"/>
    </node>
    <a label="tok" ref="ptb-n00307" as="PTB">
        <fs>
            <f name="msd" value="NNS"/>
        </fs>
    </a>
    <node xml:id="ptb-n00308">
        <link targets="seg-r281"/>
    </node>
    <a label="tok" ref="ptb-n00308" as="PTB">
        <fs>
            <f name="msd" value="NNS"/>
        </fs>
    </a>
    <node xml:id="ptb-n00314">
        <link targets="seg-r283"/>
    </node>
    <a label="tok" ref="ptb-n00314" as="PTB">
        <fs>
            <f name="msd" value="PRP"/>
        </fs>
    </a>
    <node xml:id="ptb-n00316">
        <link targets="seg-r285"/>
    </node>
    <a label="tok" ref="ptb-n00316" as="PTB">
        <fs>
            <f name="msd" value="VBP"/>
        </fs>
    </a>
    <node xml:id="ptb-n00318">
        <link targets="seg-r287"/>
    </node>
    <a label="tok" ref="ptb-n00318" as="PTB">
        <fs>
            <f name="msd" value="IN"/>
        </fs>
    </a>
    <node xml:id="ptb-n00321">
        <link targets="seg-r288"/>
    </node>
    <a label="tok" ref="ptb-n00321" as="PTB">
        <fs>
            <f name="msd" value="."/>
        </fs>
    </a>
    <node xml:id="ptb-n00325">
        <link targets="seg-r290"/>
    </node>
    <a label="tok" ref="ptb-n00325" as="PTB">
        <fs>
            <f name="msd" value="JJ"/>
        </fs>
    </a>
    <node xml:id="ptb-n00327">
        <link targets="seg-r292"/>
    </node>
    <a label="tok" ref="ptb-n00327" as="PTB">
        <fs>
            <f name="msd" value="IN"/>
        </fs>
    </a>
    <node xml:id="ptb-n00329">
        <link targets="seg-r294"/>
    </node>
    <a label="tok" ref="ptb-n00329" as="PTB">
        <fs>
            <f name="msd" value="DT"/>
        </fs>
    </a>
    <node xml:id="ptb-n00330">
        <link targets="seg-r296"/>
    </node>
    <a label="tok" ref="ptb-n00330" as="PTB">
        <fs>
            <f name="msd" value="NNS"/>
        </fs>
    </a>
    <node xml:id="ptb-n00332">
        <link targets="seg-r298"/>
    </node>
    <a label="tok" ref="ptb-n00332" as="PTB">
        <fs>
            <f name="msd" value="VBP"/>
        </fs>
    </a>
    <node xml:id="ptb-n00335">
        <link targets="seg-r300"/>
    </node>
    <a label="tok" ref="ptb-n00335" as="PTB">
        <fs>
            <f name="msd" value="DT"/>
        </fs>
    </a>
    <node xml:id="ptb-n00336">
        <link targets="seg-r302"/>
    </node>
    <a label="tok" ref="ptb-n00336" as="PTB">
        <fs>
            <f name="msd" value="NNS"/>
        </fs>
    </a>
    <node xml:id="ptb-n00337">
        <link targets="seg-r303"/>
    </node>
    <a label="tok" ref="ptb-n00337" as="PTB">
        <fs>
            <f name="msd" value=":"/>
        </fs>
    </a>
    <node xml:id="ptb-n00340">
        <link targets="seg-r305"/>
    </node>
    <a label="tok" ref="ptb-n00340" as="PTB">
        <fs>
            <f name="msd" value="DT"/>
        </fs>
    </a>
    <node xml:id="ptb-n00341">
        <link targets="seg-r307"/>
    </node>
    <a label="tok" ref="ptb-n00341" as="PTB">
        <fs>
            <f name="msd" value="NNS"/>
        </fs>
    </a>
    <node xml:id="ptb-n00343">
        <link targets="seg-r309"/>
    </node>
    <a label="tok" ref="ptb-n00343" as="PTB">
        <fs>
            <f name="msd" value="IN"/>
        </fs>
    </a>
    <node xml:id="ptb-n00345">
        <link targets="seg-r311"/>
    </node>
    <a label="tok" ref="ptb-n00345" as="PTB">
        <fs>
            <f name="msd" value="NN"/>
        </fs>
    </a>
    <node xml:id="ptb-n00347">
        <link targets="seg-r313"/>
    </node>
    <a label="tok" ref="ptb-n00347" as="PTB">
        <fs>
            <f name="msd" value="IN"/>
        </fs>
    </a>
    <node xml:id="ptb-n00349">
        <link targets="seg-r315"/>
    </node>
    <a label="tok" ref="ptb-n00349" as="PTB">
        <fs>
            <f name="msd" value="JJ"/>
        </fs>
    </a>
    <node xml:id="ptb-n00350">
        <link targets="seg-r317"/>
    </node>
    <a label="tok" ref="ptb-n00350" as="PTB">
        <fs>
            <f name="msd" value="NNS"/>
        </fs>
    </a>
    <node xml:id="ptb-n00351">
        <link targets="seg-r318"/>
    </node>
    <a label="tok" ref="ptb-n00351" as="PTB">
        <fs>
            <f name="msd" value="."/>
        </fs>
    </a>
    <node xml:id="ptb-n00354">
        <link targets="seg-r320"/>
    </node>
    <a label="tok" ref="ptb-n00354" as="PTB">
        <fs>
            <f name="msd" value="NNS"/>
        </fs>
    </a>
    <node xml:id="ptb-n00356">
        <link targets="seg-r322"/>
    </node>
    <a label="tok" ref="ptb-n00356" as="PTB">
        <fs>
            <f name="msd" value="VBP"/>
        </fs>
    </a>
    <node xml:id="ptb-n00358">
        <link targets="seg-r324"/>
    </node>
    <a label="tok" ref="ptb-n00358" as="PTB">
        <fs>
            <f name="msd" value="IN"/>
        </fs>
    </a>
    <node xml:id="ptb-n00361">
        <link targets="seg-r326"/>
    </node>
    <a label="tok" ref="ptb-n00361" as="PTB">
        <fs>
            <f name="msd" value="NNS"/>
        </fs>
    </a>
    <node xml:id="ptb-n00364">
        <link targets="seg-r328"/>
    </node>
    <a label="tok" ref="ptb-n00364" as="PTB">
        <fs>
            <f name="msd" value="WDT"/>
        </fs>
    </a>
    <node xml:id="ptb-n00370">
        <link targets="seg-r330"/>
    </node>
    <a label="tok" ref="ptb-n00370" as="PTB">
        <fs>
            <f name="msd" value="VBP"/>
        </fs>
    </a>
    <node xml:id="ptb-n00372">
        <link targets="seg-r332"/>
    </node>
    <a label="tok" ref="ptb-n00372" as="PTB">
        <fs>
            <f name="msd" value="VBG"/>
        </fs>
    </a>
    <node xml:id="ptb-n00377">
        <link targets="seg-r334"/>
    </node>
    <a label="tok" ref="ptb-n00377" as="PTB">
        <fs>
            <f name="msd" value="TO"/>
        </fs>
    </a>
    <node xml:id="ptb-n00379">
        <link targets="seg-r336"/>
    </node>
    <a label="tok" ref="ptb-n00379" as="PTB">
        <fs>
            <f name="msd" value="VB"/>
        </fs>
    </a>
    <node xml:id="ptb-n00381">
        <link targets="seg-r338"/>
    </node>
    <a label="tok" ref="ptb-n00381" as="PTB">
        <fs>
            <f name="msd" value="DT"/>
        </fs>
    </a>
    <node xml:id="ptb-n00382">
        <link targets="seg-r340"/>
    </node>
    <a label="tok" ref="ptb-n00382" as="PTB">
        <fs>
            <f name="msd" value="JJ"/>
        </fs>
    </a>
    <node xml:id="ptb-n00383">
        <link targets="seg-r341"/>
    </node>
    <a label="tok" ref="ptb-n00383" as="PTB">
        <fs>
            <f name="msd" value=","/>
        </fs>
    </a>
    <node xml:id="ptb-n00384">
        <link targets="seg-r343"/>
    </node>
    <a label="tok" ref="ptb-n00384" as="PTB">
        <fs>
            <f name="msd" value="JJ"/>
        </fs>
    </a>
    <node xml:id="ptb-n00385">
        <link targets="seg-r345"/>
    </node>
    <a label="tok" ref="ptb-n00385" as="PTB">
        <fs>
            <f name="msd" value="NN"/>
        </fs>
    </a>
    <node xml:id="ptb-n00386">
        <link targets="seg-r347"/>
    </node>
    <a label="tok" ref="ptb-n00386" as="PTB">
        <fs>
            <f name="msd" value="CC"/>
        </fs>
    </a>
    <node xml:id="ptb-n00388">
        <link targets="seg-r349"/>
    </node>
    <a label="tok" ref="ptb-n00388" as="PTB">
        <fs>
            <f name="msd" value="VBP"/>
        </fs>
    </a>
    <node xml:id="ptb-n00389">
        <link targets="seg-r350"/>
    </node>
    <a label="tok" ref="ptb-n00389" as="PTB">
        <fs>
            <f name="msd" value="RB"/>
        </fs>
    </a>
    <node xml:id="ptb-n00391">
        <link targets="seg-r352"/>
    </node>
    <a label="tok" ref="ptb-n00391" as="PTB">
        <fs>
            <f name="msd" value="VB"/>
        </fs>
    </a>
    <node xml:id="ptb-n00394">
        <link targets="seg-r354"/>
    </node>
    <a label="tok" ref="ptb-n00394" as="PTB">
        <fs>
            <f name="msd" value="DT"/>
        </fs>
    </a>
    <node xml:id="ptb-n00395">
        <link targets="seg-r356"/>
    </node>
    <a label="tok" ref="ptb-n00395" as="PTB">
        <fs>
            <f name="msd" value="NNS"/>
        </fs>
    </a>
    <node xml:id="ptb-n00403">
        <link targets="seg-r358"/>
    </node>
    <a label="tok" ref="ptb-n00403" as="PTB">
        <fs>
            <f name="msd" value="TO"/>
        </fs>
    </a>
    <node xml:id="ptb-n00405">
        <link targets="seg-r360"/>
    </node>
    <a label="tok" ref="ptb-n00405" as="PTB">
        <fs>
            <f name="msd" value="VB"/>
        </fs>
    </a>
    <node xml:id="ptb-n00408">
        <link targets="seg-r362"/>
    </node>
    <a label="tok" ref="ptb-n00408" as="PTB">
        <fs>
            <f name="msd" value="PRP"/>
        </fs>
    </a>
    <node xml:id="ptb-n00410">
        <link targets="seg-r364"/>
    </node>
    <a label="tok" ref="ptb-n00410" as="PTB">
        <fs>
            <f name="msd" value="JJ"/>
        </fs>
    </a>
    <node xml:id="ptb-n00411">
        <link targets="seg-r365"/>
    </node>
    <a label="tok" ref="ptb-n00411" as="PTB">
        <fs>
            <f name="msd" value="."/>
        </fs>
    </a>
    <node xml:id="ptb-n00414">
        <link targets="seg-r367"/>
    </node>
    <a label="tok" ref="ptb-n00414" as="PTB">
        <fs>
            <f name="msd" value="PRP$"/>
        </fs>
    </a>
    <node xml:id="ptb-n00415">
        <link targets="seg-r369"/>
    </node>
    <a label="tok" ref="ptb-n00415" as="PTB">
        <fs>
            <f name="msd" value="NN"/>
        </fs>
    </a>
    <node xml:id="ptb-n00417">
        <link targets="seg-r371"/>
    </node>
    <a label="tok" ref="ptb-n00417" as="PTB">
        <fs>
            <f name="msd" value="MD"/>
        </fs>
    </a>
    <node xml:id="ptb-n00419">
        <link targets="seg-r373"/>
    </node>
    <a label="tok" ref="ptb-n00419" as="PTB">
        <fs>
            <f name="msd" value="VB"/>
        </fs>
    </a>
    <node xml:id="ptb-n00422">
        <link targets="seg-r375"/>
    </node>
    <a label="tok" ref="ptb-n00422" as="PTB">
        <fs>
            <f name="msd" value="DT"/>
        </fs>
    </a>
    <node xml:id="ptb-n00423">
        <link targets="seg-r377"/>
    </node>
    <a label="tok" ref="ptb-n00423" as="PTB">
        <fs>
            <f name="msd" value="NN"/>
        </fs>
    </a>
    <node xml:id="ptb-n00425">
        <link targets="seg-r379"/>
    </node>
    <a label="tok" ref="ptb-n00425" as="PTB">
        <fs>
            <f name="msd" value="IN"/>
        </fs>
    </a>
    <node xml:id="ptb-n00428">
        <link targets="seg-r381"/>
    </node>
    <a label="tok" ref="ptb-n00428" as="PTB">
        <fs>
            <f name="msd" value="DT"/>
        </fs>
    </a>
    <node xml:id="ptb-n00429">
        <link targets="seg-r383"/>
    </node>
    <a label="tok" ref="ptb-n00429" as="PTB">
        <fs>
            <f name="msd" value="NN"/>
        </fs>
    </a>
    <node xml:id="ptb-n00430">
        <link targets="seg-r384"/>
    </node>
    <a label="tok" ref="ptb-n00430" as="PTB">
        <fs>
            <f name="msd" value="POS"/>
        </fs>
    </a>
    <node xml:id="ptb-n00431">
        <link targets="seg-r386"/>
    </node>
    <a label="tok" ref="ptb-n00431" as="PTB">
        <fs>
            <f name="msd" value="NN"/>
        </fs>
    </a>
    <node xml:id="ptb-n00432">
        <link targets="seg-r387"/>
    </node>
    <a label="tok" ref="ptb-n00432" as="PTB">
        <fs>
            <f name="msd" value="."/>
        </fs>
    </a>
    <node xml:id="ptb-n00435">
        <link targets="seg-r389"/>
    </node>
    <a label="tok" ref="ptb-n00435" as="PTB">
        <fs>
            <f name="msd" value="PRP"/>
        </fs>
    </a>
    <node xml:id="ptb-n00437">
        <link targets="seg-r391"/>
    </node>
    <a label="tok" ref="ptb-n00437" as="PTB">
        <fs>
            <f name="msd" value="MD"/>
        </fs>
    </a>
    <node xml:id="ptb-n00439">
        <link targets="seg-r393"/>
    </node>
    <a label="tok" ref="ptb-n00439" as="PTB">
        <fs>
            <f name="msd" value="VB"/>
        </fs>
    </a>
    <node xml:id="ptb-n00442">
        <link targets="seg-r395"/>
    </node>
    <a label="tok" ref="ptb-n00442" as="PTB">
        <fs>
            <f name="msd" value="DT"/>
        </fs>
    </a>
    <node xml:id="ptb-n00443">
        <link targets="seg-r397"/>
    </node>
    <a label="tok" ref="ptb-n00443" as="PTB">
        <fs>
            <f name="msd" value="NN"/>
        </fs>
    </a>
    <node xml:id="ptb-n00445">
        <link targets="seg-r399"/>
    </node>
    <a label="tok" ref="ptb-n00445" as="PTB">
        <fs>
            <f name="msd" value="VB"/>
        </fs>
    </a>
    <node xml:id="ptb-n00447">
        <link targets="seg-r401"/>
    </node>
    <a label="tok" ref="ptb-n00447" as="PTB">
        <fs>
            <f name="msd" value="RB"/>
        </fs>
    </a>
    <node xml:id="ptb-n00448">
        <link targets="seg-r402"/>
    </node>
    <a label="tok" ref="ptb-n00448" as="PTB">
        <fs>
            <f name="msd" value="."/>
        </fs>
    </a>
    <node xml:id="ptb-n00451">
        <link targets="seg-r404"/>
    </node>
    <a label="tok" ref="ptb-n00451" as="PTB">
        <fs>
            <f name="msd" value="PRP"/>
        </fs>
    </a>
    <node xml:id="ptb-n00453">
        <link targets="seg-r406"/>
    </node>
    <a label="tok" ref="ptb-n00453" as="PTB">
        <fs>
            <f name="msd" value="MD"/>
        </fs>
    </a>
    <node xml:id="ptb-n00455">
        <link targets="seg-r408"/>
    </node>
    <a label="tok" ref="ptb-n00455" as="PTB">
        <fs>
            <f name="msd" value="RB"/>
        </fs>
    </a>
    <node xml:id="ptb-n00457">
        <link targets="seg-r410"/>
    </node>
    <a label="tok" ref="ptb-n00457" as="PTB">
        <fs>
            <f name="msd" value="VB"/>
        </fs>
    </a>
    <node xml:id="ptb-n00459">
        <link targets="seg-r412"/>
    </node>
    <a label="tok" ref="ptb-n00459" as="PTB">
        <fs>
            <f name="msd" value="JJ"/>
        </fs>
    </a>
    <node xml:id="ptb-n00460">
        <link targets="seg-r414"/>
    </node>
    <a label="tok" ref="ptb-n00460" as="PTB">
        <fs>
            <f name="msd" value="NN"/>
        </fs>
    </a>
    <node xml:id="ptb-n00461">
        <link targets="seg-r416"/>
    </node>
    <a label="tok" ref="ptb-n00461" as="PTB">
        <fs>
            <f name="msd" value="NNS"/>
        </fs>
    </a>
    <node xml:id="ptb-n00462">
        <link targets="seg-r417"/>
    </node>
    <a label="tok" ref="ptb-n00462" as="PTB">
        <fs>
            <f name="msd" value="."/>
        </fs>
    </a>
    <node xml:id="ptb-n00466">
        <link targets="seg-r419"/>
    </node>
    <a label="tok" ref="ptb-n00466" as="PTB">
        <fs>
            <f name="msd" value="DT"/>
        </fs>
    </a>
    <node xml:id="ptb-n00467">
        <link targets="seg-r421"/>
    </node>
    <a label="tok" ref="ptb-n00467" as="PTB">
        <fs>
            <f name="msd" value="NN"/>
        </fs>
    </a>
    <node xml:id="ptb-n00469">
        <link targets="seg-r423"/>
    </node>
    <a label="tok" ref="ptb-n00469" as="PTB">
        <fs>
            <f name="msd" value="TO"/>
        </fs>
    </a>
    <node xml:id="ptb-n00471">
        <link targets="seg-r425"/>
    </node>
    <a label="tok" ref="ptb-n00471" as="PTB">
        <fs>
            <f name="msd" value="NNP"/>
        </fs>
    </a>
    <node xml:id="ptb-n00472">
        <link targets="seg-r427"/>
    </node>
    <a label="tok" ref="ptb-n00472" as="PTB">
        <fs>
            <f name="msd" value="NNP"/>
        </fs>
    </a>
    <node xml:id="ptb-n00474">
        <link targets="seg-r429"/>
    </node>
    <a label="tok" ref="ptb-n00474" as="PTB">
        <fs>
            <f name="msd" value="VBZ"/>
        </fs>
    </a>
    <node xml:id="ptb-n00480">
        <link targets="seg-r431"/>
    </node>
    <a label="tok" ref="ptb-n00480" as="PTB">
        <fs>
            <f name="msd" value="DT"/>
        </fs>
    </a>
    <node xml:id="ptb-n00481">
        <link targets="seg-r433"/>
    </node>
    <a label="tok" ref="ptb-n00481" as="PTB">
        <fs>
            <f name="msd" value="NNS"/>
        </fs>
    </a>
    <node xml:id="ptb-n00483">
        <link targets="seg-r435"/>
    </node>
    <a label="tok" ref="ptb-n00483" as="PTB">
        <fs>
            <f name="msd" value="IN"/>
        </fs>
    </a>
    <node xml:id="ptb-n00485">
        <link targets="seg-r437"/>
    </node>
    <a label="tok" ref="ptb-n00485" as="PTB">
        <fs>
            <f name="msd" value="PRP$"/>
        </fs>
    </a>
    <node xml:id="ptb-n00486">
        <link targets="seg-r439"/>
    </node>
    <a label="tok" ref="ptb-n00486" as="PTB">
        <fs>
            <f name="msd" value="NN"/>
        </fs>
    </a>
    <node xml:id="ptb-n00488">
        <link targets="seg-r441"/>
    </node>
    <a label="tok" ref="ptb-n00488" as="PTB">
        <fs>
            <f name="msd" value="MD"/>
        </fs>
    </a>
    <node xml:id="ptb-n00490">
        <link targets="seg-r443"/>
    </node>
    <a label="tok" ref="ptb-n00490" as="PTB">
        <fs>
            <f name="msd" value="VB"/>
        </fs>
    </a>
    <node xml:id="ptb-n00492">
        <link targets="seg-r445"/>
    </node>
    <a label="tok" ref="ptb-n00492" as="PTB">
        <fs>
            <f name="msd" value="NNS"/>
        </fs>
    </a>
    <node xml:id="ptb-n00500">
        <link targets="seg-r447"/>
    </node>
    <a label="tok" ref="ptb-n00500" as="PTB">
        <fs>
            <f name="msd" value="TO"/>
        </fs>
    </a>
    <node xml:id="ptb-n00502">
        <link targets="seg-r449"/>
    </node>
    <a label="tok" ref="ptb-n00502" as="PTB">
        <fs>
            <f name="msd" value="VB"/>
        </fs>
    </a>
    <node xml:id="ptb-n00505">
        <link targets="seg-r450"/>
    </node>
    <a label="tok" ref="ptb-n00505" as="PTB">
        <fs>
            <f name="msd" value="."/>
        </fs>
    </a>
    <node xml:id="ptb-n00508">
        <link targets="seg-r452"/>
    </node>
    <a label="tok" ref="ptb-n00508" as="PTB">
        <fs>
            <f name="msd" value="DT"/>
        </fs>
    </a>
    <node xml:id="ptb-n00509">
        <link targets="seg-r454"/>
    </node>
    <a label="tok" ref="ptb-n00509" as="PTB">
        <fs>
            <f name="msd" value="NN"/>
        </fs>
    </a>
    <node xml:id="ptb-n00511">
        <link targets="seg-r456"/>
    </node>
    <a label="tok" ref="ptb-n00511" as="PTB">
        <fs>
            <f name="msd" value="VBZ"/>
        </fs>
    </a>
    <node xml:id="ptb-n00516">
        <link targets="seg-r458"/>
    </node>
    <a label="tok" ref="ptb-n00516" as="PTB">
        <fs>
            <f name="msd" value="DT"/>
        </fs>
    </a>
    <node xml:id="ptb-n00517">
        <link targets="seg-r460"/>
    </node>
    <a label="tok" ref="ptb-n00517" as="PTB">
        <fs>
            <f name="msd" value="NN"/>
        </fs>
    </a>
    <node xml:id="ptb-n00519">
        <link targets="seg-r462"/>
    </node>
    <a label="tok" ref="ptb-n00519" as="PTB">
        <fs>
            <f name="msd" value="MD"/>
        </fs>
    </a>
    <node xml:id="ptb-n00521">
        <link targets="seg-r464"/>
    </node>
    <a label="tok" ref="ptb-n00521" as="PTB">
        <fs>
            <f name="msd" value="VB"/>
        </fs>
    </a>
    <node xml:id="ptb-n00524">
        <link targets="seg-r466"/>
    </node>
    <a label="tok" ref="ptb-n00524" as="PTB">
        <fs>
            <f name="msd" value="DT"/>
        </fs>
    </a>
    <node xml:id="ptb-n00525">
        <link targets="seg-r468"/>
    </node>
    <a label="tok" ref="ptb-n00525" as="PTB">
        <fs>
            <f name="msd" value="NN"/>
        </fs>
    </a>
    <node xml:id="ptb-n00526">
        <link targets="seg-r470"/>
    </node>
    <a label="tok" ref="ptb-n00526" as="PTB">
        <fs>
            <f name="msd" value="NN"/>
        </fs>
    </a>
    <node xml:id="ptb-n00527">
        <link targets="seg-r471"/>
    </node>
    <a label="tok" ref="ptb-n00527" as="PTB">
        <fs>
            <f name="msd" value=","/>
        </fs>
    </a>
    <node xml:id="ptb-n00530">
        <link targets="seg-r473"/>
    </node>
    <a label="tok" ref="ptb-n00530" as="PTB">
        <fs>
            <f name="msd" value="NN"/>
        </fs>
    </a>
    <node xml:id="ptb-n00531">
        <link targets="seg-r475"/>
    </node>
    <a label="tok" ref="ptb-n00531" as="PTB">
        <fs>
            <f name="msd" value="NNS"/>
        </fs>
    </a>
    <node xml:id="ptb-n00539">
        <link targets="seg-r477"/>
    </node>
    <a label="tok" ref="ptb-n00539" as="PTB">
        <fs>
            <f name="msd" value="TO"/>
        </fs>
    </a>
    <node xml:id="ptb-n00541">
        <link targets="seg-r479"/>
    </node>
    <a label="tok" ref="ptb-n00541" as="PTB">
        <fs>
            <f name="msd" value="VB"/>
        </fs>
    </a>
    <node xml:id="ptb-n00543">
        <link targets="seg-r481"/>
    </node>
    <a label="tok" ref="ptb-n00543" as="PTB">
        <fs>
            <f name="msd" value="DT"/>
        </fs>
    </a>
    <node xml:id="ptb-n00544">
        <link targets="seg-r483"/>
    </node>
    <a label="tok" ref="ptb-n00544" as="PTB">
        <fs>
            <f name="msd" value="NN"/>
        </fs>
    </a>
    <node xml:id="ptb-n00547">
        <link targets="seg-r485"/>
    </node>
    <a label="tok" ref="ptb-n00547" as="PTB">
        <fs>
            <f name="msd" value="CC"/>
        </fs>
    </a>
    <node xml:id="ptb-n00550">
        <link targets="seg-r487"/>
    </node>
    <a label="tok" ref="ptb-n00550" as="PTB">
        <fs>
            <f name="msd" value="NNS"/>
        </fs>
    </a>
    <node xml:id="ptb-n00558">
        <link targets="seg-r489"/>
    </node>
    <a label="tok" ref="ptb-n00558" as="PTB">
        <fs>
            <f name="msd" value="TO"/>
        </fs>
    </a>
    <node xml:id="ptb-n00560">
        <link targets="seg-r491"/>
    </node>
    <a label="tok" ref="ptb-n00560" as="PTB">
        <fs>
            <f name="msd" value="VB"/>
        </fs>
    </a>
    <node xml:id="ptb-n00562">
        <link targets="seg-r493"/>
    </node>
    <a label="tok" ref="ptb-n00562" as="PTB">
        <fs>
            <f name="msd" value="PRP"/>
        </fs>
    </a>
    <node xml:id="ptb-n00564">
        <link targets="seg-r495"/>
    </node>
    <a label="tok" ref="ptb-n00564" as="PTB">
        <fs>
            <f name="msd" value="IN"/>
        </fs>
    </a>
    <node xml:id="ptb-n00567">
        <link targets="seg-r496"/>
    </node>
    <a label="tok" ref="ptb-n00567" as="PTB">
        <fs>
            <f name="msd" value="."/>
        </fs>
    </a>
    <node xml:id="ptb-n00570">
        <link targets="seg-r498"/>
    </node>
    <a label="tok" ref="ptb-n00570" as="PTB">
        <fs>
            <f name="msd" value="PRP$"/>
        </fs>
    </a>
    <node xml:id="ptb-n00571">
        <link targets="seg-r500"/>
    </node>
    <a label="tok" ref="ptb-n00571" as="PTB">
        <fs>
            <f name="msd" value="NN"/>
        </fs>
    </a>
    <node xml:id="ptb-n00573">
        <link targets="seg-r502"/>
    </node>
    <a label="tok" ref="ptb-n00573" as="PTB">
        <fs>
            <f name="msd" value="MD"/>
        </fs>
    </a>
    <node xml:id="ptb-n00575">
        <link targets="seg-r504"/>
    </node>
    <a label="tok" ref="ptb-n00575" as="PTB">
        <fs>
            <f name="msd" value="VB"/>
        </fs>
    </a>
    <node xml:id="ptb-n00577">
        <link targets="seg-r506"/>
    </node>
    <a label="tok" ref="ptb-n00577" as="PTB">
        <fs>
            <f name="msd" value="IN"/>
        </fs>
    </a>
    <node xml:id="ptb-n00579">
        <link targets="seg-r508"/>
    </node>
    <a label="tok" ref="ptb-n00579" as="PTB">
        <fs>
            <f name="msd" value="DT"/>
        </fs>
    </a>
    <node xml:id="ptb-n00580">
        <link targets="seg-r510"/>
    </node>
    <a label="tok" ref="ptb-n00580" as="PTB">
        <fs>
            <f name="msd" value="NN"/>
        </fs>
    </a>
    <node xml:id="ptb-n00581">
        <link targets="seg-r512"/>
    </node>
    <a label="tok" ref="ptb-n00581" as="PTB">
        <fs>
            <f name="msd" value="NN"/>
        </fs>
    </a>
    <node xml:id="ptb-n00582">
        <link targets="seg-r513"/>
    </node>
    <a label="tok" ref="ptb-n00582" as="PTB">
        <fs>
            <f name="msd" value="."/>
        </fs>
    </a>
    <node xml:id="ptb-n00585">
        <link targets="seg-r515"/>
    </node>
    <a label="tok" ref="ptb-n00585" as="PTB">
        <fs>
            <f name="msd" value="PRP"/>
        </fs>
    </a>
    <node xml:id="ptb-n00587">
        <link targets="seg-r517"/>
    </node>
    <a label="tok" ref="ptb-n00587" as="PTB">
        <fs>
            <f name="msd" value="MD"/>
        </fs>
    </a>
    <node xml:id="ptb-n00589">
        <link targets="seg-r519"/>
    </node>
    <a label="tok" ref="ptb-n00589" as="PTB">
        <fs>
            <f name="msd" value="VB"/>
        </fs>
    </a>
    <node xml:id="ptb-n00594">
        <link targets="seg-r521"/>
    </node>
    <a label="tok" ref="ptb-n00594" as="PTB">
        <fs>
            <f name="msd" value="VB"/>
        </fs>
    </a>
    <node xml:id="ptb-n00597">
        <link targets="seg-r523"/>
    </node>
    <a label="tok" ref="ptb-n00597" as="PTB">
        <fs>
            <f name="msd" value="NN"/>
        </fs>
    </a>
    <node xml:id="ptb-n00598">
        <link targets="seg-r524"/>
    </node>
    <a label="tok" ref="ptb-n00598" as="PTB">
        <fs>
            <f name="msd" value=","/>
        </fs>
    </a>
    <node xml:id="ptb-n00600">
        <link targets="seg-r526"/>
    </node>
    <a label="tok" ref="ptb-n00600" as="PTB">
        <fs>
            <f name="msd" value="NN"/>
        </fs>
    </a>
    <node xml:id="ptb-n00601">
        <link targets="seg-r528"/>
    </node>
    <a label="tok" ref="ptb-n00601" as="PTB">
        <fs>
            <f name="msd" value="NNS"/>
        </fs>
    </a>
    <node xml:id="ptb-n00602">
        <link targets="seg-r529"/>
    </node>
    <a label="tok" ref="ptb-n00602" as="PTB">
        <fs>
            <f name="msd" value=","/>
        </fs>
    </a>
    <node xml:id="ptb-n00604">
        <link targets="seg-r531"/>
    </node>
    <a label="tok" ref="ptb-n00604" as="PTB">
        <fs>
            <f name="msd" value="NNS"/>
        </fs>
    </a>
    <node xml:id="ptb-n00605">
        <link targets="seg-r533"/>
    </node>
    <a label="tok" ref="ptb-n00605" as="PTB">
        <fs>
            <f name="msd" value="CC"/>
        </fs>
    </a>
    <node xml:id="ptb-n00607">
        <link targets="seg-r535"/>
    </node>
    <a label="tok" ref="ptb-n00607" as="PTB">
        <fs>
            <f name="msd" value="JJ"/>
        </fs>
    </a>
    <node xml:id="ptb-n00608">
        <link targets="seg-r537"/>
    </node>
    <a label="tok" ref="ptb-n00608" as="PTB">
        <fs>
            <f name="msd" value="NNS"/>
        </fs>
    </a>
    <node xml:id="ptb-n00610">
        <link targets="seg-r539"/>
    </node>
    <a label="tok" ref="ptb-n00610" as="PTB">
        <fs>
            <f name="msd" value="IN"/>
        </fs>
    </a>
    <node xml:id="ptb-n00612">
        <link targets="seg-r541"/>
    </node>
    <a label="tok" ref="ptb-n00612" as="PTB">
        <fs>
            <f name="msd" value="DT"/>
        </fs>
    </a>
    <node xml:id="ptb-n00613">
        <link targets="seg-r543"/>
    </node>
    <a label="tok" ref="ptb-n00613" as="PTB">
        <fs>
            <f name="msd" value="NN"/>
        </fs>
    </a>
    <node xml:id="ptb-n00614">
        <link targets="seg-r544"/>
    </node>
    <a label="tok" ref="ptb-n00614" as="PTB">
        <fs>
            <f name="msd" value="."/>
        </fs>
    </a>
    <node xml:id="ptb-n00617">
        <link targets="seg-r546"/>
    </node>
    <a label="tok" ref="ptb-n00617" as="PTB">
        <fs>
            <f name="msd" value="UH"/>
        </fs>
    </a>
    <node xml:id="ptb-n00621">
        <link targets="seg-r548"/>
    </node>
    <a label="tok" ref="ptb-n00621" as="PTB">
        <fs>
            <f name="msd" value="VB"/>
        </fs>
    </a>
    <node xml:id="ptb-n00623">
        <link targets="seg-r550"/>
    </node>
    <a label="tok" ref="ptb-n00623" as="PTB">
        <fs>
            <f name="msd" value="DT"/>
        </fs>
    </a>
    <node xml:id="ptb-n00624">
        <link targets="seg-r552"/>
    </node>
    <a label="tok" ref="ptb-n00624" as="PTB">
        <fs>
            <f name="msd" value="JJ"/>
        </fs>
    </a>
    <node xml:id="ptb-n00625">
        <link targets="seg-r554"/>
    </node>
    <a label="tok" ref="ptb-n00625" as="PTB">
        <fs>
            <f name="msd" value="NNS"/>
        </fs>
    </a>
    <node xml:id="ptb-n00630">
        <link targets="seg-r556"/>
    </node>
    <a label="tok" ref="ptb-n00630" as="PTB">
        <fs>
            <f name="msd" value="TO"/>
        </fs>
    </a>
    <node xml:id="ptb-n00632">
        <link targets="seg-r558"/>
    </node>
    <a label="tok" ref="ptb-n00632" as="PTB">
        <fs>
            <f name="msd" value="VB"/>
        </fs>
    </a>
    <node xml:id="ptb-n00634">
        <link targets="seg-r560"/>
    </node>
    <a label="tok" ref="ptb-n00634" as="PTB">
        <fs>
            <f name="msd" value="DT"/>
        </fs>
    </a>
    <node xml:id="ptb-n00635">
        <link targets="seg-r562"/>
    </node>
    <a label="tok" ref="ptb-n00635" as="PTB">
        <fs>
            <f name="msd" value="NN"/>
        </fs>
    </a>
    <node xml:id="ptb-n00637">
        <link targets="seg-r564"/>
    </node>
    <a label="tok" ref="ptb-n00637" as="PTB">
        <fs>
            <f name="msd" value="TO"/>
        </fs>
    </a>
    <node xml:id="ptb-n00639">
        <link targets="seg-r566"/>
    </node>
    <a label="tok" ref="ptb-n00639" as="PTB">
        <fs>
            <f name="msd" value="NNP"/>
        </fs>
    </a>
    <node xml:id="ptb-n00640">
        <link targets="seg-r568"/>
    </node>
    <a label="tok" ref="ptb-n00640" as="PTB">
        <fs>
            <f name="msd" value="NNP"/>
        </fs>
    </a>
    <node xml:id="ptb-n00641">
        <link targets="seg-r569"/>
    </node>
    <a label="tok" ref="ptb-n00641" as="PTB">
        <fs>
            <f name="msd" value="."/>
        </fs>
    </a>
    <node xml:id="ptb-n00646">
        <link targets="seg-r571"/>
    </node>
    <a label="tok" ref="ptb-n00646" as="PTB">
        <fs>
            <f name="msd" value="VB"/>
        </fs>
    </a>
    <node xml:id="ptb-n00649">
        <link targets="seg-r573"/>
    </node>
    <a label="tok" ref="ptb-n00649" as="PTB">
        <fs>
            <f name="msd" value="PRP$"/>
        </fs>
    </a>
    <node xml:id="ptb-n00650">
        <link targets="seg-r575"/>
    </node>
    <a label="tok" ref="ptb-n00650" as="PTB">
        <fs>
            <f name="msd" value="NNS"/>
        </fs>
    </a>
    <node xml:id="ptb-n00651">
        <link targets="seg-r577"/>
    </node>
    <a label="tok" ref="ptb-n00651" as="PTB">
        <fs>
            <f name="msd" value="CC"/>
        </fs>
    </a>
    <node xml:id="ptb-n00652">
        <link targets="seg-r579"/>
    </node>
    <a label="tok" ref="ptb-n00652" as="PTB">
        <fs>
            <f name="msd" value="NNS"/>
        </fs>
    </a>
    <node xml:id="ptb-n00654">
        <link targets="seg-r581"/>
    </node>
    <a label="tok" ref="ptb-n00654" as="PTB">
        <fs>
            <f name="msd" value="VB"/>
        </fs>
    </a>
    <node xml:id="ptb-n00656">
        <link targets="seg-r583"/>
    </node>
    <a label="tok" ref="ptb-n00656" as="PTB">
        <fs>
            <f name="msd" value="IN"/>
        </fs>
    </a>
    <node xml:id="ptb-n00659">
        <link targets="seg-r585"/>
    </node>
    <a label="tok" ref="ptb-n00659" as="PTB">
        <fs>
            <f name="msd" value="PRP"/>
        </fs>
    </a>
    <node xml:id="ptb-n00661">
        <link targets="seg-r587"/>
    </node>
    <a label="tok" ref="ptb-n00661" as="PTB">
        <fs>
            <f name="msd" value="VBP"/>
        </fs>
    </a>
    <node xml:id="ptb-n00664">
        <link targets="seg-r589"/>
    </node>
    <a label="tok" ref="ptb-n00664" as="PTB">
        <fs>
            <f name="msd" value="PRP"/>
        </fs>
    </a>
    <node xml:id="ptb-n00666">
        <link targets="seg-r591"/>
    </node>
    <a label="tok" ref="ptb-n00666" as="PTB">
        <fs>
            <f name="msd" value="TO"/>
        </fs>
    </a>
    <node xml:id="ptb-n00668">
        <link targets="seg-r593"/>
    </node>
    <a label="tok" ref="ptb-n00668" as="PTB">
        <fs>
            <f name="msd" value="VB"/>
        </fs>
    </a>
    <node xml:id="ptb-n00672">
        <link targets="seg-r595"/>
    </node>
    <a label="tok" ref="ptb-n00672" as="PTB">
        <fs>
            <f name="msd" value="DT"/>
        </fs>
    </a>
    <node xml:id="ptb-n00673">
        <link targets="seg-r597"/>
    </node>
    <a label="tok" ref="ptb-n00673" as="PTB">
        <fs>
            <f name="msd" value="JJ"/>
        </fs>
    </a>
    <node xml:id="ptb-n00674">
        <link targets="seg-r599"/>
    </node>
    <a label="tok" ref="ptb-n00674" as="PTB">
        <fs>
            <f name="msd" value="NNS"/>
        </fs>
    </a>
    <node xml:id="ptb-n00676">
        <link targets="seg-r601"/>
    </node>
    <a label="tok" ref="ptb-n00676" as="PTB">
        <fs>
            <f name="msd" value="IN"/>
        </fs>
    </a>
    <node xml:id="ptb-n00679">
        <link targets="seg-r603"/>
    </node>
    <a label="tok" ref="ptb-n00679" as="PTB">
        <fs>
            <f name="msd" value="NNS"/>
        </fs>
    </a>
    <node xml:id="ptb-n00681">
        <link targets="seg-r605"/>
    </node>
    <a label="tok" ref="ptb-n00681" as="PTB">
        <fs>
            <f name="msd" value="IN"/>
        </fs>
    </a>
    <node xml:id="ptb-n00683">
        <link targets="seg-r607"/>
    </node>
    <a label="tok" ref="ptb-n00683" as="PTB">
        <fs>
            <f name="msd" value="DT"/>
        </fs>
    </a>
    <node xml:id="ptb-n00684">
        <link targets="seg-r609"/>
    </node>
    <a label="tok" ref="ptb-n00684" as="PTB">
        <fs>
            <f name="msd" value="NNS"/>
        </fs>
    </a>
    <node xml:id="ptb-n00690">
        <link targets="seg-r611"/>
    </node>
    <a label="tok" ref="ptb-n00690" as="PTB">
        <fs>
            <f name="msd" value="PRP"/>
        </fs>
    </a>
    <node xml:id="ptb-n00692">
        <link targets="seg-r613"/>
    </node>
    <a label="tok" ref="ptb-n00692" as="PTB">
        <fs>
            <f name="msd" value="MD"/>
        </fs>
    </a>
    <node xml:id="ptb-n00694">
        <link targets="seg-r615"/>
    </node>
    <a label="tok" ref="ptb-n00694" as="PTB">
        <fs>
            <f name="msd" value="VB"/>
        </fs>
    </a>
    <node xml:id="ptb-n00697">
        <link targets="seg-r616"/>
    </node>
    <a label="tok" ref="ptb-n00697" as="PTB">
        <fs>
            <f name="msd" value="."/>
        </fs>
    </a>
    <node xml:id="ptb-n00700">
        <link targets="seg-r618"/>
    </node>
    <a label="tok" ref="ptb-n00700" as="PTB">
        <fs>
            <f name="msd" value="PRP"/>
        </fs>
    </a>
    <node xml:id="ptb-n00702">
        <link targets="seg-r620"/>
    </node>
    <a label="tok" ref="ptb-n00702" as="PTB">
        <fs>
            <f name="msd" value="VBP"/>
        </fs>
    </a>
    <node xml:id="ptb-n00705">
        <link targets="seg-r622"/>
    </node>
    <a label="tok" ref="ptb-n00705" as="PTB">
        <fs>
            <f name="msd" value="PRP"/>
        </fs>
    </a>
    <node xml:id="ptb-n00706">
        <link targets="seg-r624"/>
    </node>
    <a label="tok" ref="ptb-n00706" as="PTB">
        <fs>
            <f name="msd" value="CC"/>
        </fs>
    </a>
    <node xml:id="ptb-n00708">
        <link targets="seg-r626"/>
    </node>
    <a label="tok" ref="ptb-n00708" as="PTB">
        <fs>
            <f name="msd" value="PRP$"/>
        </fs>
    </a>
    <node xml:id="ptb-n00709">
        <link targets="seg-r628"/>
    </node>
    <a label="tok" ref="ptb-n00709" as="PTB">
        <fs>
            <f name="msd" value="NN"/>
        </fs>
    </a>
    <node xml:id="ptb-n00712">
        <link targets="seg-r630"/>
    </node>
    <a label="tok" ref="ptb-n00712" as="PTB">
        <fs>
            <f name="msd" value="DT"/>
        </fs>
    </a>
    <node xml:id="ptb-n00713">
        <link targets="seg-r632"/>
    </node>
    <a label="tok" ref="ptb-n00713" as="PTB">
        <fs>
            <f name="msd" value="JJ"/>
        </fs>
    </a>
    <node xml:id="ptb-n00714">
        <link targets="seg-r634"/>
    </node>
    <a label="tok" ref="ptb-n00714" as="PTB">
        <fs>
            <f name="msd" value="NN"/>
        </fs>
    </a>
    <node xml:id="ptb-n00716">
        <link targets="seg-r636"/>
    </node>
    <a label="tok" ref="ptb-n00716" as="PTB">
        <fs>
            <f name="msd" value="JJ"/>
        </fs>
    </a>
    <node xml:id="ptb-n00718">
        <link targets="seg-r638"/>
    </node>
    <a label="tok" ref="ptb-n00718" as="PTB">
        <fs>
            <f name="msd" value="IN"/>
        </fs>
    </a>
    <node xml:id="ptb-n00720">
        <link targets="seg-r640"/>
    </node>
    <a label="tok" ref="ptb-n00720" as="PTB">
        <fs>
            <f name="msd" value="NN"/>
        </fs>
    </a>
    <node xml:id="ptb-n00721">
        <link targets="seg-r642"/>
    </node>
    <a label="tok" ref="ptb-n00721" as="PTB">
        <fs>
            <f name="msd" value="CC"/>
        </fs>
    </a>
    <node xml:id="ptb-n00722">
        <link targets="seg-r644"/>
    </node>
    <a label="tok" ref="ptb-n00722" as="PTB">
        <fs>
            <f name="msd" value="NN"/>
        </fs>
    </a>
    <node xml:id="ptb-n00723">
        <link targets="seg-r645"/>
    </node>
    <a label="tok" ref="ptb-n00723" as="PTB">
        <fs>
            <f name="msd" value="."/>
        </fs>
    </a>
    <node xml:id="ptb-n00726">
        <link targets="seg-r647"/>
    </node>
    <a label="tok" ref="ptb-n00726" as="PTB">
        <fs>
            <f name="msd" value="RB"/>
        </fs>
    </a>
    <node xml:id="ptb-n00727">
        <link targets="seg-r648"/>
    </node>
    <a label="tok" ref="ptb-n00727" as="PTB">
        <fs>
            <f name="msd" value=","/>
        </fs>
    </a>
    <node xml:id="ptb-n00730">
        <link targets="seg-r650"/>
    </node>
    <a label="tok" ref="ptb-n00730" as="PTB">
        <fs>
            <f name="msd" value="NNP"/>
        </fs>
    </a>
    <node xml:id="ptb-n00731">
        <link targets="seg-r652"/>
    </node>
    <a label="tok" ref="ptb-n00731" as="PTB">
        <fs>
            <f name="msd" value="NNP"/>
        </fs>
    </a>
    <node xml:id="ptb-n00733">
        <link targets="seg-r654"/>
    </node>
    <a label="tok" ref="ptb-n00733" as="PTB">
        <fs>
            <f name="msd" value="NNP"/>
        </fs>
    </a>
    <node xml:id="ptb-n00734">
        <link targets="seg-r656"/>
    </node>
    <a label="tok" ref="ptb-n00734" as="PTB">
        <fs>
            <f name="msd" value="NNP"/>
        </fs>
    </a>
</graph>
