<?xml version="1.0" encoding="UTF-8"?>
<graph xmlns="http://www.xces.org/ns/GrAF/1.0/">
    <header>
        <tagsDecl>
            <tagUsage gi="s" occurs="24"/>
        </tagsDecl>
        <annotationSets>
            <annotationSet name="xces" type="http://www.xces.org/schema/2003"/>
        </annotationSets>
    </header>
    <region xml:id="r0" anchors="18 31"/>
    <region xml:id="r1" anchors="38 50"/>
    <region xml:id="r2" anchors="57 80"/>
    <region xml:id="r3" anchors="81 109"/>
    <region xml:id="r4" anchors="116 194"/>
    <region xml:id="r5" anchors="195 327"/>
    <region xml:id="r6" anchors="328 554"/>
    <region xml:id="r7" anchors="561 677"/>
    <region xml:id="r8" anchors="678 778"/>
    <region xml:id="r9" anchors="785 803"/>
    <region xml:id="r10" anchors="804 831"/>
    <region xml:id="r11" anchors="832 878"/>
    <region xml:id="r12" anchors="879 1063"/>
    <region xml:id="r13" anchors="1070 1113"/>
    <region xml:id="r14" anchors="1114 1137"/>
    <region xml:id="r15" anchors="1144 1226"/>
    <region xml:id="r16" anchors="1227 1282"/>
    <region xml:id="r17" anchors="1289 1335"/>
    <region xml:id="r18" anchors="1336 1386"/>
    <region xml:id="r19" anchors="1387 1506"/>
    <region xml:id="r20" anchors="1513 1538"/>
    <region xml:id="r21" anchors="1539 1607"/>
    <region xml:id="r22" anchors="1614 1624"/>
    <region xml:id="r23" anchors="1631 1655"/>
    <node xml:id="n0">
        <link targets="r0"/>
    </node>
    <a label="s" ref="n0" as="xces">
        <fs>
            <f name="id" value="p1s1"/>
        </fs>
    </a>
    <node xml:id="n1">
        <link targets="r1"/>
    </node>
    <a label="s" ref="n1" as="xces">
        <fs>
            <f name="id" value="p2s1"/>
        </fs>
    </a>
    <node xml:id="n10">
        <link targets="r10"/>
    </node>
    <a label="s" ref="n10" as="xces">
        <fs>
            <f name="id" value="p6s2"/>
        </fs>
    </a>
    <node xml:id="n11">
        <link targets="r11"/>
    </node>
    <a label="s" ref="n11" as="xces">
        <fs>
            <f name="id" value="p6s2.1"/>
        </fs>
    </a>
    <node xml:id="n12">
        <link targets="r12"/>
    </node>
    <a label="s" ref="n12" as="xces">
        <fs>
            <f name="id" value="p6s2.2"/>
        </fs>
    </a>
    <node xml:id="n13">
        <link targets="r13"/>
    </node>
    <a label="s" ref="n13" as="xces">
        <fs>
            <f name="id" value="p6s2.3"/>
        </fs>
    </a>
    <node xml:id="n14">
        <link targets="r14"/>
    </node>
    <a label="s" ref="n14" as="xces">
        <fs>
            <f name="id" value="p6s2.4"/>
        </fs>
    </a>
    <node xml:id="n15">
        <link targets="r15"/>
    </node>
    <a label="s" ref="n15" as="xces">
        <fs>
            <f name="id" value="p7s2"/>
        </fs>
    </a>
    <node xml:id="n16">
        <link targets="r16"/>
    </node>
    <a label="s" ref="n16" as="xces">
        <fs>
            <f name="id" value="p7s3"/>
        </fs>
    </a>
    <node xml:id="n17">
        <link targets="r17"/>
    </node>
    <a label="s" ref="n17" as="xces">
        <fs>
            <f name="id" value="p8s1"/>
        </fs>
    </a>
    <node xml:id="n18">
        <link targets="r18"/>
    </node>
    <a label="s" ref="n18" as="xces">
        <fs>
            <f name="id" value="p8s2"/>
        </fs>
    </a>
    <node xml:id="n19">
        <link targets="r19"/>
    </node>
    <a label="s" ref="n19" as="xces">
        <fs>
            <f name="id" value="p8s2.1"/>
        </fs>
    </a>
    <node xml:id="n2">
        <link targets="r2"/>
    </node>
    <a label="s" ref="n2" as="xces">
        <fs>
            <f name="id" value="p3s1"/>
        </fs>
    </a>
    <node xml:id="n20">
        <link targets="r20"/>
    </node>
    <a label="s" ref="n20" as="xces">
        <fs>
            <f name="id" value="p9s1"/>
        </fs>
    </a>
    <node xml:id="n21">
        <link targets="r21"/>
    </node>
    <a label="s" ref="n21" as="xces">
        <fs>
            <f name="id" value="p9s1.1"/>
        </fs>
    </a>
    <node xml:id="n22">
        <link targets="r22"/>
    </node>
    <a label="s" ref="n22" as="xces">
        <fs>
            <f name="id" value="p10s1"/>
        </fs>
    </a>
    <node xml:id="n23">
        <link targets="r23"/>
    </node>
    <a label="s" ref="n23" as="xces">
        <fs>
            <f name="id" value="p11s1"/>
        </fs>
    </a>
    <node xml:id="n3">
        <link targets="r3"/>
    </node>
    <a label="s" ref="n3" as="xces">
        <fs>
            <f name="id" value="p3s2"/>
        </fs>
    </a>
    <node xml:id="n4">
        <link targets="r4"/>
    </node>
    <a label="s" ref="n4" as="xces">
        <fs>
            <f name="id" value="p4s1"/>
        </fs>
    </a>
    <node xml:id="n5">
        <link targets="r5"/>
    </node>
    <a label="s" ref="n5" as="xces">
        <fs>
            <f name="id" value="p4s2"/>
        </fs>
    </a>
    <node xml:id="n6">
        <link targets="r6"/>
    </node>
    <a label="s" ref="n6" as="xces">
        <fs>
            <f name="id" value="p4s3"/>
        </fs>
    </a>
    <node xml:id="n7">
        <link targets="r7"/>
    </node>
    <a label="s" ref="n7" as="xces">
        <fs>
            <f name="id" value="p5s1"/>
        </fs>
    </a>
    <node xml:id="n8">
        <link targets="r8"/>
    </node>
    <a label="s" ref="n8" as="xces">
        <fs>
            <f name="id" value="p5s2"/>
        </fs>
    </a>
    <node xml:id="n9">
        <link targets="r9"/>
    </node>
    <a label="s" ref="n9" as="xces">
        <fs>
            <f name="id" value="p6s1"/>
        </fs>
    </a>
</graph>
