<?xml version="1.0" encoding="UTF-8"?>
<graph xmlns="http://www.xces.org/ns/GrAF/1.0/">
    <header>
        <tagsDecl>
            <tagUsage gi="tok" occurs="426"/>
        </tagsDecl>
        <dependencies>
            <dependsOn type="seg"/>
        </dependencies>
        <annotationSets>
            <annotationSet name="PTB" type="http://www.cis.upenn.edu/~treebank/"/>
        </annotationSets>
    </header>
    <node xml:id="ptb-n00003">
        <link targets="seg-r0"/>
    </node>
    <a label="tok" ref="ptb-n00003" as="PTB">
        <fs>
            <f name="msd" value="NNP"/>
        </fs>
    </a>
    <node xml:id="ptb-n00004">
        <link targets="seg-r2"/>
    </node>
    <a label="tok" ref="ptb-n00004" as="PTB">
        <fs>
            <f name="msd" value="CD"/>
        </fs>
    </a>
    <node xml:id="ptb-n00005">
        <link targets="seg-r3"/>
    </node>
    <a label="tok" ref="ptb-n00005" as="PTB">
        <fs>
            <f name="msd" value=","/>
        </fs>
    </a>
    <node xml:id="ptb-n00007">
        <link targets="seg-r5"/>
    </node>
    <a label="tok" ref="ptb-n00007" as="PTB">
        <fs>
            <f name="msd" value="CD"/>
        </fs>
    </a>
    <node xml:id="ptb-n00009">
        <link targets="seg-r7"/>
    </node>
    <a label="tok" ref="ptb-n00009" as="PTB">
        <fs>
            <f name="msd" value="JJ"/>
        </fs>
    </a>
    <node xml:id="ptb-n00010">
        <link targets="seg-r9"/>
    </node>
    <a label="tok" ref="ptb-n00010" as="PTB">
        <fs>
            <f name="msd" value="NN"/>
        </fs>
    </a>
    <node xml:id="ptb-n00011">
        <link targets="seg-r10"/>
    </node>
    <a label="tok" ref="ptb-n00011" as="PTB">
        <fs>
            <f name="msd" value="."/>
        </fs>
    </a>
    <node xml:id="ptb-n00015">
        <link targets="seg-r12"/>
    </node>
    <a label="tok" ref="ptb-n00015" as="PTB">
        <fs>
            <f name="msd" value="WP"/>
        </fs>
    </a>
    <node xml:id="ptb-n00016">
        <link targets="seg-r14"/>
    </node>
    <a label="tok" ref="ptb-n00016" as="PTB">
        <fs>
            <f name="msd" value="NN"/>
        </fs>
    </a>
    <node xml:id="ptb-n00018">
        <link targets="seg-r16"/>
    </node>
    <a label="tok" ref="ptb-n00018" as="PTB">
        <fs>
            <f name="msd" value="IN"/>
        </fs>
    </a>
    <node xml:id="ptb-n00020">
        <link targets="seg-r18"/>
    </node>
    <a label="tok" ref="ptb-n00020" as="PTB">
        <fs>
            <f name="msd" value="NNS"/>
        </fs>
    </a>
    <node xml:id="ptb-n00025">
        <link targets="seg-r20"/>
    </node>
    <a label="tok" ref="ptb-n00025" as="PTB">
        <fs>
            <f name="msd" value="VBP"/>
        </fs>
    </a>
    <node xml:id="ptb-n00027">
        <link targets="seg-r22"/>
    </node>
    <a label="tok" ref="ptb-n00027" as="PTB">
        <fs>
            <f name="msd" value="IN"/>
        </fs>
    </a>
    <node xml:id="ptb-n00030">
        <link targets="seg-r24"/>
    </node>
    <a label="tok" ref="ptb-n00030" as="PTB">
        <fs>
            <f name="msd" value="PRP$"/>
        </fs>
    </a>
    <node xml:id="ptb-n00031">
        <link targets="seg-r26"/>
    </node>
    <a label="tok" ref="ptb-n00031" as="PTB">
        <fs>
            <f name="msd" value="NN"/>
        </fs>
    </a>
    <node xml:id="ptb-n00033">
        <link targets="seg-r28"/>
    </node>
    <a label="tok" ref="ptb-n00033" as="PTB">
        <fs>
            <f name="msd" value="TO"/>
        </fs>
    </a>
    <node xml:id="ptb-n00037">
        <link targets="seg-r30"/>
    </node>
    <a label="tok" ref="ptb-n00037" as="PTB">
        <fs>
            <f name="msd" value="NNP"/>
        </fs>
    </a>
    <node xml:id="ptb-n00038">
        <link targets="seg-r32"/>
    </node>
    <a label="tok" ref="ptb-n00038" as="PTB">
        <fs>
            <f name="msd" value="NNP"/>
        </fs>
    </a>
    <node xml:id="ptb-n00039">
        <link targets="seg-r34"/>
    </node>
    <a label="tok" ref="ptb-n00039" as="PTB">
        <fs>
            <f name="msd" value="NNPS"/>
        </fs>
    </a>
    <node xml:id="ptb-n00040">
        <link targets="seg-r35"/>
    </node>
    <a label="tok" ref="ptb-n00040" as="PTB">
        <fs>
            <f name="msd" value="POS"/>
        </fs>
    </a>
    <node xml:id="ptb-n00041">
        <link targets="seg-r37"/>
    </node>
    <a label="tok" ref="ptb-n00041" as="PTB">
        <fs>
            <f name="msd" value="NNP"/>
        </fs>
    </a>
    <node xml:id="ptb-n00042">
        <link targets="seg-r38"/>
    </node>
    <a label="tok" ref="ptb-n00042" as="PTB">
        <fs>
            <f name="msd" value="."/>
        </fs>
    </a>
    <node xml:id="ptb-n00045">
        <link targets="seg-r40"/>
    </node>
    <a label="tok" ref="ptb-n00045" as="PTB">
        <fs>
            <f name="msd" value="JJ"/>
        </fs>
    </a>
    <node xml:id="ptb-n00046">
        <link targets="seg-r42"/>
    </node>
    <a label="tok" ref="ptb-n00046" as="PTB">
        <fs>
            <f name="msd" value="NNS"/>
        </fs>
    </a>
    <node xml:id="ptb-n00047">
        <link targets="seg-r43"/>
    </node>
    <a label="tok" ref="ptb-n00047" as="PTB">
        <fs>
            <f name="msd" value=","/>
        </fs>
    </a>
    <node xml:id="ptb-n00049">
        <link targets="seg-r45"/>
    </node>
    <a label="tok" ref="ptb-n00049" as="PTB">
        <fs>
            <f name="msd" value="IN"/>
        </fs>
    </a>
    <node xml:id="ptb-n00052">
        <link targets="seg-r47"/>
    </node>
    <a label="tok" ref="ptb-n00052" as="PTB">
        <fs>
            <f name="msd" value="NN"/>
        </fs>
    </a>
    <node xml:id="ptb-n00053">
        <link targets="seg-r49"/>
    </node>
    <a label="tok" ref="ptb-n00053" as="PTB">
        <fs>
            <f name="msd" value="NNP"/>
        </fs>
    </a>
    <node xml:id="ptb-n00054">
        <link targets="seg-r50"/>
    </node>
    <a label="tok" ref="ptb-n00054" as="PTB">
        <fs>
            <f name="msd" value=","/>
        </fs>
    </a>
    <node xml:id="ptb-n00056">
        <link targets="seg-r52"/>
    </node>
    <a label="tok" ref="ptb-n00056" as="PTB">
        <fs>
            <f name="msd" value="VBN"/>
        </fs>
    </a>
    <node xml:id="ptb-n00060">
        <link targets="seg-r54"/>
    </node>
    <a label="tok" ref="ptb-n00060" as="PTB">
        <fs>
            <f name="msd" value="IN"/>
        </fs>
    </a>
    <node xml:id="ptb-n00063">
        <link targets="seg-r56"/>
    </node>
    <a label="tok" ref="ptb-n00063" as="PTB">
        <fs>
            <f name="msd" value="DT"/>
        </fs>
    </a>
    <node xml:id="ptb-n00064">
        <link targets="seg-r58"/>
    </node>
    <a label="tok" ref="ptb-n00064" as="PTB">
        <fs>
            <f name="msd" value="NN"/>
        </fs>
    </a>
    <node xml:id="ptb-n00066">
        <link targets="seg-r60"/>
    </node>
    <a label="tok" ref="ptb-n00066" as="PTB">
        <fs>
            <f name="msd" value="IN"/>
        </fs>
    </a>
    <node xml:id="ptb-n00069">
        <link targets="seg-r62"/>
    </node>
    <a label="tok" ref="ptb-n00069" as="PTB">
        <fs>
            <f name="msd" value="JJ"/>
        </fs>
    </a>
    <node xml:id="ptb-n00070">
        <link targets="seg-r64"/>
    </node>
    <a label="tok" ref="ptb-n00070" as="PTB">
        <fs>
            <f name="msd" value="CC"/>
        </fs>
    </a>
    <node xml:id="ptb-n00071">
        <link targets="seg-r66"/>
    </node>
    <a label="tok" ref="ptb-n00071" as="PTB">
        <fs>
            <f name="msd" value="NN"/>
        </fs>
    </a>
    <node xml:id="ptb-n00072">
        <link targets="seg-r68"/>
    </node>
    <a label="tok" ref="ptb-n00072" as="PTB">
        <fs>
            <f name="msd" value="NNS"/>
        </fs>
    </a>
    <node xml:id="ptb-n00073">
        <link targets="seg-r69"/>
    </node>
    <a label="tok" ref="ptb-n00073" as="PTB">
        <fs>
            <f name="msd" value="."/>
        </fs>
    </a>
    <node xml:id="ptb-n00076">
        <link targets="seg-r71"/>
    </node>
    <a label="tok" ref="ptb-n00076" as="PTB">
        <fs>
            <f name="msd" value="JJR"/>
        </fs>
    </a>
    <node xml:id="ptb-n00077">
        <link targets="seg-r73"/>
    </node>
    <a label="tok" ref="ptb-n00077" as="PTB">
        <fs>
            <f name="msd" value="NNS"/>
        </fs>
    </a>
    <node xml:id="ptb-n00078">
        <link targets="seg-r74"/>
    </node>
    <a label="tok" ref="ptb-n00078" as="PTB">
        <fs>
            <f name="msd" value=","/>
        </fs>
    </a>
    <node xml:id="ptb-n00080">
        <link targets="seg-r76"/>
    </node>
    <a label="tok" ref="ptb-n00080" as="PTB">
        <fs>
            <f name="msd" value="IN"/>
        </fs>
    </a>
    <node xml:id="ptb-n00083">
        <link targets="seg-r78"/>
    </node>
    <a label="tok" ref="ptb-n00083" as="PTB">
        <fs>
            <f name="msd" value="NNP"/>
        </fs>
    </a>
    <node xml:id="ptb-n00084">
        <link targets="seg-r80"/>
    </node>
    <a label="tok" ref="ptb-n00084" as="PTB">
        <fs>
            <f name="msd" value="CC"/>
        </fs>
    </a>
    <node xml:id="ptb-n00085">
        <link targets="seg-r82"/>
    </node>
    <a label="tok" ref="ptb-n00085" as="PTB">
        <fs>
            <f name="msd" value="NNP"/>
        </fs>
    </a>
    <node xml:id="ptb-n00086">
        <link targets="seg-r83"/>
    </node>
    <a label="tok" ref="ptb-n00086" as="PTB">
        <fs>
            <f name="msd" value=","/>
        </fs>
    </a>
    <node xml:id="ptb-n00088">
        <link targets="seg-r85"/>
    </node>
    <a label="tok" ref="ptb-n00088" as="PTB">
        <fs>
            <f name="msd" value="VBN"/>
        </fs>
    </a>
    <node xml:id="ptb-n00095">
        <link targets="seg-r87"/>
    </node>
    <a label="tok" ref="ptb-n00095" as="PTB">
        <fs>
            <f name="msd" value="JJ"/>
        </fs>
    </a>
    <node xml:id="ptb-n00097">
        <link targets="seg-r89"/>
    </node>
    <a label="tok" ref="ptb-n00097" as="PTB">
        <fs>
            <f name="msd" value="IN"/>
        </fs>
    </a>
    <node xml:id="ptb-n00101">
        <link targets="seg-r91"/>
    </node>
    <a label="tok" ref="ptb-n00101" as="PTB">
        <fs>
            <f name="msd" value="DT"/>
        </fs>
    </a>
    <node xml:id="ptb-n00102">
        <link targets="seg-r93"/>
    </node>
    <a label="tok" ref="ptb-n00102" as="PTB">
        <fs>
            <f name="msd" value="JJ"/>
        </fs>
    </a>
    <node xml:id="ptb-n00103">
        <link targets="seg-r95"/>
    </node>
    <a label="tok" ref="ptb-n00103" as="PTB">
        <fs>
            <f name="msd" value="NN"/>
        </fs>
    </a>
    <node xml:id="ptb-n00105">
        <link targets="seg-r97"/>
    </node>
    <a label="tok" ref="ptb-n00105" as="PTB">
        <fs>
            <f name="msd" value="IN"/>
        </fs>
    </a>
    <node xml:id="ptb-n00107">
        <link targets="seg-r99"/>
    </node>
    <a label="tok" ref="ptb-n00107" as="PTB">
        <fs>
            <f name="msd" value="NNP"/>
        </fs>
    </a>
    <node xml:id="ptb-n00109">
        <link targets="seg-r101"/>
    </node>
    <a label="tok" ref="ptb-n00109" as="PTB">
        <fs>
            <f name="msd" value="VBD"/>
        </fs>
    </a>
    <node xml:id="ptb-n00111">
        <link targets="seg-r103"/>
    </node>
    <a label="tok" ref="ptb-n00111" as="PTB">
        <fs>
            <f name="msd" value="NN"/>
        </fs>
    </a>
    <node xml:id="ptb-n00112">
        <link targets="seg-r105"/>
    </node>
    <a label="tok" ref="ptb-n00112" as="PTB">
        <fs>
            <f name="msd" value="CC"/>
        </fs>
    </a>
    <node xml:id="ptb-n00113">
        <link targets="seg-r107"/>
    </node>
    <a label="tok" ref="ptb-n00113" as="PTB">
        <fs>
            <f name="msd" value="NN"/>
        </fs>
    </a>
    <node xml:id="ptb-n00114">
        <link targets="seg-r108"/>
    </node>
    <a label="tok" ref="ptb-n00114" as="PTB">
        <fs>
            <f name="msd" value="."/>
        </fs>
    </a>
    <node xml:id="ptb-n00117">
        <link targets="seg-r110"/>
    </node>
    <a label="tok" ref="ptb-n00117" as="PTB">
        <fs>
            <f name="msd" value="JJ"/>
        </fs>
    </a>
    <node xml:id="ptb-n00118">
        <link targets="seg-r112"/>
    </node>
    <a label="tok" ref="ptb-n00118" as="PTB">
        <fs>
            <f name="msd" value="NNS"/>
        </fs>
    </a>
    <node xml:id="ptb-n00119">
        <link targets="seg-r113"/>
    </node>
    <a label="tok" ref="ptb-n00119" as="PTB">
        <fs>
            <f name="msd" value=","/>
        </fs>
    </a>
    <node xml:id="ptb-n00121">
        <link targets="seg-r115"/>
    </node>
    <a label="tok" ref="ptb-n00121" as="PTB">
        <fs>
            <f name="msd" value="IN"/>
        </fs>
    </a>
    <node xml:id="ptb-n00124">
        <link targets="seg-r117"/>
    </node>
    <a label="tok" ref="ptb-n00124" as="PTB">
        <fs>
            <f name="msd" value="NNP"/>
        </fs>
    </a>
    <node xml:id="ptb-n00125">
        <link targets="seg-r119 seg-r120"/>
    </node>
    <a label="tok" ref="ptb-n00125" as="PTB">
        <fs>
            <f name="msd" value="NNP"/>
        </fs>
    </a>
    <node xml:id="ptb-n00126">
        <link targets="seg-r121"/>
    </node>
    <a label="tok" ref="ptb-n00126" as="PTB">
        <fs>
            <f name="msd" value=","/>
        </fs>
    </a>
    <node xml:id="ptb-n00129">
        <link targets="seg-r123"/>
    </node>
    <a label="tok" ref="ptb-n00129" as="PTB">
        <fs>
            <f name="msd" value="DT"/>
        </fs>
    </a>
    <node xml:id="ptb-n00130">
        <link targets="seg-r125"/>
    </node>
    <a label="tok" ref="ptb-n00130" as="PTB">
        <fs>
            <f name="msd" value="JJ"/>
        </fs>
    </a>
    <node xml:id="ptb-n00131">
        <link targets="seg-r127"/>
    </node>
    <a label="tok" ref="ptb-n00131" as="PTB">
        <fs>
            <f name="msd" value="NN"/>
        </fs>
    </a>
    <node xml:id="ptb-n00133">
        <link targets="seg-r129"/>
    </node>
    <a label="tok" ref="ptb-n00133" as="PTB">
        <fs>
            <f name="msd" value="IN"/>
        </fs>
    </a>
    <node xml:id="ptb-n00135">
        <link targets="seg-r131"/>
    </node>
    <a label="tok" ref="ptb-n00135" as="PTB">
        <fs>
            <f name="msd" value="CD"/>
        </fs>
    </a>
    <node xml:id="ptb-n00136">
        <link targets="seg-r132"/>
    </node>
    <a label="tok" ref="ptb-n00136" as="PTB">
        <fs>
            <f name="msd" value=","/>
        </fs>
    </a>
    <node xml:id="ptb-n00138">
        <link targets="seg-r134"/>
    </node>
    <a label="tok" ref="ptb-n00138" as="PTB">
        <fs>
            <f name="msd" value="VBG"/>
        </fs>
    </a>
    <node xml:id="ptb-n00140">
        <link targets="seg-r136"/>
    </node>
    <a label="tok" ref="ptb-n00140" as="PTB">
        <fs>
            <f name="msd" value="RB"/>
        </fs>
    </a>
    <node xml:id="ptb-n00145">
        <link targets="seg-r138"/>
    </node>
    <a label="tok" ref="ptb-n00145" as="PTB">
        <fs>
            <f name="msd" value="TO"/>
        </fs>
    </a>
    <node xml:id="ptb-n00147">
        <link targets="seg-r140"/>
    </node>
    <a label="tok" ref="ptb-n00147" as="PTB">
        <fs>
            <f name="msd" value="VB"/>
        </fs>
    </a>
    <node xml:id="ptb-n00149">
        <link targets="seg-r142"/>
    </node>
    <a label="tok" ref="ptb-n00149" as="PTB">
        <fs>
            <f name="msd" value="PRP$"/>
        </fs>
    </a>
    <node xml:id="ptb-n00150">
        <link targets="seg-r144"/>
    </node>
    <a label="tok" ref="ptb-n00150" as="PTB">
        <fs>
            <f name="msd" value="NNS"/>
        </fs>
    </a>
    <node xml:id="ptb-n00152">
        <link targets="seg-r146"/>
    </node>
    <a label="tok" ref="ptb-n00152" as="PTB">
        <fs>
            <f name="msd" value="IN"/>
        </fs>
    </a>
    <node xml:id="ptb-n00154">
        <link targets="seg-r148"/>
    </node>
    <a label="tok" ref="ptb-n00154" as="PTB">
        <fs>
            <f name="msd" value="IN"/>
        </fs>
    </a>
    <node xml:id="ptb-n00156">
        <link targets="seg-r150"/>
    </node>
    <a label="tok" ref="ptb-n00156" as="PTB">
        <fs>
            <f name="msd" value="NN"/>
        </fs>
    </a>
    <node xml:id="ptb-n00158">
        <link targets="seg-r152"/>
    </node>
    <a label="tok" ref="ptb-n00158" as="PTB">
        <fs>
            <f name="msd" value="IN"/>
        </fs>
    </a>
    <node xml:id="ptb-n00160">
        <link targets="seg-r154"/>
    </node>
    <a label="tok" ref="ptb-n00160" as="PTB">
        <fs>
            <f name="msd" value="DT"/>
        </fs>
    </a>
    <node xml:id="ptb-n00162">
        <link targets="seg-r156"/>
    </node>
    <a label="tok" ref="ptb-n00162" as="PTB">
        <fs>
            <f name="msd" value="NN"/>
        </fs>
    </a>
    <node xml:id="ptb-n00163">
        <link targets="seg-r157"/>
    </node>
    <a label="tok" ref="ptb-n00163" as="PTB">
        <fs>
            <f name="msd" value="HYPH"/>
        </fs>
    </a>
    <node xml:id="ptb-n00164">
        <link targets="seg-r158"/>
    </node>
    <a label="tok" ref="ptb-n00164" as="PTB">
        <fs>
            <f name="msd" value="VBN"/>
        </fs>
    </a>
    <node xml:id="ptb-n00165">
        <link targets="seg-r160"/>
    </node>
    <a label="tok" ref="ptb-n00165" as="PTB">
        <fs>
            <f name="msd" value="NN"/>
        </fs>
    </a>
    <node xml:id="ptb-n00166">
        <link targets="seg-r161"/>
    </node>
    <a label="tok" ref="ptb-n00166" as="PTB">
        <fs>
            <f name="msd" value="."/>
        </fs>
    </a>
    <node xml:id="ptb-n00168">
        <link targets="seg-r163"/>
    </node>
    <a label="tok" ref="ptb-n00168" as="PTB">
        <fs>
            <f name="msd" value="JJ"/>
        </fs>
    </a>
    <node xml:id="ptb-n00169">
        <link targets="seg-r165"/>
    </node>
    <a label="tok" ref="ptb-n00169" as="PTB">
        <fs>
            <f name="msd" value="NNS"/>
        </fs>
    </a>
    <node xml:id="ptb-n00170">
        <link targets="seg-r166"/>
    </node>
    <a label="tok" ref="ptb-n00170" as="PTB">
        <fs>
            <f name="msd" value="."/>
        </fs>
    </a>
    <node xml:id="ptb-n00173">
        <link targets="seg-r168"/>
    </node>
    <a label="tok" ref="ptb-n00173" as="PTB">
        <fs>
            <f name="msd" value="EX"/>
        </fs>
    </a>
    <node xml:id="ptb-n00175">
        <link targets="seg-r170"/>
    </node>
    <a label="tok" ref="ptb-n00175" as="PTB">
        <fs>
            <f name="msd" value="VBP"/>
        </fs>
    </a>
    <node xml:id="ptb-n00178">
        <link targets="seg-r172"/>
    </node>
    <a label="tok" ref="ptb-n00178" as="PTB">
        <fs>
            <f name="msd" value="NNS"/>
        </fs>
    </a>
    <node xml:id="ptb-n00179">
        <link targets="seg-r174"/>
    </node>
    <a label="tok" ref="ptb-n00179" as="PTB">
        <fs>
            <f name="msd" value="JJR"/>
        </fs>
    </a>
    <node xml:id="ptb-n00180">
        <link targets="seg-r175"/>
    </node>
    <a label="tok" ref="ptb-n00180" as="PTB">
        <fs>
            <f name="msd" value="."/>
        </fs>
    </a>
    <node xml:id="ptb-n00184">
        <link targets="seg-r177"/>
    </node>
    <a label="tok" ref="ptb-n00184" as="PTB">
        <fs>
            <f name="msd" value="NNS"/>
        </fs>
    </a>
    <node xml:id="ptb-n00186">
        <link targets="seg-r179"/>
    </node>
    <a label="tok" ref="ptb-n00186" as="PTB">
        <fs>
            <f name="msd" value="VBP"/>
        </fs>
    </a>
    <node xml:id="ptb-n00188">
        <link targets="seg-r181"/>
    </node>
    <a label="tok" ref="ptb-n00188" as="PTB">
        <fs>
            <f name="msd" value="VBG"/>
        </fs>
    </a>
    <node xml:id="ptb-n00190">
        <link targets="seg-r183"/>
    </node>
    <a label="tok" ref="ptb-n00190" as="PTB">
        <fs>
            <f name="msd" value="VBN"/>
        </fs>
    </a>
    <node xml:id="ptb-n00194">
        <link targets="seg-r185"/>
    </node>
    <a label="tok" ref="ptb-n00194" as="PTB">
        <fs>
            <f name="msd" value="RB"/>
        </fs>
    </a>
    <node xml:id="ptb-n00195">
        <link targets="seg-r186"/>
    </node>
    <a label="tok" ref="ptb-n00195" as="PTB">
        <fs>
            <f name="msd" value=","/>
        </fs>
    </a>
    <node xml:id="ptb-n00196">
        <link targets="seg-r188"/>
    </node>
    <a label="tok" ref="ptb-n00196" as="PTB">
        <fs>
            <f name="msd" value="CC"/>
        </fs>
    </a>
    <node xml:id="ptb-n00199">
        <link targets="seg-r190"/>
    </node>
    <a label="tok" ref="ptb-n00199" as="PTB">
        <fs>
            <f name="msd" value="RB"/>
        </fs>
    </a>
    <node xml:id="ptb-n00200">
        <link targets="seg-r192"/>
    </node>
    <a label="tok" ref="ptb-n00200" as="PTB">
        <fs>
            <f name="msd" value="RB"/>
        </fs>
    </a>
    <node xml:id="ptb-n00201">
        <link targets="seg-r193"/>
    </node>
    <a label="tok" ref="ptb-n00201" as="PTB">
        <fs>
            <f name="msd" value=","/>
        </fs>
    </a>
    <node xml:id="ptb-n00203">
        <link targets="seg-r195"/>
    </node>
    <a label="tok" ref="ptb-n00203" as="PTB">
        <fs>
            <f name="msd" value="NNS"/>
        </fs>
    </a>
    <node xml:id="ptb-n00205">
        <link targets="seg-r197"/>
    </node>
    <a label="tok" ref="ptb-n00205" as="PTB">
        <fs>
            <f name="msd" value="VBP"/>
        </fs>
    </a>
    <node xml:id="ptb-n00207">
        <link targets="seg-r199"/>
    </node>
    <a label="tok" ref="ptb-n00207" as="PTB">
        <fs>
            <f name="msd" value="DT"/>
        </fs>
    </a>
    <node xml:id="ptb-n00208">
        <link targets="seg-r201"/>
    </node>
    <a label="tok" ref="ptb-n00208" as="PTB">
        <fs>
            <f name="msd" value="NNS"/>
        </fs>
    </a>
    <node xml:id="ptb-n00209">
        <link targets="seg-r202"/>
    </node>
    <a label="tok" ref="ptb-n00209" as="PTB">
        <fs>
            <f name="msd" value="."/>
        </fs>
    </a>
    <node xml:id="ptb-n00212">
        <link targets="seg-r204"/>
    </node>
    <a label="tok" ref="ptb-n00212" as="PTB">
        <fs>
            <f name="msd" value="NNS"/>
        </fs>
    </a>
    <node xml:id="ptb-n00214">
        <link targets="seg-r206"/>
    </node>
    <a label="tok" ref="ptb-n00214" as="PTB">
        <fs>
            <f name="msd" value="IN"/>
        </fs>
    </a>
    <node xml:id="ptb-n00218">
        <link targets="seg-r208"/>
    </node>
    <a label="tok" ref="ptb-n00218" as="PTB">
        <fs>
            <f name="msd" value="NNP"/>
        </fs>
    </a>
    <node xml:id="ptb-n00219">
        <link targets="seg-r210 seg-r211"/>
    </node>
    <a label="tok" ref="ptb-n00219" as="PTB">
        <fs>
            <f name="msd" value="NNP"/>
        </fs>
    </a>
    <node xml:id="ptb-n00220">
        <link targets="seg-r212"/>
    </node>
    <a label="tok" ref="ptb-n00220" as="PTB">
        <fs>
            <f name="msd" value=","/>
        </fs>
    </a>
    <node xml:id="ptb-n00222">
        <link targets="seg-r214"/>
    </node>
    <a label="tok" ref="ptb-n00222" as="PTB">
        <fs>
            <f name="msd" value="VBN"/>
        </fs>
    </a>
    <node xml:id="ptb-n00228">
        <link targets="seg-r216"/>
    </node>
    <a label="tok" ref="ptb-n00228" as="PTB">
        <fs>
            <f name="msd" value="DT"/>
        </fs>
    </a>
    <node xml:id="ptb-n00229">
        <link targets="seg-r218"/>
    </node>
    <a label="tok" ref="ptb-n00229" as="PTB">
        <fs>
            <f name="msd" value="NN"/>
        </fs>
    </a>
    <node xml:id="ptb-n00231">
        <link targets="seg-r220"/>
    </node>
    <a label="tok" ref="ptb-n00231" as="PTB">
        <fs>
            <f name="msd" value="IN"/>
        </fs>
    </a>
    <node xml:id="ptb-n00233">
        <link targets="seg-r222"/>
    </node>
    <a label="tok" ref="ptb-n00233" as="PTB">
        <fs>
            <f name="msd" value="DT"/>
        </fs>
    </a>
    <node xml:id="ptb-n00234">
        <link targets="seg-r224"/>
    </node>
    <a label="tok" ref="ptb-n00234" as="PTB">
        <fs>
            <f name="msd" value="NN"/>
        </fs>
    </a>
    <node xml:id="ptb-n00236">
        <link targets="seg-r226"/>
    </node>
    <a label="tok" ref="ptb-n00236" as="PTB">
        <fs>
            <f name="msd" value="IN"/>
        </fs>
    </a>
    <node xml:id="ptb-n00237">
        <link targets="seg-r228"/>
    </node>
    <a label="tok" ref="ptb-n00237" as="PTB">
        <fs>
            <f name="msd" value="IN"/>
        </fs>
    </a>
    <node xml:id="ptb-n00240">
        <link targets="seg-r230"/>
    </node>
    <a label="tok" ref="ptb-n00240" as="PTB">
        <fs>
            <f name="msd" value="VBN"/>
        </fs>
    </a>
    <node xml:id="ptb-n00241">
        <link targets="seg-r232"/>
    </node>
    <a label="tok" ref="ptb-n00241" as="PTB">
        <fs>
            <f name="msd" value="NNS"/>
        </fs>
    </a>
    <node xml:id="ptb-n00243">
        <link targets="seg-r234"/>
    </node>
    <a label="tok" ref="ptb-n00243" as="PTB">
        <fs>
            <f name="msd" value="IN"/>
        </fs>
    </a>
    <node xml:id="ptb-n00245">
        <link targets="seg-r236"/>
    </node>
    <a label="tok" ref="ptb-n00245" as="PTB">
        <fs>
            <f name="msd" value="DT"/>
        </fs>
    </a>
    <node xml:id="ptb-n00246">
        <link targets="seg-r238"/>
    </node>
    <a label="tok" ref="ptb-n00246" as="PTB">
        <fs>
            <f name="msd" value="JJ"/>
        </fs>
    </a>
    <node xml:id="ptb-n00247">
        <link targets="seg-r240"/>
    </node>
    <a label="tok" ref="ptb-n00247" as="PTB">
        <fs>
            <f name="msd" value="NN"/>
        </fs>
    </a>
    <node xml:id="ptb-n00248">
        <link targets="seg-r241"/>
    </node>
    <a label="tok" ref="ptb-n00248" as="PTB">
        <fs>
            <f name="msd" value=":"/>
        </fs>
    </a>
    <node xml:id="ptb-n00251">
        <link targets="seg-r243"/>
    </node>
    <a label="tok" ref="ptb-n00251" as="PTB">
        <fs>
            <f name="msd" value="NNP"/>
        </fs>
    </a>
    <node xml:id="ptb-n00252">
        <link targets="seg-r244"/>
    </node>
    <a label="tok" ref="ptb-n00252" as="PTB">
        <fs>
            <f name="msd" value=","/>
        </fs>
    </a>
    <node xml:id="ptb-n00254">
        <link targets="seg-r246"/>
    </node>
    <a label="tok" ref="ptb-n00254" as="PTB">
        <fs>
            <f name="msd" value="VBN"/>
        </fs>
    </a>
    <node xml:id="ptb-n00258">
        <link targets="seg-r248"/>
    </node>
    <a label="tok" ref="ptb-n00258" as="PTB">
        <fs>
            <f name="msd" value="TO"/>
        </fs>
    </a>
    <node xml:id="ptb-n00260">
        <link targets="seg-r250"/>
    </node>
    <a label="tok" ref="ptb-n00260" as="PTB">
        <fs>
            <f name="msd" value="DT"/>
        </fs>
    </a>
    <node xml:id="ptb-n00261">
        <link targets="seg-r252"/>
    </node>
    <a label="tok" ref="ptb-n00261" as="PTB">
        <fs>
            <f name="msd" value="NN"/>
        </fs>
    </a>
    <node xml:id="ptb-n00262">
        <link targets="seg-r254"/>
    </node>
    <a label="tok" ref="ptb-n00262" as="PTB">
        <fs>
            <f name="msd" value="NN"/>
        </fs>
    </a>
    <node xml:id="ptb-n00267">
        <link targets="seg-r256"/>
    </node>
    <a label="tok" ref="ptb-n00267" as="PTB">
        <fs>
            <f name="msd" value="TO"/>
        </fs>
    </a>
    <node xml:id="ptb-n00269">
        <link targets="seg-r258"/>
    </node>
    <a label="tok" ref="ptb-n00269" as="PTB">
        <fs>
            <f name="msd" value="VB"/>
        </fs>
    </a>
    <node xml:id="ptb-n00271">
        <link targets="seg-r260"/>
    </node>
    <a label="tok" ref="ptb-n00271" as="PTB">
        <fs>
            <f name="msd" value="NN"/>
        </fs>
    </a>
    <node xml:id="ptb-n00273">
        <link targets="seg-r262"/>
    </node>
    <a label="tok" ref="ptb-n00273" as="PTB">
        <fs>
            <f name="msd" value="IN"/>
        </fs>
    </a>
    <node xml:id="ptb-n00274">
        <link targets="seg-r264"/>
    </node>
    <a label="tok" ref="ptb-n00274" as="PTB">
        <fs>
            <f name="msd" value="IN"/>
        </fs>
    </a>
    <node xml:id="ptb-n00276">
        <link targets="seg-r266"/>
    </node>
    <a label="tok" ref="ptb-n00276" as="PTB">
        <fs>
            <f name="msd" value="JJ"/>
        </fs>
    </a>
    <node xml:id="ptb-n00277">
        <link targets="seg-r268"/>
    </node>
    <a label="tok" ref="ptb-n00277" as="PTB">
        <fs>
            <f name="msd" value="NN"/>
        </fs>
    </a>
    <node xml:id="ptb-n00278">
        <link targets="seg-r270"/>
    </node>
    <a label="tok" ref="ptb-n00278" as="PTB">
        <fs>
            <f name="msd" value="NNS"/>
        </fs>
    </a>
    <node xml:id="ptb-n00279">
        <link targets="seg-r271"/>
    </node>
    <a label="tok" ref="ptb-n00279" as="PTB">
        <fs>
            <f name="msd" value=":"/>
        </fs>
    </a>
    <node xml:id="ptb-n00280">
        <link targets="seg-r273"/>
    </node>
    <a label="tok" ref="ptb-n00280" as="PTB">
        <fs>
            <f name="msd" value="CC"/>
        </fs>
    </a>
    <node xml:id="ptb-n00283">
        <link targets="seg-r275"/>
    </node>
    <a label="tok" ref="ptb-n00283" as="PTB">
        <fs>
            <f name="msd" value="NNP"/>
        </fs>
    </a>
    <node xml:id="ptb-n00284">
        <link targets="seg-r277 seg-r278"/>
    </node>
    <a label="tok" ref="ptb-n00284" as="PTB">
        <fs>
            <f name="msd" value="NNP"/>
        </fs>
    </a>
    <node xml:id="ptb-n00285">
        <link targets="seg-r279"/>
    </node>
    <a label="tok" ref="ptb-n00285" as="PTB">
        <fs>
            <f name="msd" value=","/>
        </fs>
    </a>
    <node xml:id="ptb-n00287">
        <link targets="seg-r281"/>
    </node>
    <a label="tok" ref="ptb-n00287" as="PTB">
        <fs>
            <f name="msd" value="DT"/>
        </fs>
    </a>
    <node xml:id="ptb-n00288">
        <link targets="seg-r283"/>
    </node>
    <a label="tok" ref="ptb-n00288" as="PTB">
        <fs>
            <f name="msd" value="VBG"/>
        </fs>
    </a>
    <node xml:id="ptb-n00289">
        <link targets="seg-r285"/>
    </node>
    <a label="tok" ref="ptb-n00289" as="PTB">
        <fs>
            <f name="msd" value="NN"/>
        </fs>
    </a>
    <node xml:id="ptb-n00290">
        <link targets="seg-r286"/>
    </node>
    <a label="tok" ref="ptb-n00290" as="PTB">
        <fs>
            <f name="msd" value=","/>
        </fs>
    </a>
    <node xml:id="ptb-n00292">
        <link targets="seg-r288"/>
    </node>
    <a label="tok" ref="ptb-n00292" as="PTB">
        <fs>
            <f name="msd" value="VBG"/>
        </fs>
    </a>
    <node xml:id="ptb-n00295">
        <link targets="seg-r290"/>
    </node>
    <a label="tok" ref="ptb-n00295" as="PTB">
        <fs>
            <f name="msd" value="DT"/>
        </fs>
    </a>
    <node xml:id="ptb-n00296">
        <link targets="seg-r292"/>
    </node>
    <a label="tok" ref="ptb-n00296" as="PTB">
        <fs>
            <f name="msd" value="NNS"/>
        </fs>
    </a>
    <node xml:id="ptb-n00298">
        <link targets="seg-r294"/>
    </node>
    <a label="tok" ref="ptb-n00298" as="PTB">
        <fs>
            <f name="msd" value="IN"/>
        </fs>
    </a>
    <node xml:id="ptb-n00300">
        <link targets="seg-r296"/>
    </node>
    <a label="tok" ref="ptb-n00300" as="PTB">
        <fs>
            <f name="msd" value="PRP$"/>
        </fs>
    </a>
    <node xml:id="ptb-n00301">
        <link targets="seg-r298"/>
    </node>
    <a label="tok" ref="ptb-n00301" as="PTB">
        <fs>
            <f name="msd" value="NN"/>
        </fs>
    </a>
    <node xml:id="ptb-n00303">
        <link targets="seg-r300"/>
    </node>
    <a label="tok" ref="ptb-n00303" as="PTB">
        <fs>
            <f name="msd" value="IN"/>
        </fs>
    </a>
    <node xml:id="ptb-n00306">
        <link targets="seg-r302"/>
    </node>
    <a label="tok" ref="ptb-n00306" as="PTB">
        <fs>
            <f name="msd" value="PRP"/>
        </fs>
    </a>
    <node xml:id="ptb-n00308">
        <link targets="seg-r304"/>
    </node>
    <a label="tok" ref="ptb-n00308" as="PTB">
        <fs>
            <f name="msd" value="MD"/>
        </fs>
    </a>
    <node xml:id="ptb-n00310">
        <link targets="seg-r306"/>
    </node>
    <a label="tok" ref="ptb-n00310" as="PTB">
        <fs>
            <f name="msd" value="VB"/>
        </fs>
    </a>
    <node xml:id="ptb-n00312">
        <link targets="seg-r308"/>
    </node>
    <a label="tok" ref="ptb-n00312" as="PTB">
        <fs>
            <f name="msd" value="RB"/>
        </fs>
    </a>
    <node xml:id="ptb-n00314">
        <link targets="seg-r310"/>
    </node>
    <a label="tok" ref="ptb-n00314" as="PTB">
        <fs>
            <f name="msd" value="RB"/>
        </fs>
    </a>
    <node xml:id="ptb-n00315">
        <link targets="seg-r311"/>
    </node>
    <a label="tok" ref="ptb-n00315" as="PTB">
        <fs>
            <f name="msd" value="."/>
        </fs>
    </a>
    <node xml:id="ptb-n00320">
        <link targets="seg-r313"/>
    </node>
    <a label="tok" ref="ptb-n00320" as="PTB">
        <fs>
            <f name="msd" value="NNP"/>
        </fs>
    </a>
    <node xml:id="ptb-n00321">
        <link targets="seg-r315"/>
    </node>
    <a label="tok" ref="ptb-n00321" as="PTB">
        <fs>
            <f name="msd" value="NNP"/>
        </fs>
    </a>
    <node xml:id="ptb-n00322">
        <link targets="seg-r317"/>
    </node>
    <a label="tok" ref="ptb-n00322" as="PTB">
        <fs>
            <f name="msd" value="NNPS"/>
        </fs>
    </a>
    <node xml:id="ptb-n00323">
        <link targets="seg-r318"/>
    </node>
    <a label="tok" ref="ptb-n00323" as="PTB">
        <fs>
            <f name="msd" value="POS"/>
        </fs>
    </a>
    <node xml:id="ptb-n00324">
        <link targets="seg-r320"/>
    </node>
    <a label="tok" ref="ptb-n00324" as="PTB">
        <fs>
            <f name="msd" value="NNP"/>
        </fs>
    </a>
    <node xml:id="ptb-n00326">
        <link targets="seg-r322"/>
    </node>
    <a label="tok" ref="ptb-n00326" as="PTB">
        <fs>
            <f name="msd" value="VBD"/>
        </fs>
    </a>
    <node xml:id="ptb-n00331">
        <link targets="seg-r324"/>
    </node>
    <a label="tok" ref="ptb-n00331" as="PTB">
        <fs>
            <f name="msd" value="VBG"/>
        </fs>
    </a>
    <node xml:id="ptb-n00333">
        <link targets="seg-r326"/>
    </node>
    <a label="tok" ref="ptb-n00333" as="PTB">
        <fs>
            <f name="msd" value="NNS"/>
        </fs>
    </a>
    <node xml:id="ptb-n00337">
        <link targets="seg-r328"/>
    </node>
    <a label="tok" ref="ptb-n00337" as="PTB">
        <fs>
            <f name="msd" value="RB"/>
        </fs>
    </a>
    <node xml:id="ptb-n00338">
        <link targets="seg-r330"/>
    </node>
    <a label="tok" ref="ptb-n00338" as="PTB">
        <fs>
            <f name="msd" value="CD"/>
        </fs>
    </a>
    <node xml:id="ptb-n00339">
        <link targets="seg-r332"/>
    </node>
    <a label="tok" ref="ptb-n00339" as="PTB">
        <fs>
            <f name="msd" value="NNS"/>
        </fs>
    </a>
    <node xml:id="ptb-n00340">
        <link targets="seg-r334"/>
    </node>
    <a label="tok" ref="ptb-n00340" as="PTB">
        <fs>
            <f name="msd" value="RB"/>
        </fs>
    </a>
    <node xml:id="ptb-n00341">
        <link targets="seg-r335"/>
    </node>
    <a label="tok" ref="ptb-n00341" as="PTB">
        <fs>
            <f name="msd" value="."/>
        </fs>
    </a>
    <node xml:id="ptb-n00344">
        <link targets="seg-r337"/>
    </node>
    <a label="tok" ref="ptb-n00344" as="PTB">
        <fs>
            <f name="msd" value="RB"/>
        </fs>
    </a>
    <node xml:id="ptb-n00346">
        <link targets="seg-r339"/>
    </node>
    <a label="tok" ref="ptb-n00346" as="PTB">
        <fs>
            <f name="msd" value="DT"/>
        </fs>
    </a>
    <node xml:id="ptb-n00347">
        <link targets="seg-r341"/>
    </node>
    <a label="tok" ref="ptb-n00347" as="PTB">
        <fs>
            <f name="msd" value="NN"/>
        </fs>
    </a>
    <node xml:id="ptb-n00349">
        <link targets="seg-r343"/>
    </node>
    <a label="tok" ref="ptb-n00349" as="PTB">
        <fs>
            <f name="msd" value="VBD"/>
        </fs>
    </a>
    <node xml:id="ptb-n00354">
        <link targets="seg-r345"/>
    </node>
    <a label="tok" ref="ptb-n00354" as="PTB">
        <fs>
            <f name="msd" value="TO"/>
        </fs>
    </a>
    <node xml:id="ptb-n00356">
        <link targets="seg-r347"/>
    </node>
    <a label="tok" ref="ptb-n00356" as="PTB">
        <fs>
            <f name="msd" value="VB"/>
        </fs>
    </a>
    <node xml:id="ptb-n00359">
        <link targets="seg-r349"/>
    </node>
    <a label="tok" ref="ptb-n00359" as="PTB">
        <fs>
            <f name="msd" value="NNS"/>
        </fs>
    </a>
    <node xml:id="ptb-n00362">
        <link targets="seg-r351"/>
    </node>
    <a label="tok" ref="ptb-n00362" as="PTB">
        <fs>
            <f name="msd" value="WP"/>
        </fs>
    </a>
    <node xml:id="ptb-n00367">
        <link targets="seg-r353"/>
    </node>
    <a label="tok" ref="ptb-n00367" as="PTB">
        <fs>
            <f name="msd" value="VBD"/>
        </fs>
    </a>
    <node xml:id="ptb-n00369">
        <link targets="seg-r355"/>
    </node>
    <a label="tok" ref="ptb-n00369" as="PTB">
        <fs>
            <f name="msd" value="NNS"/>
        </fs>
    </a>
    <node xml:id="ptb-n00371">
        <link targets="seg-r357"/>
    </node>
    <a label="tok" ref="ptb-n00371" as="PTB">
        <fs>
            <f name="msd" value="IN"/>
        </fs>
    </a>
    <node xml:id="ptb-n00373">
        <link targets="seg-r359"/>
    </node>
    <a label="tok" ref="ptb-n00373" as="PTB">
        <fs>
            <f name="msd" value="DT"/>
        </fs>
    </a>
    <node xml:id="ptb-n00374">
        <link targets="seg-r361"/>
    </node>
    <a label="tok" ref="ptb-n00374" as="PTB">
        <fs>
            <f name="msd" value="NNP"/>
        </fs>
    </a>
    <node xml:id="ptb-n00375">
        <link targets="seg-r363"/>
    </node>
    <a label="tok" ref="ptb-n00375" as="PTB">
        <fs>
            <f name="msd" value="NNP"/>
        </fs>
    </a>
    <node xml:id="ptb-n00376">
        <link targets="seg-r364"/>
    </node>
    <a label="tok" ref="ptb-n00376" as="PTB">
        <fs>
            <f name="msd" value="."/>
        </fs>
    </a>
    <node xml:id="ptb-n00379">
        <link targets="seg-r366"/>
    </node>
    <a label="tok" ref="ptb-n00379" as="PTB">
        <fs>
            <f name="msd" value="NN"/>
        </fs>
    </a>
    <node xml:id="ptb-n00380">
        <link targets="seg-r367"/>
    </node>
    <a label="tok" ref="ptb-n00380" as="PTB">
        <fs>
            <f name="msd" value=","/>
        </fs>
    </a>
    <node xml:id="ptb-n00382">
        <link targets="seg-r369"/>
    </node>
    <a label="tok" ref="ptb-n00382" as="PTB">
        <fs>
            <f name="msd" value="PRP"/>
        </fs>
    </a>
    <node xml:id="ptb-n00384">
        <link targets="seg-r371"/>
    </node>
    <a label="tok" ref="ptb-n00384" as="PTB">
        <fs>
            <f name="msd" value="VBP"/>
        </fs>
    </a>
    <node xml:id="ptb-n00387">
        <link targets="seg-r373"/>
    </node>
    <a label="tok" ref="ptb-n00387" as="PTB">
        <fs>
            <f name="msd" value="NNS"/>
        </fs>
    </a>
    <node xml:id="ptb-n00388">
        <link targets="seg-r375"/>
    </node>
    <a label="tok" ref="ptb-n00388" as="PTB">
        <fs>
            <f name="msd" value="CC"/>
        </fs>
    </a>
    <node xml:id="ptb-n00389">
        <link targets="seg-r377"/>
    </node>
    <a label="tok" ref="ptb-n00389" as="PTB">
        <fs>
            <f name="msd" value="NNS"/>
        </fs>
    </a>
    <node xml:id="ptb-n00391">
        <link targets="seg-r379"/>
    </node>
    <a label="tok" ref="ptb-n00391" as="PTB">
        <fs>
            <f name="msd" value="IN"/>
        </fs>
    </a>
    <node xml:id="ptb-n00395">
        <link targets="seg-r381"/>
    </node>
    <a label="tok" ref="ptb-n00395" as="PTB">
        <fs>
            <f name="msd" value="DT"/>
        </fs>
    </a>
    <node xml:id="ptb-n00396">
        <link targets="seg-r383"/>
    </node>
    <a label="tok" ref="ptb-n00396" as="PTB">
        <fs>
            <f name="msd" value="NN"/>
        </fs>
    </a>
    <node xml:id="ptb-n00398">
        <link targets="seg-r385"/>
    </node>
    <a label="tok" ref="ptb-n00398" as="PTB">
        <fs>
            <f name="msd" value="IN"/>
        </fs>
    </a>
    <node xml:id="ptb-n00400">
        <link targets="seg-r387"/>
    </node>
    <a label="tok" ref="ptb-n00400" as="PTB">
        <fs>
            <f name="msd" value="NNS"/>
        </fs>
    </a>
    <node xml:id="ptb-n00401">
        <link targets="seg-r388"/>
    </node>
    <a label="tok" ref="ptb-n00401" as="PTB">
        <fs>
            <f name="msd" value=":"/>
        </fs>
    </a>
    <node xml:id="ptb-n00404">
        <link targets="seg-r390"/>
    </node>
    <a label="tok" ref="ptb-n00404" as="PTB">
        <fs>
            <f name="msd" value="JJ"/>
        </fs>
    </a>
    <node xml:id="ptb-n00405">
        <link targets="seg-r391"/>
    </node>
    <a label="tok" ref="ptb-n00405" as="PTB">
        <fs>
            <f name="msd" value=","/>
        </fs>
    </a>
    <node xml:id="ptb-n00406">
        <link targets="seg-r393"/>
    </node>
    <a label="tok" ref="ptb-n00406" as="PTB">
        <fs>
            <f name="msd" value="JJ"/>
        </fs>
    </a>
    <node xml:id="ptb-n00407">
        <link targets="seg-r394"/>
    </node>
    <a label="tok" ref="ptb-n00407" as="PTB">
        <fs>
            <f name="msd" value=","/>
        </fs>
    </a>
    <node xml:id="ptb-n00408">
        <link targets="seg-r396"/>
    </node>
    <a label="tok" ref="ptb-n00408" as="PTB">
        <fs>
            <f name="msd" value="JJ"/>
        </fs>
    </a>
    <node xml:id="ptb-n00409">
        <link targets="seg-r398"/>
    </node>
    <a label="tok" ref="ptb-n00409" as="PTB">
        <fs>
            <f name="msd" value="CC"/>
        </fs>
    </a>
    <node xml:id="ptb-n00410">
        <link targets="seg-r400"/>
    </node>
    <a label="tok" ref="ptb-n00410" as="PTB">
        <fs>
            <f name="msd" value="JJ"/>
        </fs>
    </a>
    <node xml:id="ptb-n00411">
        <link targets="seg-r402"/>
    </node>
    <a label="tok" ref="ptb-n00411" as="PTB">
        <fs>
            <f name="msd" value="NN"/>
        </fs>
    </a>
    <node xml:id="ptb-n00412">
        <link targets="seg-r403"/>
    </node>
    <a label="tok" ref="ptb-n00412" as="PTB">
        <fs>
            <f name="msd" value="."/>
        </fs>
    </a>
    <node xml:id="ptb-n00415">
        <link targets="seg-r405"/>
    </node>
    <a label="tok" ref="ptb-n00415" as="PTB">
        <fs>
            <f name="msd" value="DT"/>
        </fs>
    </a>
    <node xml:id="ptb-n00417">
        <link targets="seg-r407"/>
    </node>
    <a label="tok" ref="ptb-n00417" as="PTB">
        <fs>
            <f name="msd" value="VBP"/>
        </fs>
    </a>
    <node xml:id="ptb-n00419">
        <link targets="seg-r409"/>
    </node>
    <a label="tok" ref="ptb-n00419" as="PTB">
        <fs>
            <f name="msd" value="IN"/>
        </fs>
    </a>
    <node xml:id="ptb-n00422">
        <link targets="seg-r411"/>
    </node>
    <a label="tok" ref="ptb-n00422" as="PTB">
        <fs>
            <f name="msd" value="NNS"/>
        </fs>
    </a>
    <node xml:id="ptb-n00425">
        <link targets="seg-r413"/>
    </node>
    <a label="tok" ref="ptb-n00425" as="PTB">
        <fs>
            <f name="msd" value="WRB"/>
        </fs>
    </a>
    <node xml:id="ptb-n00426">
        <link targets="seg-r414"/>
    </node>
    <a label="tok" ref="ptb-n00426" as="PTB">
        <fs>
            <f name="msd" value=","/>
        </fs>
    </a>
    <node xml:id="ptb-n00429">
        <link targets="seg-r416"/>
    </node>
    <a label="tok" ref="ptb-n00429" as="PTB">
        <fs>
            <f name="msd" value="IN"/>
        </fs>
    </a>
    <node xml:id="ptb-n00431">
        <link targets="seg-r418"/>
    </node>
    <a label="tok" ref="ptb-n00431" as="PTB">
        <fs>
            <f name="msd" value="NN"/>
        </fs>
    </a>
    <node xml:id="ptb-n00432">
        <link targets="seg-r419"/>
    </node>
    <a label="tok" ref="ptb-n00432" as="PTB">
        <fs>
            <f name="msd" value=","/>
        </fs>
    </a>
    <node xml:id="ptb-n00434">
        <link targets="seg-r421"/>
    </node>
    <a label="tok" ref="ptb-n00434" as="PTB">
        <fs>
            <f name="msd" value="EX"/>
        </fs>
    </a>
    <node xml:id="ptb-n00436">
        <link targets="seg-r423"/>
    </node>
    <a label="tok" ref="ptb-n00436" as="PTB">
        <fs>
            <f name="msd" value="VBZ"/>
        </fs>
    </a>
    <node xml:id="ptb-n00439">
        <link targets="seg-r425"/>
    </node>
    <a label="tok" ref="ptb-n00439" as="PTB">
        <fs>
            <f name="msd" value="NN"/>
        </fs>
    </a>
    <node xml:id="ptb-n00441">
        <link targets="seg-r427"/>
    </node>
    <a label="tok" ref="ptb-n00441" as="PTB">
        <fs>
            <f name="msd" value="IN"/>
        </fs>
    </a>
    <node xml:id="ptb-n00443">
        <link targets="seg-r429"/>
    </node>
    <a label="tok" ref="ptb-n00443" as="PTB">
        <fs>
            <f name="msd" value="NN"/>
        </fs>
    </a>
    <node xml:id="ptb-n00446">
        <link targets="seg-r430"/>
    </node>
    <a label="tok" ref="ptb-n00446" as="PTB">
        <fs>
            <f name="msd" value="."/>
        </fs>
    </a>
    <node xml:id="ptb-n00449">
        <link targets="seg-r432"/>
    </node>
    <a label="tok" ref="ptb-n00449" as="PTB">
        <fs>
            <f name="msd" value="IN"/>
        </fs>
    </a>
    <node xml:id="ptb-n00451">
        <link targets="seg-r434"/>
    </node>
    <a label="tok" ref="ptb-n00451" as="PTB">
        <fs>
            <f name="msd" value="NNS"/>
        </fs>
    </a>
    <node xml:id="ptb-n00452">
        <link targets="seg-r435"/>
    </node>
    <a label="tok" ref="ptb-n00452" as="PTB">
        <fs>
            <f name="msd" value=","/>
        </fs>
    </a>
    <node xml:id="ptb-n00453">
        <link targets="seg-r437"/>
    </node>
    <a label="tok" ref="ptb-n00453" as="PTB">
        <fs>
            <f name="msd" value="''"/>
        </fs>
    </a>
    <node xml:id="ptb-n00455">
        <link targets="seg-r438"/>
    </node>
    <a label="tok" ref="ptb-n00455" as="PTB">
        <fs>
            <f name="msd" value="NNS"/>
        </fs>
    </a>
    <node xml:id="ptb-n00456">
        <link targets="seg-r439"/>
    </node>
    <a label="tok" ref="ptb-n00456" as="PTB">
        <fs>
            <f name="msd" value="''"/>
        </fs>
    </a>
    <node xml:id="ptb-n00459">
        <link targets="seg-r441"/>
    </node>
    <a label="tok" ref="ptb-n00459" as="PTB">
        <fs>
            <f name="msd" value="VBP"/>
        </fs>
    </a>
    <node xml:id="ptb-n00461">
        <link targets="seg-r443"/>
    </node>
    <a label="tok" ref="ptb-n00461" as="PTB">
        <fs>
            <f name="msd" value="DT"/>
        </fs>
    </a>
    <node xml:id="ptb-n00462">
        <link targets="seg-r445"/>
    </node>
    <a label="tok" ref="ptb-n00462" as="PTB">
        <fs>
            <f name="msd" value="NNS"/>
        </fs>
    </a>
    <node xml:id="ptb-n00464">
        <link targets="seg-r447"/>
    </node>
    <a label="tok" ref="ptb-n00464" as="PTB">
        <fs>
            <f name="msd" value="VBP"/>
        </fs>
    </a>
    <node xml:id="ptb-n00467">
        <link targets="seg-r449"/>
    </node>
    <a label="tok" ref="ptb-n00467" as="PTB">
        <fs>
            <f name="msd" value="NNS"/>
        </fs>
    </a>
    <node xml:id="ptb-n00469">
        <link targets="seg-r451"/>
    </node>
    <a label="tok" ref="ptb-n00469" as="PTB">
        <fs>
            <f name="msd" value="IN"/>
        </fs>
    </a>
    <node xml:id="ptb-n00472">
        <link targets="seg-r453"/>
    </node>
    <a label="tok" ref="ptb-n00472" as="PTB">
        <fs>
            <f name="msd" value="DT"/>
        </fs>
    </a>
    <node xml:id="ptb-n00473">
        <link targets="seg-r455"/>
    </node>
    <a label="tok" ref="ptb-n00473" as="PTB">
        <fs>
            <f name="msd" value="NN"/>
        </fs>
    </a>
    <node xml:id="ptb-n00474">
        <link targets="seg-r457"/>
    </node>
    <a label="tok" ref="ptb-n00474" as="PTB">
        <fs>
            <f name="msd" value="NNS"/>
        </fs>
    </a>
    <node xml:id="ptb-n00477">
        <link targets="seg-r459"/>
    </node>
    <a label="tok" ref="ptb-n00477" as="PTB">
        <fs>
            <f name="msd" value="WRB"/>
        </fs>
    </a>
    <node xml:id="ptb-n00480">
        <link targets="seg-r461"/>
    </node>
    <a label="tok" ref="ptb-n00480" as="PTB">
        <fs>
            <f name="msd" value="PRP"/>
        </fs>
    </a>
    <node xml:id="ptb-n00482">
        <link targets="seg-r463"/>
    </node>
    <a label="tok" ref="ptb-n00482" as="PTB">
        <fs>
            <f name="msd" value="VBP"/>
        </fs>
    </a>
    <node xml:id="ptb-n00485">
        <link targets="seg-r464"/>
    </node>
    <a label="tok" ref="ptb-n00485" as="PTB">
        <fs>
            <f name="msd" value="."/>
        </fs>
    </a>
    <node xml:id="ptb-n00489">
        <link targets="seg-r466"/>
    </node>
    <a label="tok" ref="ptb-n00489" as="PTB">
        <fs>
            <f name="msd" value="DT"/>
        </fs>
    </a>
    <node xml:id="ptb-n00490">
        <link targets="seg-r468"/>
    </node>
    <a label="tok" ref="ptb-n00490" as="PTB">
        <fs>
            <f name="msd" value="JJS"/>
        </fs>
    </a>
    <node xml:id="ptb-n00491">
        <link targets="seg-r470"/>
    </node>
    <a label="tok" ref="ptb-n00491" as="PTB">
        <fs>
            <f name="msd" value="NN"/>
        </fs>
    </a>
    <node xml:id="ptb-n00493">
        <link targets="seg-r472"/>
    </node>
    <a label="tok" ref="ptb-n00493" as="PTB">
        <fs>
            <f name="msd" value="VBZ"/>
        </fs>
    </a>
    <node xml:id="ptb-n00495">
        <link targets="seg-r474"/>
    </node>
    <a label="tok" ref="ptb-n00495" as="PTB">
        <fs>
            <f name="msd" value="IN"/>
        </fs>
    </a>
    <node xml:id="ptb-n00498">
        <link targets="seg-r476"/>
    </node>
    <a label="tok" ref="ptb-n00498" as="PTB">
        <fs>
            <f name="msd" value="DT"/>
        </fs>
    </a>
    <node xml:id="ptb-n00499">
        <link targets="seg-r478"/>
    </node>
    <a label="tok" ref="ptb-n00499" as="PTB">
        <fs>
            <f name="msd" value="NNS"/>
        </fs>
    </a>
    <node xml:id="ptb-n00501">
        <link targets="seg-r480"/>
    </node>
    <a label="tok" ref="ptb-n00501" as="PTB">
        <fs>
            <f name="msd" value="VBP"/>
        </fs>
    </a>
    <node xml:id="ptb-n00502">
        <link targets="seg-r481"/>
    </node>
    <a label="tok" ref="ptb-n00502" as="PTB">
        <fs>
            <f name="msd" value="RB"/>
        </fs>
    </a>
    <node xml:id="ptb-n00504">
        <link targets="seg-r483"/>
    </node>
    <a label="tok" ref="ptb-n00504" as="PTB">
        <fs>
            <f name="msd" value="VB"/>
        </fs>
    </a>
    <node xml:id="ptb-n00506">
        <link targets="seg-r485"/>
    </node>
    <a label="tok" ref="ptb-n00506" as="PTB">
        <fs>
            <f name="msd" value="RB"/>
        </fs>
    </a>
    <node xml:id="ptb-n00507">
        <link targets="seg-r486"/>
    </node>
    <a label="tok" ref="ptb-n00507" as="PTB">
        <fs>
            <f name="msd" value=":"/>
        </fs>
    </a>
    <node xml:id="ptb-n00510">
        <link targets="seg-r488"/>
    </node>
    <a label="tok" ref="ptb-n00510" as="PTB">
        <fs>
            <f name="msd" value="PRP"/>
        </fs>
    </a>
    <node xml:id="ptb-n00512">
        <link targets="seg-r490"/>
    </node>
    <a label="tok" ref="ptb-n00512" as="PTB">
        <fs>
            <f name="msd" value="RB"/>
        </fs>
    </a>
    <node xml:id="ptb-n00514">
        <link targets="seg-r492"/>
    </node>
    <a label="tok" ref="ptb-n00514" as="PTB">
        <fs>
            <f name="msd" value="VBP"/>
        </fs>
    </a>
    <node xml:id="ptb-n00515">
        <link targets="seg-r493"/>
    </node>
    <a label="tok" ref="ptb-n00515" as="PTB">
        <fs>
            <f name="msd" value="."/>
        </fs>
    </a>
    <node xml:id="ptb-n00518">
        <link targets="seg-r495"/>
    </node>
    <a label="tok" ref="ptb-n00518" as="PTB">
        <fs>
            <f name="msd" value="IN"/>
        </fs>
    </a>
    <node xml:id="ptb-n00520">
        <link targets="seg-r497"/>
    </node>
    <a label="tok" ref="ptb-n00520" as="PTB">
        <fs>
            <f name="msd" value="CD"/>
        </fs>
    </a>
    <node xml:id="ptb-n00522">
        <link targets="seg-r499"/>
    </node>
    <a label="tok" ref="ptb-n00522" as="PTB">
        <fs>
            <f name="msd" value="NNP"/>
        </fs>
    </a>
    <node xml:id="ptb-n00523">
        <link targets="seg-r501"/>
    </node>
    <a label="tok" ref="ptb-n00523" as="PTB">
        <fs>
            <f name="msd" value="NNP"/>
        </fs>
    </a>
    <node xml:id="ptb-n00525">
        <link targets="seg-r503"/>
    </node>
    <a label="tok" ref="ptb-n00525" as="PTB">
        <fs>
            <f name="msd" value="VBD"/>
        </fs>
    </a>
    <node xml:id="ptb-n00528">
        <link targets="seg-r505"/>
    </node>
    <a label="tok" ref="ptb-n00528" as="PTB">
        <fs>
            <f name="msd" value="CD"/>
        </fs>
    </a>
    <node xml:id="ptb-n00529">
        <link targets="seg-r507"/>
    </node>
    <a label="tok" ref="ptb-n00529" as="PTB">
        <fs>
            <f name="msd" value="NNS"/>
        </fs>
    </a>
    <node xml:id="ptb-n00530">
        <link targets="seg-r509"/>
    </node>
    <a label="tok" ref="ptb-n00530" as="PTB">
        <fs>
            <f name="msd" value="CC"/>
        </fs>
    </a>
    <node xml:id="ptb-n00532">
        <link targets="seg-r511"/>
    </node>
    <a label="tok" ref="ptb-n00532" as="PTB">
        <fs>
            <f name="msd" value="CD"/>
        </fs>
    </a>
    <node xml:id="ptb-n00533">
        <link targets="seg-r513"/>
    </node>
    <a label="tok" ref="ptb-n00533" as="PTB">
        <fs>
            <f name="msd" value="NNS"/>
        </fs>
    </a>
    <node xml:id="ptb-n00534">
        <link targets="seg-r514"/>
    </node>
    <a label="tok" ref="ptb-n00534" as="PTB">
        <fs>
            <f name="msd" value="."/>
        </fs>
    </a>
    <node xml:id="ptb-n00537">
        <link targets="seg-r516"/>
    </node>
    <a label="tok" ref="ptb-n00537" as="PTB">
        <fs>
            <f name="msd" value="IN"/>
        </fs>
    </a>
    <node xml:id="ptb-n00539">
        <link targets="seg-r518"/>
    </node>
    <a label="tok" ref="ptb-n00539" as="PTB">
        <fs>
            <f name="msd" value="CD"/>
        </fs>
    </a>
    <node xml:id="ptb-n00541">
        <link targets="seg-r520"/>
    </node>
    <a label="tok" ref="ptb-n00541" as="PTB">
        <fs>
            <f name="msd" value="PRP"/>
        </fs>
    </a>
    <node xml:id="ptb-n00543">
        <link targets="seg-r522"/>
    </node>
    <a label="tok" ref="ptb-n00543" as="PTB">
        <fs>
            <f name="msd" value="MD"/>
        </fs>
    </a>
    <node xml:id="ptb-n00545">
        <link targets="seg-r524"/>
    </node>
    <a label="tok" ref="ptb-n00545" as="PTB">
        <fs>
            <f name="msd" value="VB"/>
        </fs>
    </a>
    <node xml:id="ptb-n00549">
        <link targets="seg-r526"/>
    </node>
    <a label="tok" ref="ptb-n00549" as="PTB">
        <fs>
            <f name="msd" value="RB"/>
        </fs>
    </a>
    <node xml:id="ptb-n00550">
        <link targets="seg-r528"/>
    </node>
    <a label="tok" ref="ptb-n00550" as="PTB">
        <fs>
            <f name="msd" value="CD"/>
        </fs>
    </a>
    <node xml:id="ptb-n00551">
        <link targets="seg-r530"/>
    </node>
    <a label="tok" ref="ptb-n00551" as="PTB">
        <fs>
            <f name="msd" value="NNS"/>
        </fs>
    </a>
    <node xml:id="ptb-n00552">
        <link targets="seg-r532"/>
    </node>
    <a label="tok" ref="ptb-n00552" as="PTB">
        <fs>
            <f name="msd" value="CC"/>
        </fs>
    </a>
    <node xml:id="ptb-n00554">
        <link targets="seg-r534"/>
    </node>
    <a label="tok" ref="ptb-n00554" as="PTB">
        <fs>
            <f name="msd" value="CD"/>
        </fs>
    </a>
    <node xml:id="ptb-n00555">
        <link targets="seg-r536"/>
    </node>
    <a label="tok" ref="ptb-n00555" as="PTB">
        <fs>
            <f name="msd" value="NNS"/>
        </fs>
    </a>
    <node xml:id="ptb-n00556">
        <link targets="seg-r537"/>
    </node>
    <a label="tok" ref="ptb-n00556" as="PTB">
        <fs>
            <f name="msd" value="."/>
        </fs>
    </a>
    <node xml:id="ptb-n00559">
        <link targets="seg-r539"/>
    </node>
    <a label="tok" ref="ptb-n00559" as="PTB">
        <fs>
            <f name="msd" value="IN"/>
        </fs>
    </a>
    <node xml:id="ptb-n00561">
        <link targets="seg-r541"/>
    </node>
    <a label="tok" ref="ptb-n00561" as="PTB">
        <fs>
            <f name="msd" value="CD"/>
        </fs>
    </a>
    <node xml:id="ptb-n00562">
        <link targets="seg-r542"/>
    </node>
    <a label="tok" ref="ptb-n00562" as="PTB">
        <fs>
            <f name="msd" value=","/>
        </fs>
    </a>
    <node xml:id="ptb-n00564">
        <link targets="seg-r544"/>
    </node>
    <a label="tok" ref="ptb-n00564" as="PTB">
        <fs>
            <f name="msd" value="DT"/>
        </fs>
    </a>
    <node xml:id="ptb-n00565">
        <link targets="seg-r546"/>
    </node>
    <a label="tok" ref="ptb-n00565" as="PTB">
        <fs>
            <f name="msd" value="NNS"/>
        </fs>
    </a>
    <node xml:id="ptb-n00567">
        <link targets="seg-r548"/>
    </node>
    <a label="tok" ref="ptb-n00567" as="PTB">
        <fs>
            <f name="msd" value="MD"/>
        </fs>
    </a>
    <node xml:id="ptb-n00569">
        <link targets="seg-r550"/>
    </node>
    <a label="tok" ref="ptb-n00569" as="PTB">
        <fs>
            <f name="msd" value="VB"/>
        </fs>
    </a>
    <node xml:id="ptb-n00570">
        <link targets="seg-r551"/>
    </node>
    <a label="tok" ref="ptb-n00570" as="PTB">
        <fs>
            <f name="msd" value="."/>
        </fs>
    </a>
    <node xml:id="ptb-n00574">
        <link targets="seg-r553"/>
    </node>
    <a label="tok" ref="ptb-n00574" as="PTB">
        <fs>
            <f name="msd" value="DT"/>
        </fs>
    </a>
    <node xml:id="ptb-n00575">
        <link targets="seg-r555"/>
    </node>
    <a label="tok" ref="ptb-n00575" as="PTB">
        <fs>
            <f name="msd" value="NNS"/>
        </fs>
    </a>
    <node xml:id="ptb-n00576">
        <link targets="seg-r557"/>
    </node>
    <a label="tok" ref="ptb-n00576" as="PTB">
        <fs>
            <f name="msd" value="CC"/>
        </fs>
    </a>
    <node xml:id="ptb-n00577">
        <link targets="seg-r559"/>
    </node>
    <a label="tok" ref="ptb-n00577" as="PTB">
        <fs>
            <f name="msd" value="NNS"/>
        </fs>
    </a>
    <node xml:id="ptb-n00580">
        <link targets="seg-r561"/>
    </node>
    <a label="tok" ref="ptb-n00580" as="PTB">
        <fs>
            <f name="msd" value="WP"/>
        </fs>
    </a>
    <node xml:id="ptb-n00585">
        <link targets="seg-r563"/>
    </node>
    <a label="tok" ref="ptb-n00585" as="PTB">
        <fs>
            <f name="msd" value="VBP"/>
        </fs>
    </a>
    <node xml:id="ptb-n00587">
        <link targets="seg-r565"/>
    </node>
    <a label="tok" ref="ptb-n00587" as="PTB">
        <fs>
            <f name="msd" value="TO"/>
        </fs>
    </a>
    <node xml:id="ptb-n00589">
        <link targets="seg-r567"/>
    </node>
    <a label="tok" ref="ptb-n00589" as="PTB">
        <fs>
            <f name="msd" value="NNP"/>
        </fs>
    </a>
    <node xml:id="ptb-n00590">
        <link targets="seg-r569"/>
    </node>
    <a label="tok" ref="ptb-n00590" as="PTB">
        <fs>
            <f name="msd" value="NNP"/>
        </fs>
    </a>
    <node xml:id="ptb-n00592">
        <link targets="seg-r571"/>
    </node>
    <a label="tok" ref="ptb-n00592" as="PTB">
        <fs>
            <f name="msd" value="VBP"/>
        </fs>
    </a>
    <node xml:id="ptb-n00594">
        <link targets="seg-r573"/>
    </node>
    <a label="tok" ref="ptb-n00594" as="PTB">
        <fs>
            <f name="msd" value="VBN"/>
        </fs>
    </a>
    <node xml:id="ptb-n00598">
        <link targets="seg-r575"/>
    </node>
    <a label="tok" ref="ptb-n00598" as="PTB">
        <fs>
            <f name="msd" value="DT"/>
        </fs>
    </a>
    <node xml:id="ptb-n00599">
        <link targets="seg-r577"/>
    </node>
    <a label="tok" ref="ptb-n00599" as="PTB">
        <fs>
            <f name="msd" value="NN"/>
        </fs>
    </a>
    <node xml:id="ptb-n00604">
        <link targets="seg-r579"/>
    </node>
    <a label="tok" ref="ptb-n00604" as="PTB">
        <fs>
            <f name="msd" value="TO"/>
        </fs>
    </a>
    <node xml:id="ptb-n00606">
        <link targets="seg-r581"/>
    </node>
    <a label="tok" ref="ptb-n00606" as="PTB">
        <fs>
            <f name="msd" value="VB"/>
        </fs>
    </a>
    <node xml:id="ptb-n00610">
        <link targets="seg-r583"/>
    </node>
    <a label="tok" ref="ptb-n00610" as="PTB">
        <fs>
            <f name="msd" value="JJ"/>
        </fs>
    </a>
    <node xml:id="ptb-n00611">
        <link targets="seg-r584"/>
    </node>
    <a label="tok" ref="ptb-n00611" as="PTB">
        <fs>
            <f name="msd" value=","/>
        </fs>
    </a>
    <node xml:id="ptb-n00612">
        <link targets="seg-r586"/>
    </node>
    <a label="tok" ref="ptb-n00612" as="PTB">
        <fs>
            <f name="msd" value="JJ"/>
        </fs>
    </a>
    <node xml:id="ptb-n00613">
        <link targets="seg-r587"/>
    </node>
    <a label="tok" ref="ptb-n00613" as="PTB">
        <fs>
            <f name="msd" value=","/>
        </fs>
    </a>
    <node xml:id="ptb-n00614">
        <link targets="seg-r589"/>
    </node>
    <a label="tok" ref="ptb-n00614" as="PTB">
        <fs>
            <f name="msd" value="CC"/>
        </fs>
    </a>
    <node xml:id="ptb-n00615">
        <link targets="seg-r591"/>
    </node>
    <a label="tok" ref="ptb-n00615" as="PTB">
        <fs>
            <f name="msd" value="JJ"/>
        </fs>
    </a>
    <node xml:id="ptb-n00616">
        <link targets="seg-r593"/>
    </node>
    <a label="tok" ref="ptb-n00616" as="PTB">
        <fs>
            <f name="msd" value="NNS"/>
        </fs>
    </a>
    <node xml:id="ptb-n00618">
        <link targets="seg-r595"/>
    </node>
    <a label="tok" ref="ptb-n00618" as="PTB">
        <fs>
            <f name="msd" value="IN"/>
        </fs>
    </a>
    <node xml:id="ptb-n00620">
        <link targets="seg-r597"/>
    </node>
    <a label="tok" ref="ptb-n00620" as="PTB">
        <fs>
            <f name="msd" value="PRP$"/>
        </fs>
    </a>
    <node xml:id="ptb-n00621">
        <link targets="seg-r599"/>
    </node>
    <a label="tok" ref="ptb-n00621" as="PTB">
        <fs>
            <f name="msd" value="NN"/>
        </fs>
    </a>
    <node xml:id="ptb-n00622">
        <link targets="seg-r600"/>
    </node>
    <a label="tok" ref="ptb-n00622" as="PTB">
        <fs>
            <f name="msd" value="."/>
        </fs>
    </a>
    <node xml:id="ptb-n00625">
        <link targets="seg-r602"/>
    </node>
    <a label="tok" ref="ptb-n00625" as="PTB">
        <fs>
            <f name="msd" value="PRP"/>
        </fs>
    </a>
    <node xml:id="ptb-n00627">
        <link targets="seg-r604"/>
    </node>
    <a label="tok" ref="ptb-n00627" as="PTB">
        <fs>
            <f name="msd" value="VBP"/>
        </fs>
    </a>
    <node xml:id="ptb-n00629">
        <link targets="seg-r606"/>
    </node>
    <a label="tok" ref="ptb-n00629" as="PTB">
        <fs>
            <f name="msd" value="DT"/>
        </fs>
    </a>
    <node xml:id="ptb-n00630">
        <link targets="seg-r608"/>
    </node>
    <a label="tok" ref="ptb-n00630" as="PTB">
        <fs>
            <f name="msd" value="NN"/>
        </fs>
    </a>
    <node xml:id="ptb-n00636">
        <link targets="seg-r610"/>
    </node>
    <a label="tok" ref="ptb-n00636" as="PTB">
        <fs>
            <f name="msd" value="TO"/>
        </fs>
    </a>
    <node xml:id="ptb-n00638">
        <link targets="seg-r612"/>
    </node>
    <a label="tok" ref="ptb-n00638" as="PTB">
        <fs>
            <f name="msd" value="VB"/>
        </fs>
    </a>
    <node xml:id="ptb-n00639">
        <link targets="seg-r613"/>
    </node>
    <a label="tok" ref="ptb-n00639" as="PTB">
        <fs>
            <f name="msd" value=","/>
        </fs>
    </a>
    <node xml:id="ptb-n00641">
        <link targets="seg-r615"/>
    </node>
    <a label="tok" ref="ptb-n00641" as="PTB">
        <fs>
            <f name="msd" value="TO"/>
        </fs>
    </a>
    <node xml:id="ptb-n00643">
        <link targets="seg-r617"/>
    </node>
    <a label="tok" ref="ptb-n00643" as="PTB">
        <fs>
            <f name="msd" value="VB"/>
        </fs>
    </a>
    <node xml:id="ptb-n00645">
        <link targets="seg-r619"/>
    </node>
    <a label="tok" ref="ptb-n00645" as="PTB">
        <fs>
            <f name="msd" value="NN"/>
        </fs>
    </a>
    <node xml:id="ptb-n00646">
        <link targets="seg-r620"/>
    </node>
    <a label="tok" ref="ptb-n00646" as="PTB">
        <fs>
            <f name="msd" value="HYPH"/>
        </fs>
    </a>
    <node xml:id="ptb-n00647">
        <link targets="seg-r622"/>
    </node>
    <a label="tok" ref="ptb-n00647" as="PTB">
        <fs>
            <f name="msd" value="JJ"/>
        </fs>
    </a>
    <node xml:id="ptb-n00648">
        <link targets="seg-r623"/>
    </node>
    <a label="tok" ref="ptb-n00648" as="PTB">
        <fs>
            <f name="msd" value=","/>
        </fs>
    </a>
    <node xml:id="ptb-n00650">
        <link targets="seg-r625"/>
    </node>
    <a label="tok" ref="ptb-n00650" as="PTB">
        <fs>
            <f name="msd" value="TO"/>
        </fs>
    </a>
    <node xml:id="ptb-n00652">
        <link targets="seg-r627"/>
    </node>
    <a label="tok" ref="ptb-n00652" as="PTB">
        <fs>
            <f name="msd" value="VB"/>
        </fs>
    </a>
    <node xml:id="ptb-n00654">
        <link targets="seg-r629"/>
    </node>
    <a label="tok" ref="ptb-n00654" as="PTB">
        <fs>
            <f name="msd" value="PRP$"/>
        </fs>
    </a>
    <node xml:id="ptb-n00655">
        <link targets="seg-r631"/>
    </node>
    <a label="tok" ref="ptb-n00655" as="PTB">
        <fs>
            <f name="msd" value="NN"/>
        </fs>
    </a>
    <node xml:id="ptb-n00656">
        <link targets="seg-r633"/>
    </node>
    <a label="tok" ref="ptb-n00656" as="PTB">
        <fs>
            <f name="msd" value="CC"/>
        </fs>
    </a>
    <node xml:id="ptb-n00657">
        <link targets="seg-r635"/>
    </node>
    <a label="tok" ref="ptb-n00657" as="PTB">
        <fs>
            <f name="msd" value="NN"/>
        </fs>
    </a>
    <node xml:id="ptb-n00658">
        <link targets="seg-r636"/>
    </node>
    <a label="tok" ref="ptb-n00658" as="PTB">
        <fs>
            <f name="msd" value="."/>
        </fs>
    </a>
    <node xml:id="ptb-n00662">
        <link targets="seg-r638"/>
    </node>
    <a label="tok" ref="ptb-n00662" as="PTB">
        <fs>
            <f name="msd" value="RB"/>
        </fs>
    </a>
    <node xml:id="ptb-n00664">
        <link targets="seg-r640"/>
    </node>
    <a label="tok" ref="ptb-n00664" as="PTB">
        <fs>
            <f name="msd" value="PRP"/>
        </fs>
    </a>
    <node xml:id="ptb-n00666">
        <link targets="seg-r642"/>
    </node>
    <a label="tok" ref="ptb-n00666" as="PTB">
        <fs>
            <f name="msd" value="VBZ"/>
        </fs>
    </a>
    <node xml:id="ptb-n00668">
        <link targets="seg-r644"/>
    </node>
    <a label="tok" ref="ptb-n00668" as="PTB">
        <fs>
            <f name="msd" value="DT"/>
        </fs>
    </a>
    <node xml:id="ptb-n00669">
        <link targets="seg-r646"/>
    </node>
    <a label="tok" ref="ptb-n00669" as="PTB">
        <fs>
            <f name="msd" value="JJ"/>
        </fs>
    </a>
    <node xml:id="ptb-n00670">
        <link targets="seg-r647"/>
    </node>
    <a label="tok" ref="ptb-n00670" as="PTB">
        <fs>
            <f name="msd" value=","/>
        </fs>
    </a>
    <node xml:id="ptb-n00671">
        <link targets="seg-r649"/>
    </node>
    <a label="tok" ref="ptb-n00671" as="PTB">
        <fs>
            <f name="msd" value="JJ"/>
        </fs>
    </a>
    <node xml:id="ptb-n00672">
        <link targets="seg-r651"/>
    </node>
    <a label="tok" ref="ptb-n00672" as="PTB">
        <fs>
            <f name="msd" value="NN"/>
        </fs>
    </a>
    <node xml:id="ptb-n00673">
        <link targets="seg-r652"/>
    </node>
    <a label="tok" ref="ptb-n00673" as="PTB">
        <fs>
            <f name="msd" value=","/>
        </fs>
    </a>
    <node xml:id="ptb-n00674">
        <link targets="seg-r654"/>
    </node>
    <a label="tok" ref="ptb-n00674" as="PTB">
        <fs>
            <f name="msd" value="CC"/>
        </fs>
    </a>
    <node xml:id="ptb-n00677">
        <link targets="seg-r656"/>
    </node>
    <a label="tok" ref="ptb-n00677" as="PTB">
        <fs>
            <f name="msd" value="DT"/>
        </fs>
    </a>
    <node xml:id="ptb-n00678">
        <link targets="seg-r658"/>
    </node>
    <a label="tok" ref="ptb-n00678" as="PTB">
        <fs>
            <f name="msd" value="NNS"/>
        </fs>
    </a>
    <node xml:id="ptb-n00680">
        <link targets="seg-r660"/>
    </node>
    <a label="tok" ref="ptb-n00680" as="PTB">
        <fs>
            <f name="msd" value="VBP"/>
        </fs>
    </a>
    <node xml:id="ptb-n00682">
        <link targets="seg-r662"/>
    </node>
    <a label="tok" ref="ptb-n00682" as="PTB">
        <fs>
            <f name="msd" value="RB"/>
        </fs>
    </a>
    <node xml:id="ptb-n00683">
        <link targets="seg-r664"/>
    </node>
    <a label="tok" ref="ptb-n00683" as="PTB">
        <fs>
            <f name="msd" value="JJ"/>
        </fs>
    </a>
    <node xml:id="ptb-n00685">
        <link targets="seg-r666"/>
    </node>
    <a label="tok" ref="ptb-n00685" as="PTB">
        <fs>
            <f name="msd" value="PRP"/>
        </fs>
    </a>
    <node xml:id="ptb-n00686">
        <link targets="seg-r667"/>
    </node>
    <a label="tok" ref="ptb-n00686" as="PTB">
        <fs>
            <f name="msd" value="."/>
        </fs>
    </a>
    <node xml:id="ptb-n00689">
        <link targets="seg-r669"/>
    </node>
    <a label="tok" ref="ptb-n00689" as="PTB">
        <fs>
            <f name="msd" value="IN"/>
        </fs>
    </a>
    <node xml:id="ptb-n00692">
        <link targets="seg-r671"/>
    </node>
    <a label="tok" ref="ptb-n00692" as="PTB">
        <fs>
            <f name="msd" value="NNP"/>
        </fs>
    </a>
    <node xml:id="ptb-n00693">
        <link targets="seg-r673"/>
    </node>
    <a label="tok" ref="ptb-n00693" as="PTB">
        <fs>
            <f name="msd" value="NNP"/>
        </fs>
    </a>
    <node xml:id="ptb-n00695">
        <link targets="seg-r675"/>
    </node>
    <a label="tok" ref="ptb-n00695" as="PTB">
        <fs>
            <f name="msd" value="TO"/>
        </fs>
    </a>
    <node xml:id="ptb-n00697">
        <link targets="seg-r677"/>
    </node>
    <a label="tok" ref="ptb-n00697" as="PTB">
        <fs>
            <f name="msd" value="VB"/>
        </fs>
    </a>
    <node xml:id="ptb-n00702">
        <link targets="seg-r679"/>
    </node>
    <a label="tok" ref="ptb-n00702" as="PTB">
        <fs>
            <f name="msd" value="TO"/>
        </fs>
    </a>
    <node xml:id="ptb-n00704">
        <link targets="seg-r681"/>
    </node>
    <a label="tok" ref="ptb-n00704" as="PTB">
        <fs>
            <f name="msd" value="VB"/>
        </fs>
    </a>
    <node xml:id="ptb-n00708">
        <link targets="seg-r683"/>
    </node>
    <a label="tok" ref="ptb-n00708" as="PTB">
        <fs>
            <f name="msd" value="VBN"/>
        </fs>
    </a>
    <node xml:id="ptb-n00709">
        <link targets="seg-r685"/>
    </node>
    <a label="tok" ref="ptb-n00709" as="PTB">
        <fs>
            <f name="msd" value="CC"/>
        </fs>
    </a>
    <node xml:id="ptb-n00710">
        <link targets="seg-r687"/>
    </node>
    <a label="tok" ref="ptb-n00710" as="PTB">
        <fs>
            <f name="msd" value="VBN"/>
        </fs>
    </a>
    <node xml:id="ptb-n00711">
        <link targets="seg-r689"/>
    </node>
    <a label="tok" ref="ptb-n00711" as="PTB">
        <fs>
            <f name="msd" value="NNS"/>
        </fs>
    </a>
    <node xml:id="ptb-n00712">
        <link targets="seg-r691"/>
    </node>
    <a label="tok" ref="ptb-n00712" as="PTB">
        <fs>
            <f name="msd" value="CC"/>
        </fs>
    </a>
    <node xml:id="ptb-n00714">
        <link targets="seg-r693"/>
    </node>
    <a label="tok" ref="ptb-n00714" as="PTB">
        <fs>
            <f name="msd" value="PRP$"/>
        </fs>
    </a>
    <node xml:id="ptb-n00715">
        <link targets="seg-r695"/>
    </node>
    <a label="tok" ref="ptb-n00715" as="PTB">
        <fs>
            <f name="msd" value="NNS"/>
        </fs>
    </a>
    <node xml:id="ptb-n00716">
        <link targets="seg-r696"/>
    </node>
    <a label="tok" ref="ptb-n00716" as="PTB">
        <fs>
            <f name="msd" value=","/>
        </fs>
    </a>
    <node xml:id="ptb-n00718">
        <link targets="seg-r698"/>
    </node>
    <a label="tok" ref="ptb-n00718" as="PTB">
        <fs>
            <f name="msd" value="PRP"/>
        </fs>
    </a>
    <node xml:id="ptb-n00720">
        <link targets="seg-r700"/>
    </node>
    <a label="tok" ref="ptb-n00720" as="PTB">
        <fs>
            <f name="msd" value="VBP"/>
        </fs>
    </a>
    <node xml:id="ptb-n00722">
        <link targets="seg-r702"/>
    </node>
    <a label="tok" ref="ptb-n00722" as="PTB">
        <fs>
            <f name="msd" value="PRP$"/>
        </fs>
    </a>
    <node xml:id="ptb-n00723">
        <link targets="seg-r704"/>
    </node>
    <a label="tok" ref="ptb-n00723" as="PTB">
        <fs>
            <f name="msd" value="NN"/>
        </fs>
    </a>
    <node xml:id="ptb-n00724">
        <link targets="seg-r705"/>
    </node>
    <a label="tok" ref="ptb-n00724" as="PTB">
        <fs>
            <f name="msd" value="."/>
        </fs>
    </a>
    <node xml:id="ptb-n00728">
        <link targets="seg-r707"/>
    </node>
    <a label="tok" ref="ptb-n00728" as="PTB">
        <fs>
            <f name="msd" value="DT"/>
        </fs>
    </a>
    <node xml:id="ptb-n00729">
        <link targets="seg-r709"/>
    </node>
    <a label="tok" ref="ptb-n00729" as="PTB">
        <fs>
            <f name="msd" value="NN"/>
        </fs>
    </a>
    <node xml:id="ptb-n00730">
        <link targets="seg-r711"/>
    </node>
    <a label="tok" ref="ptb-n00730" as="PTB">
        <fs>
            <f name="msd" value="NNS"/>
        </fs>
    </a>
    <node xml:id="ptb-n00732">
        <link targets="seg-r713"/>
    </node>
    <a label="tok" ref="ptb-n00732" as="PTB">
        <fs>
            <f name="msd" value="VBP"/>
        </fs>
    </a>
    <node xml:id="ptb-n00734">
        <link targets="seg-r715"/>
    </node>
    <a label="tok" ref="ptb-n00734" as="PTB">
        <fs>
            <f name="msd" value="VBG"/>
        </fs>
    </a>
    <node xml:id="ptb-n00735">
        <link targets="seg-r716"/>
    </node>
    <a label="tok" ref="ptb-n00735" as="PTB">
        <fs>
            <f name="msd" value=","/>
        </fs>
    </a>
    <node xml:id="ptb-n00736">
        <link targets="seg-r718"/>
    </node>
    <a label="tok" ref="ptb-n00736" as="PTB">
        <fs>
            <f name="msd" value="CC"/>
        </fs>
    </a>
    <node xml:id="ptb-n00739">
        <link targets="seg-r720"/>
    </node>
    <a label="tok" ref="ptb-n00739" as="PTB">
        <fs>
            <f name="msd" value="DT"/>
        </fs>
    </a>
    <node xml:id="ptb-n00740">
        <link targets="seg-r722"/>
    </node>
    <a label="tok" ref="ptb-n00740" as="PTB">
        <fs>
            <f name="msd" value="NNS"/>
        </fs>
    </a>
    <node xml:id="ptb-n00742">
        <link targets="seg-r724"/>
    </node>
    <a label="tok" ref="ptb-n00742" as="PTB">
        <fs>
            <f name="msd" value="VBP"/>
        </fs>
    </a>
    <node xml:id="ptb-n00744">
        <link targets="seg-r726"/>
    </node>
    <a label="tok" ref="ptb-n00744" as="PTB">
        <fs>
            <f name="msd" value="RB"/>
        </fs>
    </a>
    <node xml:id="ptb-n00745">
        <link targets="seg-r727"/>
    </node>
    <a label="tok" ref="ptb-n00745" as="PTB">
        <fs>
            <f name="msd" value="."/>
        </fs>
    </a>
    <node xml:id="ptb-n00748">
        <link targets="seg-r729"/>
    </node>
    <a label="tok" ref="ptb-n00748" as="PTB">
        <fs>
            <f name="msd" value="UH"/>
        </fs>
    </a>
    <node xml:id="ptb-n00749">
        <link targets="seg-r731"/>
    </node>
    <a label="tok" ref="ptb-n00749" as="PTB">
        <fs>
            <f name="msd" value="''"/>
        </fs>
    </a>
    <node xml:id="ptb-n00753">
        <link targets="seg-r732"/>
    </node>
    <a label="tok" ref="ptb-n00753" as="PTB">
        <fs>
            <f name="msd" value="VB"/>
        </fs>
    </a>
    <node xml:id="ptb-n00756">
        <link targets="seg-r734"/>
    </node>
    <a label="tok" ref="ptb-n00756" as="PTB">
        <fs>
            <f name="msd" value="JJ"/>
        </fs>
    </a>
    <node xml:id="ptb-n00757">
        <link targets="seg-r736"/>
    </node>
    <a label="tok" ref="ptb-n00757" as="PTB">
        <fs>
            <f name="msd" value="NNS"/>
        </fs>
    </a>
    <node xml:id="ptb-n00759">
        <link targets="seg-r738"/>
    </node>
    <a label="tok" ref="ptb-n00759" as="PTB">
        <fs>
            <f name="msd" value="VB"/>
        </fs>
    </a>
    <node xml:id="ptb-n00761">
        <link targets="seg-r740"/>
    </node>
    <a label="tok" ref="ptb-n00761" as="PTB">
        <fs>
            <f name="msd" value="JJR"/>
        </fs>
    </a>
    <node xml:id="ptb-n00762">
        <link targets="seg-r741"/>
    </node>
    <a label="tok" ref="ptb-n00762" as="PTB">
        <fs>
            <f name="msd" value="''"/>
        </fs>
    </a>
    <node xml:id="ptb-n00764">
        <link targets="seg-r743"/>
    </node>
    <a label="tok" ref="ptb-n00764" as="PTB">
        <fs>
            <f name="msd" value="IN"/>
        </fs>
    </a>
    <node xml:id="ptb-n00769">
        <link targets="seg-r745"/>
    </node>
    <a label="tok" ref="ptb-n00769" as="PTB">
        <fs>
            <f name="msd" value="VBG"/>
        </fs>
    </a>
    <node xml:id="ptb-n00771">
        <link targets="seg-r747"/>
    </node>
    <a label="tok" ref="ptb-n00771" as="PTB">
        <fs>
            <f name="msd" value="PRP"/>
        </fs>
    </a>
    <node xml:id="ptb-n00773">
        <link targets="seg-r749"/>
    </node>
    <a label="tok" ref="ptb-n00773" as="PTB">
        <fs>
            <f name="msd" value="DT"/>
        </fs>
    </a>
    <node xml:id="ptb-n00774">
        <link targets="seg-r751"/>
    </node>
    <a label="tok" ref="ptb-n00774" as="PTB">
        <fs>
            <f name="msd" value="NN"/>
        </fs>
    </a>
    <node xml:id="ptb-n00776">
        <link targets="seg-r753"/>
    </node>
    <a label="tok" ref="ptb-n00776" as="PTB">
        <fs>
            <f name="msd" value="NN"/>
        </fs>
    </a>
    <node xml:id="ptb-n00777">
        <link targets="seg-r754"/>
    </node>
    <a label="tok" ref="ptb-n00777" as="PTB">
        <fs>
            <f name="msd" value="."/>
        </fs>
    </a>
    <node xml:id="ptb-n00780">
        <link targets="seg-r756"/>
    </node>
    <a label="tok" ref="ptb-n00780" as="PTB">
        <fs>
            <f name="msd" value="PRP$"/>
        </fs>
    </a>
    <node xml:id="ptb-n00781">
        <link targets="seg-r758"/>
    </node>
    <a label="tok" ref="ptb-n00781" as="PTB">
        <fs>
            <f name="msd" value="NN"/>
        </fs>
    </a>
    <node xml:id="ptb-n00783">
        <link targets="seg-r760"/>
    </node>
    <a label="tok" ref="ptb-n00783" as="PTB">
        <fs>
            <f name="msd" value="MD"/>
        </fs>
    </a>
    <node xml:id="ptb-n00785">
        <link targets="seg-r762"/>
    </node>
    <a label="tok" ref="ptb-n00785" as="PTB">
        <fs>
            <f name="msd" value="VB"/>
        </fs>
    </a>
    <node xml:id="ptb-n00787">
        <link targets="seg-r764"/>
    </node>
    <a label="tok" ref="ptb-n00787" as="PTB">
        <fs>
            <f name="msd" value="NNS"/>
        </fs>
    </a>
    <node xml:id="ptb-n00788">
        <link targets="seg-r766"/>
    </node>
    <a label="tok" ref="ptb-n00788" as="PTB">
        <fs>
            <f name="msd" value="CC"/>
        </fs>
    </a>
    <node xml:id="ptb-n00789">
        <link targets="seg-r768"/>
    </node>
    <a label="tok" ref="ptb-n00789" as="PTB">
        <fs>
            <f name="msd" value="NNS"/>
        </fs>
    </a>
    <node xml:id="ptb-n00792">
        <link targets="seg-r770"/>
    </node>
    <a label="tok" ref="ptb-n00792" as="PTB">
        <fs>
            <f name="msd" value="NN"/>
        </fs>
    </a>
    <node xml:id="ptb-n00794">
        <link targets="seg-r772"/>
    </node>
    <a label="tok" ref="ptb-n00794" as="PTB">
        <fs>
            <f name="msd" value="IN"/>
        </fs>
    </a>
    <node xml:id="ptb-n00796">
        <link targets="seg-r774"/>
    </node>
    <a label="tok" ref="ptb-n00796" as="PTB">
        <fs>
            <f name="msd" value="JJ"/>
        </fs>
    </a>
    <node xml:id="ptb-n00797">
        <link targets="seg-r776"/>
    </node>
    <a label="tok" ref="ptb-n00797" as="PTB">
        <fs>
            <f name="msd" value="NNS"/>
        </fs>
    </a>
    <node xml:id="ptb-n00798">
        <link targets="seg-r777"/>
    </node>
    <a label="tok" ref="ptb-n00798" as="PTB">
        <fs>
            <f name="msd" value="."/>
        </fs>
    </a>
    <node xml:id="ptb-n00801">
        <link targets="seg-r779"/>
    </node>
    <a label="tok" ref="ptb-n00801" as="PTB">
        <fs>
            <f name="msd" value="RB"/>
        </fs>
    </a>
    <node xml:id="ptb-n00802">
        <link targets="seg-r780"/>
    </node>
    <a label="tok" ref="ptb-n00802" as="PTB">
        <fs>
            <f name="msd" value=","/>
        </fs>
    </a>
    <node xml:id="ptb-n00804">
        <link targets="seg-r782"/>
    </node>
    <a label="tok" ref="ptb-n00804" as="PTB">
        <fs>
            <f name="msd" value="NNP"/>
        </fs>
    </a>
    <node xml:id="ptb-n00805">
        <link targets="seg-r784"/>
    </node>
    <a label="tok" ref="ptb-n00805" as="PTB">
        <fs>
            <f name="msd" value="NNP"/>
        </fs>
    </a>
</graph>
