<?xml version="1.0" encoding="UTF-8"?>
<graph xmlns="http://www.xces.org/ns/GrAF/1.0/">
    <header>
        <tagsDecl>
            <tagUsage gi="objective-speech-event" occurs="10"/>
            <tagUsage gi="attitude" occurs="7"/>
            <tagUsage gi="inside" occurs="16"/>
            <tagUsage gi="target" occurs="5"/>
            <tagUsage gi="split" occurs="22"/>
            <tagUsage gi="expressive-subjectivity" occurs="7"/>
            <tagUsage gi="direct-subjective" occurs="9"/>
            <tagUsage gi="agent" occurs="4"/>
        </tagsDecl>
        <annotationSets>
            <annotationSet name="mpqa" type="http://www.cs.pitt.edu/mpqa/"/>
        </annotationSets>
    </header>
    <region xml:id="r10" anchors="18 135"/>
    <region xml:id="r8" anchors="18 18"/>
    <region xml:id="r6" anchors="18 18"/>
    <region xml:id="r1" anchors="18 18"/>
    <region xml:id="r12" anchors="18 18"/>
    <region xml:id="r14" anchors="76 82"/>
    <region xml:id="r17" anchors="134 135"/>
    <region xml:id="r19" anchors="136 241"/>
    <region xml:id="r21" anchors="136 136"/>
    <region xml:id="r23" anchors="240 241"/>
    <region xml:id="r25" anchors="242 308"/>
    <region xml:id="r27" anchors="242 242"/>
    <region xml:id="r29" anchors="307 308"/>
    <region xml:id="r31" anchors="315 478"/>
    <region xml:id="r33" anchors="315 315"/>
    <region xml:id="r35" anchors="341 346"/>
    <region xml:id="r37" anchors="351 367"/>
    <region xml:id="r40" anchors="371 477"/>
    <region xml:id="r42" anchors="477 478"/>
    <region xml:id="r46" anchors="492 603"/>
    <region xml:id="r48" anchors="492 492"/>
    <region xml:id="r44" anchors="492 492"/>
    <region xml:id="r50" anchors="499 505"/>
    <region xml:id="r52" anchors="506 515"/>
    <region xml:id="r55" anchors="516 602"/>
    <region xml:id="r57" anchors="602 603"/>
    <region xml:id="r59" anchors="604 681"/>
    <region xml:id="r61" anchors="604 604"/>
    <region xml:id="r63" anchors="680 681"/>
    <region xml:id="r65" anchors="688 775"/>
    <region xml:id="r67" anchors="688 688"/>
    <region xml:id="r69" anchors="774 775"/>
    <region xml:id="r71" anchors="776 923"/>
    <region xml:id="r73" anchors="776 776"/>
    <region xml:id="r75" anchors="806 827"/>
    <region xml:id="r77" anchors="806 815"/>
    <region xml:id="r79" anchors="842 922"/>
    <region xml:id="r81" anchors="922 923"/>
    <region xml:id="r83" anchors="924 1027"/>
    <region xml:id="r85" anchors="924 924"/>
    <region xml:id="r87" anchors="992 1001"/>
    <region xml:id="r90" anchors="1002 1026"/>
    <region xml:id="r92" anchors="1026 1027"/>
    <region xml:id="r94" anchors="1034 1074"/>
    <region xml:id="r96" anchors="1034 1034"/>
    <region xml:id="r98" anchors="1073 1074"/>
    <region xml:id="r100" anchors="1075 1226"/>
    <region xml:id="r102" anchors="1075 1075"/>
    <region xml:id="r104" anchors="1225 1226"/>
    <region xml:id="r106" anchors="1233 1378"/>
    <region xml:id="r108" anchors="1233 1233"/>
    <region xml:id="r110" anchors="1267 1276"/>
    <region xml:id="r113" anchors="1277 1298"/>
    <region xml:id="r115" anchors="1377 1378"/>
    <region xml:id="r117" anchors="1385 1425"/>
    <region xml:id="r119" anchors="1385 1385"/>
    <region xml:id="r121" anchors="1424 1425"/>
    <region xml:id="r123" anchors="1426 1543"/>
    <region xml:id="r125" anchors="1426 1426"/>
    <region xml:id="r127" anchors="1542 1543"/>
    <region xml:id="r129" anchors="1550 1640"/>
    <region xml:id="r131" anchors="1550 1559"/>
    <region xml:id="r134" anchors="1550 1550"/>
    <region xml:id="r136" anchors="1567 1584"/>
    <region xml:id="r138" anchors="1591 1591"/>
    <region xml:id="r140" anchors="1639 1640"/>
    <region xml:id="r142" anchors="1641 1724"/>
    <region xml:id="r144" anchors="1641 1641"/>
    <region xml:id="r146" anchors="1723 1724"/>
    <region xml:id="r150" anchors="1724 1724"/>
    <region xml:id="r148" anchors="1724 1724"/>
    <node xml:id="n0">
        <link targets="r1"/>
    </node>
    <a label="direct-subjective" ref="n0" as="mpqa"/>
    <a label="agent" ref="n0" as="mpqa">
        <fs>
            <f name="id" value="implicit"/>
        </fs>
    </a>
    <a label="expressive-subjectivity" ref="n0" as="mpqa"/>
    <a label="agent" ref="n0" as="mpqa">
        <fs>
            <f name="id" value="w"/>
        </fs>
    </a>
    <node xml:id="n1">
        <link targets="r6"/>
    </node>
    <a label="split" ref="n1" as="mpqa"/>
    <node xml:id="n10">
        <link targets="r25"/>
    </node>
    <a label="inside" ref="n10" as="mpqa">
        <fs>
            <f name="nested-source" value="w"/>
        </fs>
    </a>
    <node xml:id="n11">
        <link targets="r27"/>
    </node>
    <a label="objective-speech-event" ref="n11" as="mpqa">
        <fs>
            <f name="implicit" value="true"/>
            <f name="nested-source" value="w"/>
        </fs>
    </a>
    <node xml:id="n12">
        <link targets="r29"/>
    </node>
    <a label="split" ref="n12" as="mpqa"/>
    <node xml:id="n13">
        <link targets="r31"/>
    </node>
    <a label="inside" ref="n13" as="mpqa">
        <fs>
            <f name="nested-source" value="w"/>
        </fs>
    </a>
    <node xml:id="n14">
        <link targets="r33"/>
    </node>
    <a label="direct-subjective" ref="n14" as="mpqa">
        <fs>
            <f name="implicit" value="true"/>
            <f name="intensity" value="medium"/>
            <f name="attitude-link" value="funAnd"/>
            <f name="nested-source" value="w"/>
        </fs>
    </a>
    <node xml:id="n15">
        <link targets="r35"/>
    </node>
    <a label="direct-subjective" ref="n15" as="mpqa">
        <fs>
            <f name="nested-source" value="w, implicit"/>
            <f name="polarity" value="positive"/>
            <f name="implicit" value=""/>
            <f name="intensity" value="medium"/>
            <f name="expression-intensity" value="medium"/>
        </fs>
    </a>
    <node xml:id="n16">
        <link targets="r37"/>
    </node>
    <a label="attitude" ref="n16" as="mpqa">
        <fs>
            <f name="target-link" value="camp"/>
            <f name="id" value="funAnd"/>
            <f name="intensity" value="medium"/>
            <f name="attitude-type" value="sentiment-pos"/>
        </fs>
    </a>
    <a label="expressive-subjectivity" ref="n16" as="mpqa">
        <fs>
            <f name="nested-source" value="w"/>
            <f name="polarity" value="positive"/>
            <f name="intensity" value="medium"/>
        </fs>
    </a>
    <node xml:id="n17">
        <link targets="r40"/>
    </node>
    <a label="target" ref="n17" as="mpqa">
        <fs>
            <f name="id" value="camp"/>
        </fs>
    </a>
    <node xml:id="n18">
        <link targets="r42"/>
    </node>
    <a label="split" ref="n18" as="mpqa"/>
    <node xml:id="n19">
        <link targets="r44"/>
    </node>
    <a label="split" ref="n19" as="mpqa"/>
    <node xml:id="n2">
        <link targets="r8"/>
    </node>
    <a label="split" ref="n2" as="mpqa"/>
    <node xml:id="n20">
        <link targets="r46"/>
    </node>
    <a label="inside" ref="n20" as="mpqa">
        <fs>
            <f name="nested-source" value="w"/>
        </fs>
    </a>
    <node xml:id="n21">
        <link targets="r48"/>
    </node>
    <a label="objective-speech-event" ref="n21" as="mpqa">
        <fs>
            <f name="implicit" value="true"/>
            <f name="nested-source" value="w"/>
        </fs>
    </a>
    <node xml:id="n22">
        <link targets="r50"/>
    </node>
    <a label="agent" ref="n22" as="mpqa">
        <fs>
            <f name="id" value="youre"/>
            <f name="nested-source" value="w, youre"/>
        </fs>
    </a>
    <node xml:id="n23">
        <link targets="r52"/>
    </node>
    <a label="attitude" ref="n23" as="mpqa">
        <fs>
            <f name="target-link" value="ensuring"/>
            <f name="id" value="committed"/>
            <f name="intensity" value="medium"/>
            <f name="attitude-type" value="other-attitude"/>
        </fs>
    </a>
    <a label="direct-subjective" ref="n23" as="mpqa">
        <fs>
            <f name="nested-source" value="w, youre"/>
            <f name="polarity" value="positive"/>
            <f name="attitude-link" value="committed"/>
            <f name="intensity" value="medium"/>
            <f name="expression-intensity" value="medium"/>
        </fs>
    </a>
    <node xml:id="n24">
        <link targets="r55"/>
    </node>
    <a label="target" ref="n24" as="mpqa">
        <fs>
            <f name="id" value="ensuring"/>
        </fs>
    </a>
    <node xml:id="n25">
        <link targets="r57"/>
    </node>
    <a label="split" ref="n25" as="mpqa"/>
    <node xml:id="n26">
        <link targets="r59"/>
    </node>
    <a label="inside" ref="n26" as="mpqa">
        <fs>
            <f name="nested-source" value="w"/>
        </fs>
    </a>
    <node xml:id="n27">
        <link targets="r61"/>
    </node>
    <a label="objective-speech-event" ref="n27" as="mpqa">
        <fs>
            <f name="implicit" value="true"/>
            <f name="nested-source" value="w"/>
        </fs>
    </a>
    <node xml:id="n28">
        <link targets="r63"/>
    </node>
    <a label="split" ref="n28" as="mpqa"/>
    <node xml:id="n29">
        <link targets="r65"/>
    </node>
    <a label="inside" ref="n29" as="mpqa">
        <fs>
            <f name="nested-source" value="w"/>
        </fs>
    </a>
    <node xml:id="n3">
        <link targets="r10"/>
    </node>
    <a label="inside" ref="n3" as="mpqa">
        <fs>
            <f name="nested-source" value="w"/>
        </fs>
    </a>
    <node xml:id="n30">
        <link targets="r67"/>
    </node>
    <a label="objective-speech-event" ref="n30" as="mpqa">
        <fs>
            <f name="implicit" value="true"/>
            <f name="nested-source" value="w"/>
        </fs>
    </a>
    <node xml:id="n31">
        <link targets="r69"/>
    </node>
    <a label="split" ref="n31" as="mpqa"/>
    <node xml:id="n32">
        <link targets="r71"/>
    </node>
    <a label="inside" ref="n32" as="mpqa">
        <fs>
            <f name="nested-source" value="w"/>
        </fs>
    </a>
    <node xml:id="n33">
        <link targets="r73"/>
    </node>
    <a label="direct-subjective" ref="n33" as="mpqa">
        <fs>
            <f name="nested-source" value="w"/>
            <f name="polarity" value="positive"/>
            <f name="attitude-link" value="important"/>
            <f name="implicit" value="true"/>
            <f name="intensity" value="medium"/>
        </fs>
    </a>
    <node xml:id="n34">
        <link targets="r75"/>
    </node>
    <a label="attitude" ref="n34" as="mpqa">
        <fs>
            <f name="id" value="important"/>
            <f name="target-link" value="skills"/>
            <f name="intensity" value="medium-high"/>
            <f name="attitude-type" value="other-attitude"/>
        </fs>
    </a>
    <node xml:id="n35">
        <link targets="r77"/>
    </node>
    <a label="expressive-subjectivity" ref="n35" as="mpqa">
        <fs>
            <f name="nested-source" value="w"/>
            <f name="polarity" value="positive"/>
            <f name="intensity" value="medium"/>
        </fs>
    </a>
    <node xml:id="n36">
        <link targets="r79"/>
    </node>
    <a label="target" ref="n36" as="mpqa">
        <fs>
            <f name="id" value="skills"/>
        </fs>
    </a>
    <node xml:id="n37">
        <link targets="r81"/>
    </node>
    <a label="split" ref="n37" as="mpqa"/>
    <node xml:id="n38">
        <link targets="r83"/>
    </node>
    <a label="inside" ref="n38" as="mpqa">
        <fs>
            <f name="nested-source" value="w"/>
        </fs>
    </a>
    <node xml:id="n39">
        <link targets="r85"/>
    </node>
    <a label="direct-subjective" ref="n39" as="mpqa">
        <fs>
            <f name="implicit" value="true"/>
            <f name="attitude-link" value="wonderful"/>
            <f name="polarity" value="positive"/>
            <f name="nested-source" value="w"/>
        </fs>
    </a>
    <node xml:id="n4">
        <link targets="r12"/>
    </node>
    <a label="direct-subjective" ref="n4" as="mpqa">
        <fs>
            <f name="implicit" value="true"/>
            <f name="intensity" value="medium"/>
            <f name="attitude-link" value="friend"/>
            <f name="nested-source" value="w"/>
        </fs>
    </a>
    <node xml:id="n40">
        <link targets="r87"/>
    </node>
    <a label="expressive-subjectivity" ref="n40" as="mpqa">
        <fs>
            <f name="nested-source" value="w"/>
            <f name="polarity" value="positive"/>
            <f name="intensity" value="medium"/>
        </fs>
    </a>
    <a label="attitude" ref="n40" as="mpqa">
        <fs>
            <f name="target-link" value="super"/>
            <f name="id" value="wonderful"/>
            <f name="intensity" value="medium-high"/>
            <f name="attitude-type" value="sentiment-pos"/>
        </fs>
    </a>
    <node xml:id="n41">
        <link targets="r90"/>
    </node>
    <a label="target" ref="n41" as="mpqa">
        <fs>
            <f name="id" value="super"/>
        </fs>
    </a>
    <node xml:id="n42">
        <link targets="r92"/>
    </node>
    <a label="split" ref="n42" as="mpqa"/>
    <node xml:id="n43">
        <link targets="r94"/>
    </node>
    <a label="inside" ref="n43" as="mpqa">
        <fs>
            <f name="nested-source" value="w"/>
        </fs>
    </a>
    <node xml:id="n44">
        <link targets="r96"/>
    </node>
    <a label="objective-speech-event" ref="n44" as="mpqa">
        <fs>
            <f name="implicit" value="true"/>
            <f name="nested-source" value="w"/>
        </fs>
    </a>
    <node xml:id="n45">
        <link targets="r98"/>
    </node>
    <a label="split" ref="n45" as="mpqa"/>
    <node xml:id="n46">
        <link targets="r100"/>
    </node>
    <a label="inside" ref="n46" as="mpqa">
        <fs>
            <f name="nested-source" value="w"/>
        </fs>
    </a>
    <node xml:id="n47">
        <link targets="r102"/>
    </node>
    <a label="objective-speech-event" ref="n47" as="mpqa">
        <fs>
            <f name="implicit" value="true"/>
            <f name="nested-source" value="w"/>
        </fs>
    </a>
    <node xml:id="n48">
        <link targets="r104"/>
    </node>
    <a label="split" ref="n48" as="mpqa"/>
    <node xml:id="n49">
        <link targets="r106"/>
    </node>
    <a label="inside" ref="n49" as="mpqa">
        <fs>
            <f name="nested-source" value="w"/>
        </fs>
    </a>
    <node xml:id="n5">
        <link targets="r14"/>
    </node>
    <a label="attitude" ref="n5" as="mpqa">
        <fs>
            <f name="attitude-type" value="sentiment-pos"/>
            <f name="id" value="friend"/>
            <f name="intensity" value="medium"/>
        </fs>
    </a>
    <a label="expressive-subjectivity" ref="n5" as="mpqa">
        <fs>
            <f name="intensity" value="medium"/>
            <f name="nested-source-uncertain" value=""/>
            <f name="polarity" value="positive"/>
            <f name="nested-source" value="w"/>
        </fs>
    </a>
    <node xml:id="n50">
        <link targets="r108"/>
    </node>
    <a label="direct-subjective" ref="n50" as="mpqa">
        <fs>
            <f name="nested-source" value="w"/>
            <f name="polarity" value="positive"/>
            <f name="attitude-link" value="deserving"/>
            <f name="implicit" value="true"/>
            <f name="intensity" value="medium"/>
        </fs>
    </a>
    <node xml:id="n51">
        <link targets="r110"/>
    </node>
    <a label="expressive-subjectivity" ref="n51" as="mpqa">
        <fs>
            <f name="nested-source" value="w"/>
            <f name="polarity" value="neutral"/>
            <f name="intensity" value="medium"/>
        </fs>
    </a>
    <a label="attitude" ref="n51" as="mpqa">
        <fs>
            <f name="target-link" value="children"/>
            <f name="id" value="deserving"/>
            <f name="intensity" value="medium"/>
            <f name="attitude-type" value="sentiment-pos"/>
        </fs>
    </a>
    <node xml:id="n52">
        <link targets="r113"/>
    </node>
    <a label="target" ref="n52" as="mpqa">
        <fs>
            <f name="id" value="children"/>
        </fs>
    </a>
    <node xml:id="n53">
        <link targets="r115"/>
    </node>
    <a label="split" ref="n53" as="mpqa"/>
    <node xml:id="n54">
        <link targets="r117"/>
    </node>
    <a label="inside" ref="n54" as="mpqa">
        <fs>
            <f name="nested-source" value="w"/>
        </fs>
    </a>
    <node xml:id="n55">
        <link targets="r119"/>
    </node>
    <a label="objective-speech-event" ref="n55" as="mpqa">
        <fs>
            <f name="implicit" value="true"/>
            <f name="nested-source" value="w"/>
        </fs>
    </a>
    <node xml:id="n56">
        <link targets="r121"/>
    </node>
    <a label="split" ref="n56" as="mpqa"/>
    <node xml:id="n57">
        <link targets="r123"/>
    </node>
    <a label="inside" ref="n57" as="mpqa">
        <fs>
            <f name="nested-source" value="w"/>
        </fs>
    </a>
    <node xml:id="n58">
        <link targets="r125"/>
    </node>
    <a label="objective-speech-event" ref="n58" as="mpqa">
        <fs>
            <f name="implicit" value="true"/>
            <f name="nested-source" value="w"/>
        </fs>
    </a>
    <node xml:id="n59">
        <link targets="r127"/>
    </node>
    <a label="split" ref="n59" as="mpqa"/>
    <node xml:id="n6">
        <link targets="r17"/>
    </node>
    <a label="split" ref="n6" as="mpqa"/>
    <node xml:id="n60">
        <link targets="r129"/>
    </node>
    <a label="inside" ref="n60" as="mpqa">
        <fs>
            <f name="nested-source" value="w"/>
        </fs>
    </a>
    <node xml:id="n61">
        <link targets="r131"/>
    </node>
    <a label="attitude" ref="n61" as="mpqa">
        <fs>
            <f name="attitude-type" value="sentiment-pos"/>
            <f name="intensity" value="medium"/>
            <f name="id" value="sincere"/>
        </fs>
    </a>
    <a label="expressive-subjectivity" ref="n61" as="mpqa">
        <fs>
            <f name="nested-source" value="w"/>
            <f name="polarity" value="positive"/>
            <f name="intensity" value="medium"/>
        </fs>
    </a>
    <node xml:id="n62">
        <link targets="r134"/>
    </node>
    <a label="direct-subjective" ref="n62" as="mpqa">
        <fs>
            <f name="nested-source" value="w"/>
            <f name="polarity" value="positive"/>
            <f name="attitude-link" value="sincere"/>
            <f name="implicit" value="true"/>
            <f name="intensity" value="medium"/>
        </fs>
    </a>
    <node xml:id="n63">
        <link targets="r136"/>
    </node>
    <a label="agent" ref="n63" as="mpqa">
        <fs>
            <f name="id" value="w"/>
            <f name="nested-source" value="w, w"/>
        </fs>
    </a>
    <node xml:id="n64">
        <link targets="r138"/>
    </node>
    <a label="split" ref="n64" as="mpqa"/>
    <node xml:id="n65">
        <link targets="r140"/>
    </node>
    <a label="split" ref="n65" as="mpqa"/>
    <node xml:id="n66">
        <link targets="r142"/>
    </node>
    <a label="inside" ref="n66" as="mpqa">
        <fs>
            <f name="nested-source" value="w"/>
        </fs>
    </a>
    <node xml:id="n67">
        <link targets="r144"/>
    </node>
    <a label="objective-speech-event" ref="n67" as="mpqa">
        <fs>
            <f name="implicit" value="true"/>
            <f name="nested-source" value="w"/>
        </fs>
    </a>
    <node xml:id="n68">
        <link targets="r146"/>
    </node>
    <a label="split" ref="n68" as="mpqa"/>
    <node xml:id="n69">
        <link targets="r148"/>
    </node>
    <a label="split" ref="n69" as="mpqa"/>
    <node xml:id="n7">
        <link targets="r19"/>
    </node>
    <a label="inside" ref="n7" as="mpqa">
        <fs>
            <f name="nested-source" value="w"/>
        </fs>
    </a>
    <node xml:id="n70">
        <link targets="r150"/>
    </node>
    <a label="split" ref="n70" as="mpqa"/>
    <node xml:id="n8">
        <link targets="r21"/>
    </node>
    <a label="objective-speech-event" ref="n8" as="mpqa">
        <fs>
            <f name="implicit" value="true"/>
            <f name="nested-source" value="w"/>
        </fs>
    </a>
    <node xml:id="n9">
        <link targets="r23"/>
    </node>
    <a label="split" ref="n9" as="mpqa"/>
</graph>
