<?xml version="1.0" encoding="UTF-8"?>
<graph xmlns="http://www.xces.org/ns/GrAF/1.0/">
    <header>
        <tagsDecl>
        </tagsDecl>
    </header>
    <region xml:id="seg-r0" anchors="18 26"/>
    <region xml:id="seg-r2" anchors="27 29"/>
    <region xml:id="seg-r3" anchors="29 30"/>
    <region xml:id="seg-r5" anchors="31 35"/>
    <region xml:id="seg-r7" anchors="42 46"/>
    <region xml:id="seg-r9" anchors="47 48"/>
    <region xml:id="seg-r11" anchors="55 59"/>
    <region xml:id="seg-r13" anchors="60 65"/>
    <region xml:id="seg-r15" anchors="66 70"/>
    <region xml:id="seg-r17" anchors="71 83"/>
    <region xml:id="seg-r19" anchors="84 93"/>
    <region xml:id="seg-r20" anchors="93 94"/>
    <region xml:id="seg-r22" anchors="95 105"/>
    <region xml:id="seg-r24" anchors="106 110"/>
    <region xml:id="seg-r26" anchors="111 118"/>
    <region xml:id="seg-r28" anchors="119 121"/>
    <region xml:id="seg-r30" anchors="128 132"/>
    <region xml:id="seg-r32" anchors="133 135"/>
    <region xml:id="seg-r34" anchors="136 141"/>
    <region xml:id="seg-r36" anchors="142 145"/>
    <region xml:id="seg-r38" anchors="146 151"/>
    <region xml:id="seg-r39" anchors="151 152"/>
    <region xml:id="seg-r41" anchors="153 163"/>
    <region xml:id="seg-r43" anchors="164 169"/>
    <region xml:id="seg-r45" anchors="170 174"/>
    <region xml:id="seg-r47" anchors="175 185"/>
    <region xml:id="seg-r49" anchors="186 193"/>
    <region xml:id="seg-r51" anchors="200 209"/>
    <region xml:id="seg-r53" anchors="210 213"/>
    <region xml:id="seg-r55" anchors="214 219"/>
    <region xml:id="seg-r56" anchors="219 220"/>
    <region xml:id="seg-r58" anchors="227 231"/>
    <region xml:id="seg-r59" anchors="231 233"/>
    <region xml:id="seg-r61" anchors="234 239"/>
    <region xml:id="seg-r63" anchors="240 243"/>
    <region xml:id="seg-r65" anchors="244 248"/>
    <region xml:id="seg-r67" anchors="249 250"/>
    <region xml:id="seg-r69" anchors="251 256"/>
    <region xml:id="seg-r71" anchors="257 262"/>
    <region xml:id="seg-r73" anchors="263 265"/>
    <region xml:id="seg-r75" anchors="266 278"/>
    <region xml:id="seg-r77" anchors="279 283"/>
    <region xml:id="seg-r79" anchors="284 286"/>
    <region xml:id="seg-r80" anchors="286 287"/>
    <region xml:id="seg-r82" anchors="288 290"/>
    <region xml:id="seg-r84" anchors="297 302"/>
    <region xml:id="seg-r86" anchors="303 306"/>
    <region xml:id="seg-r88" anchors="307 309"/>
    <region xml:id="seg-r90" anchors="310 314"/>
    <region xml:id="seg-r92" anchors="315 316"/>
    <region xml:id="seg-r93" anchors="316 317"/>
    <region xml:id="seg-r95" anchors="318 328"/>
    <region xml:id="seg-r97" anchors="329 334"/>
    <region xml:id="seg-r99" anchors="335 339"/>
    <region xml:id="seg-r101" anchors="340 353"/>
    <region xml:id="seg-r103" anchors="354 367"/>
    <region xml:id="seg-r105" anchors="374 379"/>
    <region xml:id="seg-r107" anchors="380 383"/>
    <region xml:id="seg-r109" anchors="384 389"/>
    <region xml:id="seg-r111" anchors="390 393"/>
    <region xml:id="seg-r113" anchors="394 401"/>
    <region xml:id="seg-r114" anchors="401 402"/>
    <region xml:id="seg-r116" anchors="403 405"/>
    <region xml:id="seg-r118" anchors="406 410"/>
    <region xml:id="seg-r120" anchors="411 415"/>
    <region xml:id="seg-r122" anchors="416 417"/>
    <region xml:id="seg-r124" anchors="418 424"/>
    <region xml:id="seg-r126" anchors="425 427"/>
    <region xml:id="seg-r128" anchors="428 435"/>
    <region xml:id="seg-r130" anchors="436 441"/>
    <region xml:id="seg-r132" anchors="442 445"/>
    <region xml:id="seg-r134" anchors="452 461"/>
    <region xml:id="seg-r136" anchors="462 464"/>
    <region xml:id="seg-r138" anchors="465 471"/>
    <region xml:id="seg-r140" anchors="472 476"/>
    <region xml:id="seg-r142" anchors="477 478"/>
    <region xml:id="seg-r144" anchors="479 484"/>
    <region xml:id="seg-r146" anchors="485 490"/>
    <region xml:id="seg-r148" anchors="491 495"/>
    <region xml:id="seg-r150" anchors="496 499"/>
    <region xml:id="seg-r152" anchors="500 507"/>
    <region xml:id="seg-r154" anchors="508 509"/>
    <region xml:id="seg-r156" anchors="510 515"/>
    <region xml:id="seg-r158" anchors="516 518"/>
    <region xml:id="seg-r160" anchors="525 535"/>
    <region xml:id="seg-r161" anchors="535 536"/>
    <region xml:id="seg-r163" anchors="537 539"/>
    <region xml:id="seg-r165" anchors="540 550"/>
    <region xml:id="seg-r166" anchors="550 551"/>
    <region xml:id="seg-r168" anchors="552 553"/>
    <region xml:id="seg-r170" anchors="554 559"/>
    <region xml:id="seg-r172" anchors="560 562"/>
    <region xml:id="seg-r174" anchors="563 572"/>
    <region xml:id="seg-r176" anchors="573 576"/>
    <region xml:id="seg-r178" anchors="577 579"/>
    <region xml:id="seg-r180" anchors="580 589"/>
    <region xml:id="seg-r181" anchors="589 590"/>
    <region xml:id="seg-r183" anchors="597 599"/>
    <region xml:id="seg-r185" anchors="600 610"/>
    <region xml:id="seg-r187" anchors="611 615"/>
    <region xml:id="seg-r188" anchors="615 616"/>
    <region xml:id="seg-r190" anchors="617 620"/>
    <region xml:id="seg-r192" anchors="621 625"/>
    <region xml:id="seg-r194" anchors="626 630"/>
    <region xml:id="seg-r196" anchors="631 635"/>
    <region xml:id="seg-r198" anchors="636 637"/>
    <region xml:id="seg-r200" anchors="638 643"/>
    <region xml:id="seg-r202" anchors="644 649"/>
    <region xml:id="seg-r204" anchors="650 652"/>
    <region xml:id="seg-r206" anchors="659 671"/>
    <region xml:id="seg-r208" anchors="672 676"/>
    <region xml:id="seg-r210" anchors="677 679"/>
    <region xml:id="seg-r212" anchors="680 684"/>
    <region xml:id="seg-r214" anchors="685 688"/>
    <region xml:id="seg-r216" anchors="689 698"/>
    <region xml:id="seg-r218" anchors="699 703"/>
    <region xml:id="seg-r220" anchors="704 707"/>
    <region xml:id="seg-r222" anchors="708 712"/>
    <region xml:id="seg-r224" anchors="713 717"/>
    <region xml:id="seg-r226" anchors="718 722"/>
    <region xml:id="seg-r227" anchors="722 723"/>
    <region xml:id="seg-r229" anchors="724 728"/>
    <region xml:id="seg-r231" anchors="729 732"/>
    <region xml:id="seg-r233" anchors="739 744"/>
    <region xml:id="seg-r235" anchors="745 748"/>
    <region xml:id="seg-r237" anchors="749 757"/>
    <region xml:id="seg-r239" anchors="758 761"/>
    <region xml:id="seg-r241" anchors="762 766"/>
    <region xml:id="seg-r243" anchors="767 771"/>
    <region xml:id="seg-r245" anchors="772 774"/>
    <region xml:id="seg-r247" anchors="775 780"/>
    <region xml:id="seg-r249" anchors="781 784"/>
    <region xml:id="seg-r251" anchors="785 789"/>
    <region xml:id="seg-r253" anchors="790 794"/>
    <region xml:id="seg-r255" anchors="795 806"/>
    <region xml:id="seg-r257" anchors="807 810"/>
    <region xml:id="seg-r259" anchors="817 823"/>
    <region xml:id="seg-r261" anchors="824 832"/>
    <region xml:id="seg-r262" anchors="832 833"/>
    <region xml:id="seg-r264" anchors="840 844"/>
    <region xml:id="seg-r266" anchors="845 850"/>
    <region xml:id="seg-r268" anchors="851 856"/>
    <region xml:id="seg-r269" anchors="856 857"/>
    <region xml:id="seg-r271" anchors="858 863"/>
    <region xml:id="seg-r273" anchors="864 867"/>
    <region xml:id="seg-r275" anchors="868 876"/>
    <region xml:id="seg-r276" anchors="876 877"/>
    <region xml:id="seg-r278" anchors="878 881"/>
    <region xml:id="seg-r280" anchors="882 891"/>
    <region xml:id="seg-r281" anchors="891 892"/>
    <region xml:id="seg-r283" anchors="893 896"/>
    <region xml:id="seg-r285" anchors="897 900"/>
    <region xml:id="seg-r287" anchors="901 908"/>
    <region xml:id="seg-r289" anchors="915 918"/>
    <region xml:id="seg-r291" anchors="919 931"/>
    <region xml:id="seg-r293" anchors="932 934"/>
    <region xml:id="seg-r295" anchors="935 939"/>
    <region xml:id="seg-r297" anchors="940 950"/>
    <region xml:id="seg-r298" anchors="950 951"/>
    <region xml:id="seg-r300" anchors="952 956"/>
    <region xml:id="seg-r302" anchors="957 969"/>
    <region xml:id="seg-r304" anchors="970 974"/>
    <region xml:id="seg-r306" anchors="975 979"/>
    <region xml:id="seg-r308" anchors="980 982"/>
    <region xml:id="seg-r310" anchors="989 995"/>
    <region xml:id="seg-r312" anchors="996 998"/>
    <region xml:id="seg-r314" anchors="999 1002"/>
    <region xml:id="seg-r316" anchors="1003 1008"/>
    <region xml:id="seg-r318" anchors="1009 1011"/>
    <region xml:id="seg-r320" anchors="1012 1015"/>
    <region xml:id="seg-r322" anchors="1016 1021"/>
    <region xml:id="seg-r323" anchors="1021 1022"/>
    <region xml:id="seg-r325" anchors="1023 1025"/>
    <region xml:id="seg-r327" anchors="1026 1029"/>
    <region xml:id="seg-r329" anchors="1030 1038"/>
    <region xml:id="seg-r331" anchors="1039 1041"/>
    <region xml:id="seg-r333" anchors="1042 1045"/>
    <region xml:id="seg-r335" anchors="1046 1049"/>
    <region xml:id="seg-r337" anchors="1050 1052"/>
    <region xml:id="seg-r339" anchors="1053 1057"/>
    <region xml:id="seg-r341" anchors="1058 1060"/>
    <region xml:id="seg-r343" anchors="1067 1070"/>
    <region xml:id="seg-r345" anchors="1071 1076"/>
    <region xml:id="seg-r347" anchors="1077 1079"/>
    <region xml:id="seg-r349" anchors="1080 1084"/>
    <region xml:id="seg-r351" anchors="1085 1087"/>
    <region xml:id="seg-r353" anchors="1088 1090"/>
    <region xml:id="seg-r355" anchors="1091 1099"/>
    <region xml:id="seg-r356" anchors="1099 1100"/>
    <region xml:id="seg-r358" anchors="1101 1106"/>
    <region xml:id="seg-r360" anchors="1107 1110"/>
    <region xml:id="seg-r362" anchors="1111 1117"/>
    <region xml:id="seg-r364" anchors="1118 1126"/>
    <region xml:id="seg-r366" anchors="1127 1128"/>
    <region xml:id="seg-r368" anchors="1129 1133"/>
    <region xml:id="seg-r370" anchors="1134 1136"/>
    <region xml:id="seg-r372" anchors="1137 1140"/>
    <region xml:id="seg-r374" anchors="1147 1151"/>
    <region xml:id="seg-r376" anchors="1152 1154"/>
    <region xml:id="seg-r378" anchors="1155 1159"/>
    <region xml:id="seg-r379" anchors="1159 1160"/>
    <region xml:id="seg-r381" anchors="1167 1173"/>
    <region xml:id="seg-r382" anchors="1173 1174"/>
    <region xml:id="seg-r384" anchors="1175 1179"/>
    <region xml:id="seg-r386" anchors="1180 1190"/>
    <region xml:id="seg-r387" anchors="1190 1191"/>
    <region xml:id="seg-r389" anchors="1192 1195"/>
    <region xml:id="seg-r391" anchors="1196 1200"/>
    <region xml:id="seg-r393" anchors="1201 1204"/>
    <region xml:id="seg-r395" anchors="1205 1214"/>
    <region xml:id="seg-r397" anchors="1215 1217"/>
    <region xml:id="seg-r399" anchors="1218 1221"/>
    <region xml:id="seg-r400" anchors="1221 1222"/>
    <region xml:id="seg-r402" anchors="1229 1241"/>
    <region xml:id="seg-r403" anchors="1241 1242"/>
    <region xml:id="seg-r405" anchors="1249 1254"/>
    <region xml:id="seg-r407" anchors="1255 1263"/>
    <region xml:id="seg-r409" anchors="1264 1273"/>
    <region xml:id="seg-r411" anchors="1274 1276"/>
    <region xml:id="seg-r413" anchors="1277 1280"/>
    <region xml:id="seg-r415" anchors="1281 1286"/>
    <region xml:id="seg-r417" anchors="1287 1293"/>
    <region xml:id="seg-r419" anchors="1294 1299"/>
    <region xml:id="seg-r420" anchors="1299 1300"/>
    <region xml:id="seg-r422" anchors="1301 1313"/>
    <region xml:id="seg-r424" anchors="1320 1326"/>
    <region xml:id="seg-r426" anchors="1327 1337"/>
    <region xml:id="seg-r428" anchors="1344 1345"/>
    <region xml:id="seg-r430" anchors="1346 1352"/>
    <region xml:id="seg-r432" anchors="1353 1356"/>
    <region xml:id="seg-r434" anchors="1357 1363"/>
    <region xml:id="seg-r436" anchors="1370 1376"/>
    <region xml:id="seg-r438" anchors="1377 1383"/>
    <region xml:id="seg-r440" anchors="1384 1387"/>
    <region xml:id="seg-r442" anchors="1388 1394"/>
    <region xml:id="seg-r444" anchors="1395 1397"/>
    <region xml:id="seg-r446" anchors="1398 1401"/>
    <region xml:id="seg-r448" anchors="1402 1410"/>
    <region xml:id="seg-r450" anchors="1411 1419"/>
    <region xml:id="seg-r451" anchors="1419 1420"/>
</graph>
