<?xml version="1.0" encoding="UTF-8"?>
<graph xmlns="http://www.xces.org/ns/GrAF/1.0/">
    <header>
        <tagsDecl>
            <tagUsage gi="objective-speech-event" occurs="15"/>
            <tagUsage gi="attitude" occurs="16"/>
            <tagUsage gi="inside" occurs="23"/>
            <tagUsage gi="target" occurs="14"/>
            <tagUsage gi="split" occurs="26"/>
            <tagUsage gi="direct-subjective" occurs="17"/>
            <tagUsage gi="expressive-subjectivity" occurs="12"/>
            <tagUsage gi="agent" occurs="8"/>
        </tagsDecl>
        <annotationSets>
            <annotationSet name="mpqa" type="http://www.cs.pitt.edu/mpqa/"/>
        </annotationSets>
    </header>
    <region xml:id="r10" anchors="18 66"/>
    <region xml:id="r12" anchors="18 18"/>
    <region xml:id="r8" anchors="18 18"/>
    <region xml:id="r6" anchors="18 18"/>
    <region xml:id="r1" anchors="18 18"/>
    <region xml:id="r16" anchors="73 92"/>
    <region xml:id="r18" anchors="73 77"/>
    <region xml:id="r21" anchors="73 73"/>
    <region xml:id="r14" anchors="73 73"/>
    <region xml:id="r23" anchors="78 91"/>
    <region xml:id="r27" anchors="99 156"/>
    <region xml:id="r29" anchors="99 101"/>
    <region xml:id="r25" anchors="99 99"/>
    <region xml:id="r31" anchors="99 99"/>
    <region xml:id="r33" anchors="102 106"/>
    <region xml:id="r36" anchors="107 155"/>
    <region xml:id="r38" anchors="155 156"/>
    <region xml:id="r40" anchors="163 285"/>
    <region xml:id="r42" anchors="163 163"/>
    <region xml:id="r44" anchors="284 285"/>
    <region xml:id="r46" anchors="286 510"/>
    <region xml:id="r48" anchors="286 286"/>
    <region xml:id="r50" anchors="509 510"/>
    <region xml:id="r52" anchors="517 643"/>
    <region xml:id="r54" anchors="517 517"/>
    <region xml:id="r56" anchors="642 643"/>
    <region xml:id="r58" anchors="644 772"/>
    <region xml:id="r60" anchors="644 644"/>
    <region xml:id="r62" anchors="771 772"/>
    <region xml:id="r64" anchors="773 915"/>
    <region xml:id="r66" anchors="773 823"/>
    <region xml:id="r68" anchors="773 773"/>
    <region xml:id="r70" anchors="777 781"/>
    <region xml:id="r72" anchors="830 914"/>
    <region xml:id="r74" anchors="914 915"/>
    <region xml:id="r76" anchors="922 1014"/>
    <region xml:id="r78" anchors="922 922"/>
    <region xml:id="r80" anchors="932 944"/>
    <region xml:id="r82" anchors="948 956"/>
    <region xml:id="r85" anchors="957 988"/>
    <region xml:id="r87" anchors="1013 1014"/>
    <region xml:id="r89" anchors="1015 1184"/>
    <region xml:id="r91" anchors="1015 1025"/>
    <region xml:id="r93" anchors="1015 1015"/>
    <region xml:id="r95" anchors="1029 1037"/>
    <region xml:id="r98" anchors="1038 1183"/>
    <region xml:id="r100" anchors="1041 1047"/>
    <region xml:id="r103" anchors="1052 1183"/>
    <region xml:id="r105" anchors="1126 1132"/>
    <region xml:id="r107" anchors="1133 1143"/>
    <region xml:id="r110" anchors="1153 1183"/>
    <region xml:id="r112" anchors="1183 1184"/>
    <region xml:id="r114" anchors="1185 1212"/>
    <region xml:id="r116" anchors="1185 1185"/>
    <region xml:id="r118" anchors="1195 1211"/>
    <region xml:id="r121" anchors="1211 1212"/>
    <region xml:id="r123" anchors="1219 1378"/>
    <region xml:id="r125" anchors="1219 1219"/>
    <region xml:id="r127" anchors="1377 1378"/>
    <region xml:id="r129" anchors="1379 1426"/>
    <region xml:id="r131" anchors="1379 1379"/>
    <region xml:id="r133" anchors="1414 1419"/>
    <region xml:id="r136" anchors="1420 1425"/>
    <region xml:id="r138" anchors="1425 1426"/>
    <region xml:id="r140" anchors="1427 1465"/>
    <region xml:id="r142" anchors="1427 1427"/>
    <region xml:id="r144" anchors="1464 1465"/>
    <region xml:id="r146" anchors="1472 1640"/>
    <region xml:id="r148" anchors="1472 1516"/>
    <region xml:id="r150" anchors="1472 1484"/>
    <region xml:id="r152" anchors="1472 1472"/>
    <region xml:id="r154" anchors="1498 1507"/>
    <region xml:id="r157" anchors="1508 1513"/>
    <region xml:id="r159" anchors="1517 1593"/>
    <region xml:id="r161" anchors="1639 1640"/>
    <region xml:id="r163" anchors="1641 1809"/>
    <region xml:id="r165" anchors="1641 1684"/>
    <region xml:id="r167" anchors="1641 1658"/>
    <region xml:id="r169" anchors="1641 1641"/>
    <region xml:id="r171" anchors="1659 1673"/>
    <region xml:id="r173" anchors="1785 1808"/>
    <region xml:id="r175" anchors="1808 1809"/>
    <region xml:id="r177" anchors="1816 1904"/>
    <region xml:id="r179" anchors="1816 1816"/>
    <region xml:id="r181" anchors="1903 1904"/>
    <region xml:id="r183" anchors="1905 1972"/>
    <region xml:id="r185" anchors="1905 1905"/>
    <region xml:id="r187" anchors="1971 1972"/>
    <region xml:id="r189" anchors="1973 2040"/>
    <region xml:id="r191" anchors="1973 2039"/>
    <region xml:id="r193" anchors="1973 1992"/>
    <region xml:id="r195" anchors="1973 1973"/>
    <region xml:id="r197" anchors="1993 2002"/>
    <region xml:id="r199" anchors="2039 2040"/>
    <region xml:id="r201" anchors="2041 2136"/>
    <region xml:id="r203" anchors="2041 2041"/>
    <region xml:id="r205" anchors="2063 2073"/>
    <region xml:id="r207" anchors="2135 2136"/>
    <region xml:id="r209" anchors="2137 2197"/>
    <region xml:id="r211" anchors="2137 2137"/>
    <region xml:id="r213" anchors="2196 2197"/>
    <region xml:id="r215" anchors="2204 2263"/>
    <region xml:id="r217" anchors="2204 2206"/>
    <region xml:id="r219" anchors="2204 2204"/>
    <region xml:id="r221" anchors="2207 2217"/>
    <region xml:id="r224" anchors="2218 2230"/>
    <region xml:id="r226" anchors="2262 2263"/>
    <region xml:id="r228" anchors="2270 2415"/>
    <region xml:id="r230" anchors="2270 2279"/>
    <region xml:id="r233" anchors="2270 2270"/>
    <region xml:id="r235" anchors="2287 2319"/>
    <region xml:id="r237" anchors="2326 2326"/>
    <region xml:id="r239" anchors="2368 2377"/>
    <region xml:id="r242" anchors="2374 2377"/>
    <region xml:id="r244" anchors="2414 2415"/>
    <region xml:id="r246" anchors="2415 2415"/>
    <node xml:id="n0">
        <link targets="r1"/>
    </node>
    <a label="expressive-subjectivity" ref="n0" as="mpqa"/>
    <a label="agent" ref="n0" as="mpqa">
        <fs>
            <f name="id" value="implicit"/>
        </fs>
    </a>
    <a label="agent" ref="n0" as="mpqa">
        <fs>
            <f name="id" value="w"/>
        </fs>
    </a>
    <a label="direct-subjective" ref="n0" as="mpqa"/>
    <node xml:id="n1">
        <link targets="r6"/>
    </node>
    <a label="split" ref="n1" as="mpqa"/>
    <node xml:id="n10">
        <link targets="r25"/>
    </node>
    <a label="split" ref="n10" as="mpqa"/>
    <node xml:id="n100">
        <link targets="r213"/>
    </node>
    <a label="split" ref="n100" as="mpqa"/>
    <node xml:id="n101">
        <link targets="r215"/>
    </node>
    <a label="inside" ref="n101" as="mpqa">
        <fs>
            <f name="nested-source" value="w"/>
        </fs>
    </a>
    <node xml:id="n102">
        <link targets="r217"/>
    </node>
    <a label="agent" ref="n102" as="mpqa">
        <fs>
            <f name="nested-source" value="w,jc"/>
        </fs>
    </a>
    <node xml:id="n103">
        <link targets="r219"/>
    </node>
    <a label="objective-speech-event" ref="n103" as="mpqa">
        <fs>
            <f name="implicit" value="true"/>
            <f name="nested-source" value="w"/>
        </fs>
    </a>
    <node xml:id="n104">
        <link targets="r221"/>
    </node>
    <a label="attitude" ref="n104" as="mpqa">
        <fs>
            <f name="id" value="appreciation"/>
            <f name="target-link" value="yrsup"/>
            <f name="intensity" value="low-medium"/>
            <f name="attitude-type" value="sentiment-pos"/>
        </fs>
    </a>
    <a label="direct-subjective" ref="n104" as="mpqa">
        <fs>
            <f name="nested-source" value="w"/>
            <f name="polarity" value="positive"/>
            <f name="attitude-link" value="appreciation"/>
            <f name="expression-intensity" value="medium"/>
            <f name="intensity" value="medium"/>
        </fs>
    </a>
    <node xml:id="n105">
        <link targets="r224"/>
    </node>
    <a label="target" ref="n105" as="mpqa">
        <fs>
            <f name="id" value="yrsup"/>
        </fs>
    </a>
    <node xml:id="n106">
        <link targets="r226"/>
    </node>
    <a label="split" ref="n106" as="mpqa"/>
    <node xml:id="n107">
        <link targets="r228"/>
    </node>
    <a label="inside" ref="n107" as="mpqa">
        <fs>
            <f name="nested-source" value="w"/>
        </fs>
    </a>
    <node xml:id="n108">
        <link targets="r230"/>
    </node>
    <a label="attitude" ref="n108" as="mpqa">
        <fs>
            <f name="id" value="since"/>
            <f name="target-link" value=""/>
            <f name="intensity" value="low"/>
            <f name="attitude-type" value="sentiment-pos"/>
        </fs>
    </a>
    <a label="expressive-subjectivity" ref="n108" as="mpqa">
        <fs>
            <f name="nested-source" value="w"/>
            <f name="polarity" value="positive"/>
            <f name="intensity" value="low"/>
        </fs>
    </a>
    <node xml:id="n109">
        <link targets="r233"/>
    </node>
    <a label="direct-subjective" ref="n109" as="mpqa">
        <fs>
            <f name="nested-source" value="w"/>
            <f name="polarity" value=""/>
            <f name="attitude-link" value="since"/>
            <f name="implicit" value="true"/>
            <f name="intensity" value="low"/>
            <f name="expression-intensity" value="neutral"/>
        </fs>
    </a>
    <node xml:id="n11">
        <link targets="r27"/>
    </node>
    <a label="inside" ref="n11" as="mpqa">
        <fs>
            <f name="nested-source" value="w"/>
        </fs>
    </a>
    <node xml:id="n110">
        <link targets="r235"/>
    </node>
    <a label="agent" ref="n110" as="mpqa">
        <fs>
            <f name="nested-source" value="w"/>
        </fs>
    </a>
    <node xml:id="n111">
        <link targets="r237"/>
    </node>
    <a label="direct-subjective" ref="n111" as="mpqa">
        <fs>
            <f name="nested-source" value="w"/>
            <f name="attitude-link" value="merci"/>
            <f name="expression-intensity" value="neutral"/>
            <f name="implicit" value="true"/>
            <f name="intensity" value="medium"/>
        </fs>
    </a>
    <node xml:id="n112">
        <link targets="r239"/>
    </node>
    <a label="attitude" ref="n112" as="mpqa">
        <fs>
            <f name="id" value="merci"/>
            <f name="target-link" value="you3"/>
            <f name="intensity" value="low-medium"/>
            <f name="attitude-type" value="sentiment-pos"/>
        </fs>
    </a>
    <a label="expressive-subjectivity" ref="n112" as="mpqa"/>
    <node xml:id="n113">
        <link targets="r242"/>
    </node>
    <a label="target" ref="n113" as="mpqa">
        <fs>
            <f name="id" value="you3"/>
        </fs>
    </a>
    <node xml:id="n114">
        <link targets="r244"/>
    </node>
    <a label="split" ref="n114" as="mpqa"/>
    <node xml:id="n115">
        <link targets="r246"/>
    </node>
    <a label="split" ref="n115" as="mpqa"/>
    <node xml:id="n12">
        <link targets="r29"/>
    </node>
    <a label="agent" ref="n12" as="mpqa">
        <fs>
            <f name="id" value="jc"/>
            <f name="nested-source" value="w,jc"/>
        </fs>
    </a>
    <node xml:id="n13">
        <link targets="r31"/>
    </node>
    <a label="objective-speech-event" ref="n13" as="mpqa">
        <fs>
            <f name="nested-source" value="w"/>
        </fs>
    </a>
    <node xml:id="n14">
        <link targets="r33"/>
    </node>
    <a label="attitude" ref="n14" as="mpqa">
        <fs>
            <f name="id" value="needyou"/>
            <f name="target-link" value="yourhelp"/>
            <f name="intensity" value="medium"/>
            <f name="attitude-type" value="sentiment-pos"/>
        </fs>
    </a>
    <a label="direct-subjective" ref="n14" as="mpqa">
        <fs>
            <f name="nested-source" value="w,jc"/>
            <f name="polarity" value="positive"/>
            <f name="attitude-link" value="needyou"/>
            <f name="expression-intensity" value="medium"/>
            <f name="intensity" value="medium"/>
        </fs>
    </a>
    <node xml:id="n15">
        <link targets="r36"/>
    </node>
    <a label="target" ref="n15" as="mpqa">
        <fs>
            <f name="id" value="yourhelp"/>
        </fs>
    </a>
    <node xml:id="n16">
        <link targets="r38"/>
    </node>
    <a label="split" ref="n16" as="mpqa"/>
    <node xml:id="n17">
        <link targets="r40"/>
    </node>
    <a label="inside" ref="n17" as="mpqa">
        <fs>
            <f name="nested-source" value="w"/>
        </fs>
    </a>
    <node xml:id="n18">
        <link targets="r42"/>
    </node>
    <a label="objective-speech-event" ref="n18" as="mpqa">
        <fs>
            <f name="implicit" value="true"/>
            <f name="nested-source" value="w"/>
        </fs>
    </a>
    <node xml:id="n19">
        <link targets="r44"/>
    </node>
    <a label="split" ref="n19" as="mpqa"/>
    <node xml:id="n2">
        <link targets="r8"/>
    </node>
    <a label="split" ref="n2" as="mpqa"/>
    <node xml:id="n20">
        <link targets="r46"/>
    </node>
    <a label="inside" ref="n20" as="mpqa">
        <fs>
            <f name="nested-source" value="w"/>
        </fs>
    </a>
    <node xml:id="n21">
        <link targets="r48"/>
    </node>
    <a label="objective-speech-event" ref="n21" as="mpqa">
        <fs>
            <f name="implicit" value="true"/>
            <f name="nested-source" value="w"/>
        </fs>
    </a>
    <node xml:id="n22">
        <link targets="r50"/>
    </node>
    <a label="split" ref="n22" as="mpqa"/>
    <node xml:id="n23">
        <link targets="r52"/>
    </node>
    <a label="inside" ref="n23" as="mpqa">
        <fs>
            <f name="nested-source" value="w"/>
        </fs>
    </a>
    <node xml:id="n24">
        <link targets="r54"/>
    </node>
    <a label="objective-speech-event" ref="n24" as="mpqa">
        <fs>
            <f name="implicit" value="true"/>
            <f name="nested-source" value="w"/>
        </fs>
    </a>
    <node xml:id="n25">
        <link targets="r56"/>
    </node>
    <a label="split" ref="n25" as="mpqa"/>
    <node xml:id="n26">
        <link targets="r58"/>
    </node>
    <a label="inside" ref="n26" as="mpqa">
        <fs>
            <f name="nested-source" value="w"/>
        </fs>
    </a>
    <node xml:id="n27">
        <link targets="r60"/>
    </node>
    <a label="objective-speech-event" ref="n27" as="mpqa">
        <fs>
            <f name="implicit" value="true"/>
            <f name="nested-source" value="w"/>
        </fs>
    </a>
    <node xml:id="n28">
        <link targets="r62"/>
    </node>
    <a label="split" ref="n28" as="mpqa"/>
    <node xml:id="n29">
        <link targets="r64"/>
    </node>
    <a label="inside" ref="n29" as="mpqa">
        <fs>
            <f name="nested-source" value="w"/>
        </fs>
    </a>
    <node xml:id="n3">
        <link targets="r10"/>
    </node>
    <a label="inside" ref="n3" as="mpqa">
        <fs>
            <f name="nested-source" value="w"/>
        </fs>
    </a>
    <node xml:id="n30">
        <link targets="r66"/>
    </node>
    <a label="attitude" ref="n30" as="mpqa">
        <fs>
            <f name="id" value="ourgoal"/>
            <f name="target-link" value="goal"/>
            <f name="intensity" value="low-medium"/>
            <f name="attitude-type" value="sentiment-pos"/>
        </fs>
    </a>
    <node xml:id="n31">
        <link targets="r68"/>
    </node>
    <a label="direct-subjective" ref="n31" as="mpqa">
        <fs>
            <f name="nested-source" value="w"/>
            <f name="attitude-link" value="ourgoal"/>
            <f name="implicit" value="true"/>
            <f name="expression-intensity" value="neutral"/>
            <f name="intensity" value="low"/>
        </fs>
    </a>
    <node xml:id="n32">
        <link targets="r70"/>
    </node>
    <a label="expressive-subjectivity" ref="n32" as="mpqa">
        <fs>
            <f name="intensity" value="low"/>
            <f name="nested-source" value="w"/>
        </fs>
    </a>
    <node xml:id="n33">
        <link targets="r72"/>
    </node>
    <a label="target" ref="n33" as="mpqa">
        <fs>
            <f name="id" value="goal"/>
        </fs>
    </a>
    <node xml:id="n34">
        <link targets="r74"/>
    </node>
    <a label="split" ref="n34" as="mpqa"/>
    <node xml:id="n35">
        <link targets="r76"/>
    </node>
    <a label="inside" ref="n35" as="mpqa">
        <fs>
            <f name="nested-source" value="w"/>
        </fs>
    </a>
    <node xml:id="n36">
        <link targets="r78"/>
    </node>
    <a label="objective-speech-event" ref="n36" as="mpqa">
        <fs>
            <f name="implicit" value="true"/>
            <f name="nested-source" value="w"/>
        </fs>
    </a>
    <node xml:id="n37">
        <link targets="r80"/>
    </node>
    <a label="agent" ref="n37" as="mpqa">
        <fs>
            <f name="id" value=""/>
            <f name="nested-source" value="w,jc"/>
        </fs>
    </a>
    <node xml:id="n38">
        <link targets="r82"/>
    </node>
    <a label="attitude" ref="n38" as="mpqa">
        <fs>
            <f name="id" value="ourplan"/>
            <f name="target-link" value="fundraiser"/>
            <f name="intensity" value="low"/>
            <f name="attitude-type" value="intention-pos"/>
        </fs>
    </a>
    <a label="direct-subjective" ref="n38" as="mpqa">
        <fs>
            <f name="expression-intensity" value="neutral"/>
            <f name="intensity" value="low"/>
            <f name="attitude-link" value="ourplan"/>
            <f name="nested-source" value="w,jc"/>
        </fs>
    </a>
    <node xml:id="n39">
        <link targets="r85"/>
    </node>
    <a label="target" ref="n39" as="mpqa">
        <fs>
            <f name="id" value="fundraiser"/>
        </fs>
    </a>
    <node xml:id="n4">
        <link targets="r12"/>
    </node>
    <a label="objective-speech-event" ref="n4" as="mpqa">
        <fs>
            <f name="implicit" value="true"/>
            <f name="nested-source" value="w"/>
        </fs>
    </a>
    <node xml:id="n40">
        <link targets="r87"/>
    </node>
    <a label="split" ref="n40" as="mpqa"/>
    <node xml:id="n41">
        <link targets="r89"/>
    </node>
    <a label="inside" ref="n41" as="mpqa">
        <fs>
            <f name="nested-source" value="w"/>
        </fs>
    </a>
    <node xml:id="n42">
        <link targets="r91"/>
    </node>
    <a label="target" ref="n42" as="mpqa">
        <fs>
            <f name="id" value="zeevent"/>
        </fs>
    </a>
    <node xml:id="n43">
        <link targets="r93"/>
    </node>
    <a label="objective-speech-event" ref="n43" as="mpqa">
        <fs>
            <f name="implicit" value="true"/>
            <f name="nested-source" value="w"/>
        </fs>
    </a>
    <node xml:id="n44">
        <link targets="r95"/>
    </node>
    <a label="attitude" ref="n44" as="mpqa">
        <fs>
            <f name="id" value="designation"/>
            <f name="target-link" value="befunfor"/>
            <f name="intensity" value="low-medium"/>
            <f name="attitude-type" value="intention-pos"/>
        </fs>
    </a>
    <a label="direct-subjective" ref="n44" as="mpqa">
        <fs>
            <f name="expression-intensity" value="neutral"/>
            <f name="intensity" value="low"/>
            <f name="attitude-link" value="designation"/>
            <f name="nested-source" value="w,implicit"/>
        </fs>
    </a>
    <node xml:id="n45">
        <link targets="r98"/>
    </node>
    <a label="target" ref="n45" as="mpqa">
        <fs>
            <f name="id" value="befunfor"/>
        </fs>
    </a>
    <node xml:id="n46">
        <link targets="r100"/>
    </node>
    <a label="attitude" ref="n46" as="mpqa">
        <fs>
            <f name="id" value="funni"/>
            <f name="target-link" value="zeevent"/>
            <f name="intensity" value="medium"/>
            <f name="attitude-type" value="sentiment-pos"/>
        </fs>
    </a>
    <a label="direct-subjective" ref="n46" as="mpqa">
        <fs>
            <f name="nested-source" value="w,implicit,campinos"/>
            <f name="polarity" value="positive"/>
            <f name="attitude-link" value="funni"/>
            <f name="expression-intensity" value="medium"/>
            <f name="intensity" value="medium"/>
        </fs>
    </a>
    <node xml:id="n47">
        <link targets="r103"/>
    </node>
    <a label="agent" ref="n47" as="mpqa">
        <fs>
            <f name="id" value="campinos"/>
            <f name="nested-source" value="w,implicit,campinos"/>
        </fs>
    </a>
    <node xml:id="n48">
        <link targets="r105"/>
    </node>
    <a label="agent" ref="n48" as="mpqa">
        <fs>
            <f name="id" value="anyone"/>
            <f name="nested-source" value="w,implicit,anyone"/>
        </fs>
    </a>
    <node xml:id="n49">
        <link targets="r107"/>
    </node>
    <a label="attitude" ref="n49" as="mpqa">
        <fs>
            <f name="id" value="interest"/>
            <f name="target-link" value="more"/>
            <f name="intensity" value="low-medium"/>
            <f name="attitude-type" value="sentiment-pos"/>
        </fs>
    </a>
    <a label="direct-subjective" ref="n49" as="mpqa">
        <fs>
            <f name="nested-source" value="w,implicit,any"/>
            <f name="polarity" value="positive"/>
            <f name="insubstantial" value="c2"/>
            <f name="attitude-link" value="interest"/>
            <f name="expression-intensity" value="medium"/>
            <f name="intensity" value="medium"/>
        </fs>
    </a>
    <node xml:id="n5">
        <link targets="r14"/>
    </node>
    <a label="split" ref="n5" as="mpqa"/>
    <node xml:id="n50">
        <link targets="r110"/>
    </node>
    <a label="target" ref="n50" as="mpqa">
        <fs>
            <f name="id" value="more"/>
        </fs>
    </a>
    <node xml:id="n51">
        <link targets="r112"/>
    </node>
    <a label="split" ref="n51" as="mpqa"/>
    <node xml:id="n52">
        <link targets="r114"/>
    </node>
    <a label="inside" ref="n52" as="mpqa">
        <fs>
            <f name="nested-source" value="w"/>
        </fs>
    </a>
    <node xml:id="n53">
        <link targets="r116"/>
    </node>
    <a label="direct-subjective" ref="n53" as="mpqa">
        <fs>
            <f name="nested-source" value="w"/>
            <f name="attitude-link" value="greatfun"/>
            <f name="annotation-uncertain" value=""/>
            <f name="implicit" value="true"/>
            <f name="expression-intensity" value="neutral"/>
            <f name="intensity" value="high"/>
        </fs>
    </a>
    <node xml:id="n54">
        <link targets="r118"/>
    </node>
    <a label="expressive-subjectivity" ref="n54" as="mpqa">
        <fs>
            <f name="nested-source" value="w"/>
            <f name="polarity" value="positive"/>
            <f name="intensity" value="high"/>
        </fs>
    </a>
    <a label="attitude" ref="n54" as="mpqa">
        <fs>
            <f name="id" value="greatfun"/>
            <f name="target-link" value=""/>
            <f name="intensity" value="high"/>
            <f name="attitude-type" value="sentiment-pos"/>
        </fs>
    </a>
    <node xml:id="n55">
        <link targets="r121"/>
    </node>
    <a label="split" ref="n55" as="mpqa"/>
    <node xml:id="n56">
        <link targets="r123"/>
    </node>
    <a label="inside" ref="n56" as="mpqa">
        <fs>
            <f name="nested-source" value="w"/>
        </fs>
    </a>
    <node xml:id="n57">
        <link targets="r125"/>
    </node>
    <a label="objective-speech-event" ref="n57" as="mpqa">
        <fs>
            <f name="implicit" value="true"/>
            <f name="nested-source" value="w"/>
        </fs>
    </a>
    <node xml:id="n58">
        <link targets="r127"/>
    </node>
    <a label="split" ref="n58" as="mpqa"/>
    <node xml:id="n59">
        <link targets="r129"/>
    </node>
    <a label="inside" ref="n59" as="mpqa">
        <fs>
            <f name="nested-source" value="w"/>
        </fs>
    </a>
    <node xml:id="n6">
        <link targets="r16"/>
    </node>
    <a label="inside" ref="n6" as="mpqa">
        <fs>
            <f name="nested-source" value="w"/>
        </fs>
    </a>
    <node xml:id="n60">
        <link targets="r131"/>
    </node>
    <a label="direct-subjective" ref="n60" as="mpqa">
        <fs>
            <f name="nested-source" value="w"/>
            <f name="attitude-link" value="grandeur"/>
            <f name="implicit" value="true"/>
            <f name="expression-intensity" value="neutral"/>
            <f name="intensity" value="medium"/>
        </fs>
    </a>
    <node xml:id="n61">
        <link targets="r133"/>
    </node>
    <a label="attitude" ref="n61" as="mpqa">
        <fs>
            <f name="id" value="grandeur"/>
            <f name="target-link" value="preis"/>
            <f name="intensity" value="low-medium"/>
            <f name="attitude-type" value="sentiment-pos"/>
        </fs>
    </a>
    <a label="expressive-subjectivity" ref="n61" as="mpqa">
        <fs>
            <f name="nested-source" value="w"/>
            <f name="polarity" value="positive"/>
            <f name="intensity" value="medium"/>
        </fs>
    </a>
    <node xml:id="n62">
        <link targets="r136"/>
    </node>
    <a label="target" ref="n62" as="mpqa">
        <fs>
            <f name="id" value="preis"/>
        </fs>
    </a>
    <node xml:id="n63">
        <link targets="r138"/>
    </node>
    <a label="split" ref="n63" as="mpqa"/>
    <node xml:id="n64">
        <link targets="r140"/>
    </node>
    <a label="inside" ref="n64" as="mpqa">
        <fs>
            <f name="nested-source" value="w"/>
        </fs>
    </a>
    <node xml:id="n65">
        <link targets="r142"/>
    </node>
    <a label="objective-speech-event" ref="n65" as="mpqa">
        <fs>
            <f name="implicit" value="true"/>
            <f name="nested-source" value="w"/>
        </fs>
    </a>
    <node xml:id="n66">
        <link targets="r144"/>
    </node>
    <a label="split" ref="n66" as="mpqa"/>
    <node xml:id="n67">
        <link targets="r146"/>
    </node>
    <a label="inside" ref="n67" as="mpqa">
        <fs>
            <f name="nested-source" value="w"/>
        </fs>
    </a>
    <node xml:id="n68">
        <link targets="r148"/>
    </node>
    <a label="attitude" ref="n68" as="mpqa">
        <fs>
            <f name="id" value="howtohelp"/>
            <f name="target-link" value="furnish"/>
            <f name="intensity" value="low-medium"/>
            <f name="attitude-type" value="sentiment-pos"/>
        </fs>
    </a>
    <node xml:id="n69">
        <link targets="r150"/>
    </node>
    <a label="expressive-subjectivity" ref="n69" as="mpqa">
        <fs>
            <f name="intensity" value="medium"/>
            <f name="nested-source" value="w"/>
        </fs>
    </a>
    <node xml:id="n7">
        <link targets="r18"/>
    </node>
    <a label="expressive-subjectivity" ref="n7" as="mpqa">
        <fs>
            <f name="polarity" value="positive"/>
        </fs>
    </a>
    <a label="attitude" ref="n7" as="mpqa">
        <fs>
            <f name="id" value="dearness"/>
            <f name="target-link" value="adr"/>
            <f name="intensity" value="medium"/>
            <f name="attitude-type" value="sentiment-pos"/>
        </fs>
    </a>
    <node xml:id="n70">
        <link targets="r152"/>
    </node>
    <a label="direct-subjective" ref="n70" as="mpqa">
        <fs>
            <f name="nested-source" value="w"/>
            <f name="attitude-link" value="wonderment,howtohelp"/>
            <f name="implicit" value="true"/>
            <f name="expression-intensity" value="neutral"/>
            <f name="intensity" value="medium"/>
        </fs>
    </a>
    <node xml:id="n71">
        <link targets="r154"/>
    </node>
    <a label="attitude" ref="n71" as="mpqa">
        <fs>
            <f name="id" value="wonderment"/>
            <f name="target-link" value="eve"/>
            <f name="intensity" value="high"/>
            <f name="attitude-type" value="sentiment-pos"/>
        </fs>
    </a>
    <a label="expressive-subjectivity" ref="n71" as="mpqa">
        <fs>
            <f name="nested-source" value="w"/>
            <f name="polarity" value="positive"/>
            <f name="intensity" value="high"/>
        </fs>
    </a>
    <node xml:id="n72">
        <link targets="r157"/>
    </node>
    <a label="target" ref="n72" as="mpqa">
        <fs>
            <f name="id" value="eve"/>
        </fs>
    </a>
    <node xml:id="n73">
        <link targets="r159"/>
    </node>
    <a label="target" ref="n73" as="mpqa">
        <fs>
            <f name="id" value="furnish"/>
        </fs>
    </a>
    <node xml:id="n74">
        <link targets="r161"/>
    </node>
    <a label="split" ref="n74" as="mpqa"/>
    <node xml:id="n75">
        <link targets="r163"/>
    </node>
    <a label="inside" ref="n75" as="mpqa">
        <fs>
            <f name="nested-source" value="w"/>
        </fs>
    </a>
    <node xml:id="n76">
        <link targets="r165"/>
    </node>
    <a label="attitude" ref="n76" as="mpqa">
        <fs>
            <f name="id" value="goodeffects"/>
            <f name="intensity" value="low-medium"/>
            <f name="target-link" value="yourcontrib"/>
            <f name="attitude-type" value="arguing-pos"/>
        </fs>
    </a>
    <node xml:id="n77">
        <link targets="r167"/>
    </node>
    <a label="target" ref="n77" as="mpqa">
        <fs>
            <f name="id" value="yourcontrib"/>
        </fs>
    </a>
    <node xml:id="n78">
        <link targets="r169"/>
    </node>
    <a label="direct-subjective" ref="n78" as="mpqa">
        <fs>
            <f name="nested-source" value="w"/>
            <f name="attitude-link" value="goodeffects"/>
            <f name="implicit" value="true"/>
            <f name="intensity" value="low"/>
            <f name="expression-intensity" value="neutral"/>
        </fs>
    </a>
    <node xml:id="n79">
        <link targets="r171"/>
    </node>
    <a label="expressive-subjectivity" ref="n79" as="mpqa">
        <fs>
            <f name="nested-source" value="w"/>
            <f name="polarity" value="positive"/>
            <f name="intensity" value="medium"/>
        </fs>
    </a>
    <node xml:id="n8">
        <link targets="r21"/>
    </node>
    <a label="direct-subjective" ref="n8" as="mpqa">
        <fs>
            <f name="nested-source" value="w"/>
            <f name="attitude-link" value="dearness"/>
            <f name="target-speech-link" value=""/>
            <f name="intensity" value="medium"/>
            <f name="expression-intensity" value="neutral"/>
            <f name="implicit" value="true"/>
        </fs>
    </a>
    <node xml:id="n80">
        <link targets="r173"/>
    </node>
    <a label="expressive-subjectivity" ref="n80" as="mpqa">
        <fs>
            <f name="nested-source" value="w"/>
            <f name="polarity" value="positive"/>
            <f name="intensity" value="medium"/>
        </fs>
    </a>
    <node xml:id="n81">
        <link targets="r175"/>
    </node>
    <a label="split" ref="n81" as="mpqa"/>
    <node xml:id="n82">
        <link targets="r177"/>
    </node>
    <a label="inside" ref="n82" as="mpqa">
        <fs>
            <f name="nested-source" value="w"/>
        </fs>
    </a>
    <node xml:id="n83">
        <link targets="r179"/>
    </node>
    <a label="objective-speech-event" ref="n83" as="mpqa">
        <fs>
            <f name="implicit" value="true"/>
            <f name="nested-source" value="w"/>
        </fs>
    </a>
    <node xml:id="n84">
        <link targets="r181"/>
    </node>
    <a label="split" ref="n84" as="mpqa"/>
    <node xml:id="n85">
        <link targets="r183"/>
    </node>
    <a label="inside" ref="n85" as="mpqa">
        <fs>
            <f name="nested-source" value="w"/>
        </fs>
    </a>
    <node xml:id="n86">
        <link targets="r185"/>
    </node>
    <a label="objective-speech-event" ref="n86" as="mpqa">
        <fs>
            <f name="implicit" value="true"/>
            <f name="nested-source" value="w"/>
        </fs>
    </a>
    <node xml:id="n87">
        <link targets="r187"/>
    </node>
    <a label="split" ref="n87" as="mpqa"/>
    <node xml:id="n88">
        <link targets="r189"/>
    </node>
    <a label="inside" ref="n88" as="mpqa">
        <fs>
            <f name="nested-source" value="w"/>
        </fs>
    </a>
    <node xml:id="n89">
        <link targets="r191"/>
    </node>
    <a label="attitude" ref="n89" as="mpqa">
        <fs>
            <f name="id" value="behelpful"/>
            <f name="target-link" value="quickly"/>
            <f name="intensity" value="low-medium"/>
            <f name="attitude-type" value="sentiment-pos"/>
        </fs>
    </a>
    <node xml:id="n9">
        <link targets="r23"/>
    </node>
    <a label="target" ref="n9" as="mpqa">
        <fs>
            <f name="id" value="adr"/>
        </fs>
    </a>
    <node xml:id="n90">
        <link targets="r193"/>
    </node>
    <a label="target" ref="n90" as="mpqa">
        <fs>
            <f name="id" value="quickly"/>
        </fs>
    </a>
    <node xml:id="n91">
        <link targets="r195"/>
    </node>
    <a label="direct-subjective" ref="n91" as="mpqa">
        <fs>
            <f name="nested-source" value="w"/>
            <f name="attitude-link" value="behelpful"/>
            <f name="implicit" value="true"/>
            <f name="expression-intensity" value="neutral"/>
            <f name="intensity" value="low"/>
        </fs>
    </a>
    <node xml:id="n92">
        <link targets="r197"/>
    </node>
    <a label="expressive-subjectivity" ref="n92" as="mpqa">
        <fs>
            <f name="nested-source" value="w"/>
            <f name="polarity" value="positive"/>
            <f name="intensity" value="low"/>
        </fs>
    </a>
    <node xml:id="n93">
        <link targets="r199"/>
    </node>
    <a label="split" ref="n93" as="mpqa"/>
    <node xml:id="n94">
        <link targets="r201"/>
    </node>
    <a label="inside" ref="n94" as="mpqa">
        <fs>
            <f name="nested-source" value="w"/>
        </fs>
    </a>
    <node xml:id="n95">
        <link targets="r203"/>
    </node>
    <a label="objective-speech-event" ref="n95" as="mpqa">
        <fs>
            <f name="implicit" value="true"/>
            <f name="nested-source" value="w"/>
        </fs>
    </a>
    <node xml:id="n96">
        <link targets="r205"/>
    </node>
    <a label="direct-subjective" ref="n96" as="mpqa">
        <fs>
            <f name="nested-source" value="w,yourdr"/>
            <f name="polarity" value="positive"/>
            <f name="insubstantial" value="c2"/>
            <f name="expression-intensity" value="medium"/>
            <f name="intensity" value="medium"/>
        </fs>
    </a>
    <node xml:id="n97">
        <link targets="r207"/>
    </node>
    <a label="split" ref="n97" as="mpqa"/>
    <node xml:id="n98">
        <link targets="r209"/>
    </node>
    <a label="inside" ref="n98" as="mpqa">
        <fs>
            <f name="nested-source" value="w"/>
        </fs>
    </a>
    <node xml:id="n99">
        <link targets="r211"/>
    </node>
    <a label="objective-speech-event" ref="n99" as="mpqa">
        <fs>
            <f name="implicit" value="true"/>
            <f name="nested-source" value="w"/>
        </fs>
    </a>
</graph>
