<?xml version="1.0" encoding="UTF-8"?>
<graph xmlns="http://www.xces.org/ns/GrAF/1.0/">
    <header>
        <tagsDecl>
            <tagUsage gi="vchunk" occurs="47"/>
        </tagsDecl>
        <dependencies>
            <dependsOn type="penn"/>
        </dependencies>
        <annotationSets>
            <annotationSet name="xces" type="http://www.xces.org/schema/2003"/>
        </annotationSets>
    </header>
    <node xml:id="n0"/>
    <a label="vchunk" ref="n0" as="xces">
        <fs>
            <f name="voice" value="active"/>
            <f name="tense" value="SimPre"/>
            <f name="type" value="FVG"/>
        </fs>
    </a>
    <node xml:id="n1"/>
    <a label="vchunk" ref="n1" as="xces">
        <fs>
            <f name="voice" value="active"/>
            <f name="tense" value="Pre"/>
            <f name="type" value="PART"/>
        </fs>
    </a>
    <node xml:id="n10"/>
    <a label="vchunk" ref="n10" as="xces">
        <fs>
            <f name="voice" value="active"/>
            <f name="tense" value="Pre"/>
            <f name="type" value="PART"/>
        </fs>
    </a>
    <node xml:id="n11"/>
    <a label="vchunk" ref="n11" as="xces">
        <fs>
            <f name="voice" value="none"/>
            <f name="tense" value="Pas"/>
            <f name="type" value="PART"/>
        </fs>
    </a>
    <node xml:id="n12"/>
    <a label="vchunk" ref="n12" as="xces">
        <fs>
            <f name="voice" value="active"/>
            <f name="tense" value="SimPre"/>
            <f name="type" value="FVG"/>
        </fs>
    </a>
    <node xml:id="n13"/>
    <a label="vchunk" ref="n13" as="xces">
        <fs>
            <f name="voice" value="active"/>
            <f name="tense" value="PreCon"/>
            <f name="type" value="FVG"/>
        </fs>
    </a>
    <node xml:id="n14"/>
    <a label="vchunk" ref="n14" as="xces">
        <fs>
            <f name="voice" value="none"/>
            <f name="tense" value="none"/>
            <f name="type" value="MODAL"/>
        </fs>
    </a>
    <node xml:id="n15"/>
    <a label="vchunk" ref="n15" as="xces">
        <fs>
            <f name="voice" value="active"/>
            <f name="tense" value="PreCon"/>
            <f name="type" value="FVG"/>
        </fs>
    </a>
    <node xml:id="n16"/>
    <a label="vchunk" ref="n16" as="xces">
        <fs>
            <f name="voice" value="active"/>
            <f name="tense" value="SimPre"/>
            <f name="type" value="FVG"/>
        </fs>
    </a>
    <node xml:id="n17"/>
    <a label="vchunk" ref="n17" as="xces">
        <fs>
            <f name="neg" value="yes"/>
            <f name="voice" value="active"/>
            <f name="tense" value="SimPre"/>
            <f name="type" value="FVG"/>
        </fs>
    </a>
    <node xml:id="n18"/>
    <a label="vchunk" ref="n18" as="xces">
        <fs>
            <f name="voice" value="active"/>
            <f name="tense" value="SimPre"/>
            <f name="type" value="FVG"/>
        </fs>
    </a>
    <node xml:id="n19"/>
    <a label="vchunk" ref="n19" as="xces">
        <fs>
            <f name="voice" value="active"/>
            <f name="tense" value="SimPre"/>
            <f name="type" value="FVG"/>
        </fs>
    </a>
    <node xml:id="n2"/>
    <a label="vchunk" ref="n2" as="xces">
        <fs>
            <f name="voice" value="active"/>
            <f name="tense" value="SimPre"/>
            <f name="type" value="FVG"/>
        </fs>
    </a>
    <node xml:id="n20"/>
    <a label="vchunk" ref="n20" as="xces">
        <fs>
            <f name="voice" value="active"/>
            <f name="tense" value="Inf"/>
            <f name="type" value="NFVG"/>
        </fs>
    </a>
    <node xml:id="n21"/>
    <a label="vchunk" ref="n21" as="xces">
        <fs>
            <f name="voice" value="active"/>
            <f name="tense" value="SimPre"/>
            <f name="type" value="FVG"/>
        </fs>
    </a>
    <node xml:id="n22"/>
    <a label="vchunk" ref="n22" as="xces">
        <fs>
            <f name="voice" value="active"/>
            <f name="tense" value="PrePer"/>
            <f name="type" value="FVG"/>
        </fs>
    </a>
    <node xml:id="n23"/>
    <a label="vchunk" ref="n23" as="xces">
        <fs>
            <f name="voice" value="active"/>
            <f name="tense" value="Pre"/>
            <f name="type" value="PART"/>
        </fs>
    </a>
    <node xml:id="n24"/>
    <a label="vchunk" ref="n24" as="xces">
        <fs>
            <f name="voice" value="active"/>
            <f name="tense" value="SimPas"/>
            <f name="type" value="FVG"/>
        </fs>
    </a>
    <node xml:id="n25"/>
    <a label="vchunk" ref="n25" as="xces">
        <fs>
            <f name="voice" value="active"/>
            <f name="tense" value="SimPas"/>
            <f name="type" value="FVG"/>
        </fs>
    </a>
    <node xml:id="n26"/>
    <a label="vchunk" ref="n26" as="xces">
        <fs>
            <f name="voice" value="none"/>
            <f name="tense" value="Pre"/>
            <f name="type" value="SPECIAL"/>
        </fs>
    </a>
    <node xml:id="n27"/>
    <a label="vchunk" ref="n27" as="xces">
        <fs>
            <f name="voice" value="active"/>
            <f name="tense" value="Inf"/>
            <f name="type" value="NFVG"/>
        </fs>
    </a>
    <node xml:id="n28"/>
    <a label="vchunk" ref="n28" as="xces">
        <fs>
            <f name="voice" value="active"/>
            <f name="tense" value="Pre"/>
            <f name="type" value="PART"/>
        </fs>
    </a>
    <node xml:id="n29"/>
    <a label="vchunk" ref="n29" as="xces">
        <fs>
            <f name="voice" value="active"/>
            <f name="tense" value="Inf"/>
            <f name="type" value="NFVG"/>
        </fs>
    </a>
    <node xml:id="n3"/>
    <a label="vchunk" ref="n3" as="xces">
        <fs>
            <f name="voice" value="active"/>
            <f name="tense" value="SimFut"/>
            <f name="type" value="FVG"/>
        </fs>
    </a>
    <node xml:id="n30"/>
    <a label="vchunk" ref="n30" as="xces">
        <fs>
            <f name="voice" value="active"/>
            <f name="tense" value="SimPre"/>
            <f name="type" value="FVG"/>
        </fs>
    </a>
    <node xml:id="n31"/>
    <a label="vchunk" ref="n31" as="xces">
        <fs>
            <f name="voice" value="active"/>
            <f name="tense" value="SimPre"/>
            <f name="type" value="FVG"/>
        </fs>
    </a>
    <node xml:id="n32"/>
    <a label="vchunk" ref="n32" as="xces">
        <fs>
            <f name="voice" value="active"/>
            <f name="tense" value="SimPre"/>
            <f name="type" value="FVG"/>
        </fs>
    </a>
    <node xml:id="n33"/>
    <a label="vchunk" ref="n33" as="xces">
        <fs>
            <f name="voice" value="active"/>
            <f name="tense" value="SimFut"/>
            <f name="type" value="FVG"/>
        </fs>
    </a>
    <node xml:id="n34"/>
    <a label="vchunk" ref="n34" as="xces">
        <fs>
            <f name="voice" value="none"/>
            <f name="tense" value="Pas"/>
            <f name="type" value="PART"/>
        </fs>
    </a>
    <node xml:id="n35"/>
    <a label="vchunk" ref="n35" as="xces">
        <fs>
            <f name="voice" value="active"/>
            <f name="tense" value="Inf"/>
            <f name="type" value="NFVG"/>
        </fs>
    </a>
    <node xml:id="n36"/>
    <a label="vchunk" ref="n36" as="xces">
        <fs>
            <f name="voice" value="none"/>
            <f name="tense" value="Pas"/>
            <f name="type" value="PART"/>
        </fs>
    </a>
    <node xml:id="n37"/>
    <a label="vchunk" ref="n37" as="xces">
        <fs>
            <f name="voice" value="active"/>
            <f name="tense" value="Pre"/>
            <f name="type" value="PART"/>
        </fs>
    </a>
    <node xml:id="n38"/>
    <a label="vchunk" ref="n38" as="xces">
        <fs>
            <f name="voice" value="active"/>
            <f name="tense" value="Pre"/>
            <f name="type" value="PART"/>
        </fs>
    </a>
    <node xml:id="n39"/>
    <a label="vchunk" ref="n39" as="xces">
        <fs>
            <f name="voice" value="active"/>
            <f name="tense" value="Pre"/>
            <f name="type" value="PART"/>
        </fs>
    </a>
    <node xml:id="n4"/>
    <a label="vchunk" ref="n4" as="xces">
        <fs>
            <f name="voice" value="active"/>
            <f name="tense" value="Pre"/>
            <f name="type" value="PART"/>
        </fs>
    </a>
    <node xml:id="n40"/>
    <a label="vchunk" ref="n40" as="xces">
        <fs>
            <f name="voice" value="active"/>
            <f name="tense" value="Pre"/>
            <f name="type" value="PART"/>
        </fs>
    </a>
    <node xml:id="n41"/>
    <a label="vchunk" ref="n41" as="xces">
        <fs>
            <f name="voice" value="active"/>
            <f name="tense" value="SimPre"/>
            <f name="type" value="FVG"/>
        </fs>
    </a>
    <node xml:id="n42"/>
    <a label="vchunk" ref="n42" as="xces">
        <fs>
            <f name="voice" value="none"/>
            <f name="tense" value="Pre"/>
            <f name="type" value="SPECIAL"/>
        </fs>
    </a>
    <node xml:id="n43"/>
    <a label="vchunk" ref="n43" as="xces">
        <fs>
            <f name="voice" value="none"/>
            <f name="tense" value="Pas"/>
            <f name="type" value="PART"/>
        </fs>
    </a>
    <node xml:id="n44"/>
    <a label="vchunk" ref="n44" as="xces">
        <fs>
            <f name="voice" value="none"/>
            <f name="tense" value="none"/>
            <f name="type" value="MODAL"/>
        </fs>
    </a>
    <node xml:id="n45"/>
    <a label="vchunk" ref="n45" as="xces">
        <fs>
            <f name="voice" value="active"/>
            <f name="tense" value="Inf"/>
            <f name="type" value="NFVG"/>
        </fs>
    </a>
    <node xml:id="n46"/>
    <a label="vchunk" ref="n46" as="xces">
        <fs>
            <f name="voice" value="none"/>
            <f name="tense" value="none"/>
            <f name="type" value="MODAL"/>
        </fs>
    </a>
    <node xml:id="n5"/>
    <a label="vchunk" ref="n5" as="xces">
        <fs>
            <f name="voice" value="none"/>
            <f name="tense" value="none"/>
            <f name="type" value="MODAL"/>
        </fs>
    </a>
    <node xml:id="n6"/>
    <a label="vchunk" ref="n6" as="xces">
        <fs>
            <f name="voice" value="active"/>
            <f name="tense" value="SimPre"/>
            <f name="type" value="FVG"/>
        </fs>
    </a>
    <node xml:id="n7"/>
    <a label="vchunk" ref="n7" as="xces">
        <fs>
            <f name="voice" value="active"/>
            <f name="tense" value="Pre"/>
            <f name="type" value="PART"/>
        </fs>
    </a>
    <node xml:id="n8"/>
    <a label="vchunk" ref="n8" as="xces">
        <fs>
            <f name="voice" value="passive"/>
            <f name="tense" value="SimPre"/>
            <f name="type" value="FVG"/>
        </fs>
    </a>
    <node xml:id="n9"/>
    <a label="vchunk" ref="n9" as="xces">
        <fs>
            <f name="voice" value="passive"/>
            <f name="tense" value="Inf"/>
            <f name="type" value="NFVG"/>
        </fs>
    </a>
    <edge xml:id="lnk69" from="n5" to="n41"/>
    <edge xml:id="lnk68" from="n46" to="n336"/>
    <edge xml:id="lnk67" from="n46" to="n335"/>
    <edge xml:id="lnk66" from="n45" to="n330"/>
    <edge xml:id="lnk65" from="n45" to="n329"/>
    <edge xml:id="lnk64" from="n45" to="n328"/>
    <edge xml:id="lnk63" from="n44" to="n324"/>
    <edge xml:id="lnk62" from="n44" to="n323"/>
    <edge xml:id="lnk61" from="n43" to="n313"/>
    <edge xml:id="lnk60" from="n42" to="n311"/>
    <edge xml:id="lnk59" from="n42" to="n310"/>
    <edge xml:id="lnk58" from="n42" to="n309"/>
    <edge xml:id="lnk57" from="n42" to="n308"/>
    <edge xml:id="lnk56" from="n41" to="n304"/>
    <edge xml:id="lnk55" from="n40" to="n284"/>
    <edge xml:id="lnk54" from="n40" to="n283"/>
    <edge xml:id="lnk53" from="n4" to="n32"/>
    <edge xml:id="lnk52" from="n39" to="n278"/>
    <edge xml:id="lnk51" from="n38" to="n273"/>
    <edge xml:id="lnk50" from="n37" to="n269"/>
    <edge xml:id="lnk49" from="n36" to="n262"/>
    <edge xml:id="lnk48" from="n36" to="n261"/>
    <edge xml:id="lnk47" from="n35" to="n247"/>
    <edge xml:id="lnk46" from="n35" to="n246"/>
    <edge xml:id="lnk45" from="n34" to="n245"/>
    <edge xml:id="lnk44" from="n33" to="n240"/>
    <edge xml:id="lnk43" from="n33" to="n239"/>
    <edge xml:id="lnk42" from="n32" to="n232"/>
    <edge xml:id="lnk41" from="n31" to="n222"/>
    <edge xml:id="lnk40" from="n30" to="n217"/>
    <edge xml:id="lnk39" from="n3" to="n23"/>
    <edge xml:id="lnk38" from="n3" to="n22"/>
    <edge xml:id="lnk37" from="n3" to="n21"/>
    <edge xml:id="lnk36" from="n29" to="n212"/>
    <edge xml:id="lnk35" from="n29" to="n211"/>
    <edge xml:id="lnk34" from="n28" to="n208"/>
    <edge xml:id="lnk33" from="n27" to="n203"/>
    <edge xml:id="lnk32" from="n27" to="n202"/>
    <edge xml:id="lnk31" from="n26" to="n199"/>
    <edge xml:id="lnk30" from="n26" to="n198"/>
    <edge xml:id="lnk9" from="n13" to="n97"/>
    <edge xml:id="lnk8" from="n13" to="n96"/>
    <edge xml:id="lnk7" from="n13" to="n95"/>
    <edge xml:id="lnk6" from="n13" to="n94"/>
    <edge xml:id="lnk5" from="n12" to="n86"/>
    <edge xml:id="lnk4" from="n11" to="n81"/>
    <edge xml:id="lnk3" from="n10" to="n79"/>
    <edge xml:id="lnk2" from="n1" to="n16"/>
    <edge xml:id="lnk29" from="n26" to="n197"/>
    <edge xml:id="lnk1" from="n1" to="n15"/>
    <edge xml:id="lnk28" from="n25" to="n195"/>
    <edge xml:id="lnk0" from="n0" to="n13"/>
    <edge xml:id="lnk27" from="n24" to="n187"/>
    <edge xml:id="lnk26" from="n23" to="n176"/>
    <edge xml:id="lnk25" from="n22" to="n167"/>
    <edge xml:id="lnk24" from="n22" to="n166"/>
    <edge xml:id="lnk23" from="n21" to="n155"/>
    <edge xml:id="lnk22" from="n20" to="n147"/>
    <edge xml:id="lnk21" from="n20" to="n146"/>
    <edge xml:id="lnk20" from="n2" to="n19"/>
    <edge xml:id="lnk19" from="n19" to="n142"/>
    <edge xml:id="lnk18" from="n19" to="n141"/>
    <edge xml:id="lnk17" from="n18" to="n135"/>
    <edge xml:id="lnk16" from="n17" to="n127"/>
    <edge xml:id="lnk15" from="n17" to="n126"/>
    <edge xml:id="lnk14" from="n16" to="n123"/>
    <edge xml:id="lnk13" from="n15" to="n109"/>
    <edge xml:id="lnk12" from="n15" to="n108"/>
    <edge xml:id="lnk76" from="n9" to="n71"/>
    <edge xml:id="lnk11" from="n14" to="n102"/>
    <edge xml:id="lnk75" from="n9" to="n70"/>
    <edge xml:id="lnk10" from="n14" to="n101"/>
    <edge xml:id="lnk74" from="n8" to="n63"/>
    <edge xml:id="lnk73" from="n8" to="n62"/>
    <edge xml:id="lnk72" from="n7" to="n60"/>
    <edge xml:id="lnk71" from="n6" to="n45"/>
    <edge xml:id="lnk70" from="n5" to="n42"/>
</graph>
