<?xml version="1.0" encoding="UTF-8"?>
<graph xmlns="http://www.xces.org/ns/GrAF/1.0/">
    <header>
        <tagsDecl>
            <tagUsage gi="objective-speech-event" occurs="11"/>
            <tagUsage gi="attitude" occurs="11"/>
            <tagUsage gi="inside" occurs="16"/>
            <tagUsage gi="target" occurs="10"/>
            <tagUsage gi="split" occurs="19"/>
            <tagUsage gi="expressive-subjectivity" occurs="10"/>
            <tagUsage gi="direct-subjective" occurs="12"/>
            <tagUsage gi="agent" occurs="5"/>
        </tagsDecl>
        <annotationSets>
            <annotationSet name="mpqa" type="http://www.cs.pitt.edu/mpqa/"/>
        </annotationSets>
    </header>
    <region xml:id="r10" anchors="18 207"/>
    <region xml:id="r12" anchors="18 67"/>
    <region xml:id="r15" anchors="18 36"/>
    <region xml:id="r17" anchors="18 18"/>
    <region xml:id="r8" anchors="18 18"/>
    <region xml:id="r6" anchors="18 18"/>
    <region xml:id="r1" anchors="18 18"/>
    <region xml:id="r19" anchors="74 206"/>
    <region xml:id="r21" anchors="74 114"/>
    <region xml:id="r23" anchors="74 74"/>
    <region xml:id="r25" anchors="206 207"/>
    <region xml:id="r27" anchors="214 357"/>
    <region xml:id="r29" anchors="214 273"/>
    <region xml:id="r31" anchors="214 214"/>
    <region xml:id="r33" anchors="275 300"/>
    <region xml:id="r35" anchors="289 300"/>
    <region xml:id="r37" anchors="328 342"/>
    <region xml:id="r39" anchors="356 357"/>
    <region xml:id="r41" anchors="358 423"/>
    <region xml:id="r43" anchors="358 358"/>
    <region xml:id="r45" anchors="391 410"/>
    <region xml:id="r47" anchors="411 421"/>
    <region xml:id="r49" anchors="421 423"/>
    <region xml:id="r51" anchors="430 532"/>
    <region xml:id="r53" anchors="430 430"/>
    <region xml:id="r55" anchors="531 532"/>
    <region xml:id="r57" anchors="534 605"/>
    <region xml:id="r59" anchors="534 534"/>
    <region xml:id="r61" anchors="604 605"/>
    <region xml:id="r63" anchors="613 726"/>
    <region xml:id="r65" anchors="613 622"/>
    <region xml:id="r67" anchors="613 613"/>
    <region xml:id="r69" anchors="628 725"/>
    <region xml:id="r71" anchors="659 676"/>
    <region xml:id="r73" anchors="688 705"/>
    <region xml:id="r75" anchors="706 714"/>
    <region xml:id="r77" anchors="725 726"/>
    <region xml:id="r79" anchors="727 897"/>
    <region xml:id="r81" anchors="727 896"/>
    <region xml:id="r83" anchors="727 727"/>
    <region xml:id="r85" anchors="857 869"/>
    <region xml:id="r88" anchors="896 897"/>
    <region xml:id="r90" anchors="904 920"/>
    <region xml:id="r93" anchors="904 910"/>
    <region xml:id="r95" anchors="904 904"/>
    <region xml:id="r97" anchors="912 919"/>
    <region xml:id="r99" anchors="919 920"/>
    <region xml:id="r101" anchors="921 1001"/>
    <region xml:id="r103" anchors="921 921"/>
    <region xml:id="r105" anchors="1000 1001"/>
    <region xml:id="r107" anchors="1008 1111"/>
    <region xml:id="r109" anchors="1008 1008"/>
    <region xml:id="r111" anchors="1099 1104"/>
    <region xml:id="r114" anchors="1105 1110"/>
    <region xml:id="r116" anchors="1110 1111"/>
    <region xml:id="r118" anchors="1118 1245"/>
    <region xml:id="r120" anchors="1118 1135"/>
    <region xml:id="r122" anchors="1118 1118"/>
    <region xml:id="r124" anchors="1145 1175"/>
    <region xml:id="r126" anchors="1145 1153"/>
    <region xml:id="r129" anchors="1154 1175"/>
    <region xml:id="r131" anchors="1157 1175"/>
    <region xml:id="r133" anchors="1180 1244"/>
    <region xml:id="r135" anchors="1244 1245"/>
    <region xml:id="r137" anchors="1252 1394"/>
    <region xml:id="r139" anchors="1252 1393"/>
    <region xml:id="r141" anchors="1252 1280"/>
    <region xml:id="r143" anchors="1252 1252"/>
    <region xml:id="r145" anchors="1265 1274"/>
    <region xml:id="r148" anchors="1275 1280"/>
    <region xml:id="r150" anchors="1370 1393"/>
    <region xml:id="r152" anchors="1393 1394"/>
    <region xml:id="r154" anchors="1401 1475"/>
    <region xml:id="r156" anchors="1401 1401"/>
    <region xml:id="r158" anchors="1474 1475"/>
    <region xml:id="r160" anchors="1482 1532"/>
    <region xml:id="r162" anchors="1482 1482"/>
    <region xml:id="r164" anchors="1531 1532"/>
    <region xml:id="r166" anchors="1539 1549"/>
    <region xml:id="r168" anchors="1539 1539"/>
    <region xml:id="r170" anchors="1548 1549"/>
    <region xml:id="r172" anchors="1550 1604"/>
    <region xml:id="r174" anchors="1550 1550"/>
    <region xml:id="r178" anchors="1604 1604"/>
    <region xml:id="r176" anchors="1604 1604"/>
    <node xml:id="n0">
        <link targets="r1"/>
    </node>
    <a label="direct-subjective" ref="n0" as="mpqa"/>
    <a label="agent" ref="n0" as="mpqa">
        <fs>
            <f name="id" value="w"/>
        </fs>
    </a>
    <a label="expressive-subjectivity" ref="n0" as="mpqa"/>
    <a label="agent" ref="n0" as="mpqa">
        <fs>
            <f name="id" value="implicit"/>
        </fs>
    </a>
    <node xml:id="n1">
        <link targets="r6"/>
    </node>
    <a label="split" ref="n1" as="mpqa"/>
    <node xml:id="n10">
        <link targets="r25"/>
    </node>
    <a label="split" ref="n10" as="mpqa"/>
    <node xml:id="n11">
        <link targets="r27"/>
    </node>
    <a label="inside" ref="n11" as="mpqa">
        <fs>
            <f name="nested-source" value="w"/>
        </fs>
    </a>
    <node xml:id="n12">
        <link targets="r29"/>
    </node>
    <a label="target" ref="n12" as="mpqa">
        <fs>
            <f name="id" value="whenstuffhappens"/>
        </fs>
    </a>
    <node xml:id="n13">
        <link targets="r31"/>
    </node>
    <a label="direct-subjective" ref="n13" as="mpqa">
        <fs>
            <f name="nested-source" value="w"/>
            <f name="attitude-link" value="marker"/>
            <f name="implicit" value="true"/>
            <f name="intensity" value="low"/>
            <f name="expression-intensity" value="neutral"/>
        </fs>
    </a>
    <node xml:id="n14">
        <link targets="r33"/>
    </node>
    <a label="attitude" ref="n14" as="mpqa">
        <fs>
            <f name="id" value="marker"/>
            <f name="target-link" value="whenstuffhappens"/>
            <f name="intensity" value="medium"/>
            <f name="attitude-type" value="sentiment-pos"/>
        </fs>
    </a>
    <node xml:id="n15">
        <link targets="r35"/>
    </node>
    <a label="expressive-subjectivity" ref="n15" as="mpqa">
        <fs>
            <f name="nested-source" value="w"/>
            <f name="polarity" value="positive"/>
            <f name="intensity" value="medium"/>
        </fs>
    </a>
    <node xml:id="n16">
        <link targets="r37"/>
    </node>
    <a label="expressive-subjectivity" ref="n16" as="mpqa">
        <fs>
            <f name="nested-source" value="w"/>
            <f name="es-uncertain" value="somewhat-uncertain"/>
            <f name="intensity" value="medium"/>
        </fs>
    </a>
    <node xml:id="n17">
        <link targets="r39"/>
    </node>
    <a label="split" ref="n17" as="mpqa"/>
    <node xml:id="n18">
        <link targets="r41"/>
    </node>
    <a label="inside" ref="n18" as="mpqa">
        <fs>
            <f name="nested-source" value="w"/>
        </fs>
    </a>
    <node xml:id="n19">
        <link targets="r43"/>
    </node>
    <a label="objective-speech-event" ref="n19" as="mpqa">
        <fs>
            <f name="implicit" value="true"/>
            <f name="nested-source" value="w"/>
        </fs>
    </a>
    <node xml:id="n2">
        <link targets="r8"/>
    </node>
    <a label="split" ref="n2" as="mpqa"/>
    <node xml:id="n20">
        <link targets="r45"/>
    </node>
    <a label="agent" ref="n20" as="mpqa">
        <fs>
            <f name="id" value="younyours"/>
            <f name="nested-source" value="w,younyours"/>
        </fs>
    </a>
    <node xml:id="n21">
        <link targets="r47"/>
    </node>
    <a label="direct-subjective" ref="n21" as="mpqa">
        <fs>
            <f name="nested-source" value="w,younyours"/>
            <f name="polarity" value="positive"/>
            <f name="insubstantial" value="c2"/>
            <f name="expression-intensity" value="medium"/>
            <f name="intensity" value="medium"/>
        </fs>
    </a>
    <node xml:id="n22">
        <link targets="r49"/>
    </node>
    <a label="split" ref="n22" as="mpqa"/>
    <node xml:id="n23">
        <link targets="r51"/>
    </node>
    <a label="inside" ref="n23" as="mpqa">
        <fs>
            <f name="nested-source" value="w"/>
        </fs>
    </a>
    <node xml:id="n24">
        <link targets="r53"/>
    </node>
    <a label="objective-speech-event" ref="n24" as="mpqa">
        <fs>
            <f name="implicit" value="true"/>
            <f name="nested-source" value="w"/>
        </fs>
    </a>
    <node xml:id="n25">
        <link targets="r55"/>
    </node>
    <a label="split" ref="n25" as="mpqa"/>
    <node xml:id="n26">
        <link targets="r57"/>
    </node>
    <a label="inside" ref="n26" as="mpqa">
        <fs>
            <f name="nested-source" value="w"/>
        </fs>
    </a>
    <node xml:id="n27">
        <link targets="r59"/>
    </node>
    <a label="objective-speech-event" ref="n27" as="mpqa">
        <fs>
            <f name="implicit" value="true"/>
            <f name="nested-source" value="w"/>
        </fs>
    </a>
    <node xml:id="n28">
        <link targets="r61"/>
    </node>
    <a label="split" ref="n28" as="mpqa"/>
    <node xml:id="n29">
        <link targets="r63"/>
    </node>
    <a label="inside" ref="n29" as="mpqa">
        <fs>
            <f name="nested-source" value="w"/>
        </fs>
    </a>
    <node xml:id="n3">
        <link targets="r10"/>
    </node>
    <a label="inside" ref="n3" as="mpqa">
        <fs>
            <f name="nested-source" value="w"/>
        </fs>
    </a>
    <node xml:id="n30">
        <link targets="r65"/>
    </node>
    <a label="target" ref="n30" as="mpqa">
        <fs>
            <f name="id" value="dagrill"/>
        </fs>
    </a>
    <node xml:id="n31">
        <link targets="r67"/>
    </node>
    <a label="objective-speech-event" ref="n31" as="mpqa">
        <fs>
            <f name="implicit" value="true"/>
            <f name="nested-source" value="w"/>
        </fs>
    </a>
    <node xml:id="n32">
        <link targets="r69"/>
    </node>
    <a label="attitude" ref="n32" as="mpqa">
        <fs>
            <f name="id" value="morenenough"/>
            <f name="target-link" value="dagrill"/>
            <f name="intensity" value="medium-high"/>
            <f name="attitude-type" value="sentiment-pos"/>
        </fs>
    </a>
    <node xml:id="n33">
        <link targets="r71"/>
    </node>
    <a label="agent" ref="n33" as="mpqa">
        <fs>
            <f name="id" value="younkids"/>
            <f name="nested-source" value="w,younkids"/>
        </fs>
    </a>
    <node xml:id="n34">
        <link targets="r73"/>
    </node>
    <a label="direct-subjective" ref="n34" as="mpqa">
        <fs>
            <f name="nested-source" value="w,younkids"/>
            <f name="polarity" value="negative"/>
            <f name="insubstantial" value="c2"/>
            <f name="intensity" value="medium"/>
            <f name="expression-intensity" value="medium"/>
        </fs>
    </a>
    <node xml:id="n35">
        <link targets="r75"/>
    </node>
    <a label="direct-subjective" ref="n35" as="mpqa">
        <fs>
            <f name="nested-source" value="younkids"/>
            <f name="insubstantial" value="c2"/>
            <f name="implicit" value=""/>
            <f name="expression-intensity" value="neutral"/>
            <f name="intensity" value="low"/>
        </fs>
    </a>
    <node xml:id="n36">
        <link targets="r77"/>
    </node>
    <a label="split" ref="n36" as="mpqa"/>
    <node xml:id="n37">
        <link targets="r79"/>
    </node>
    <a label="inside" ref="n37" as="mpqa">
        <fs>
            <f name="nested-source" value="w"/>
        </fs>
    </a>
    <node xml:id="n38">
        <link targets="r81"/>
    </node>
    <a label="attitude" ref="n38" as="mpqa">
        <fs>
            <f name="id" value="lotsonoffer"/>
            <f name="target-link" value="plenny"/>
            <f name="intensity" value="medium-high"/>
            <f name="attitude-type" value="sentiment-pos"/>
        </fs>
    </a>
    <node xml:id="n39">
        <link targets="r83"/>
    </node>
    <a label="direct-subjective" ref="n39" as="mpqa">
        <fs>
            <f name="nested-source" value="w"/>
            <f name="attitude-link" value="lotsonoffer"/>
            <f name="implicit" value="true"/>
            <f name="intensity" value="high"/>
            <f name="expression-intensity" value="neutral"/>
        </fs>
    </a>
    <node xml:id="n4">
        <link targets="r12"/>
    </node>
    <a label="attitude" ref="n4" as="mpqa">
        <fs>
            <f name="id" value="doattend"/>
            <f name="intensity" value="medium-high"/>
            <f name="target-link" value="comeon"/>
            <f name="attitude-type" value="sentiment-pos"/>
        </fs>
    </a>
    <a label="target" ref="n4" as="mpqa">
        <fs>
            <f name="id" value="comeon"/>
        </fs>
    </a>
    <node xml:id="n40">
        <link targets="r85"/>
    </node>
    <a label="target" ref="n40" as="mpqa">
        <fs>
            <f name="id" value="plenny"/>
        </fs>
    </a>
    <a label="expressive-subjectivity" ref="n40" as="mpqa">
        <fs>
            <f name="nested-source" value="w"/>
            <f name="polarity" value="positive"/>
            <f name="intensity" value="medium"/>
        </fs>
    </a>
    <node xml:id="n41">
        <link targets="r88"/>
    </node>
    <a label="split" ref="n41" as="mpqa"/>
    <node xml:id="n42">
        <link targets="r90"/>
    </node>
    <a label="attitude" ref="n42" as="mpqa">
        <fs>
            <f name="id" value="certainlyungry"/>
            <f name="target-link" value="hunger"/>
            <f name="intensity" value="high"/>
            <f name="attitude-type" value="arguing-pos"/>
        </fs>
    </a>
    <a label="inside" ref="n42" as="mpqa">
        <fs>
            <f name="nested-source" value="w"/>
        </fs>
    </a>
    <node xml:id="n43">
        <link targets="r93"/>
    </node>
    <a label="target" ref="n43" as="mpqa">
        <fs>
            <f name="id" value="hunger"/>
        </fs>
    </a>
    <node xml:id="n44">
        <link targets="r95"/>
    </node>
    <a label="direct-subjective" ref="n44" as="mpqa">
        <fs>
            <f name="nested-source" value="w"/>
            <f name="attitude-link" value="certainlyhungry"/>
            <f name="implicit" value="true"/>
            <f name="expression-intensity" value="neutral"/>
            <f name="intensity" value="high"/>
        </fs>
    </a>
    <node xml:id="n45">
        <link targets="r97"/>
    </node>
    <a label="expressive-subjectivity" ref="n45" as="mpqa">
        <fs>
            <f name="nested-source" value="w"/>
            <f name="nested-source-uncertain" value=""/>
            <f name="intensity" value="high"/>
        </fs>
    </a>
    <node xml:id="n46">
        <link targets="r99"/>
    </node>
    <a label="split" ref="n46" as="mpqa"/>
    <node xml:id="n47">
        <link targets="r101"/>
    </node>
    <a label="inside" ref="n47" as="mpqa">
        <fs>
            <f name="nested-source" value="w"/>
        </fs>
    </a>
    <node xml:id="n48">
        <link targets="r103"/>
    </node>
    <a label="objective-speech-event" ref="n48" as="mpqa">
        <fs>
            <f name="implicit" value="true"/>
            <f name="nested-source" value="w"/>
        </fs>
    </a>
    <node xml:id="n49">
        <link targets="r105"/>
    </node>
    <a label="split" ref="n49" as="mpqa"/>
    <node xml:id="n5">
        <link targets="r15"/>
    </node>
    <a label="expressive-subjectivity" ref="n5" as="mpqa">
        <fs>
            <f name="nested-source" value="w"/>
        </fs>
    </a>
    <node xml:id="n50">
        <link targets="r107"/>
    </node>
    <a label="inside" ref="n50" as="mpqa">
        <fs>
            <f name="nested-source" value="w"/>
        </fs>
    </a>
    <node xml:id="n51">
        <link targets="r109"/>
    </node>
    <a label="direct-subjective" ref="n51" as="mpqa">
        <fs>
            <f name="nested-source" value="w"/>
            <f name="attitude-link" value="grand"/>
            <f name="annotation-uncertain" value="somewhat-uncertain"/>
            <f name="implicit" value="true"/>
            <f name="expression-intensity" value="neutral"/>
            <f name="intensity" value="low"/>
        </fs>
    </a>
    <node xml:id="n52">
        <link targets="r111"/>
    </node>
    <a label="attitude" ref="n52" as="mpqa">
        <fs>
            <f name="id" value="grand"/>
            <f name="target-link" value="prix"/>
            <f name="intensity" value="medium"/>
            <f name="attitude-type" value="sentiment-pos"/>
        </fs>
    </a>
    <a label="expressive-subjectivity" ref="n52" as="mpqa">
        <fs>
            <f name="nested-source" value="w"/>
            <f name="polarity" value="positive"/>
            <f name="intensity" value="medium"/>
        </fs>
    </a>
    <node xml:id="n53">
        <link targets="r114"/>
    </node>
    <a label="target" ref="n53" as="mpqa">
        <fs>
            <f name="id" value="prix"/>
        </fs>
    </a>
    <node xml:id="n54">
        <link targets="r116"/>
    </node>
    <a label="split" ref="n54" as="mpqa"/>
    <node xml:id="n55">
        <link targets="r118"/>
    </node>
    <a label="inside" ref="n55" as="mpqa">
        <fs>
            <f name="nested-source" value="w"/>
        </fs>
    </a>
    <node xml:id="n56">
        <link targets="r120"/>
    </node>
    <a label="target" ref="n56" as="mpqa">
        <fs>
            <f name="id" value="dag2"/>
        </fs>
    </a>
    <node xml:id="n57">
        <link targets="r122"/>
    </node>
    <a label="objective-speech-event" ref="n57" as="mpqa">
        <fs>
            <f name="implicit" value="true"/>
            <f name="nested-source" value="w"/>
        </fs>
    </a>
    <node xml:id="n58">
        <link targets="r124"/>
    </node>
    <a label="attitude" ref="n58" as="mpqa">
        <fs>
            <f name="id" value="funny"/>
            <f name="target-link" value="dag2"/>
            <f name="intensity" value="medium-high"/>
            <f name="attitude-type" value="sentiment-pos"/>
        </fs>
    </a>
    <node xml:id="n59">
        <link targets="r126"/>
    </node>
    <a label="attitude" ref="n59" as="mpqa">
        <fs>
            <f name="id" value="design"/>
            <f name="intensity" value="low-medium"/>
            <f name="target-link" value="allfun"/>
            <f name="attitude-type" value="intention-pos"/>
        </fs>
    </a>
    <a label="direct-subjective" ref="n59" as="mpqa">
        <fs>
            <f name="expression-intensity" value="neutral"/>
            <f name="intensity" value="low"/>
            <f name="attitude-link" value="design"/>
            <f name="nested-source" value="w,implicit"/>
        </fs>
    </a>
    <node xml:id="n6">
        <link targets="r17"/>
    </node>
    <a label="direct-subjective" ref="n6" as="mpqa">
        <fs>
            <f name="nested-source" value="w"/>
            <f name="attitude-link" value="doattend"/>
            <f name="implicit" value="true"/>
            <f name="expression-intensity" value="neutral"/>
            <f name="intensity" value="medium"/>
        </fs>
    </a>
    <node xml:id="n60">
        <link targets="r129"/>
    </node>
    <a label="target" ref="n60" as="mpqa">
        <fs>
            <f name="id" value="allfun"/>
        </fs>
    </a>
    <node xml:id="n61">
        <link targets="r131"/>
    </node>
    <a label="direct-subjective" ref="n61" as="mpqa">
        <fs>
            <f name="nested-source" value="w,implicit,younothers"/>
            <f name="polarity" value="positive"/>
            <f name="insubstantial" value="c2"/>
            <f name="attitude-link" value="funny"/>
            <f name="intensity" value="high"/>
            <f name="expression-intensity" value="high"/>
        </fs>
    </a>
    <node xml:id="n62">
        <link targets="r133"/>
    </node>
    <a label="agent" ref="n62" as="mpqa">
        <fs>
            <f name="id" value="younothers"/>
            <f name="nested-source" value="w,younothers"/>
        </fs>
    </a>
    <node xml:id="n63">
        <link targets="r135"/>
    </node>
    <a label="split" ref="n63" as="mpqa"/>
    <node xml:id="n64">
        <link targets="r137"/>
    </node>
    <a label="inside" ref="n64" as="mpqa">
        <fs>
            <f name="nested-source" value="w"/>
        </fs>
    </a>
    <node xml:id="n65">
        <link targets="r139"/>
    </node>
    <a label="attitude" ref="n65" as="mpqa">
        <fs>
            <f name="id" value="whatwewantyoutodo"/>
            <f name="target-link" value="joinevent"/>
            <f name="intensity" value="medium"/>
            <f name="attitude-type" value="sentiment-pos"/>
        </fs>
    </a>
    <node xml:id="n66">
        <link targets="r141"/>
    </node>
    <a label="target" ref="n66" as="mpqa">
        <fs>
            <f name="id" value="joinevent"/>
        </fs>
    </a>
    <node xml:id="n67">
        <link targets="r143"/>
    </node>
    <a label="objective-speech-event" ref="n67" as="mpqa">
        <fs>
            <f name="implicit" value="true"/>
            <f name="nested-source" value="w"/>
        </fs>
    </a>
    <node xml:id="n68">
        <link targets="r145"/>
    </node>
    <a label="attitude" ref="n68" as="mpqa">
        <fs>
            <f name="id" value="wonder"/>
            <f name="target-link" value="thisevent"/>
            <f name="intensity" value="medium-high"/>
            <f name="attitude-type" value="sentiment-pos"/>
        </fs>
    </a>
    <a label="expressive-subjectivity" ref="n68" as="mpqa">
        <fs>
            <f name="nested-source" value="w"/>
        </fs>
    </a>
    <node xml:id="n69">
        <link targets="r148"/>
    </node>
    <a label="target" ref="n69" as="mpqa">
        <fs>
            <f name="id" value="thisevent"/>
        </fs>
    </a>
    <node xml:id="n7">
        <link targets="r19"/>
    </node>
    <a label="attitude" ref="n7" as="mpqa">
        <fs>
            <f name="attitude-type" value="sentiment-pos"/>
            <f name="id" value="uniqueness"/>
            <f name="intensity" value="medium-high"/>
        </fs>
    </a>
    <node xml:id="n70">
        <link targets="r150"/>
    </node>
    <a label="expressive-subjectivity" ref="n70" as="mpqa">
        <fs>
            <f name="nested-source" value="w"/>
            <f name="polarity" value="positive"/>
            <f name="intensity" value="medium"/>
        </fs>
    </a>
    <node xml:id="n71">
        <link targets="r152"/>
    </node>
    <a label="split" ref="n71" as="mpqa"/>
    <node xml:id="n72">
        <link targets="r154"/>
    </node>
    <a label="inside" ref="n72" as="mpqa">
        <fs>
            <f name="nested-source" value="w"/>
        </fs>
    </a>
    <node xml:id="n73">
        <link targets="r156"/>
    </node>
    <a label="objective-speech-event" ref="n73" as="mpqa">
        <fs>
            <f name="implicit" value="true"/>
            <f name="nested-source" value="w"/>
        </fs>
    </a>
    <node xml:id="n74">
        <link targets="r158"/>
    </node>
    <a label="split" ref="n74" as="mpqa"/>
    <node xml:id="n75">
        <link targets="r160"/>
    </node>
    <a label="inside" ref="n75" as="mpqa">
        <fs>
            <f name="nested-source" value="w"/>
        </fs>
    </a>
    <node xml:id="n76">
        <link targets="r162"/>
    </node>
    <a label="objective-speech-event" ref="n76" as="mpqa">
        <fs>
            <f name="implicit" value="true"/>
            <f name="nested-source" value="w"/>
        </fs>
    </a>
    <node xml:id="n77">
        <link targets="r164"/>
    </node>
    <a label="split" ref="n77" as="mpqa"/>
    <node xml:id="n78">
        <link targets="r166"/>
    </node>
    <a label="inside" ref="n78" as="mpqa">
        <fs>
            <f name="nested-source" value="w"/>
        </fs>
    </a>
    <node xml:id="n79">
        <link targets="r168"/>
    </node>
    <a label="objective-speech-event" ref="n79" as="mpqa">
        <fs>
            <f name="implicit" value="true"/>
            <f name="nested-source" value="w"/>
        </fs>
    </a>
    <node xml:id="n8">
        <link targets="r21"/>
    </node>
    <a label="expressive-subjectivity" ref="n8" as="mpqa">
        <fs>
            <f name="nested-source" value="w"/>
            <f name="polarity" value="positive"/>
            <f name="intensity" value="high"/>
        </fs>
    </a>
    <node xml:id="n80">
        <link targets="r170"/>
    </node>
    <a label="split" ref="n80" as="mpqa"/>
    <node xml:id="n81">
        <link targets="r172"/>
    </node>
    <a label="inside" ref="n81" as="mpqa">
        <fs>
            <f name="nested-source" value="w"/>
        </fs>
    </a>
    <node xml:id="n82">
        <link targets="r174"/>
    </node>
    <a label="objective-speech-event" ref="n82" as="mpqa">
        <fs>
            <f name="implicit" value="true"/>
            <f name="nested-source" value="w"/>
        </fs>
    </a>
    <node xml:id="n83">
        <link targets="r176"/>
    </node>
    <a label="split" ref="n83" as="mpqa"/>
    <node xml:id="n84">
        <link targets="r178"/>
    </node>
    <a label="split" ref="n84" as="mpqa"/>
    <node xml:id="n9">
        <link targets="r23"/>
    </node>
    <a label="direct-subjective" ref="n9" as="mpqa">
        <fs>
            <f name="expression-intensity" value="neutral"/>
            <f name="intensity" value="medium"/>
            <f name="attitude-link" value="uniqueness"/>
            <f name="nested-source" value="w"/>
        </fs>
    </a>
</graph>
