<?xml version="1.0" encoding="UTF-8"?>
<graph xmlns="http://www.xces.org/ns/GrAF/1.0/">
    <header>
        <tagsDecl>
            <tagUsage gi="vchunk" occurs="33"/>
        </tagsDecl>
        <dependencies>
            <dependsOn type="penn"/>
        </dependencies>
        <annotationSets>
            <annotationSet name="xces" type="http://www.xces.org/schema/2003"/>
        </annotationSets>
    </header>
    <node xml:id="n0"/>
    <a label="vchunk" ref="n0" as="xces">
        <fs>
            <f name="voice" value="none"/>
            <f name="tense" value="Pas"/>
            <f name="type" value="PART"/>
        </fs>
    </a>
    <node xml:id="n1"/>
    <a label="vchunk" ref="n1" as="xces">
        <fs>
            <f name="voice" value="none"/>
            <f name="tense" value="Pas"/>
            <f name="type" value="PART"/>
        </fs>
    </a>
    <node xml:id="n10"/>
    <a label="vchunk" ref="n10" as="xces">
        <fs>
            <f name="voice" value="none"/>
            <f name="tense" value="none"/>
            <f name="type" value="MODAL"/>
        </fs>
    </a>
    <node xml:id="n11"/>
    <a label="vchunk" ref="n11" as="xces">
        <fs>
            <f name="voice" value="active"/>
            <f name="tense" value="SimFut"/>
            <f name="type" value="FVG"/>
        </fs>
    </a>
    <node xml:id="n12"/>
    <a label="vchunk" ref="n12" as="xces">
        <fs>
            <f name="voice" value="active"/>
            <f name="tense" value="SimFut"/>
            <f name="type" value="FVG"/>
        </fs>
    </a>
    <node xml:id="n13"/>
    <a label="vchunk" ref="n13" as="xces">
        <fs>
            <f name="voice" value="active"/>
            <f name="tense" value="Pre"/>
            <f name="type" value="PART"/>
        </fs>
    </a>
    <node xml:id="n14"/>
    <a label="vchunk" ref="n14" as="xces">
        <fs>
            <f name="voice" value="active"/>
            <f name="tense" value="Inf"/>
            <f name="type" value="NFVG"/>
        </fs>
    </a>
    <node xml:id="n15"/>
    <a label="vchunk" ref="n15" as="xces">
        <fs>
            <f name="voice" value="active"/>
            <f name="tense" value="SimFut"/>
            <f name="type" value="FVG"/>
        </fs>
    </a>
    <node xml:id="n16"/>
    <a label="vchunk" ref="n16" as="xces">
        <fs>
            <f name="voice" value="active"/>
            <f name="tense" value="Inf"/>
            <f name="type" value="NFVG"/>
        </fs>
    </a>
    <node xml:id="n17"/>
    <a label="vchunk" ref="n17" as="xces">
        <fs>
            <f name="voice" value="active"/>
            <f name="tense" value="Inf"/>
            <f name="type" value="NFVG"/>
        </fs>
    </a>
    <node xml:id="n18"/>
    <a label="vchunk" ref="n18" as="xces">
        <fs>
            <f name="voice" value="active"/>
            <f name="tense" value="SimFut"/>
            <f name="type" value="FVG"/>
        </fs>
    </a>
    <node xml:id="n19"/>
    <a label="vchunk" ref="n19" as="xces">
        <fs>
            <f name="voice" value="active"/>
            <f name="tense" value="SimFut"/>
            <f name="type" value="FVG"/>
        </fs>
    </a>
    <node xml:id="n2"/>
    <a label="vchunk" ref="n2" as="xces">
        <fs>
            <f name="voice" value="none"/>
            <f name="tense" value="none"/>
            <f name="type" value="MODAL"/>
        </fs>
    </a>
    <node xml:id="n20"/>
    <a label="vchunk" ref="n20" as="xces">
        <fs>
            <f name="voice" value="none"/>
            <f name="tense" value="none"/>
            <f name="type" value="MODAL"/>
        </fs>
    </a>
    <node xml:id="n21"/>
    <a label="vchunk" ref="n21" as="xces">
        <fs>
            <f name="voice" value="passive"/>
            <f name="tense" value="PrePer"/>
            <f name="type" value="FVG"/>
        </fs>
    </a>
    <node xml:id="n22"/>
    <a label="vchunk" ref="n22" as="xces">
        <fs>
            <f name="voice" value="active"/>
            <f name="tense" value="Inf"/>
            <f name="type" value="NFVG"/>
        </fs>
    </a>
    <node xml:id="n23"/>
    <a label="vchunk" ref="n23" as="xces">
        <fs>
            <f name="voice" value="active"/>
            <f name="tense" value="Inf"/>
            <f name="type" value="NFVG"/>
        </fs>
    </a>
    <node xml:id="n24"/>
    <a label="vchunk" ref="n24" as="xces">
        <fs>
            <f name="voice" value="active"/>
            <f name="tense" value="Inf"/>
            <f name="type" value="NFVG"/>
        </fs>
    </a>
    <node xml:id="n25"/>
    <a label="vchunk" ref="n25" as="xces">
        <fs>
            <f name="voice" value="active"/>
            <f name="tense" value="SimPre"/>
            <f name="type" value="FVG"/>
        </fs>
    </a>
    <node xml:id="n26"/>
    <a label="vchunk" ref="n26" as="xces">
        <fs>
            <f name="voice" value="active"/>
            <f name="tense" value="Inf"/>
            <f name="type" value="NFVG"/>
        </fs>
    </a>
    <node xml:id="n27"/>
    <a label="vchunk" ref="n27" as="xces">
        <fs>
            <f name="voice" value="active"/>
            <f name="tense" value="Inf"/>
            <f name="type" value="NFVG"/>
        </fs>
    </a>
    <node xml:id="n28"/>
    <a label="vchunk" ref="n28" as="xces">
        <fs>
            <f name="voice" value="none"/>
            <f name="tense" value="Pas"/>
            <f name="type" value="PART"/>
        </fs>
    </a>
    <node xml:id="n29"/>
    <a label="vchunk" ref="n29" as="xces">
        <fs>
            <f name="voice" value="active"/>
            <f name="tense" value="SimFut"/>
            <f name="type" value="FVG"/>
        </fs>
    </a>
    <node xml:id="n3"/>
    <a label="vchunk" ref="n3" as="xces">
        <fs>
            <f name="voice" value="active"/>
            <f name="tense" value="SimPre"/>
            <f name="type" value="FVG"/>
        </fs>
    </a>
    <node xml:id="n30"/>
    <a label="vchunk" ref="n30" as="xces">
        <fs>
            <f name="voice" value="active"/>
            <f name="tense" value="FutCon"/>
            <f name="type" value="FVG"/>
        </fs>
    </a>
    <node xml:id="n31"/>
    <a label="vchunk" ref="n31" as="xces">
        <fs>
            <f name="voice" value="active"/>
            <f name="tense" value="Inf"/>
            <f name="type" value="NFVG"/>
        </fs>
    </a>
    <node xml:id="n32"/>
    <a label="vchunk" ref="n32" as="xces">
        <fs>
            <f name="voice" value="active"/>
            <f name="tense" value="SimPre"/>
            <f name="type" value="FVG"/>
        </fs>
    </a>
    <node xml:id="n4"/>
    <a label="vchunk" ref="n4" as="xces">
        <fs>
            <f name="voice" value="active"/>
            <f name="tense" value="SimFut"/>
            <f name="type" value="FVG"/>
        </fs>
    </a>
    <node xml:id="n5"/>
    <a label="vchunk" ref="n5" as="xces">
        <fs>
            <f name="voice" value="none"/>
            <f name="tense" value="Pas"/>
            <f name="type" value="PART"/>
        </fs>
    </a>
    <node xml:id="n6"/>
    <a label="vchunk" ref="n6" as="xces">
        <fs>
            <f name="voice" value="active"/>
            <f name="tense" value="Pre"/>
            <f name="type" value="PART"/>
        </fs>
    </a>
    <node xml:id="n7"/>
    <a label="vchunk" ref="n7" as="xces">
        <fs>
            <f name="voice" value="active"/>
            <f name="tense" value="SimPre"/>
            <f name="type" value="FVG"/>
        </fs>
    </a>
    <node xml:id="n8"/>
    <a label="vchunk" ref="n8" as="xces">
        <fs>
            <f name="voice" value="active"/>
            <f name="tense" value="SimFut"/>
            <f name="type" value="FVG"/>
        </fs>
    </a>
    <node xml:id="n9"/>
    <a label="vchunk" ref="n9" as="xces">
        <fs>
            <f name="voice" value="active"/>
            <f name="tense" value="SimPre"/>
            <f name="type" value="FVG"/>
        </fs>
    </a>
    <edge xml:id="lnk35" from="n26" to="penn-n276"/>
    <edge xml:id="lnk34" from="n25" to="penn-n272"/>
    <edge xml:id="lnk33" from="n24" to="penn-n267"/>
    <edge xml:id="lnk32" from="n24" to="penn-n266"/>
    <edge xml:id="lnk31" from="n24" to="penn-n265"/>
    <edge xml:id="lnk30" from="n23" to="penn-n262"/>
    <edge xml:id="lnk9" from="n14" to="penn-n146"/>
    <edge xml:id="lnk8" from="n13" to="penn-n144"/>
    <edge xml:id="lnk7" from="n12" to="penn-n140"/>
    <edge xml:id="lnk6" from="n12" to="penn-n139"/>
    <edge xml:id="lnk5" from="n11" to="penn-n131"/>
    <edge xml:id="lnk4" from="n11" to="penn-n130"/>
    <edge xml:id="lnk3" from="n10" to="penn-n123"/>
    <edge xml:id="lnk2" from="n10" to="penn-n122"/>
    <edge xml:id="lnk1" from="n1" to="penn-n3"/>
    <edge xml:id="lnk0" from="n0" to="penn-n0"/>
    <edge xml:id="lnk29" from="n22" to="penn-n238"/>
    <edge xml:id="lnk28" from="n22" to="penn-n237"/>
    <edge xml:id="lnk27" from="n21" to="penn-n236"/>
    <edge xml:id="lnk26" from="n21" to="penn-n235"/>
    <edge xml:id="lnk57" from="n9" to="penn-n113"/>
    <edge xml:id="lnk25" from="n21" to="penn-n234"/>
    <edge xml:id="lnk56" from="n8" to="penn-n105"/>
    <edge xml:id="lnk24" from="n20" to="penn-n224"/>
    <edge xml:id="lnk55" from="n8" to="penn-n104"/>
    <edge xml:id="lnk23" from="n20" to="penn-n223"/>
    <edge xml:id="lnk54" from="n8" to="penn-n103"/>
    <edge xml:id="lnk22" from="n2" to="penn-n21"/>
    <edge xml:id="lnk53" from="n8" to="penn-n102"/>
    <edge xml:id="lnk21" from="n2" to="penn-n20"/>
    <edge xml:id="lnk52" from="n8" to="penn-n101"/>
    <edge xml:id="lnk20" from="n19" to="penn-n213"/>
    <edge xml:id="lnk51" from="n7" to="penn-n94"/>
    <edge xml:id="lnk50" from="n6" to="penn-n84"/>
    <edge xml:id="lnk19" from="n19" to="penn-n212"/>
    <edge xml:id="lnk18" from="n18" to="penn-n192"/>
    <edge xml:id="lnk49" from="n5" to="penn-n78"/>
    <edge xml:id="lnk17" from="n18" to="penn-n191"/>
    <edge xml:id="lnk48" from="n4" to="penn-n68"/>
    <edge xml:id="lnk16" from="n17" to="penn-n179"/>
    <edge xml:id="lnk47" from="n4" to="penn-n67"/>
    <edge xml:id="lnk15" from="n17" to="penn-n178"/>
    <edge xml:id="lnk46" from="n32" to="penn-n316"/>
    <edge xml:id="lnk14" from="n16" to="penn-n177"/>
    <edge xml:id="lnk45" from="n31" to="penn-n308"/>
    <edge xml:id="lnk13" from="n16" to="penn-n176"/>
    <edge xml:id="lnk44" from="n30" to="penn-n302"/>
    <edge xml:id="lnk12" from="n15" to="penn-n174"/>
    <edge xml:id="lnk43" from="n30" to="penn-n301"/>
    <edge xml:id="lnk11" from="n15" to="penn-n173"/>
    <edge xml:id="lnk42" from="n30" to="penn-n300"/>
    <edge xml:id="lnk10" from="n14" to="penn-n147"/>
    <edge xml:id="lnk41" from="n3" to="penn-n59"/>
    <edge xml:id="lnk40" from="n29" to="penn-n290"/>
    <edge xml:id="lnk39" from="n29" to="penn-n289"/>
    <edge xml:id="lnk38" from="n28" to="penn-n284"/>
    <edge xml:id="lnk37" from="n27" to="penn-n281"/>
    <edge xml:id="lnk36" from="n26" to="penn-n277"/>
</graph>
