<?xml version="1.0" encoding="UTF-8"?>
<graph xmlns="http://www.xces.org/ns/GrAF/1.0/">
    <header>
        <tagsDecl>
            <tagUsage gi="tok" occurs="336"/>
        </tagsDecl>
        <dependencies>
            <dependsOn type="seg"/>
        </dependencies>
        <annotationSets>
            <annotationSet name="PTB" type="http://www.cis.upenn.edu/~treebank/"/>
        </annotationSets>
    </header>
    <node xml:id="ptb-n00003">
        <link targets="seg-r0"/>
    </node>
    <a label="tok" ref="ptb-n00003" as="PTB">
        <fs>
            <f name="msd" value="NNP"/>
        </fs>
    </a>
    <node xml:id="ptb-n00004">
        <link targets="seg-r2"/>
    </node>
    <a label="tok" ref="ptb-n00004" as="PTB">
        <fs>
            <f name="msd" value="CD"/>
        </fs>
    </a>
    <node xml:id="ptb-n00005">
        <link targets="seg-r3"/>
    </node>
    <a label="tok" ref="ptb-n00005" as="PTB">
        <fs>
            <f name="msd" value=","/>
        </fs>
    </a>
    <node xml:id="ptb-n00007">
        <link targets="seg-r4"/>
    </node>
    <a label="tok" ref="ptb-n00007" as="PTB">
        <fs>
            <f name="msd" value="CD"/>
        </fs>
    </a>
    <node xml:id="ptb-n00009">
        <link targets="seg-r6"/>
    </node>
    <a label="tok" ref="ptb-n00009" as="PTB">
        <fs>
            <f name="msd" value="JJ"/>
        </fs>
    </a>
    <node xml:id="ptb-n00010">
        <link targets="seg-r8"/>
    </node>
    <a label="tok" ref="ptb-n00010" as="PTB">
        <fs>
            <f name="msd" value="NNP"/>
        </fs>
    </a>
    <node xml:id="ptb-n00011">
        <link targets="seg-r9"/>
    </node>
    <a label="tok" ref="ptb-n00011" as="PTB">
        <fs>
            <f name="msd" value="."/>
        </fs>
    </a>
    <node xml:id="ptb-n00013">
        <link targets="seg-r11"/>
    </node>
    <a label="tok" ref="ptb-n00013" as="PTB">
        <fs>
            <f name="msd" value="WDT"/>
        </fs>
    </a>
    <node xml:id="ptb-n00014">
        <link targets="seg-r13"/>
    </node>
    <a label="tok" ref="ptb-n00014" as="PTB">
        <fs>
            <f name="msd" value="DT"/>
        </fs>
    </a>
    <node xml:id="ptb-n00015">
        <link targets="seg-r15"/>
    </node>
    <a label="tok" ref="ptb-n00015" as="PTB">
        <fs>
            <f name="msd" value="NN"/>
        </fs>
    </a>
    <node xml:id="ptb-n00016">
        <link targets="seg-r16"/>
    </node>
    <a label="tok" ref="ptb-n00016" as="PTB">
        <fs>
            <f name="msd" value="."/>
        </fs>
    </a>
    <node xml:id="ptb-n00018">
        <link targets="seg-r18"/>
    </node>
    <a label="tok" ref="ptb-n00018" as="PTB">
        <fs>
            <f name="msd" value="CC"/>
        </fs>
    </a>
    <node xml:id="ptb-n00020">
        <link targets="seg-r20"/>
    </node>
    <a label="tok" ref="ptb-n00020" as="PTB">
        <fs>
            <f name="msd" value="PRP"/>
        </fs>
    </a>
    <node xml:id="ptb-n00022">
        <link targets="seg-r21"/>
    </node>
    <a label="tok" ref="ptb-n00022" as="PTB">
        <fs>
            <f name="msd" value="VBP"/>
        </fs>
    </a>
    <node xml:id="ptb-n00024">
        <link targets="seg-r23"/>
    </node>
    <a label="tok" ref="ptb-n00024" as="PTB">
        <fs>
            <f name="msd" value="RB"/>
        </fs>
    </a>
    <node xml:id="ptb-n00026">
        <link targets="seg-r25"/>
    </node>
    <a label="tok" ref="ptb-n00026" as="PTB">
        <fs>
            <f name="msd" value="VBG"/>
        </fs>
    </a>
    <node xml:id="ptb-n00031">
        <link targets="seg-r27"/>
    </node>
    <a label="tok" ref="ptb-n00031" as="PTB">
        <fs>
            <f name="msd" value="VBN"/>
        </fs>
    </a>
    <node xml:id="ptb-n00032">
        <link targets="seg-r28"/>
    </node>
    <a label="tok" ref="ptb-n00032" as="PTB">
        <fs>
            <f name="msd" value="."/>
        </fs>
    </a>
    <node xml:id="ptb-n00035">
        <link targets="seg-r30"/>
    </node>
    <a label="tok" ref="ptb-n00035" as="PTB">
        <fs>
            <f name="msd" value="PRP"/>
        </fs>
    </a>
    <node xml:id="ptb-n00037">
        <link targets="seg-r32"/>
    </node>
    <a label="tok" ref="ptb-n00037" as="PTB">
        <fs>
            <f name="msd" value="VBP"/>
        </fs>
    </a>
    <node xml:id="ptb-n00042">
        <link targets="seg-r34"/>
    </node>
    <a label="tok" ref="ptb-n00042" as="PTB">
        <fs>
            <f name="msd" value="PRP"/>
        </fs>
    </a>
    <node xml:id="ptb-n00044">
        <link targets="seg-r35"/>
    </node>
    <a label="tok" ref="ptb-n00044" as="PTB">
        <fs>
            <f name="msd" value="MD"/>
        </fs>
    </a>
    <node xml:id="ptb-n00046">
        <link targets="seg-r37"/>
    </node>
    <a label="tok" ref="ptb-n00046" as="PTB">
        <fs>
            <f name="msd" value="VB"/>
        </fs>
    </a>
    <node xml:id="ptb-n00051">
        <link targets="seg-r39"/>
    </node>
    <a label="tok" ref="ptb-n00051" as="PTB">
        <fs>
            <f name="msd" value="VBG"/>
        </fs>
    </a>
    <node xml:id="ptb-n00054">
        <link targets="seg-r41"/>
    </node>
    <a label="tok" ref="ptb-n00054" as="PTB">
        <fs>
            <f name="msd" value="PRP$"/>
        </fs>
    </a>
    <node xml:id="ptb-n00055">
        <link targets="seg-r43"/>
    </node>
    <a label="tok" ref="ptb-n00055" as="PTB">
        <fs>
            <f name="msd" value="NN"/>
        </fs>
    </a>
    <node xml:id="ptb-n00057">
        <link targets="seg-r45"/>
    </node>
    <a label="tok" ref="ptb-n00057" as="PTB">
        <fs>
            <f name="msd" value="IN"/>
        </fs>
    </a>
    <node xml:id="ptb-n00060">
        <link targets="seg-r47"/>
    </node>
    <a label="tok" ref="ptb-n00060" as="PTB">
        <fs>
            <f name="msd" value="NNP"/>
        </fs>
    </a>
    <node xml:id="ptb-n00061">
        <link targets="seg-r48"/>
    </node>
    <a label="tok" ref="ptb-n00061" as="PTB">
        <fs>
            <f name="msd" value="POS"/>
        </fs>
    </a>
    <node xml:id="ptb-n00062">
        <link targets="seg-r50"/>
    </node>
    <a label="tok" ref="ptb-n00062" as="PTB">
        <fs>
            <f name="msd" value="JJ"/>
        </fs>
    </a>
    <node xml:id="ptb-n00063">
        <link targets="seg-r52"/>
    </node>
    <a label="tok" ref="ptb-n00063" as="PTB">
        <fs>
            <f name="msd" value="NNS"/>
        </fs>
    </a>
    <node xml:id="ptb-n00065">
        <link targets="seg-r54"/>
    </node>
    <a label="tok" ref="ptb-n00065" as="PTB">
        <fs>
            <f name="msd" value="IN"/>
        </fs>
    </a>
    <node xml:id="ptb-n00070">
        <link targets="seg-r56"/>
    </node>
    <a label="tok" ref="ptb-n00070" as="PTB">
        <fs>
            <f name="msd" value="VBG"/>
        </fs>
    </a>
    <node xml:id="ptb-n00073">
        <link targets="seg-r58"/>
    </node>
    <a label="tok" ref="ptb-n00073" as="PTB">
        <fs>
            <f name="msd" value="PRP$"/>
        </fs>
    </a>
    <node xml:id="ptb-n00074">
        <link targets="seg-r60"/>
    </node>
    <a label="tok" ref="ptb-n00074" as="PTB">
        <fs>
            <f name="msd" value="JJ"/>
        </fs>
    </a>
    <node xml:id="ptb-n00075">
        <link targets="seg-r62"/>
    </node>
    <a label="tok" ref="ptb-n00075" as="PTB">
        <fs>
            <f name="msd" value="NN"/>
        </fs>
    </a>
    <node xml:id="ptb-n00077">
        <link targets="seg-r64"/>
    </node>
    <a label="tok" ref="ptb-n00077" as="PTB">
        <fs>
            <f name="msd" value="IN"/>
        </fs>
    </a>
    <node xml:id="ptb-n00079">
        <link targets="seg-r66"/>
    </node>
    <a label="tok" ref="ptb-n00079" as="PTB">
        <fs>
            <f name="msd" value="$"/>
        </fs>
    </a>
    <node xml:id="ptb-n00080">
        <link targets="seg-r68"/>
    </node>
    <a label="tok" ref="ptb-n00080" as="PTB">
        <fs>
            <f name="msd" value="CD"/>
        </fs>
    </a>
    <node xml:id="ptb-n00082">
        <link targets="seg-r69"/>
    </node>
    <a label="tok" ref="ptb-n00082" as="PTB">
        <fs>
            <f name="msd" value="."/>
        </fs>
    </a>
    <node xml:id="ptb-n00085">
        <link targets="seg-r71"/>
    </node>
    <a label="tok" ref="ptb-n00085" as="PTB">
        <fs>
            <f name="msd" value="PRP"/>
        </fs>
    </a>
    <node xml:id="ptb-n00087">
        <link targets="seg-r73"/>
    </node>
    <a label="tok" ref="ptb-n00087" as="PTB">
        <fs>
            <f name="msd" value="MD"/>
        </fs>
    </a>
    <node xml:id="ptb-n00089">
        <link targets="seg-r75"/>
    </node>
    <a label="tok" ref="ptb-n00089" as="PTB">
        <fs>
            <f name="msd" value="VB"/>
        </fs>
    </a>
    <node xml:id="ptb-n00091">
        <link targets="seg-r77"/>
    </node>
    <a label="tok" ref="ptb-n00091" as="PTB">
        <fs>
            <f name="msd" value="PRP"/>
        </fs>
    </a>
    <node xml:id="ptb-n00096">
        <link targets="seg-r79"/>
    </node>
    <a label="tok" ref="ptb-n00096" as="PTB">
        <fs>
            <f name="msd" value="PRP"/>
        </fs>
    </a>
    <node xml:id="ptb-n00098">
        <link targets="seg-r81"/>
    </node>
    <a label="tok" ref="ptb-n00098" as="PTB">
        <fs>
            <f name="msd" value="VBP"/>
        </fs>
    </a>
    <node xml:id="ptb-n00100">
        <link targets="seg-r83"/>
    </node>
    <a label="tok" ref="ptb-n00100" as="PTB">
        <fs>
            <f name="msd" value="PRP$"/>
        </fs>
    </a>
    <node xml:id="ptb-n00101">
        <link targets="seg-r85"/>
    </node>
    <a label="tok" ref="ptb-n00101" as="PTB">
        <fs>
            <f name="msd" value="NN"/>
        </fs>
    </a>
    <node xml:id="ptb-n00103">
        <link targets="seg-r87"/>
    </node>
    <a label="tok" ref="ptb-n00103" as="PTB">
        <fs>
            <f name="msd" value="RB"/>
        </fs>
    </a>
    <node xml:id="ptb-n00106">
        <link targets="seg-r89"/>
    </node>
    <a label="tok" ref="ptb-n00106" as="PTB">
        <fs>
            <f name="msd" value="RB"/>
        </fs>
    </a>
    <node xml:id="ptb-n00107">
        <link targets="seg-r91"/>
    </node>
    <a label="tok" ref="ptb-n00107" as="PTB">
        <fs>
            <f name="msd" value="RB"/>
        </fs>
    </a>
    <node xml:id="ptb-n00109">
        <link targets="seg-r93"/>
    </node>
    <a label="tok" ref="ptb-n00109" as="PTB">
        <fs>
            <f name="msd" value="IN"/>
        </fs>
    </a>
    <node xml:id="ptb-n00111">
        <link targets="seg-r95"/>
    </node>
    <a label="tok" ref="ptb-n00111" as="PTB">
        <fs>
            <f name="msd" value="RB"/>
        </fs>
    </a>
    <node xml:id="ptb-n00112">
        <link targets="seg-r97"/>
    </node>
    <a label="tok" ref="ptb-n00112" as="PTB">
        <fs>
            <f name="msd" value="RB"/>
        </fs>
    </a>
    <node xml:id="ptb-n00113">
        <link targets="seg-r98"/>
    </node>
    <a label="tok" ref="ptb-n00113" as="PTB">
        <fs>
            <f name="msd" value="."/>
        </fs>
    </a>
    <node xml:id="ptb-n00118">
        <link targets="seg-r100"/>
    </node>
    <a label="tok" ref="ptb-n00118" as="PTB">
        <fs>
            <f name="msd" value="DT"/>
        </fs>
    </a>
    <node xml:id="ptb-n00120">
        <link targets="seg-r102"/>
    </node>
    <a label="tok" ref="ptb-n00120" as="PTB">
        <fs>
            <f name="msd" value="IN"/>
        </fs>
    </a>
    <node xml:id="ptb-n00122">
        <link targets="seg-r104"/>
    </node>
    <a label="tok" ref="ptb-n00122" as="PTB">
        <fs>
            <f name="msd" value="PRP$"/>
        </fs>
    </a>
    <node xml:id="ptb-n00123">
        <link targets="seg-r106"/>
    </node>
    <a label="tok" ref="ptb-n00123" as="PTB">
        <fs>
            <f name="msd" value="JJ"/>
        </fs>
    </a>
    <node xml:id="ptb-n00124">
        <link targets="seg-r108"/>
    </node>
    <a label="tok" ref="ptb-n00124" as="PTB">
        <fs>
            <f name="msd" value="NN"/>
        </fs>
    </a>
    <node xml:id="ptb-n00125">
        <link targets="seg-r110"/>
    </node>
    <a label="tok" ref="ptb-n00125" as="PTB">
        <fs>
            <f name="msd" value="NN"/>
        </fs>
    </a>
    <node xml:id="ptb-n00126">
        <link targets="seg-r112"/>
    </node>
    <a label="tok" ref="ptb-n00126" as="PTB">
        <fs>
            <f name="msd" value="NNS"/>
        </fs>
    </a>
    <node xml:id="ptb-n00128">
        <link targets="seg-r114"/>
    </node>
    <a label="tok" ref="ptb-n00128" as="PTB">
        <fs>
            <f name="msd" value="VBP"/>
        </fs>
    </a>
    <node xml:id="ptb-n00130">
        <link targets="seg-r116"/>
    </node>
    <a label="tok" ref="ptb-n00130" as="PTB">
        <fs>
            <f name="msd" value="VBN"/>
        </fs>
    </a>
    <node xml:id="ptb-n00134">
        <link targets="seg-r118"/>
    </node>
    <a label="tok" ref="ptb-n00134" as="PTB">
        <fs>
            <f name="msd" value="TO"/>
        </fs>
    </a>
    <node xml:id="ptb-n00136">
        <link targets="seg-r120"/>
    </node>
    <a label="tok" ref="ptb-n00136" as="PTB">
        <fs>
            <f name="msd" value="NN"/>
        </fs>
    </a>
    <node xml:id="ptb-n00138">
        <link targets="seg-r122"/>
    </node>
    <a label="tok" ref="ptb-n00138" as="PTB">
        <fs>
            <f name="msd" value="LRB"/>
        </fs>
    </a>
    <node xml:id="ptb-n00140">
        <link targets="seg-r123"/>
    </node>
    <a label="tok" ref="ptb-n00140" as="PTB">
        <fs>
            <f name="msd" value="CC"/>
        </fs>
    </a>
    <node xml:id="ptb-n00141">
        <link targets="seg-r124"/>
    </node>
    <a label="tok" ref="ptb-n00141" as="PTB">
        <fs>
            <f name="msd" value=","/>
        </fs>
    </a>
    <node xml:id="ptb-n00144">
        <link targets="seg-r126"/>
    </node>
    <a label="tok" ref="ptb-n00144" as="PTB">
        <fs>
            <f name="msd" value="NN"/>
        </fs>
    </a>
    <node xml:id="ptb-n00146">
        <link targets="seg-r128"/>
    </node>
    <a label="tok" ref="ptb-n00146" as="PTB">
        <fs>
            <f name="msd" value="VB"/>
        </fs>
    </a>
    <node xml:id="ptb-n00148">
        <link targets="seg-r130"/>
    </node>
    <a label="tok" ref="ptb-n00148" as="PTB">
        <fs>
            <f name="msd" value="VBN"/>
        </fs>
    </a>
    <node xml:id="ptb-n00151">
        <link targets="seg-r131"/>
    </node>
    <a label="tok" ref="ptb-n00151" as="PTB">
        <fs>
            <f name="msd" value=","/>
        </fs>
    </a>
    <node xml:id="ptb-n00153">
        <link targets="seg-r133"/>
    </node>
    <a label="tok" ref="ptb-n00153" as="PTB">
        <fs>
            <f name="msd" value="IN"/>
        </fs>
    </a>
    <node xml:id="ptb-n00157">
        <link targets="seg-r135"/>
    </node>
    <a label="tok" ref="ptb-n00157" as="PTB">
        <fs>
            <f name="msd" value="RB"/>
        </fs>
    </a>
    <node xml:id="ptb-n00158">
        <link targets="seg-r137"/>
    </node>
    <a label="tok" ref="ptb-n00158" as="PTB">
        <fs>
            <f name="msd" value="CD"/>
        </fs>
    </a>
    <node xml:id="ptb-n00159">
        <link targets="seg-r139"/>
    </node>
    <a label="tok" ref="ptb-n00159" as="PTB">
        <fs>
            <f name="msd" value="CC"/>
        </fs>
    </a>
    <node xml:id="ptb-n00160">
        <link targets="seg-r141"/>
    </node>
    <a label="tok" ref="ptb-n00160" as="PTB">
        <fs>
            <f name="msd" value="CD"/>
        </fs>
    </a>
    <node xml:id="ptb-n00161">
        <link targets="seg-r143"/>
    </node>
    <a label="tok" ref="ptb-n00161" as="PTB">
        <fs>
            <f name="msd" value="JJ"/>
        </fs>
    </a>
    <node xml:id="ptb-n00162">
        <link targets="seg-r145"/>
    </node>
    <a label="tok" ref="ptb-n00162" as="PTB">
        <fs>
            <f name="msd" value="VBG"/>
        </fs>
    </a>
    <node xml:id="ptb-n00163">
        <link targets="seg-r147"/>
    </node>
    <a label="tok" ref="ptb-n00163" as="PTB">
        <fs>
            <f name="msd" value="NNS"/>
        </fs>
    </a>
    <node xml:id="ptb-n00165">
        <link targets="seg-r149"/>
    </node>
    <a label="tok" ref="ptb-n00165" as="PTB">
        <fs>
            <f name="msd" value="VBN"/>
        </fs>
    </a>
    <node xml:id="ptb-n00169">
        <link targets="seg-r151"/>
    </node>
    <a label="tok" ref="ptb-n00169" as="PTB">
        <fs>
            <f name="msd" value="RB"/>
        </fs>
    </a>
    <node xml:id="ptb-n00170">
        <link targets="seg-r152"/>
    </node>
    <a label="tok" ref="ptb-n00170" as="PTB">
        <fs>
            <f name="msd" value="RRB"/>
        </fs>
    </a>
    <node xml:id="ptb-n00171">
        <link targets="seg-r154"/>
    </node>
    <a label="tok" ref="ptb-n00171" as="PTB">
        <fs>
            <f name="msd" value="CC"/>
        </fs>
    </a>
    <node xml:id="ptb-n00174">
        <link targets="seg-r156"/>
    </node>
    <a label="tok" ref="ptb-n00174" as="PTB">
        <fs>
            <f name="msd" value="PRP"/>
        </fs>
    </a>
    <node xml:id="ptb-n00176">
        <link targets="seg-r158"/>
    </node>
    <a label="tok" ref="ptb-n00176" as="PTB">
        <fs>
            <f name="msd" value="VBP"/>
        </fs>
    </a>
    <node xml:id="ptb-n00179">
        <link targets="seg-r160"/>
    </node>
    <a label="tok" ref="ptb-n00179" as="PTB">
        <fs>
            <f name="msd" value="DT"/>
        </fs>
    </a>
    <node xml:id="ptb-n00180">
        <link targets="seg-r162"/>
    </node>
    <a label="tok" ref="ptb-n00180" as="PTB">
        <fs>
            <f name="msd" value="NN"/>
        </fs>
    </a>
    <node xml:id="ptb-n00181">
        <link targets="seg-r164"/>
    </node>
    <a label="tok" ref="ptb-n00181" as="PTB">
        <fs>
            <f name="msd" value="NN"/>
        </fs>
    </a>
    <node xml:id="ptb-n00183">
        <link targets="seg-r166"/>
    </node>
    <a label="tok" ref="ptb-n00183" as="PTB">
        <fs>
            <f name="msd" value="IN"/>
        </fs>
    </a>
    <node xml:id="ptb-n00186">
        <link targets="seg-r168"/>
    </node>
    <a label="tok" ref="ptb-n00186" as="PTB">
        <fs>
            <f name="msd" value="CD"/>
        </fs>
    </a>
    <node xml:id="ptb-n00187">
        <link targets="seg-r170"/>
    </node>
    <a label="tok" ref="ptb-n00187" as="PTB">
        <fs>
            <f name="msd" value="NNS"/>
        </fs>
    </a>
    <node xml:id="ptb-n00190">
        <link targets="seg-r172"/>
    </node>
    <a label="tok" ref="ptb-n00190" as="PTB">
        <fs>
            <f name="msd" value="WP"/>
        </fs>
    </a>
    <node xml:id="ptb-n00195">
        <link targets="seg-r174"/>
    </node>
    <a label="tok" ref="ptb-n00195" as="PTB">
        <fs>
            <f name="msd" value="VBP"/>
        </fs>
    </a>
    <node xml:id="ptb-n00197">
        <link targets="seg-r176"/>
    </node>
    <a label="tok" ref="ptb-n00197" as="PTB">
        <fs>
            <f name="msd" value="VBG"/>
        </fs>
    </a>
    <node xml:id="ptb-n00202">
        <link targets="seg-r178"/>
    </node>
    <a label="tok" ref="ptb-n00202" as="PTB">
        <fs>
            <f name="msd" value="TO"/>
        </fs>
    </a>
    <node xml:id="ptb-n00204">
        <link targets="seg-r180"/>
    </node>
    <a label="tok" ref="ptb-n00204" as="PTB">
        <fs>
            <f name="msd" value="VB"/>
        </fs>
    </a>
    <node xml:id="ptb-n00206">
        <link targets="seg-r182"/>
    </node>
    <a label="tok" ref="ptb-n00206" as="PTB">
        <fs>
            <f name="msd" value="IN"/>
        </fs>
    </a>
    <node xml:id="ptb-n00209">
        <link targets="seg-r184"/>
    </node>
    <a label="tok" ref="ptb-n00209" as="PTB">
        <fs>
            <f name="msd" value="DT"/>
        </fs>
    </a>
    <node xml:id="ptb-n00210">
        <link targets="seg-r186"/>
    </node>
    <a label="tok" ref="ptb-n00210" as="PTB">
        <fs>
            <f name="msd" value="NN"/>
        </fs>
    </a>
    <node xml:id="ptb-n00212">
        <link targets="seg-r188"/>
    </node>
    <a label="tok" ref="ptb-n00212" as="PTB">
        <fs>
            <f name="msd" value="MD"/>
        </fs>
    </a>
    <node xml:id="ptb-n00214">
        <link targets="seg-r190"/>
    </node>
    <a label="tok" ref="ptb-n00214" as="PTB">
        <fs>
            <f name="msd" value="VB"/>
        </fs>
    </a>
    <node xml:id="ptb-n00215">
        <link targets="seg-r191"/>
    </node>
    <a label="tok" ref="ptb-n00215" as="PTB">
        <fs>
            <f name="msd" value="."/>
        </fs>
    </a>
    <node xml:id="ptb-n00219">
        <link targets="seg-r193"/>
    </node>
    <a label="tok" ref="ptb-n00219" as="PTB">
        <fs>
            <f name="msd" value="RB"/>
        </fs>
    </a>
    <node xml:id="ptb-n00220">
        <link targets="seg-r195"/>
    </node>
    <a label="tok" ref="ptb-n00220" as="PTB">
        <fs>
            <f name="msd" value="JJR"/>
        </fs>
    </a>
    <node xml:id="ptb-n00221">
        <link targets="seg-r197"/>
    </node>
    <a label="tok" ref="ptb-n00221" as="PTB">
        <fs>
            <f name="msd" value="NN"/>
        </fs>
    </a>
    <node xml:id="ptb-n00222">
        <link targets="seg-r199"/>
    </node>
    <a label="tok" ref="ptb-n00222" as="PTB">
        <fs>
            <f name="msd" value="NNS"/>
        </fs>
    </a>
    <node xml:id="ptb-n00224">
        <link targets="seg-r201"/>
    </node>
    <a label="tok" ref="ptb-n00224" as="PTB">
        <fs>
            <f name="msd" value="VBP"/>
        </fs>
    </a>
    <node xml:id="ptb-n00226">
        <link targets="seg-r203"/>
    </node>
    <a label="tok" ref="ptb-n00226" as="PTB">
        <fs>
            <f name="msd" value="VBG"/>
        </fs>
    </a>
    <node xml:id="ptb-n00228">
        <link targets="seg-r205"/>
    </node>
    <a label="tok" ref="ptb-n00228" as="PTB">
        <fs>
            <f name="msd" value="IN"/>
        </fs>
    </a>
    <node xml:id="ptb-n00231">
        <link targets="seg-r207"/>
    </node>
    <a label="tok" ref="ptb-n00231" as="PTB">
        <fs>
            <f name="msd" value="JJ"/>
        </fs>
    </a>
    <node xml:id="ptb-n00232">
        <link targets="seg-r209"/>
    </node>
    <a label="tok" ref="ptb-n00232" as="PTB">
        <fs>
            <f name="msd" value="NNS"/>
        </fs>
    </a>
    <node xml:id="ptb-n00234">
        <link targets="seg-r211"/>
    </node>
    <a label="tok" ref="ptb-n00234" as="PTB">
        <fs>
            <f name="msd" value="JJ"/>
        </fs>
    </a>
    <node xml:id="ptb-n00235">
        <link targets="seg-r213"/>
    </node>
    <a label="tok" ref="ptb-n00235" as="PTB">
        <fs>
            <f name="msd" value="IN"/>
        </fs>
    </a>
    <node xml:id="ptb-n00238">
        <link targets="seg-r215"/>
    </node>
    <a label="tok" ref="ptb-n00238" as="PTB">
        <fs>
            <f name="msd" value="NN"/>
        </fs>
    </a>
    <node xml:id="ptb-n00239">
        <link targets="seg-r217"/>
    </node>
    <a label="tok" ref="ptb-n00239" as="PTB">
        <fs>
            <f name="msd" value="JJ"/>
        </fs>
    </a>
    <node xml:id="ptb-n00240">
        <link targets="seg-r219"/>
    </node>
    <a label="tok" ref="ptb-n00240" as="PTB">
        <fs>
            <f name="msd" value="CC"/>
        </fs>
    </a>
    <node xml:id="ptb-n00242">
        <link targets="seg-r221"/>
    </node>
    <a label="tok" ref="ptb-n00242" as="PTB">
        <fs>
            <f name="msd" value="NN"/>
        </fs>
    </a>
    <node xml:id="ptb-n00243">
        <link targets="seg-r223"/>
    </node>
    <a label="tok" ref="ptb-n00243" as="PTB">
        <fs>
            <f name="msd" value="NN"/>
        </fs>
    </a>
    <node xml:id="ptb-n00244">
        <link targets="seg-r225"/>
    </node>
    <a label="tok" ref="ptb-n00244" as="PTB">
        <fs>
            <f name="msd" value="NNS"/>
        </fs>
    </a>
    <node xml:id="ptb-n00245">
        <link targets="seg-r226"/>
    </node>
    <a label="tok" ref="ptb-n00245" as="PTB">
        <fs>
            <f name="msd" value="."/>
        </fs>
    </a>
    <node xml:id="ptb-n00249">
        <link targets="seg-r228"/>
    </node>
    <a label="tok" ref="ptb-n00249" as="PTB">
        <fs>
            <f name="msd" value="PRP"/>
        </fs>
    </a>
    <node xml:id="ptb-n00251">
        <link targets="seg-r230"/>
    </node>
    <a label="tok" ref="ptb-n00251" as="PTB">
        <fs>
            <f name="msd" value="VBZ"/>
        </fs>
    </a>
    <node xml:id="ptb-n00256">
        <link targets="seg-r232"/>
    </node>
    <a label="tok" ref="ptb-n00256" as="PTB">
        <fs>
            <f name="msd" value="NN"/>
        </fs>
    </a>
    <node xml:id="ptb-n00257">
        <link targets="seg-r234"/>
    </node>
    <a label="tok" ref="ptb-n00257" as="PTB">
        <fs>
            <f name="msd" value="NNS"/>
        </fs>
    </a>
    <node xml:id="ptb-n00259">
        <link targets="seg-r236"/>
    </node>
    <a label="tok" ref="ptb-n00259" as="PTB">
        <fs>
            <f name="msd" value="VBP"/>
        </fs>
    </a>
    <node xml:id="ptb-n00260">
        <link targets="seg-r237"/>
    </node>
    <a label="tok" ref="ptb-n00260" as="PTB">
        <fs>
            <f name="msd" value="RB"/>
        </fs>
    </a>
    <node xml:id="ptb-n00262">
        <link targets="seg-r239"/>
    </node>
    <a label="tok" ref="ptb-n00262" as="PTB">
        <fs>
            <f name="msd" value="RB"/>
        </fs>
    </a>
    <node xml:id="ptb-n00263">
        <link targets="seg-r241"/>
    </node>
    <a label="tok" ref="ptb-n00263" as="PTB">
        <fs>
            <f name="msd" value="JJ"/>
        </fs>
    </a>
    <node xml:id="ptb-n00265">
        <link targets="seg-r243"/>
    </node>
    <a label="tok" ref="ptb-n00265" as="PTB">
        <fs>
            <f name="msd" value="IN"/>
        </fs>
    </a>
    <node xml:id="ptb-n00268">
        <link targets="seg-r245"/>
    </node>
    <a label="tok" ref="ptb-n00268" as="PTB">
        <fs>
            <f name="msd" value="JJ"/>
        </fs>
    </a>
    <node xml:id="ptb-n00269">
        <link targets="seg-r247"/>
    </node>
    <a label="tok" ref="ptb-n00269" as="PTB">
        <fs>
            <f name="msd" value="NNS"/>
        </fs>
    </a>
    <node xml:id="ptb-n00272">
        <link targets="seg-r249"/>
    </node>
    <a label="tok" ref="ptb-n00272" as="PTB">
        <fs>
            <f name="msd" value="WP$"/>
        </fs>
    </a>
    <node xml:id="ptb-n00273">
        <link targets="seg-r251"/>
    </node>
    <a label="tok" ref="ptb-n00273" as="PTB">
        <fs>
            <f name="msd" value="NNS"/>
        </fs>
    </a>
    <node xml:id="ptb-n00278">
        <link targets="seg-r253"/>
    </node>
    <a label="tok" ref="ptb-n00278" as="PTB">
        <fs>
            <f name="msd" value="VBP"/>
        </fs>
    </a>
    <node xml:id="ptb-n00280">
        <link targets="seg-r255"/>
    </node>
    <a label="tok" ref="ptb-n00280" as="PTB">
        <fs>
            <f name="msd" value="JJ"/>
        </fs>
    </a>
    <node xml:id="ptb-n00281">
        <link targets="seg-r257"/>
    </node>
    <a label="tok" ref="ptb-n00281" as="PTB">
        <fs>
            <f name="msd" value="NNS"/>
        </fs>
    </a>
    <node xml:id="ptb-n00282">
        <link targets="seg-r258"/>
    </node>
    <a label="tok" ref="ptb-n00282" as="PTB">
        <fs>
            <f name="msd" value=","/>
        </fs>
    </a>
    <node xml:id="ptb-n00283">
        <link targets="seg-r260"/>
    </node>
    <a label="tok" ref="ptb-n00283" as="PTB">
        <fs>
            <f name="msd" value="CC"/>
        </fs>
    </a>
    <node xml:id="ptb-n00286">
        <link targets="seg-r262"/>
    </node>
    <a label="tok" ref="ptb-n00286" as="PTB">
        <fs>
            <f name="msd" value="PRP"/>
        </fs>
    </a>
    <node xml:id="ptb-n00288">
        <link targets="seg-r263"/>
    </node>
    <a label="tok" ref="ptb-n00288" as="PTB">
        <fs>
            <f name="msd" value="VBP"/>
        </fs>
    </a>
    <node xml:id="ptb-n00290">
        <link targets="seg-r265"/>
    </node>
    <a label="tok" ref="ptb-n00290" as="PTB">
        <fs>
            <f name="msd" value="VBG"/>
        </fs>
    </a>
    <node xml:id="ptb-n00293">
        <link targets="seg-r267"/>
    </node>
    <a label="tok" ref="ptb-n00293" as="PTB">
        <fs>
            <f name="msd" value="DT"/>
        </fs>
    </a>
    <node xml:id="ptb-n00299">
        <link targets="seg-r269"/>
    </node>
    <a label="tok" ref="ptb-n00299" as="PTB">
        <fs>
            <f name="msd" value="PRP"/>
        </fs>
    </a>
    <node xml:id="ptb-n00301">
        <link targets="seg-r271"/>
    </node>
    <a label="tok" ref="ptb-n00301" as="PTB">
        <fs>
            <f name="msd" value="MD"/>
        </fs>
    </a>
    <node xml:id="ptb-n00310">
        <link targets="seg-r273"/>
    </node>
    <a label="tok" ref="ptb-n00310" as="PTB">
        <fs>
            <f name="msd" value="TO"/>
        </fs>
    </a>
    <node xml:id="ptb-n00312">
        <link targets="seg-r275"/>
    </node>
    <a label="tok" ref="ptb-n00312" as="PTB">
        <fs>
            <f name="msd" value="VB"/>
        </fs>
    </a>
    <node xml:id="ptb-n00315">
        <link targets="seg-r277"/>
    </node>
    <a label="tok" ref="ptb-n00315" as="PTB">
        <fs>
            <f name="msd" value="NNP"/>
        </fs>
    </a>
    <node xml:id="ptb-n00317">
        <link targets="seg-r279"/>
    </node>
    <a label="tok" ref="ptb-n00317" as="PTB">
        <fs>
            <f name="msd" value="JJ"/>
        </fs>
    </a>
    <node xml:id="ptb-n00318">
        <link targets="seg-r280"/>
    </node>
    <a label="tok" ref="ptb-n00318" as="PTB">
        <fs>
            <f name="msd" value="."/>
        </fs>
    </a>
    <node xml:id="ptb-n00321">
        <link targets="seg-r282"/>
    </node>
    <a label="tok" ref="ptb-n00321" as="PTB">
        <fs>
            <f name="msd" value="DT"/>
        </fs>
    </a>
    <node xml:id="ptb-n00322">
        <link targets="seg-r284"/>
    </node>
    <a label="tok" ref="ptb-n00322" as="PTB">
        <fs>
            <f name="msd" value="''"/>
        </fs>
    </a>
    <node xml:id="ptb-n00323">
        <link targets="seg-r285"/>
    </node>
    <a label="tok" ref="ptb-n00323" as="PTB">
        <fs>
            <f name="msd" value="PRP"/>
        </fs>
    </a>
    <node xml:id="ptb-n00324">
        <link targets="seg-r286"/>
    </node>
    <a label="tok" ref="ptb-n00324" as="PTB">
        <fs>
            <f name="msd" value="''"/>
        </fs>
    </a>
    <node xml:id="ptb-n00326">
        <link targets="seg-r288"/>
    </node>
    <a label="tok" ref="ptb-n00326" as="PTB">
        <fs>
            <f name="msd" value="VBZ"/>
        </fs>
    </a>
    <node xml:id="ptb-n00328">
        <link targets="seg-r290"/>
    </node>
    <a label="tok" ref="ptb-n00328" as="PTB">
        <fs>
            <f name="msd" value="DT"/>
        </fs>
    </a>
    <node xml:id="ptb-n00330">
        <link targets="seg-r292"/>
    </node>
    <a label="tok" ref="ptb-n00330" as="PTB">
        <fs>
            <f name="msd" value="NNP"/>
        </fs>
    </a>
    <node xml:id="ptb-n00331">
        <link targets="seg-r294"/>
    </node>
    <a label="tok" ref="ptb-n00331" as="PTB">
        <fs>
            <f name="msd" value="NNP"/>
        </fs>
    </a>
    <node xml:id="ptb-n00332">
        <link targets="seg-r296"/>
    </node>
    <a label="tok" ref="ptb-n00332" as="PTB">
        <fs>
            <f name="msd" value="NNS"/>
        </fs>
    </a>
    <node xml:id="ptb-n00333">
        <link targets="seg-r297"/>
    </node>
    <a label="tok" ref="ptb-n00333" as="PTB">
        <fs>
            <f name="msd" value="."/>
        </fs>
    </a>
    <node xml:id="ptb-n00336">
        <link targets="seg-r299"/>
    </node>
    <a label="tok" ref="ptb-n00336" as="PTB">
        <fs>
            <f name="msd" value="DT"/>
        </fs>
    </a>
    <node xml:id="ptb-n00338">
        <link targets="seg-r301"/>
    </node>
    <a label="tok" ref="ptb-n00338" as="PTB">
        <fs>
            <f name="msd" value="CD"/>
        </fs>
    </a>
    <node xml:id="ptb-n00339">
        <link targets="seg-r303"/>
    </node>
    <a label="tok" ref="ptb-n00339" as="PTB">
        <fs>
            <f name="msd" value="CC"/>
        </fs>
    </a>
    <node xml:id="ptb-n00340">
        <link targets="seg-r305"/>
    </node>
    <a label="tok" ref="ptb-n00340" as="PTB">
        <fs>
            <f name="msd" value="RB"/>
        </fs>
    </a>
    <node xml:id="ptb-n00341">
        <link targets="seg-r307"/>
    </node>
    <a label="tok" ref="ptb-n00341" as="PTB">
        <fs>
            <f name="msd" value="NNS"/>
        </fs>
    </a>
    <node xml:id="ptb-n00343">
        <link targets="seg-r309"/>
    </node>
    <a label="tok" ref="ptb-n00343" as="PTB">
        <fs>
            <f name="msd" value="VBP"/>
        </fs>
    </a>
    <node xml:id="ptb-n00345">
        <link targets="seg-r311"/>
    </node>
    <a label="tok" ref="ptb-n00345" as="PTB">
        <fs>
            <f name="msd" value="VBN"/>
        </fs>
    </a>
    <node xml:id="ptb-n00347">
        <link targets="seg-r312"/>
    </node>
    <a label="tok" ref="ptb-n00347" as="PTB">
        <fs>
            <f name="msd" value="RP"/>
        </fs>
    </a>
    <node xml:id="ptb-n00350">
        <link targets="seg-r314"/>
    </node>
    <a label="tok" ref="ptb-n00350" as="PTB">
        <fs>
            <f name="msd" value="DT"/>
        </fs>
    </a>
    <node xml:id="ptb-n00351">
        <link targets="seg-r316"/>
    </node>
    <a label="tok" ref="ptb-n00351" as="PTB">
        <fs>
            <f name="msd" value="NN"/>
        </fs>
    </a>
    <node xml:id="ptb-n00352">
        <link targets="seg-r318"/>
    </node>
    <a label="tok" ref="ptb-n00352" as="PTB">
        <fs>
            <f name="msd" value="NN"/>
        </fs>
    </a>
    <node xml:id="ptb-n00354">
        <link targets="seg-r320"/>
    </node>
    <a label="tok" ref="ptb-n00354" as="PTB">
        <fs>
            <f name="msd" value="IN"/>
        </fs>
    </a>
    <node xml:id="ptb-n00357">
        <link targets="seg-r322"/>
    </node>
    <a label="tok" ref="ptb-n00357" as="PTB">
        <fs>
            <f name="msd" value="DT"/>
        </fs>
    </a>
    <node xml:id="ptb-n00358">
        <link targets="seg-r324"/>
    </node>
    <a label="tok" ref="ptb-n00358" as="PTB">
        <fs>
            <f name="msd" value="NN"/>
        </fs>
    </a>
    <node xml:id="ptb-n00360">
        <link targets="seg-r326"/>
    </node>
    <a label="tok" ref="ptb-n00360" as="PTB">
        <fs>
            <f name="msd" value="IN"/>
        </fs>
    </a>
    <node xml:id="ptb-n00365">
        <link targets="seg-r328"/>
    </node>
    <a label="tok" ref="ptb-n00365" as="PTB">
        <fs>
            <f name="msd" value="VBG"/>
        </fs>
    </a>
    <node xml:id="ptb-n00368">
        <link targets="seg-r330"/>
    </node>
    <a label="tok" ref="ptb-n00368" as="PTB">
        <fs>
            <f name="msd" value="$"/>
        </fs>
    </a>
    <node xml:id="ptb-n00369">
        <link targets="seg-r331 seg-r332 seg-r333"/>
    </node>
    <a label="tok" ref="ptb-n00369" as="PTB">
        <fs>
            <f name="msd" value="CD"/>
        </fs>
    </a>
    <node xml:id="ptb-n00372">
        <link targets="seg-r335"/>
    </node>
    <a label="tok" ref="ptb-n00372" as="PTB">
        <fs>
            <f name="msd" value="IN"/>
        </fs>
    </a>
    <node xml:id="ptb-n00374">
        <link targets="seg-r337"/>
    </node>
    <a label="tok" ref="ptb-n00374" as="PTB">
        <fs>
            <f name="msd" value="NNS"/>
        </fs>
    </a>
    <node xml:id="ptb-n00375">
        <link targets="seg-r338"/>
    </node>
    <a label="tok" ref="ptb-n00375" as="PTB">
        <fs>
            <f name="msd" value="."/>
        </fs>
    </a>
    <node xml:id="ptb-n00379">
        <link targets="seg-r340"/>
    </node>
    <a label="tok" ref="ptb-n00379" as="PTB">
        <fs>
            <f name="msd" value="CD"/>
        </fs>
    </a>
    <node xml:id="ptb-n00381">
        <link targets="seg-r342"/>
    </node>
    <a label="tok" ref="ptb-n00381" as="PTB">
        <fs>
            <f name="msd" value="IN"/>
        </fs>
    </a>
    <node xml:id="ptb-n00383">
        <link targets="seg-r344"/>
    </node>
    <a label="tok" ref="ptb-n00383" as="PTB">
        <fs>
            <f name="msd" value="PRP"/>
        </fs>
    </a>
    <node xml:id="ptb-n00385">
        <link targets="seg-r346"/>
    </node>
    <a label="tok" ref="ptb-n00385" as="PTB">
        <fs>
            <f name="msd" value="VBD"/>
        </fs>
    </a>
    <node xml:id="ptb-n00387">
        <link targets="seg-r348"/>
    </node>
    <a label="tok" ref="ptb-n00387" as="PTB">
        <fs>
            <f name="msd" value="PRP"/>
        </fs>
    </a>
    <node xml:id="ptb-n00389">
        <link targets="seg-r350"/>
    </node>
    <a label="tok" ref="ptb-n00389" as="PTB">
        <fs>
            <f name="msd" value="NN"/>
        </fs>
    </a>
    <node xml:id="ptb-n00391">
        <link targets="seg-r352"/>
    </node>
    <a label="tok" ref="ptb-n00391" as="PTB">
        <fs>
            <f name="msd" value="IN"/>
        </fs>
    </a>
    <node xml:id="ptb-n00394">
        <link targets="seg-r354"/>
    </node>
    <a label="tok" ref="ptb-n00394" as="PTB">
        <fs>
            <f name="msd" value="IN"/>
        </fs>
    </a>
    <node xml:id="ptb-n00396">
        <link targets="seg-r356"/>
    </node>
    <a label="tok" ref="ptb-n00396" as="PTB">
        <fs>
            <f name="msd" value="DT"/>
        </fs>
    </a>
    <node xml:id="ptb-n00397">
        <link targets="seg-r358"/>
    </node>
    <a label="tok" ref="ptb-n00397" as="PTB">
        <fs>
            <f name="msd" value="NN"/>
        </fs>
    </a>
    <node xml:id="ptb-n00399">
        <link targets="seg-r360"/>
    </node>
    <a label="tok" ref="ptb-n00399" as="PTB">
        <fs>
            <f name="msd" value="PRP"/>
        </fs>
    </a>
    <node xml:id="ptb-n00401">
        <link targets="seg-r362"/>
    </node>
    <a label="tok" ref="ptb-n00401" as="PTB">
        <fs>
            <f name="msd" value="VBD"/>
        </fs>
    </a>
    <node xml:id="ptb-n00406">
        <link targets="seg-r364"/>
    </node>
    <a label="tok" ref="ptb-n00406" as="PTB">
        <fs>
            <f name="msd" value="PRP"/>
        </fs>
    </a>
    <node xml:id="ptb-n00408">
        <link targets="seg-r366"/>
    </node>
    <a label="tok" ref="ptb-n00408" as="PTB">
        <fs>
            <f name="msd" value="VBD"/>
        </fs>
    </a>
    <node xml:id="ptb-n00413">
        <link targets="seg-r368"/>
    </node>
    <a label="tok" ref="ptb-n00413" as="PTB">
        <fs>
            <f name="msd" value="TO"/>
        </fs>
    </a>
    <node xml:id="ptb-n00415">
        <link targets="seg-r370"/>
    </node>
    <a label="tok" ref="ptb-n00415" as="PTB">
        <fs>
            <f name="msd" value="VB"/>
        </fs>
    </a>
    <node xml:id="ptb-n00417">
        <link targets="seg-r372"/>
    </node>
    <a label="tok" ref="ptb-n00417" as="PTB">
        <fs>
            <f name="msd" value="DT"/>
        </fs>
    </a>
    <node xml:id="ptb-n00418">
        <link targets="seg-r374"/>
    </node>
    <a label="tok" ref="ptb-n00418" as="PTB">
        <fs>
            <f name="msd" value="NN"/>
        </fs>
    </a>
    <node xml:id="ptb-n00423">
        <link targets="seg-r376"/>
    </node>
    <a label="tok" ref="ptb-n00423" as="PTB">
        <fs>
            <f name="msd" value="TO"/>
        </fs>
    </a>
    <node xml:id="ptb-n00425">
        <link targets="seg-r378"/>
    </node>
    <a label="tok" ref="ptb-n00425" as="PTB">
        <fs>
            <f name="msd" value="VB"/>
        </fs>
    </a>
    <node xml:id="ptb-n00427">
        <link targets="seg-r380"/>
    </node>
    <a label="tok" ref="ptb-n00427" as="PTB">
        <fs>
            <f name="msd" value="NNS"/>
        </fs>
    </a>
    <node xml:id="ptb-n00429">
        <link targets="seg-r382"/>
    </node>
    <a label="tok" ref="ptb-n00429" as="PTB">
        <fs>
            <f name="msd" value="IN"/>
        </fs>
    </a>
    <node xml:id="ptb-n00431">
        <link targets="seg-r384"/>
    </node>
    <a label="tok" ref="ptb-n00431" as="PTB">
        <fs>
            <f name="msd" value="NN"/>
        </fs>
    </a>
    <node xml:id="ptb-n00433">
        <link targets="seg-r386"/>
    </node>
    <a label="tok" ref="ptb-n00433" as="PTB">
        <fs>
            <f name="msd" value="IN"/>
        </fs>
    </a>
    <node xml:id="ptb-n00438">
        <link targets="seg-r388"/>
    </node>
    <a label="tok" ref="ptb-n00438" as="PTB">
        <fs>
            <f name="msd" value="VBG"/>
        </fs>
    </a>
    <node xml:id="ptb-n00441">
        <link targets="seg-r390"/>
    </node>
    <a label="tok" ref="ptb-n00441" as="PTB">
        <fs>
            <f name="msd" value="NN"/>
        </fs>
    </a>
    <node xml:id="ptb-n00443">
        <link targets="seg-r392"/>
    </node>
    <a label="tok" ref="ptb-n00443" as="PTB">
        <fs>
            <f name="msd" value="JJ"/>
        </fs>
    </a>
    <node xml:id="ptb-n00448">
        <link targets="seg-r394"/>
    </node>
    <a label="tok" ref="ptb-n00448" as="PTB">
        <fs>
            <f name="msd" value="TO"/>
        </fs>
    </a>
    <node xml:id="ptb-n00450">
        <link targets="seg-r396"/>
    </node>
    <a label="tok" ref="ptb-n00450" as="PTB">
        <fs>
            <f name="msd" value="VB"/>
        </fs>
    </a>
    <node xml:id="ptb-n00452">
        <link targets="seg-r398"/>
    </node>
    <a label="tok" ref="ptb-n00452" as="PTB">
        <fs>
            <f name="msd" value="PRP"/>
        </fs>
    </a>
    <node xml:id="ptb-n00453">
        <link targets="seg-r399"/>
    </node>
    <a label="tok" ref="ptb-n00453" as="PTB">
        <fs>
            <f name="msd" value="."/>
        </fs>
    </a>
    <node xml:id="ptb-n00455">
        <link targets="seg-r401"/>
    </node>
    <a label="tok" ref="ptb-n00455" as="PTB">
        <fs>
            <f name="msd" value="CC"/>
        </fs>
    </a>
    <node xml:id="ptb-n00457">
        <link targets="seg-r403"/>
    </node>
    <a label="tok" ref="ptb-n00457" as="PTB">
        <fs>
            <f name="msd" value="DT"/>
        </fs>
    </a>
    <node xml:id="ptb-n00459">
        <link targets="seg-r404"/>
    </node>
    <a label="tok" ref="ptb-n00459" as="PTB">
        <fs>
            <f name="msd" value="VBZ"/>
        </fs>
    </a>
    <node xml:id="ptb-n00461">
        <link targets="seg-r406"/>
    </node>
    <a label="tok" ref="ptb-n00461" as="PTB">
        <fs>
            <f name="msd" value="IN"/>
        </fs>
    </a>
    <node xml:id="ptb-n00464">
        <link targets="seg-r408"/>
    </node>
    <a label="tok" ref="ptb-n00464" as="PTB">
        <fs>
            <f name="msd" value="NNS"/>
        </fs>
    </a>
    <node xml:id="ptb-n00470">
        <link targets="seg-r410"/>
    </node>
    <a label="tok" ref="ptb-n00470" as="PTB">
        <fs>
            <f name="msd" value="JJ"/>
        </fs>
    </a>
    <node xml:id="ptb-n00471">
        <link targets="seg-r412"/>
    </node>
    <a label="tok" ref="ptb-n00471" as="PTB">
        <fs>
            <f name="msd" value="NNS"/>
        </fs>
    </a>
    <node xml:id="ptb-n00473">
        <link targets="seg-r414"/>
    </node>
    <a label="tok" ref="ptb-n00473" as="PTB">
        <fs>
            <f name="msd" value="VBP"/>
        </fs>
    </a>
    <node xml:id="ptb-n00477">
        <link targets="seg-r416"/>
    </node>
    <a label="tok" ref="ptb-n00477" as="PTB">
        <fs>
            <f name="msd" value="IN"/>
        </fs>
    </a>
    <node xml:id="ptb-n00479">
        <link targets="seg-r418"/>
    </node>
    <a label="tok" ref="ptb-n00479" as="PTB">
        <fs>
            <f name="msd" value="DT"/>
        </fs>
    </a>
    <node xml:id="ptb-n00480">
        <link targets="seg-r420"/>
    </node>
    <a label="tok" ref="ptb-n00480" as="PTB">
        <fs>
            <f name="msd" value="NN"/>
        </fs>
    </a>
    <node xml:id="ptb-n00481">
        <link targets="seg-r421"/>
    </node>
    <a label="tok" ref="ptb-n00481" as="PTB">
        <fs>
            <f name="msd" value="."/>
        </fs>
    </a>
    <node xml:id="ptb-n00485">
        <link targets="seg-r423"/>
    </node>
    <a label="tok" ref="ptb-n00485" as="PTB">
        <fs>
            <f name="msd" value="RB"/>
        </fs>
    </a>
    <node xml:id="ptb-n00486">
        <link targets="seg-r425"/>
    </node>
    <a label="tok" ref="ptb-n00486" as="PTB">
        <fs>
            <f name="msd" value="IN"/>
        </fs>
    </a>
    <node xml:id="ptb-n00489">
        <link targets="seg-r427"/>
    </node>
    <a label="tok" ref="ptb-n00489" as="PTB">
        <fs>
            <f name="msd" value="DT"/>
        </fs>
    </a>
    <node xml:id="ptb-n00490">
        <link targets="seg-r429"/>
    </node>
    <a label="tok" ref="ptb-n00490" as="PTB">
        <fs>
            <f name="msd" value="NN"/>
        </fs>
    </a>
    <node xml:id="ptb-n00491">
        <link targets="seg-r431"/>
    </node>
    <a label="tok" ref="ptb-n00491" as="PTB">
        <fs>
            <f name="msd" value="NNS"/>
        </fs>
    </a>
    <node xml:id="ptb-n00493">
        <link targets="seg-r433"/>
    </node>
    <a label="tok" ref="ptb-n00493" as="PTB">
        <fs>
            <f name="msd" value="VBP"/>
        </fs>
    </a>
    <node xml:id="ptb-n00495">
        <link targets="seg-r435"/>
    </node>
    <a label="tok" ref="ptb-n00495" as="PTB">
        <fs>
            <f name="msd" value="TO"/>
        </fs>
    </a>
    <node xml:id="ptb-n00497">
        <link targets="seg-r437"/>
    </node>
    <a label="tok" ref="ptb-n00497" as="PTB">
        <fs>
            <f name="msd" value="DT"/>
        </fs>
    </a>
    <node xml:id="ptb-n00498">
        <link targets="seg-r439"/>
    </node>
    <a label="tok" ref="ptb-n00498" as="PTB">
        <fs>
            <f name="msd" value="NN"/>
        </fs>
    </a>
    <node xml:id="ptb-n00499">
        <link targets="seg-r440"/>
    </node>
    <a label="tok" ref="ptb-n00499" as="PTB">
        <fs>
            <f name="msd" value=","/>
        </fs>
    </a>
    <node xml:id="ptb-n00501">
        <link targets="seg-r442"/>
    </node>
    <a label="tok" ref="ptb-n00501" as="PTB">
        <fs>
            <f name="msd" value="NNP"/>
        </fs>
    </a>
    <node xml:id="ptb-n00502">
        <link targets="seg-r444"/>
    </node>
    <a label="tok" ref="ptb-n00502" as="PTB">
        <fs>
            <f name="msd" value="NNS"/>
        </fs>
    </a>
    <node xml:id="ptb-n00504">
        <link targets="seg-r446"/>
    </node>
    <a label="tok" ref="ptb-n00504" as="PTB">
        <fs>
            <f name="msd" value="MD"/>
        </fs>
    </a>
    <node xml:id="ptb-n00506">
        <link targets="seg-r448"/>
    </node>
    <a label="tok" ref="ptb-n00506" as="PTB">
        <fs>
            <f name="msd" value="VB"/>
        </fs>
    </a>
    <node xml:id="ptb-n00508">
        <link targets="seg-r450"/>
    </node>
    <a label="tok" ref="ptb-n00508" as="PTB">
        <fs>
            <f name="msd" value="NN"/>
        </fs>
    </a>
    <node xml:id="ptb-n00510">
        <link targets="seg-r452"/>
    </node>
    <a label="tok" ref="ptb-n00510" as="PTB">
        <fs>
            <f name="msd" value="IN"/>
        </fs>
    </a>
    <node xml:id="ptb-n00513">
        <link targets="seg-r454"/>
    </node>
    <a label="tok" ref="ptb-n00513" as="PTB">
        <fs>
            <f name="msd" value="JJ"/>
        </fs>
    </a>
    <node xml:id="ptb-n00514">
        <link targets="seg-r456"/>
    </node>
    <a label="tok" ref="ptb-n00514" as="PTB">
        <fs>
            <f name="msd" value="NNS"/>
        </fs>
    </a>
    <node xml:id="ptb-n00516">
        <link targets="seg-r458"/>
    </node>
    <a label="tok" ref="ptb-n00516" as="PTB">
        <fs>
            <f name="msd" value="VBN"/>
        </fs>
    </a>
    <node xml:id="ptb-n00523">
        <link targets="seg-r460"/>
    </node>
    <a label="tok" ref="ptb-n00523" as="PTB">
        <fs>
            <f name="msd" value="TO"/>
        </fs>
    </a>
    <node xml:id="ptb-n00525">
        <link targets="seg-r462"/>
    </node>
    <a label="tok" ref="ptb-n00525" as="PTB">
        <fs>
            <f name="msd" value="VB"/>
        </fs>
    </a>
    <node xml:id="ptb-n00528">
        <link targets="seg-r464"/>
    </node>
    <a label="tok" ref="ptb-n00528" as="PTB">
        <fs>
            <f name="msd" value="DT"/>
        </fs>
    </a>
    <node xml:id="ptb-n00529">
        <link targets="seg-r466"/>
    </node>
    <a label="tok" ref="ptb-n00529" as="PTB">
        <fs>
            <f name="msd" value="JJ"/>
        </fs>
    </a>
    <node xml:id="ptb-n00530">
        <link targets="seg-r468"/>
    </node>
    <a label="tok" ref="ptb-n00530" as="PTB">
        <fs>
            <f name="msd" value="NN"/>
        </fs>
    </a>
    <node xml:id="ptb-n00532">
        <link targets="seg-r470"/>
    </node>
    <a label="tok" ref="ptb-n00532" as="PTB">
        <fs>
            <f name="msd" value="IN"/>
        </fs>
    </a>
    <node xml:id="ptb-n00535">
        <link targets="seg-r472"/>
    </node>
    <a label="tok" ref="ptb-n00535" as="PTB">
        <fs>
            <f name="msd" value="NNS"/>
        </fs>
    </a>
    <node xml:id="ptb-n00536">
        <link targets="seg-r474"/>
    </node>
    <a label="tok" ref="ptb-n00536" as="PTB">
        <fs>
            <f name="msd" value="CC"/>
        </fs>
    </a>
    <node xml:id="ptb-n00538">
        <link targets="seg-r476"/>
    </node>
    <a label="tok" ref="ptb-n00538" as="PTB">
        <fs>
            <f name="msd" value="NN"/>
        </fs>
    </a>
    <node xml:id="ptb-n00539">
        <link targets="seg-r478"/>
    </node>
    <a label="tok" ref="ptb-n00539" as="PTB">
        <fs>
            <f name="msd" value="NNS"/>
        </fs>
    </a>
    <node xml:id="ptb-n00544">
        <link targets="seg-r480"/>
    </node>
    <a label="tok" ref="ptb-n00544" as="PTB">
        <fs>
            <f name="msd" value="JJ"/>
        </fs>
    </a>
    <node xml:id="ptb-n00545">
        <link targets="seg-r482"/>
    </node>
    <a label="tok" ref="ptb-n00545" as="PTB">
        <fs>
            <f name="msd" value="CC"/>
        </fs>
    </a>
    <node xml:id="ptb-n00546">
        <link targets="seg-r484"/>
    </node>
    <a label="tok" ref="ptb-n00546" as="PTB">
        <fs>
            <f name="msd" value="JJ"/>
        </fs>
    </a>
    <node xml:id="ptb-n00547">
        <link targets="seg-r485"/>
    </node>
    <a label="tok" ref="ptb-n00547" as="PTB">
        <fs>
            <f name="msd" value="."/>
        </fs>
    </a>
    <node xml:id="ptb-n00550">
        <link targets="seg-r487"/>
    </node>
    <a label="tok" ref="ptb-n00550" as="PTB">
        <fs>
            <f name="msd" value="PRP"/>
        </fs>
    </a>
    <node xml:id="ptb-n00552">
        <link targets="seg-r488"/>
    </node>
    <a label="tok" ref="ptb-n00552" as="PTB">
        <fs>
            <f name="msd" value="VBP"/>
        </fs>
    </a>
    <node xml:id="ptb-n00554">
        <link targets="seg-r490"/>
    </node>
    <a label="tok" ref="ptb-n00554" as="PTB">
        <fs>
            <f name="msd" value="VBN"/>
        </fs>
    </a>
    <node xml:id="ptb-n00558">
        <link targets="seg-r492"/>
    </node>
    <a label="tok" ref="ptb-n00558" as="PTB">
        <fs>
            <f name="msd" value="JJR"/>
        </fs>
    </a>
    <node xml:id="ptb-n00559">
        <link targets="seg-r494"/>
    </node>
    <a label="tok" ref="ptb-n00559" as="PTB">
        <fs>
            <f name="msd" value="IN"/>
        </fs>
    </a>
    <node xml:id="ptb-n00560">
        <link targets="seg-r496"/>
    </node>
    <a label="tok" ref="ptb-n00560" as="PTB">
        <fs>
            <f name="msd" value="CD"/>
        </fs>
    </a>
    <node xml:id="ptb-n00561">
        <link targets="seg-r498"/>
    </node>
    <a label="tok" ref="ptb-n00561" as="PTB">
        <fs>
            <f name="msd" value="JJ"/>
        </fs>
    </a>
    <node xml:id="ptb-n00562">
        <link targets="seg-r500"/>
    </node>
    <a label="tok" ref="ptb-n00562" as="PTB">
        <fs>
            <f name="msd" value="NN"/>
        </fs>
    </a>
    <node xml:id="ptb-n00563">
        <link targets="seg-r502"/>
    </node>
    <a label="tok" ref="ptb-n00563" as="PTB">
        <fs>
            <f name="msd" value="NNS"/>
        </fs>
    </a>
    <node xml:id="ptb-n00566">
        <link targets="seg-r504"/>
    </node>
    <a label="tok" ref="ptb-n00566" as="PTB">
        <fs>
            <f name="msd" value="VBG"/>
        </fs>
    </a>
    <node xml:id="ptb-n00568">
        <link targets="seg-r506"/>
    </node>
    <a label="tok" ref="ptb-n00568" as="PTB">
        <fs>
            <f name="msd" value="IN"/>
        </fs>
    </a>
    <node xml:id="ptb-n00570">
        <link targets="seg-r508"/>
    </node>
    <a label="tok" ref="ptb-n00570" as="PTB">
        <fs>
            <f name="msd" value="NNP"/>
        </fs>
    </a>
    <node xml:id="ptb-n00571">
        <link targets="seg-r510"/>
    </node>
    <a label="tok" ref="ptb-n00571" as="PTB">
        <fs>
            <f name="msd" value="CC"/>
        </fs>
    </a>
    <node xml:id="ptb-n00573">
        <link targets="seg-r512"/>
    </node>
    <a label="tok" ref="ptb-n00573" as="PTB">
        <fs>
            <f name="msd" value="VBG"/>
        </fs>
    </a>
    <node xml:id="ptb-n00576">
        <link targets="seg-r514"/>
    </node>
    <a label="tok" ref="ptb-n00576" as="PTB">
        <fs>
            <f name="msd" value="RB"/>
        </fs>
    </a>
    <node xml:id="ptb-n00577">
        <link targets="seg-r516"/>
    </node>
    <a label="tok" ref="ptb-n00577" as="PTB">
        <fs>
            <f name="msd" value="IN"/>
        </fs>
    </a>
    <node xml:id="ptb-n00580">
        <link targets="seg-r518"/>
    </node>
    <a label="tok" ref="ptb-n00580" as="PTB">
        <fs>
            <f name="msd" value="JJ"/>
        </fs>
    </a>
    <node xml:id="ptb-n00581">
        <link targets="seg-r520"/>
    </node>
    <a label="tok" ref="ptb-n00581" as="PTB">
        <fs>
            <f name="msd" value="NN"/>
        </fs>
    </a>
    <node xml:id="ptb-n00582">
        <link targets="seg-r521"/>
    </node>
    <a label="tok" ref="ptb-n00582" as="PTB">
        <fs>
            <f name="msd" value="POS"/>
        </fs>
    </a>
    <node xml:id="ptb-n00583">
        <link targets="seg-r523"/>
    </node>
    <a label="tok" ref="ptb-n00583" as="PTB">
        <fs>
            <f name="msd" value="NN"/>
        </fs>
    </a>
    <node xml:id="ptb-n00584">
        <link targets="seg-r525"/>
    </node>
    <a label="tok" ref="ptb-n00584" as="PTB">
        <fs>
            <f name="msd" value="NN"/>
        </fs>
    </a>
    <node xml:id="ptb-n00585">
        <link targets="seg-r526"/>
    </node>
    <a label="tok" ref="ptb-n00585" as="PTB">
        <fs>
            <f name="msd" value="."/>
        </fs>
    </a>
    <node xml:id="ptb-n00588">
        <link targets="seg-r528"/>
    </node>
    <a label="tok" ref="ptb-n00588" as="PTB">
        <fs>
            <f name="msd" value="UH"/>
        </fs>
    </a>
    <node xml:id="ptb-n00589">
        <link targets="seg-r529"/>
    </node>
    <a label="tok" ref="ptb-n00589" as="PTB">
        <fs>
            <f name="msd" value=","/>
        </fs>
    </a>
    <node xml:id="ptb-n00593">
        <link targets="seg-r531"/>
    </node>
    <a label="tok" ref="ptb-n00593" as="PTB">
        <fs>
            <f name="msd" value="VBP"/>
        </fs>
    </a>
    <node xml:id="ptb-n00598">
        <link targets="seg-r533"/>
    </node>
    <a label="tok" ref="ptb-n00598" as="PTB">
        <fs>
            <f name="msd" value="VBG"/>
        </fs>
    </a>
    <node xml:id="ptb-n00601">
        <link targets="seg-r535"/>
    </node>
    <a label="tok" ref="ptb-n00601" as="PTB">
        <fs>
            <f name="msd" value="PRP$"/>
        </fs>
    </a>
    <node xml:id="ptb-n00602">
        <link targets="seg-r537"/>
    </node>
    <a label="tok" ref="ptb-n00602" as="PTB">
        <fs>
            <f name="msd" value="NN"/>
        </fs>
    </a>
    <node xml:id="ptb-n00604">
        <link targets="seg-r539"/>
    </node>
    <a label="tok" ref="ptb-n00604" as="PTB">
        <fs>
            <f name="msd" value="IN"/>
        </fs>
    </a>
    <node xml:id="ptb-n00606">
        <link targets="seg-r541"/>
    </node>
    <a label="tok" ref="ptb-n00606" as="PTB">
        <fs>
            <f name="msd" value="DT"/>
        </fs>
    </a>
    <node xml:id="ptb-n00607">
        <link targets="seg-r543"/>
    </node>
    <a label="tok" ref="ptb-n00607" as="PTB">
        <fs>
            <f name="msd" value="JJ"/>
        </fs>
    </a>
    <node xml:id="ptb-n00608">
        <link targets="seg-r545"/>
    </node>
    <a label="tok" ref="ptb-n00608" as="PTB">
        <fs>
            <f name="msd" value="NNS"/>
        </fs>
    </a>
    <node xml:id="ptb-n00610">
        <link targets="seg-r547"/>
    </node>
    <a label="tok" ref="ptb-n00610" as="PTB">
        <fs>
            <f name="msd" value="NN"/>
        </fs>
    </a>
    <node xml:id="ptb-n00611">
        <link targets="seg-r548"/>
    </node>
    <a label="tok" ref="ptb-n00611" as="PTB">
        <fs>
            <f name="msd" value="."/>
        </fs>
    </a>
    <node xml:id="ptb-n00614">
        <link targets="seg-r550"/>
    </node>
    <a label="tok" ref="ptb-n00614" as="PTB">
        <fs>
            <f name="msd" value="RB"/>
        </fs>
    </a>
    <node xml:id="ptb-n00615">
        <link targets="seg-r551"/>
    </node>
    <a label="tok" ref="ptb-n00615" as="PTB">
        <fs>
            <f name="msd" value=","/>
        </fs>
    </a>
    <node xml:id="ptb-n00618">
        <link targets="seg-r553"/>
    </node>
    <a label="tok" ref="ptb-n00618" as="PTB">
        <fs>
            <f name="msd" value="NNP"/>
        </fs>
    </a>
    <node xml:id="ptb-n00619">
        <link targets="seg-r555"/>
    </node>
    <a label="tok" ref="ptb-n00619" as="PTB">
        <fs>
            <f name="msd" value="NNP"/>
        </fs>
    </a>
    <node xml:id="ptb-n00621">
        <link targets="seg-r557"/>
    </node>
    <a label="tok" ref="ptb-n00621" as="PTB">
        <fs>
            <f name="msd" value="NNP"/>
        </fs>
    </a>
    <node xml:id="ptb-n00622">
        <link targets="seg-r559"/>
    </node>
    <a label="tok" ref="ptb-n00622" as="PTB">
        <fs>
            <f name="msd" value="NNP"/>
        </fs>
    </a>
    <node xml:id="ptb-n00623">
        <link targets="seg-r561 seg-r562 seg-r563 seg-r564"/>
    </node>
    <a label="tok" ref="ptb-n00623" as="PTB">
        <fs>
            <f name="msd" value="FW"/>
        </fs>
    </a>
    <node xml:id="ptb-n00626">
        <link targets="seg-r566"/>
    </node>
    <a label="tok" ref="ptb-n00626" as="PTB">
        <fs>
            <f name="msd" value="PRP"/>
        </fs>
    </a>
    <node xml:id="ptb-n00628">
        <link targets="seg-r568"/>
    </node>
    <a label="tok" ref="ptb-n00628" as="PTB">
        <fs>
            <f name="msd" value="VBP"/>
        </fs>
    </a>
    <node xml:id="ptb-n00633">
        <link targets="seg-r570"/>
    </node>
    <a label="tok" ref="ptb-n00633" as="PTB">
        <fs>
            <f name="msd" value="PRP$"/>
        </fs>
    </a>
    <node xml:id="ptb-n00634">
        <link targets="seg-r572"/>
    </node>
    <a label="tok" ref="ptb-n00634" as="PTB">
        <fs>
            <f name="msd" value="JJ"/>
        </fs>
    </a>
    <node xml:id="ptb-n00635">
        <link targets="seg-r574"/>
    </node>
    <a label="tok" ref="ptb-n00635" as="PTB">
        <fs>
            <f name="msd" value="NNS"/>
        </fs>
    </a>
    <node xml:id="ptb-n00637">
        <link targets="seg-r576"/>
    </node>
    <a label="tok" ref="ptb-n00637" as="PTB">
        <fs>
            <f name="msd" value="VBP"/>
        </fs>
    </a>
    <node xml:id="ptb-n00639">
        <link targets="seg-r578"/>
    </node>
    <a label="tok" ref="ptb-n00639" as="PTB">
        <fs>
            <f name="msd" value="VBG"/>
        </fs>
    </a>
    <node xml:id="ptb-n00644">
        <link targets="seg-r580"/>
    </node>
    <a label="tok" ref="ptb-n00644" as="PTB">
        <fs>
            <f name="msd" value="TO"/>
        </fs>
    </a>
    <node xml:id="ptb-n00646">
        <link targets="seg-r582"/>
    </node>
    <a label="tok" ref="ptb-n00646" as="PTB">
        <fs>
            <f name="msd" value="VB"/>
        </fs>
    </a>
    <node xml:id="ptb-n00649">
        <link targets="seg-r584"/>
    </node>
    <a label="tok" ref="ptb-n00649" as="PTB">
        <fs>
            <f name="msd" value="RBR"/>
        </fs>
    </a>
    <node xml:id="ptb-n00650">
        <link targets="seg-r586"/>
    </node>
    <a label="tok" ref="ptb-n00650" as="PTB">
        <fs>
            <f name="msd" value="JJ"/>
        </fs>
    </a>
    <node xml:id="ptb-n00652">
        <link targets="seg-r588"/>
    </node>
    <a label="tok" ref="ptb-n00652" as="PTB">
        <fs>
            <f name="msd" value="IN"/>
        </fs>
    </a>
    <node xml:id="ptb-n00654">
        <link targets="seg-r590"/>
    </node>
    <a label="tok" ref="ptb-n00654" as="PTB">
        <fs>
            <f name="msd" value="RB"/>
        </fs>
    </a>
    <node xml:id="ptb-n00656">
        <link targets="seg-r592"/>
    </node>
    <a label="tok" ref="ptb-n00656" as="PTB">
        <fs>
            <f name="msd" value="DT"/>
        </fs>
    </a>
    <node xml:id="ptb-n00657">
        <link targets="seg-r594"/>
    </node>
    <a label="tok" ref="ptb-n00657" as="PTB">
        <fs>
            <f name="msd" value="NN"/>
        </fs>
    </a>
    <node xml:id="ptb-n00658">
        <link targets="seg-r596"/>
    </node>
    <a label="tok" ref="ptb-n00658" as="PTB">
        <fs>
            <f name="msd" value="CC"/>
        </fs>
    </a>
    <node xml:id="ptb-n00659">
        <link targets="seg-r598"/>
    </node>
    <a label="tok" ref="ptb-n00659" as="PTB">
        <fs>
            <f name="msd" value="NN"/>
        </fs>
    </a>
    <node xml:id="ptb-n00660">
        <link targets="seg-r599"/>
    </node>
    <a label="tok" ref="ptb-n00660" as="PTB">
        <fs>
            <f name="msd" value="."/>
        </fs>
    </a>
    <node xml:id="ptb-n00663">
        <link targets="seg-r601"/>
    </node>
    <a label="tok" ref="ptb-n00663" as="PTB">
        <fs>
            <f name="msd" value="IN"/>
        </fs>
    </a>
    <node xml:id="ptb-n00666">
        <link targets="seg-r603"/>
    </node>
    <a label="tok" ref="ptb-n00666" as="PTB">
        <fs>
            <f name="msd" value="PRP"/>
        </fs>
    </a>
    <node xml:id="ptb-n00668">
        <link targets="seg-r605"/>
    </node>
    <a label="tok" ref="ptb-n00668" as="PTB">
        <fs>
            <f name="msd" value="MD"/>
        </fs>
    </a>
    <node xml:id="ptb-n00670">
        <link targets="seg-r607"/>
    </node>
    <a label="tok" ref="ptb-n00670" as="PTB">
        <fs>
            <f name="msd" value="VB"/>
        </fs>
    </a>
    <node xml:id="ptb-n00673">
        <link targets="seg-r609"/>
    </node>
    <a label="tok" ref="ptb-n00673" as="PTB">
        <fs>
            <f name="msd" value="DT"/>
        </fs>
    </a>
    <node xml:id="ptb-n00674">
        <link targets="seg-r611"/>
    </node>
    <a label="tok" ref="ptb-n00674" as="PTB">
        <fs>
            <f name="msd" value="NN"/>
        </fs>
    </a>
    <node xml:id="ptb-n00675">
        <link targets="seg-r613"/>
    </node>
    <a label="tok" ref="ptb-n00675" as="PTB">
        <fs>
            <f name="msd" value="JJR"/>
        </fs>
    </a>
    <node xml:id="ptb-n00680">
        <link targets="seg-r615"/>
    </node>
    <a label="tok" ref="ptb-n00680" as="PTB">
        <fs>
            <f name="msd" value="TO"/>
        </fs>
    </a>
    <node xml:id="ptb-n00682">
        <link targets="seg-r617"/>
    </node>
    <a label="tok" ref="ptb-n00682" as="PTB">
        <fs>
            <f name="msd" value="VB"/>
        </fs>
    </a>
    <node xml:id="ptb-n00687">
        <link targets="seg-r619"/>
    </node>
    <a label="tok" ref="ptb-n00687" as="PTB">
        <fs>
            <f name="msd" value="VB"/>
        </fs>
    </a>
    <node xml:id="ptb-n00689">
        <link targets="seg-r621"/>
    </node>
    <a label="tok" ref="ptb-n00689" as="PTB">
        <fs>
            <f name="msd" value="DT"/>
        </fs>
    </a>
    <node xml:id="ptb-n00690">
        <link targets="seg-r623"/>
    </node>
    <a label="tok" ref="ptb-n00690" as="PTB">
        <fs>
            <f name="msd" value="VBN"/>
        </fs>
    </a>
    <node xml:id="ptb-n00691">
        <link targets="seg-r625"/>
    </node>
    <a label="tok" ref="ptb-n00691" as="PTB">
        <fs>
            <f name="msd" value="NN"/>
        </fs>
    </a>
    <node xml:id="ptb-n00693">
        <link targets="seg-r627"/>
    </node>
    <a label="tok" ref="ptb-n00693" as="PTB">
        <fs>
            <f name="msd" value="PRP"/>
        </fs>
    </a>
    <node xml:id="ptb-n00695">
        <link targets="seg-r629"/>
    </node>
    <a label="tok" ref="ptb-n00695" as="PTB">
        <fs>
            <f name="msd" value="MD"/>
        </fs>
    </a>
    <node xml:id="ptb-n00697">
        <link targets="seg-r631"/>
    </node>
    <a label="tok" ref="ptb-n00697" as="PTB">
        <fs>
            <f name="msd" value="VB"/>
        </fs>
    </a>
    <node xml:id="ptb-n00699">
        <link targets="seg-r633"/>
    </node>
    <a label="tok" ref="ptb-n00699" as="PTB">
        <fs>
            <f name="msd" value="PRP$"/>
        </fs>
    </a>
    <node xml:id="ptb-n00700">
        <link targets="seg-r635"/>
    </node>
    <a label="tok" ref="ptb-n00700" as="PTB">
        <fs>
            <f name="msd" value="NN"/>
        </fs>
    </a>
    <node xml:id="ptb-n00701">
        <link targets="seg-r636"/>
    </node>
    <a label="tok" ref="ptb-n00701" as="PTB">
        <fs>
            <f name="msd" value="."/>
        </fs>
    </a>
</graph>
