<?xml version="1.0" encoding="UTF-8"?>
<graph xmlns="http://www.xces.org/ns/GrAF/1.0/">
    <header>
        <tagsDecl>
            <tagUsage gi="nchunk" occurs="133"/>
        </tagsDecl>
        <dependencies>
            <dependsOn type="penn"/>
        </dependencies>
        <annotationSets>
            <annotationSet name="xces" type="http://www.xces.org/schema/2003"/>
        </annotationSets>
    </header>
    <node xml:id="n0"/>
    <a label="nchunk" ref="n0" as="xces"/>
    <node xml:id="n1"/>
    <a label="nchunk" ref="n1" as="xces"/>
    <node xml:id="n10"/>
    <a label="nchunk" ref="n10" as="xces"/>
    <node xml:id="n100"/>
    <a label="nchunk" ref="n100" as="xces"/>
    <node xml:id="n101"/>
    <a label="nchunk" ref="n101" as="xces"/>
    <node xml:id="n102"/>
    <a label="nchunk" ref="n102" as="xces"/>
    <node xml:id="n103"/>
    <a label="nchunk" ref="n103" as="xces"/>
    <node xml:id="n104"/>
    <a label="nchunk" ref="n104" as="xces"/>
    <node xml:id="n105"/>
    <a label="nchunk" ref="n105" as="xces"/>
    <node xml:id="n106"/>
    <a label="nchunk" ref="n106" as="xces"/>
    <node xml:id="n107"/>
    <a label="nchunk" ref="n107" as="xces"/>
    <node xml:id="n108"/>
    <a label="nchunk" ref="n108" as="xces"/>
    <node xml:id="n109"/>
    <a label="nchunk" ref="n109" as="xces"/>
    <node xml:id="n11"/>
    <a label="nchunk" ref="n11" as="xces"/>
    <node xml:id="n110"/>
    <a label="nchunk" ref="n110" as="xces"/>
    <node xml:id="n111"/>
    <a label="nchunk" ref="n111" as="xces"/>
    <node xml:id="n112"/>
    <a label="nchunk" ref="n112" as="xces"/>
    <node xml:id="n113"/>
    <a label="nchunk" ref="n113" as="xces"/>
    <node xml:id="n114"/>
    <a label="nchunk" ref="n114" as="xces"/>
    <node xml:id="n115"/>
    <a label="nchunk" ref="n115" as="xces"/>
    <node xml:id="n116"/>
    <a label="nchunk" ref="n116" as="xces"/>
    <node xml:id="n117"/>
    <a label="nchunk" ref="n117" as="xces"/>
    <node xml:id="n118"/>
    <a label="nchunk" ref="n118" as="xces"/>
    <node xml:id="n119"/>
    <a label="nchunk" ref="n119" as="xces"/>
    <node xml:id="n12"/>
    <a label="nchunk" ref="n12" as="xces"/>
    <node xml:id="n120"/>
    <a label="nchunk" ref="n120" as="xces"/>
    <node xml:id="n121"/>
    <a label="nchunk" ref="n121" as="xces"/>
    <node xml:id="n122"/>
    <a label="nchunk" ref="n122" as="xces"/>
    <node xml:id="n123"/>
    <a label="nchunk" ref="n123" as="xces"/>
    <node xml:id="n124"/>
    <a label="nchunk" ref="n124" as="xces"/>
    <node xml:id="n125"/>
    <a label="nchunk" ref="n125" as="xces"/>
    <node xml:id="n126"/>
    <a label="nchunk" ref="n126" as="xces"/>
    <node xml:id="n127"/>
    <a label="nchunk" ref="n127" as="xces"/>
    <node xml:id="n128"/>
    <a label="nchunk" ref="n128" as="xces"/>
    <node xml:id="n129"/>
    <a label="nchunk" ref="n129" as="xces"/>
    <node xml:id="n13"/>
    <a label="nchunk" ref="n13" as="xces"/>
    <node xml:id="n130"/>
    <a label="nchunk" ref="n130" as="xces"/>
    <node xml:id="n131"/>
    <a label="nchunk" ref="n131" as="xces"/>
    <node xml:id="n132"/>
    <a label="nchunk" ref="n132" as="xces"/>
    <node xml:id="n14"/>
    <a label="nchunk" ref="n14" as="xces"/>
    <node xml:id="n15"/>
    <a label="nchunk" ref="n15" as="xces"/>
    <node xml:id="n16"/>
    <a label="nchunk" ref="n16" as="xces"/>
    <node xml:id="n17"/>
    <a label="nchunk" ref="n17" as="xces"/>
    <node xml:id="n18"/>
    <a label="nchunk" ref="n18" as="xces"/>
    <node xml:id="n19"/>
    <a label="nchunk" ref="n19" as="xces"/>
    <node xml:id="n2"/>
    <a label="nchunk" ref="n2" as="xces"/>
    <node xml:id="n20"/>
    <a label="nchunk" ref="n20" as="xces"/>
    <node xml:id="n21"/>
    <a label="nchunk" ref="n21" as="xces"/>
    <node xml:id="n22"/>
    <a label="nchunk" ref="n22" as="xces"/>
    <node xml:id="n23"/>
    <a label="nchunk" ref="n23" as="xces"/>
    <node xml:id="n24"/>
    <a label="nchunk" ref="n24" as="xces"/>
    <node xml:id="n25"/>
    <a label="nchunk" ref="n25" as="xces"/>
    <node xml:id="n26"/>
    <a label="nchunk" ref="n26" as="xces"/>
    <node xml:id="n27"/>
    <a label="nchunk" ref="n27" as="xces"/>
    <node xml:id="n28"/>
    <a label="nchunk" ref="n28" as="xces"/>
    <node xml:id="n29"/>
    <a label="nchunk" ref="n29" as="xces"/>
    <node xml:id="n3"/>
    <a label="nchunk" ref="n3" as="xces"/>
    <node xml:id="n30"/>
    <a label="nchunk" ref="n30" as="xces"/>
    <node xml:id="n31"/>
    <a label="nchunk" ref="n31" as="xces"/>
    <node xml:id="n32"/>
    <a label="nchunk" ref="n32" as="xces"/>
    <node xml:id="n33"/>
    <a label="nchunk" ref="n33" as="xces"/>
    <node xml:id="n34"/>
    <a label="nchunk" ref="n34" as="xces"/>
    <node xml:id="n35"/>
    <a label="nchunk" ref="n35" as="xces"/>
    <node xml:id="n36"/>
    <a label="nchunk" ref="n36" as="xces"/>
    <node xml:id="n37"/>
    <a label="nchunk" ref="n37" as="xces">
        <fs>
            <f name="note" value="error"/>
        </fs>
    </a>
    <node xml:id="n38"/>
    <a label="nchunk" ref="n38" as="xces"/>
    <node xml:id="n39"/>
    <a label="nchunk" ref="n39" as="xces"/>
    <node xml:id="n4"/>
    <a label="nchunk" ref="n4" as="xces"/>
    <node xml:id="n40"/>
    <a label="nchunk" ref="n40" as="xces"/>
    <node xml:id="n41"/>
    <a label="nchunk" ref="n41" as="xces"/>
    <node xml:id="n42"/>
    <a label="nchunk" ref="n42" as="xces"/>
    <node xml:id="n43"/>
    <a label="nchunk" ref="n43" as="xces"/>
    <node xml:id="n44"/>
    <a label="nchunk" ref="n44" as="xces"/>
    <node xml:id="n45"/>
    <a label="nchunk" ref="n45" as="xces"/>
    <node xml:id="n46"/>
    <a label="nchunk" ref="n46" as="xces"/>
    <node xml:id="n47"/>
    <a label="nchunk" ref="n47" as="xces"/>
    <node xml:id="n48"/>
    <a label="nchunk" ref="n48" as="xces"/>
    <node xml:id="n49"/>
    <a label="nchunk" ref="n49" as="xces"/>
    <node xml:id="n5"/>
    <a label="nchunk" ref="n5" as="xces"/>
    <node xml:id="n50"/>
    <a label="nchunk" ref="n50" as="xces"/>
    <node xml:id="n51"/>
    <a label="nchunk" ref="n51" as="xces"/>
    <node xml:id="n52"/>
    <a label="nchunk" ref="n52" as="xces"/>
    <node xml:id="n53"/>
    <a label="nchunk" ref="n53" as="xces"/>
    <node xml:id="n54"/>
    <a label="nchunk" ref="n54" as="xces"/>
    <node xml:id="n55"/>
    <a label="nchunk" ref="n55" as="xces"/>
    <node xml:id="n56"/>
    <a label="nchunk" ref="n56" as="xces"/>
    <node xml:id="n57"/>
    <a label="nchunk" ref="n57" as="xces"/>
    <node xml:id="n58"/>
    <a label="nchunk" ref="n58" as="xces"/>
    <node xml:id="n59"/>
    <a label="nchunk" ref="n59" as="xces"/>
    <node xml:id="n6"/>
    <a label="nchunk" ref="n6" as="xces"/>
    <node xml:id="n60"/>
    <a label="nchunk" ref="n60" as="xces"/>
    <node xml:id="n61"/>
    <a label="nchunk" ref="n61" as="xces"/>
    <node xml:id="n62"/>
    <a label="nchunk" ref="n62" as="xces"/>
    <node xml:id="n63"/>
    <a label="nchunk" ref="n63" as="xces"/>
    <node xml:id="n64"/>
    <a label="nchunk" ref="n64" as="xces"/>
    <node xml:id="n65"/>
    <a label="nchunk" ref="n65" as="xces"/>
    <node xml:id="n66"/>
    <a label="nchunk" ref="n66" as="xces"/>
    <node xml:id="n67"/>
    <a label="nchunk" ref="n67" as="xces"/>
    <node xml:id="n68"/>
    <a label="nchunk" ref="n68" as="xces"/>
    <node xml:id="n69"/>
    <a label="nchunk" ref="n69" as="xces"/>
    <node xml:id="n7"/>
    <a label="nchunk" ref="n7" as="xces"/>
    <node xml:id="n70"/>
    <a label="nchunk" ref="n70" as="xces"/>
    <node xml:id="n71"/>
    <a label="nchunk" ref="n71" as="xces"/>
    <node xml:id="n72"/>
    <a label="nchunk" ref="n72" as="xces"/>
    <node xml:id="n73"/>
    <a label="nchunk" ref="n73" as="xces"/>
    <node xml:id="n74"/>
    <a label="nchunk" ref="n74" as="xces"/>
    <node xml:id="n75"/>
    <a label="nchunk" ref="n75" as="xces"/>
    <node xml:id="n76"/>
    <a label="nchunk" ref="n76" as="xces"/>
    <node xml:id="n77"/>
    <a label="nchunk" ref="n77" as="xces"/>
    <node xml:id="n78"/>
    <a label="nchunk" ref="n78" as="xces"/>
    <node xml:id="n79"/>
    <a label="nchunk" ref="n79" as="xces"/>
    <node xml:id="n8"/>
    <a label="nchunk" ref="n8" as="xces"/>
    <node xml:id="n80"/>
    <a label="nchunk" ref="n80" as="xces"/>
    <node xml:id="n81"/>
    <a label="nchunk" ref="n81" as="xces"/>
    <node xml:id="n82"/>
    <a label="nchunk" ref="n82" as="xces"/>
    <node xml:id="n83"/>
    <a label="nchunk" ref="n83" as="xces"/>
    <node xml:id="n84"/>
    <a label="nchunk" ref="n84" as="xces"/>
    <node xml:id="n85"/>
    <a label="nchunk" ref="n85" as="xces"/>
    <node xml:id="n86"/>
    <a label="nchunk" ref="n86" as="xces"/>
    <node xml:id="n87"/>
    <a label="nchunk" ref="n87" as="xces"/>
    <node xml:id="n88"/>
    <a label="nchunk" ref="n88" as="xces"/>
    <node xml:id="n89"/>
    <a label="nchunk" ref="n89" as="xces"/>
    <node xml:id="n9"/>
    <a label="nchunk" ref="n9" as="xces"/>
    <node xml:id="n90"/>
    <a label="nchunk" ref="n90" as="xces"/>
    <node xml:id="n91"/>
    <a label="nchunk" ref="n91" as="xces"/>
    <node xml:id="n92"/>
    <a label="nchunk" ref="n92" as="xces"/>
    <node xml:id="n93"/>
    <a label="nchunk" ref="n93" as="xces"/>
    <node xml:id="n94"/>
    <a label="nchunk" ref="n94" as="xces"/>
    <node xml:id="n95"/>
    <a label="nchunk" ref="n95" as="xces"/>
    <node xml:id="n96"/>
    <a label="nchunk" ref="n96" as="xces"/>
    <node xml:id="n97"/>
    <a label="nchunk" ref="n97" as="xces"/>
    <node xml:id="n98"/>
    <a label="nchunk" ref="n98" as="xces"/>
    <node xml:id="n99"/>
    <a label="nchunk" ref="n99" as="xces"/>
    <edge xml:id="lnk109" from="n36" to="n108"/>
    <edge xml:id="lnk108" from="n36" to="n107"/>
    <edge xml:id="lnk107" from="n35" to="n106"/>
    <edge xml:id="lnk106" from="n35" to="n105"/>
    <edge xml:id="lnk105" from="n34" to="n102"/>
    <edge xml:id="lnk104" from="n33" to="n100"/>
    <edge xml:id="lnk103" from="n32" to="n98"/>
    <edge xml:id="lnk102" from="n32" to="n97"/>
    <edge xml:id="lnk101" from="n31" to="n94"/>
    <edge xml:id="lnk100" from="n30" to="n93"/>
    <edge xml:id="lnk260" from="n99" to="n352"/>
    <edge xml:id="lnk259" from="n99" to="n351"/>
    <edge xml:id="lnk258" from="n99" to="n350"/>
    <edge xml:id="lnk257" from="n98" to="n348"/>
    <edge xml:id="lnk256" from="n98" to="n347"/>
    <edge xml:id="lnk255" from="n97" to="n342"/>
    <edge xml:id="lnk254" from="n97" to="n341"/>
    <edge xml:id="lnk253" from="n97" to="n340"/>
    <edge xml:id="lnk252" from="n96" to="n337"/>
    <edge xml:id="lnk251" from="n96" to="n336"/>
    <edge xml:id="lnk250" from="n95" to="n334"/>
    <edge xml:id="lnk99" from="n3" to="n13"/>
    <edge xml:id="lnk98" from="n3" to="n12"/>
    <edge xml:id="lnk97" from="n3" to="n11"/>
    <edge xml:id="lnk96" from="n29" to="n91"/>
    <edge xml:id="lnk95" from="n29" to="n90"/>
    <edge xml:id="lnk94" from="n28" to="n88"/>
    <edge xml:id="lnk93" from="n27" to="n84"/>
    <edge xml:id="lnk92" from="n27" to="n83"/>
    <edge xml:id="lnk91" from="n27" to="n82"/>
    <edge xml:id="lnk90" from="n26" to="n80"/>
    <edge xml:id="lnk249" from="n94" to="n329"/>
    <edge xml:id="lnk248" from="n94" to="n328"/>
    <edge xml:id="lnk247" from="n93" to="n325"/>
    <edge xml:id="lnk246" from="n92" to="n321"/>
    <edge xml:id="lnk245" from="n91" to="n320"/>
    <edge xml:id="lnk244" from="n90" to="n318"/>
    <edge xml:id="lnk243" from="n9" to="n28"/>
    <edge xml:id="lnk242" from="n9" to="n27"/>
    <edge xml:id="lnk241" from="n89" to="n316"/>
    <edge xml:id="lnk240" from="n89" to="n315"/>
    <edge xml:id="lnk89" from="n25" to="n76"/>
    <edge xml:id="lnk88" from="n24" to="n72"/>
    <edge xml:id="lnk87" from="n23" to="n70"/>
    <edge xml:id="lnk86" from="n22" to="n69"/>
    <edge xml:id="lnk85" from="n21" to="n68"/>
    <edge xml:id="lnk84" from="n21" to="n67"/>
    <edge xml:id="lnk83" from="n20" to="n63"/>
    <edge xml:id="lnk82" from="n20" to="n62"/>
    <edge xml:id="lnk81" from="n20" to="n61"/>
    <edge xml:id="lnk80" from="n2" to="n9"/>
    <edge xml:id="lnk239" from="n88" to="n313"/>
    <edge xml:id="lnk238" from="n87" to="n310"/>
    <edge xml:id="lnk237" from="n86" to="n304"/>
    <edge xml:id="lnk236" from="n86" to="n303"/>
    <edge xml:id="lnk235" from="n85" to="n301"/>
    <edge xml:id="lnk234" from="n85" to="n300"/>
    <edge xml:id="lnk233" from="n85" to="n299"/>
    <edge xml:id="lnk232" from="n84" to="n297"/>
    <edge xml:id="lnk231" from="n84" to="n296"/>
    <edge xml:id="lnk230" from="n83" to="n295"/>
    <edge xml:id="lnk199" from="n72" to="n249"/>
    <edge xml:id="lnk198" from="n72" to="n248"/>
    <edge xml:id="lnk197" from="n72" to="n247"/>
    <edge xml:id="lnk196" from="n72" to="n246"/>
    <edge xml:id="lnk195" from="n72" to="n245"/>
    <edge xml:id="lnk194" from="n71" to="n243"/>
    <edge xml:id="lnk193" from="n71" to="n242"/>
    <edge xml:id="lnk79" from="n2" to="n8"/>
    <edge xml:id="lnk192" from="n70" to="n239"/>
    <edge xml:id="lnk78" from="n19" to="n58"/>
    <edge xml:id="lnk191" from="n70" to="n238"/>
    <edge xml:id="lnk77" from="n18" to="n55"/>
    <edge xml:id="lnk190" from="n70" to="n237"/>
    <edge xml:id="lnk76" from="n18" to="n54"/>
    <edge xml:id="lnk75" from="n17" to="n52"/>
    <edge xml:id="lnk74" from="n16" to="n48"/>
    <edge xml:id="lnk73" from="n16" to="n47"/>
    <edge xml:id="lnk72" from="n15" to="n45"/>
    <edge xml:id="lnk71" from="n14" to="n44"/>
    <edge xml:id="lnk70" from="n14" to="n43"/>
    <edge xml:id="lnk229" from="n83" to="n294"/>
    <edge xml:id="lnk228" from="n82" to="n292"/>
    <edge xml:id="lnk227" from="n82" to="n291"/>
    <edge xml:id="lnk226" from="n82" to="n290"/>
    <edge xml:id="lnk225" from="n82" to="n289"/>
    <edge xml:id="lnk224" from="n82" to="n288"/>
    <edge xml:id="lnk223" from="n82" to="n287"/>
    <edge xml:id="lnk222" from="n82" to="n286"/>
    <edge xml:id="lnk221" from="n81" to="n283"/>
    <edge xml:id="lnk220" from="n81" to="n282"/>
    <edge xml:id="lnk189" from="n70" to="n236"/>
    <edge xml:id="lnk188" from="n70" to="n235"/>
    <edge xml:id="lnk187" from="n7" to="n23"/>
    <edge xml:id="lnk186" from="n7" to="n22"/>
    <edge xml:id="lnk185" from="n69" to="n232"/>
    <edge xml:id="lnk184" from="n69" to="n231"/>
    <edge xml:id="lnk183" from="n68" to="n229"/>
    <edge xml:id="lnk69" from="n132" to="n470"/>
    <edge xml:id="lnk182" from="n68" to="n228"/>
    <edge xml:id="lnk68" from="n132" to="n469"/>
    <edge xml:id="lnk181" from="n67" to="n225"/>
    <edge xml:id="lnk67" from="n132" to="n468"/>
    <edge xml:id="lnk180" from="n67" to="n224"/>
    <edge xml:id="lnk66" from="n131" to="n466"/>
    <edge xml:id="lnk65" from="n131" to="n465"/>
    <edge xml:id="lnk64" from="n130" to="n455"/>
    <edge xml:id="lnk63" from="n13" to="n41"/>
    <edge xml:id="lnk62" from="n129" to="n453"/>
    <edge xml:id="lnk61" from="n128" to="n451"/>
    <edge xml:id="lnk60" from="n128" to="n450"/>
    <edge xml:id="lnk219" from="n80" to="n279"/>
    <edge xml:id="lnk218" from="n8" to="n25"/>
    <edge xml:id="lnk217" from="n79" to="n277"/>
    <edge xml:id="lnk216" from="n78" to="n275"/>
    <edge xml:id="lnk215" from="n77" to="n271"/>
    <edge xml:id="lnk214" from="n76" to="n268"/>
    <edge xml:id="lnk213" from="n76" to="n267"/>
    <edge xml:id="lnk212" from="n76" to="n266"/>
    <edge xml:id="lnk211" from="n75" to="n264"/>
    <edge xml:id="lnk210" from="n75" to="n263"/>
    <edge xml:id="lnk179" from="n67" to="n223"/>
    <edge xml:id="lnk178" from="n67" to="n222"/>
    <edge xml:id="lnk177" from="n66" to="n220"/>
    <edge xml:id="lnk176" from="n66" to="n219"/>
    <edge xml:id="lnk175" from="n65" to="n217"/>
    <edge xml:id="lnk174" from="n65" to="n216"/>
    <edge xml:id="lnk173" from="n65" to="n215"/>
    <edge xml:id="lnk59" from="n127" to="n447"/>
    <edge xml:id="lnk172" from="n65" to="n214"/>
    <edge xml:id="lnk58" from="n127" to="n446"/>
    <edge xml:id="lnk171" from="n64" to="n212"/>
    <edge xml:id="lnk57" from="n126" to="n442"/>
    <edge xml:id="lnk170" from="n64" to="n211"/>
    <edge xml:id="lnk56" from="n126" to="n441"/>
    <edge xml:id="lnk55" from="n125" to="n438"/>
    <edge xml:id="lnk54" from="n125" to="n437"/>
    <edge xml:id="lnk53" from="n124" to="n435"/>
    <edge xml:id="lnk52" from="n124" to="n434"/>
    <edge xml:id="lnk51" from="n123" to="n432"/>
    <edge xml:id="lnk50" from="n123" to="n431"/>
    <edge xml:id="lnk209" from="n74" to="n261"/>
    <edge xml:id="lnk208" from="n74" to="n260"/>
    <edge xml:id="lnk207" from="n74" to="n259"/>
    <edge xml:id="lnk206" from="n74" to="n258"/>
    <edge xml:id="lnk205" from="n74" to="n257"/>
    <edge xml:id="lnk204" from="n73" to="n255"/>
    <edge xml:id="lnk203" from="n73" to="n254"/>
    <edge xml:id="lnk202" from="n73" to="n253"/>
    <edge xml:id="lnk201" from="n73" to="n252"/>
    <edge xml:id="lnk200" from="n72" to="n250"/>
    <edge xml:id="lnk169" from="n64" to="n210"/>
    <edge xml:id="lnk168" from="n63" to="n206"/>
    <edge xml:id="lnk167" from="n63" to="n205"/>
    <edge xml:id="lnk166" from="n62" to="n204"/>
    <edge xml:id="lnk165" from="n62" to="n203"/>
    <edge xml:id="lnk164" from="n62" to="n202"/>
    <edge xml:id="lnk163" from="n62" to="n201"/>
    <edge xml:id="lnk49" from="n122" to="n429"/>
    <edge xml:id="lnk162" from="n62" to="n200"/>
    <edge xml:id="lnk48" from="n122" to="n428"/>
    <edge xml:id="lnk161" from="n61" to="n197"/>
    <edge xml:id="lnk47" from="n121" to="n425"/>
    <edge xml:id="lnk160" from="n61" to="n196"/>
    <edge xml:id="lnk46" from="n120" to="n422"/>
    <edge xml:id="lnk45" from="n12" to="n39"/>
    <edge xml:id="lnk44" from="n119" to="n420"/>
    <edge xml:id="lnk43" from="n118" to="n418"/>
    <edge xml:id="lnk42" from="n118" to="n417"/>
    <edge xml:id="lnk41" from="n118" to="n416"/>
    <edge xml:id="lnk40" from="n117" to="n415"/>
    <edge xml:id="lnk9" from="n100" to="n357"/>
    <edge xml:id="lnk8" from="n10" to="n31"/>
    <edge xml:id="lnk7" from="n10" to="n30"/>
    <edge xml:id="lnk6" from="n1" to="n6"/>
    <edge xml:id="lnk5" from="n1" to="n5"/>
    <edge xml:id="lnk4" from="n1" to="n4"/>
    <edge xml:id="lnk3" from="n0" to="n3"/>
    <edge xml:id="lnk2" from="n0" to="n2"/>
    <edge xml:id="lnk1" from="n0" to="n1"/>
    <edge xml:id="lnk159" from="n61" to="n195"/>
    <edge xml:id="lnk0" from="n0" to="n0"/>
    <edge xml:id="lnk158" from="n61" to="n194"/>
    <edge xml:id="lnk157" from="n60" to="n192"/>
    <edge xml:id="lnk156" from="n6" to="n19"/>
    <edge xml:id="lnk155" from="n59" to="n189"/>
    <edge xml:id="lnk154" from="n59" to="n188"/>
    <edge xml:id="lnk153" from="n58" to="n185"/>
    <edge xml:id="lnk39" from="n117" to="n414"/>
    <edge xml:id="lnk152" from="n58" to="n184"/>
    <edge xml:id="lnk38" from="n116" to="n412"/>
    <edge xml:id="lnk151" from="n58" to="n183"/>
    <edge xml:id="lnk37" from="n116" to="n411"/>
    <edge xml:id="lnk150" from="n57" to="n182"/>
    <edge xml:id="lnk36" from="n115" to="n409"/>
    <edge xml:id="lnk35" from="n114" to="n407"/>
    <edge xml:id="lnk34" from="n114" to="n406"/>
    <edge xml:id="lnk33" from="n113" to="n401"/>
    <edge xml:id="lnk32" from="n112" to="n398"/>
    <edge xml:id="lnk31" from="n112" to="n397"/>
    <edge xml:id="lnk30" from="n111" to="n394"/>
    <edge xml:id="lnk149" from="n57" to="n181"/>
    <edge xml:id="lnk148" from="n57" to="n180"/>
    <edge xml:id="lnk147" from="n56" to="n178"/>
    <edge xml:id="lnk146" from="n55" to="n175"/>
    <edge xml:id="lnk145" from="n54" to="n174"/>
    <edge xml:id="lnk144" from="n54" to="n173"/>
    <edge xml:id="lnk143" from="n54" to="n172"/>
    <edge xml:id="lnk29" from="n110" to="n391"/>
    <edge xml:id="lnk28" from="n110" to="n390"/>
    <edge xml:id="lnk142" from="n53" to="n169"/>
    <edge xml:id="lnk27" from="n11" to="n35"/>
    <edge xml:id="lnk141" from="n52" to="n163"/>
    <edge xml:id="lnk26" from="n11" to="n34"/>
    <edge xml:id="lnk140" from="n51" to="n161"/>
    <edge xml:id="lnk25" from="n109" to="n388"/>
    <edge xml:id="lnk24" from="n109" to="n387"/>
    <edge xml:id="lnk23" from="n108" to="n385"/>
    <edge xml:id="lnk22" from="n107" to="n383"/>
    <edge xml:id="lnk21" from="n107" to="n382"/>
    <edge xml:id="lnk20" from="n106" to="n379"/>
    <edge xml:id="lnk139" from="n50" to="n159"/>
    <edge xml:id="lnk138" from="n5" to="n18"/>
    <edge xml:id="lnk137" from="n5" to="n17"/>
    <edge xml:id="lnk136" from="n49" to="n156"/>
    <edge xml:id="lnk135" from="n49" to="n155"/>
    <edge xml:id="lnk134" from="n48" to="n153"/>
    <edge xml:id="lnk19" from="n105" to="n377"/>
    <edge xml:id="lnk133" from="n48" to="n152"/>
    <edge xml:id="lnk18" from="n105" to="n376"/>
    <edge xml:id="lnk132" from="n47" to="n150"/>
    <edge xml:id="lnk17" from="n105" to="n375"/>
    <edge xml:id="lnk131" from="n46" to="n148"/>
    <edge xml:id="lnk16" from="n104" to="n372"/>
    <edge xml:id="lnk130" from="n46" to="n147"/>
    <edge xml:id="lnk15" from="n103" to="n365"/>
    <edge xml:id="lnk14" from="n103" to="n364"/>
    <edge xml:id="lnk13" from="n102" to="n362"/>
    <edge xml:id="lnk12" from="n102" to="n361"/>
    <edge xml:id="lnk11" from="n101" to="n359"/>
    <edge xml:id="lnk10" from="n100" to="n358"/>
    <edge xml:id="lnk129" from="n45" to="n143"/>
    <edge xml:id="lnk128" from="n45" to="n142"/>
    <edge xml:id="lnk127" from="n44" to="n136"/>
    <edge xml:id="lnk126" from="n44" to="n135"/>
    <edge xml:id="lnk125" from="n44" to="n134"/>
    <edge xml:id="lnk124" from="n44" to="n133"/>
    <edge xml:id="lnk123" from="n44" to="n132"/>
    <edge xml:id="lnk122" from="n43" to="n130"/>
    <edge xml:id="lnk121" from="n42" to="n128"/>
    <edge xml:id="lnk120" from="n41" to="n126"/>
    <edge xml:id="lnk119" from="n40" to="n123"/>
    <edge xml:id="lnk118" from="n4" to="n15"/>
    <edge xml:id="lnk117" from="n39" to="n120"/>
    <edge xml:id="lnk116" from="n38" to="n117"/>
    <edge xml:id="lnk115" from="n38" to="n116"/>
    <edge xml:id="lnk114" from="n38" to="n115"/>
    <edge xml:id="lnk113" from="n38" to="n114"/>
    <edge xml:id="lnk112" from="n37" to="n112"/>
    <edge xml:id="lnk111" from="n37" to="n111"/>
    <edge xml:id="lnk110" from="n37" to="n110"/>
</graph>
