<?xml version="1.0" encoding="UTF-8"?>
<graph xmlns="http://www.xces.org/ns/GrAF/1.0/">
    <header>
        <tagsDecl>
            <tagUsage gi="objective-speech-event" occurs="11"/>
            <tagUsage gi="attitude" occurs="31"/>
            <tagUsage gi="inside" occurs="16"/>
            <tagUsage gi="target" occurs="27"/>
            <tagUsage gi="split" occurs="19"/>
            <tagUsage gi="direct-subjective" occurs="24"/>
            <tagUsage gi="expressive-subjectivity" occurs="17"/>
            <tagUsage gi="agent" occurs="15"/>
        </tagsDecl>
        <annotationSets>
            <annotationSet name="mpqa" type="http://www.cs.pitt.edu/mpqa/"/>
        </annotationSets>
    </header>
    <region xml:id="r8" anchors="18 158"/>
    <region xml:id="r10" anchors="18 18"/>
    <region xml:id="r6" anchors="18 18"/>
    <region xml:id="r4" anchors="18 18"/>
    <region xml:id="r1" anchors="18 18"/>
    <region xml:id="r12" anchors="111 114"/>
    <region xml:id="r15" anchors="119 134"/>
    <region xml:id="r18" anchors="157 158"/>
    <region xml:id="r20" anchors="159 356"/>
    <region xml:id="r22" anchors="159 159"/>
    <region xml:id="r24" anchors="221 275"/>
    <region xml:id="r26" anchors="233 275"/>
    <region xml:id="r28" anchors="233 240"/>
    <region xml:id="r30" anchors="241 247"/>
    <region xml:id="r33" anchors="281 355"/>
    <region xml:id="r35" anchors="281 282"/>
    <region xml:id="r37" anchors="283 290"/>
    <region xml:id="r39" anchors="296 355"/>
    <region xml:id="r41" anchors="307 330"/>
    <region xml:id="r43" anchors="307 315"/>
    <region xml:id="r45" anchors="320 330"/>
    <region xml:id="r47" anchors="337 343"/>
    <region xml:id="r49" anchors="355 356"/>
    <region xml:id="r51" anchors="363 421"/>
    <region xml:id="r53" anchors="363 363"/>
    <region xml:id="r55" anchors="380 382"/>
    <region xml:id="r57" anchors="386 420"/>
    <region xml:id="r59" anchors="386 393"/>
    <region xml:id="r61" anchors="397 420"/>
    <region xml:id="r63" anchors="397 405"/>
    <region xml:id="r65" anchors="420 421"/>
    <region xml:id="r67" anchors="422 638"/>
    <region xml:id="r69" anchors="422 432"/>
    <region xml:id="r72" anchors="422 422"/>
    <region xml:id="r74" anchors="444 637"/>
    <region xml:id="r77" anchors="447 492"/>
    <region xml:id="r79" anchors="508 573"/>
    <region xml:id="r81" anchors="508 541"/>
    <region xml:id="r83" anchors="556 573"/>
    <region xml:id="r86" anchors="577 588"/>
    <region xml:id="r88" anchors="603 617"/>
    <region xml:id="r91" anchors="618 626"/>
    <region xml:id="r93" anchors="637 638"/>
    <region xml:id="r95" anchors="639 713"/>
    <region xml:id="r97" anchors="639 639"/>
    <region xml:id="r99" anchors="712 713"/>
    <region xml:id="r101" anchors="714 788"/>
    <region xml:id="r103" anchors="714 787"/>
    <region xml:id="r105" anchors="714 758"/>
    <region xml:id="r107" anchors="714 714"/>
    <region xml:id="r109" anchors="762 765"/>
    <region xml:id="r111" anchors="774 787"/>
    <region xml:id="r114" anchors="787 788"/>
    <region xml:id="r116" anchors="795 983"/>
    <region xml:id="r118" anchors="795 830"/>
    <region xml:id="r120" anchors="795 795"/>
    <region xml:id="r122" anchors="879 891"/>
    <region xml:id="r124" anchors="892 982"/>
    <region xml:id="r126" anchors="949 982"/>
    <region xml:id="r128" anchors="982 983"/>
    <region xml:id="r130" anchors="984 1067"/>
    <region xml:id="r132" anchors="984 1066"/>
    <region xml:id="r134" anchors="984 988"/>
    <region xml:id="r136" anchors="984 984"/>
    <region xml:id="r138" anchors="997 1044"/>
    <region xml:id="r141" anchors="1066 1067"/>
    <region xml:id="r143" anchors="1074 1315"/>
    <region xml:id="r145" anchors="1074 1074"/>
    <region xml:id="r147" anchors="1084 1091"/>
    <region xml:id="r149" anchors="1093 1094"/>
    <region xml:id="r151" anchors="1095 1104"/>
    <region xml:id="r153" anchors="1098 1104"/>
    <region xml:id="r155" anchors="1105 1314"/>
    <region xml:id="r157" anchors="1200 1203"/>
    <region xml:id="r159" anchors="1204 1214"/>
    <region xml:id="r162" anchors="1215 1240"/>
    <region xml:id="r164" anchors="1245 1256"/>
    <region xml:id="r166" anchors="1249 1256"/>
    <region xml:id="r168" anchors="1257 1314"/>
    <region xml:id="r170" anchors="1314 1315"/>
    <region xml:id="r172" anchors="1316 1494"/>
    <region xml:id="r174" anchors="1316 1316"/>
    <region xml:id="r176" anchors="1330 1332"/>
    <region xml:id="r178" anchors="1343 1350"/>
    <region xml:id="r180" anchors="1343 1346"/>
    <region xml:id="r182" anchors="1351 1368"/>
    <region xml:id="r184" anchors="1379 1388"/>
    <region xml:id="r186" anchors="1419 1421"/>
    <region xml:id="r188" anchors="1426 1430"/>
    <region xml:id="r190" anchors="1431 1434"/>
    <region xml:id="r192" anchors="1450 1460"/>
    <region xml:id="r195" anchors="1469 1493"/>
    <region xml:id="r198" anchors="1493 1494"/>
    <region xml:id="r200" anchors="1495 1609"/>
    <region xml:id="r202" anchors="1495 1496"/>
    <region xml:id="r204" anchors="1495 1495"/>
    <region xml:id="r206" anchors="1502 1511"/>
    <region xml:id="r209" anchors="1512 1608"/>
    <region xml:id="r211" anchors="1608 1609"/>
    <region xml:id="r213" anchors="1616 1741"/>
    <region xml:id="r215" anchors="1616 1617"/>
    <region xml:id="r217" anchors="1616 1616"/>
    <region xml:id="r219" anchors="1618 1622"/>
    <region xml:id="r221" anchors="1628 1659"/>
    <region xml:id="r223" anchors="1660 1673"/>
    <region xml:id="r225" anchors="1668 1673"/>
    <region xml:id="r227" anchors="1674 1740"/>
    <region xml:id="r229" anchors="1698 1702"/>
    <region xml:id="r231" anchors="1740 1741"/>
    <region xml:id="r233" anchors="1742 1858"/>
    <region xml:id="r235" anchors="1742 1742"/>
    <region xml:id="r237" anchors="1754 1762"/>
    <region xml:id="r240" anchors="1769 1777"/>
    <region xml:id="r242" anchors="1821 1834"/>
    <region xml:id="r245" anchors="1846 1857"/>
    <region xml:id="r247" anchors="1857 1858"/>
    <region xml:id="r249" anchors="1859 2041"/>
    <region xml:id="r251" anchors="1859 1908"/>
    <region xml:id="r253" anchors="1859 1859"/>
    <region xml:id="r255" anchors="1912 1931"/>
    <region xml:id="r258" anchors="1942 1945"/>
    <region xml:id="r260" anchors="1948 2008"/>
    <region xml:id="r262" anchors="1948 1956"/>
    <region xml:id="r264" anchors="1958 1972"/>
    <region xml:id="r266" anchors="1988 2008"/>
    <region xml:id="r268" anchors="2040 2041"/>
    <region xml:id="r270" anchors="2042 2085"/>
    <region xml:id="r272" anchors="2042 2048"/>
    <region xml:id="r275" anchors="2042 2042"/>
    <region xml:id="r277" anchors="2050 2084"/>
    <region xml:id="r279" anchors="2084 2085"/>
    <region xml:id="r281" anchors="2092 2229"/>
    <region xml:id="r283" anchors="2092 2101"/>
    <region xml:id="r286" anchors="2092 2092"/>
    <region xml:id="r288" anchors="2109 2130"/>
    <region xml:id="r290" anchors="2145 2148"/>
    <region xml:id="r292" anchors="2158 2167"/>
    <region xml:id="r294" anchors="2169 2178"/>
    <region xml:id="r296" anchors="2182 2186"/>
    <region xml:id="r298" anchors="2228 2229"/>
    <region xml:id="r300" anchors="2229 2229"/>
    <node xml:id="n0">
        <link targets="r1"/>
    </node>
    <a label="agent" ref="n0" as="mpqa">
        <fs>
            <f name="id" value="implicit"/>
        </fs>
    </a>
    <a label="agent" ref="n0" as="mpqa">
        <fs>
            <f name="id" value="w"/>
        </fs>
    </a>
    <node xml:id="n1">
        <link targets="r4"/>
    </node>
    <a label="split" ref="n1" as="mpqa"/>
    <node xml:id="n10">
        <link targets="r24"/>
    </node>
    <a label="attitude" ref="n10" as="mpqa">
        <fs>
            <f name="target-link" value="t_move_boldly"/>
            <f name="id" value="a_were_ready"/>
            <f name="intensity" value="medium"/>
            <f name="attitude-type" value="arguing-pos"/>
        </fs>
    </a>
    <node xml:id="n100">
        <link targets="r215"/>
    </node>
    <a label="agent" ref="n100" as="mpqa">
        <fs>
            <f name="nested-source" value="w,i_writer"/>
        </fs>
    </a>
    <node xml:id="n101">
        <link targets="r217"/>
    </node>
    <a label="direct-subjective" ref="n101" as="mpqa">
        <fs>
            <f name="implicit" value="true"/>
            <f name="intensity" value="medium"/>
            <f name="polarity" value="positive"/>
            <f name="nested-source" value="w"/>
        </fs>
    </a>
    <node xml:id="n102">
        <link targets="r219"/>
    </node>
    <a label="objective-speech-event" ref="n102" as="mpqa">
        <fs>
            <f name="nested-source" value="w,i_writer"/>
        </fs>
    </a>
    <node xml:id="n103">
        <link targets="r221"/>
    </node>
    <a label="agent" ref="n103" as="mpqa">
        <fs>
            <f name="id" value="staff"/>
            <f name="nested-source" value="w,i_writer,staff"/>
        </fs>
    </a>
    <node xml:id="n104">
        <link targets="r223"/>
    </node>
    <a label="direct-subjective" ref="n104" as="mpqa">
        <fs>
            <f name="nested-source" value="w,i_writer,staff"/>
            <f name="polarity" value="positive"/>
            <f name="attitude-link" value="a_happy"/>
            <f name="intensity" value="medium"/>
            <f name="expression-intensity" value="medium"/>
        </fs>
    </a>
    <node xml:id="n105">
        <link targets="r225"/>
    </node>
    <a label="attitude" ref="n105" as="mpqa">
        <fs>
            <f name="target-link" value="t_go_with"/>
            <f name="id" value="a_happy"/>
            <f name="intensity" value="medium"/>
            <f name="attitude-type" value="sentiment-pos"/>
        </fs>
    </a>
    <node xml:id="n106">
        <link targets="r227"/>
    </node>
    <a label="target" ref="n106" as="mpqa">
        <fs>
            <f name="id" value="t_go_with"/>
        </fs>
    </a>
    <node xml:id="n107">
        <link targets="r229"/>
    </node>
    <a label="objective-speech-event" ref="n107" as="mpqa">
        <fs>
            <f name="nested-source" value="w,i_writer,staff"/>
        </fs>
    </a>
    <node xml:id="n108">
        <link targets="r231"/>
    </node>
    <a label="split" ref="n108" as="mpqa"/>
    <node xml:id="n109">
        <link targets="r233"/>
    </node>
    <a label="inside" ref="n109" as="mpqa">
        <fs>
            <f name="nested-source" value="w"/>
        </fs>
    </a>
    <node xml:id="n11">
        <link targets="r26"/>
    </node>
    <a label="target" ref="n11" as="mpqa">
        <fs>
            <f name="id" value="t_move_boldly"/>
        </fs>
    </a>
    <node xml:id="n110">
        <link targets="r235"/>
    </node>
    <a label="direct-subjective" ref="n110" as="mpqa">
        <fs>
            <f name="nested-source" value="w"/>
            <f name="polarity" value="positive"/>
            <f name="attitude-link" value="a_exciting,a_solid_results"/>
            <f name="intensity" value="medium"/>
            <f name="implicit" value="true"/>
        </fs>
    </a>
    <node xml:id="n111">
        <link targets="r237"/>
    </node>
    <a label="attitude" ref="n111" as="mpqa">
        <fs>
            <f name="target-link" value="t_juncture"/>
            <f name="id" value="a_exciting"/>
            <f name="intensity" value="medium"/>
            <f name="attitude-type" value="sentiment-pos"/>
        </fs>
    </a>
    <a label="expressive-subjectivity" ref="n111" as="mpqa">
        <fs>
            <f name="nested-source" value="w"/>
            <f name="polarity" value="positive"/>
            <f name="intensity" value="medium"/>
        </fs>
    </a>
    <node xml:id="n112">
        <link targets="r240"/>
    </node>
    <a label="target" ref="n112" as="mpqa">
        <fs>
            <f name="id" value="t_juncture"/>
        </fs>
    </a>
    <node xml:id="n113">
        <link targets="r242"/>
    </node>
    <a label="attitude" ref="n113" as="mpqa">
        <fs>
            <f name="target-link" value="t_efforts"/>
            <f name="id" value="a_solid_results"/>
            <f name="intensity" value="medium"/>
            <f name="attitude-type" value="sentiment-pos"/>
        </fs>
    </a>
    <a label="expressive-subjectivity" ref="n113" as="mpqa">
        <fs>
            <f name="nested-source" value="w"/>
            <f name="polarity" value="positive"/>
            <f name="intensity" value="medium"/>
        </fs>
    </a>
    <node xml:id="n114">
        <link targets="r245"/>
    </node>
    <a label="target" ref="n114" as="mpqa">
        <fs>
            <f name="id" value="t_efforts"/>
        </fs>
    </a>
    <node xml:id="n115">
        <link targets="r247"/>
    </node>
    <a label="split" ref="n115" as="mpqa"/>
    <node xml:id="n116">
        <link targets="r249"/>
    </node>
    <a label="inside" ref="n116" as="mpqa">
        <fs>
            <f name="nested-source" value="w"/>
        </fs>
    </a>
    <node xml:id="n117">
        <link targets="r251"/>
    </node>
    <a label="target" ref="n117" as="mpqa">
        <fs>
            <f name="id" value="t_your_support"/>
        </fs>
    </a>
    <node xml:id="n118">
        <link targets="r253"/>
    </node>
    <a label="direct-subjective" ref="n118" as="mpqa">
        <fs>
            <f name="nested-source" value="w"/>
            <f name="polarity" value="positive"/>
            <f name="attitude-link" value="a_one_step,a_stronger"/>
            <f name="intensity" value="medium"/>
            <f name="implicit" value="true"/>
        </fs>
    </a>
    <node xml:id="n119">
        <link targets="r255"/>
    </node>
    <a label="attitude" ref="n119" as="mpqa">
        <fs>
            <f name="target-link" value="t_your_support"/>
            <f name="id" value="a_one_step"/>
            <f name="intensity" value="medium"/>
            <f name="attitude-type" value="sentiment-pos"/>
        </fs>
    </a>
    <a label="expressive-subjectivity" ref="n119" as="mpqa">
        <fs>
            <f name="nested-source" value="w"/>
            <f name="polarity" value="positive"/>
            <f name="intensity" value="medium"/>
        </fs>
    </a>
    <node xml:id="n12">
        <link targets="r28"/>
    </node>
    <a label="target" ref="n12" as="mpqa">
        <fs>
            <f name="id" value="t_move"/>
        </fs>
    </a>
    <node xml:id="n120">
        <link targets="r258"/>
    </node>
    <a label="target" ref="n120" as="mpqa">
        <fs>
            <f name="id" value="t_cci_3"/>
        </fs>
    </a>
    <node xml:id="n121">
        <link targets="r260"/>
    </node>
    <a label="attitude" ref="n121" as="mpqa">
        <fs>
            <f name="repetition" value="yes"/>
            <f name="attitude-type" value="sentiment-pos"/>
            <f name="intensity" value="high"/>
            <f name="id" value="a_stronger"/>
            <f name="target-link" value="t_cci_3"/>
        </fs>
    </a>
    <node xml:id="n122">
        <link targets="r262"/>
    </node>
    <a label="expressive-subjectivity" ref="n122" as="mpqa">
        <fs>
            <f name="nested-source" value="w"/>
            <f name="polarity" value="positive"/>
            <f name="intensity" value="medium"/>
        </fs>
    </a>
    <node xml:id="n123">
        <link targets="r264"/>
    </node>
    <a label="expressive-subjectivity" ref="n123" as="mpqa">
        <fs>
            <f name="nested-source" value="w"/>
            <f name="polarity" value="positive"/>
            <f name="intensity" value="medium"/>
        </fs>
    </a>
    <node xml:id="n124">
        <link targets="r266"/>
    </node>
    <a label="expressive-subjectivity" ref="n124" as="mpqa">
        <fs>
            <f name="nested-source" value="w"/>
            <f name="polarity" value="positive"/>
            <f name="intensity" value="medium"/>
        </fs>
    </a>
    <node xml:id="n125">
        <link targets="r268"/>
    </node>
    <a label="split" ref="n125" as="mpqa"/>
    <node xml:id="n126">
        <link targets="r270"/>
    </node>
    <a label="inside" ref="n126" as="mpqa">
        <fs>
            <f name="nested-source" value="w"/>
        </fs>
    </a>
    <node xml:id="n127">
        <link targets="r272"/>
    </node>
    <a label="attitude" ref="n127" as="mpqa">
        <fs>
            <f name="target-link" value="t_make_contribution_2"/>
            <f name="id" value="a_please"/>
            <f name="intensity" value="medium"/>
            <f name="attitude-type" value="sentiment-pos"/>
        </fs>
    </a>
    <a label="expressive-subjectivity" ref="n127" as="mpqa">
        <fs>
            <f name="nested-source" value="w"/>
            <f name="polarity" value="positive"/>
            <f name="intensity" value="medium"/>
        </fs>
    </a>
    <node xml:id="n128">
        <link targets="r275"/>
    </node>
    <a label="direct-subjective" ref="n128" as="mpqa">
        <fs>
            <f name="nested-source" value="w"/>
            <f name="polarity" value="positive"/>
            <f name="attitude-link" value="a_please"/>
            <f name="intensity" value="medium"/>
            <f name="implicit" value="true"/>
        </fs>
    </a>
    <node xml:id="n129">
        <link targets="r277"/>
    </node>
    <a label="target" ref="n129" as="mpqa">
        <fs>
            <f name="id" value="t_make_contribution_2"/>
        </fs>
    </a>
    <node xml:id="n13">
        <link targets="r30"/>
    </node>
    <a label="expressive-subjectivity" ref="n13" as="mpqa">
        <fs>
            <f name="nested-source" value="w"/>
            <f name="polarity" value="positive"/>
            <f name="intensity" value="medium"/>
        </fs>
    </a>
    <a label="attitude" ref="n13" as="mpqa">
        <fs>
            <f name="target-link" value="t_move"/>
            <f name="id" value="a_boldly"/>
            <f name="intensity" value="medium"/>
            <f name="attitude-type" value="sentiment-pos"/>
        </fs>
    </a>
    <node xml:id="n130">
        <link targets="r279"/>
    </node>
    <a label="split" ref="n130" as="mpqa"/>
    <node xml:id="n131">
        <link targets="r281"/>
    </node>
    <a label="inside" ref="n131" as="mpqa">
        <fs>
            <f name="nested-source" value="w"/>
        </fs>
    </a>
    <node xml:id="n132">
        <link targets="r283"/>
    </node>
    <a label="attitude" ref="n132" as="mpqa">
        <fs>
            <f name="target-link" value="t_w"/>
            <f name="id" value="a_sincerely"/>
            <f name="intensity" value="low"/>
            <f name="attitude-type" value="sentiment-pos"/>
        </fs>
    </a>
    <a label="expressive-subjectivity" ref="n132" as="mpqa">
        <fs>
            <f name="nested-source" value="w"/>
            <f name="polarity" value="positive"/>
            <f name="intensity" value="low"/>
        </fs>
    </a>
    <node xml:id="n133">
        <link targets="r286"/>
    </node>
    <a label="direct-subjective" ref="n133" as="mpqa">
        <fs>
            <f name="nested-source" value="w"/>
            <f name="polarity" value="positive"/>
            <f name="attitude-link" value="a_sincerely"/>
            <f name="intensity" value="low"/>
            <f name="implicit" value="true"/>
        </fs>
    </a>
    <node xml:id="n134">
        <link targets="r288"/>
    </node>
    <a label="target" ref="n134" as="mpqa">
        <fs>
            <f name="id" value="t_w"/>
        </fs>
    </a>
    <node xml:id="n135">
        <link targets="r290"/>
    </node>
    <a label="agent" ref="n135" as="mpqa">
        <fs>
            <f name="nested-source" value="w,you"/>
        </fs>
    </a>
    <node xml:id="n136">
        <link targets="r292"/>
    </node>
    <a label="objective-speech-event" ref="n136" as="mpqa">
        <fs>
            <f name="insubstantial" value="c2"/>
            <f name="nested-source" value="w,you"/>
        </fs>
    </a>
    <node xml:id="n137">
        <link targets="r294"/>
    </node>
    <a label="direct-subjective" ref="n137" as="mpqa">
        <fs>
            <f name="nested-source" value="w,you"/>
            <f name="polarity" value="positive"/>
            <f name="insubstantial" value="c2"/>
            <f name="intensity" value="medium"/>
            <f name="expression-intensity" value="medium"/>
        </fs>
    </a>
    <node xml:id="n138">
        <link targets="r296"/>
    </node>
    <a label="objective-speech-event" ref="n138" as="mpqa">
        <fs>
            <f name="insubstantial" value="c2"/>
            <f name="nested-source" value="w,you"/>
        </fs>
    </a>
    <node xml:id="n139">
        <link targets="r298"/>
    </node>
    <a label="split" ref="n139" as="mpqa"/>
    <node xml:id="n14">
        <link targets="r33"/>
    </node>
    <a label="attitude" ref="n14" as="mpqa">
        <fs>
            <f name="id" value="a_we_have"/>
            <f name="target-link" value="t_we_have"/>
            <f name="intensity" value="medium"/>
            <f name="attitude-type" value="speculation"/>
        </fs>
    </a>
    <node xml:id="n140">
        <link targets="r300"/>
    </node>
    <a label="split" ref="n140" as="mpqa"/>
    <node xml:id="n15">
        <link targets="r35"/>
    </node>
    <a label="agent" ref="n15" as="mpqa">
        <fs>
            <f name="id" value="i_writer"/>
            <f name="nested-source" value="w,i_writer"/>
        </fs>
    </a>
    <node xml:id="n16">
        <link targets="r37"/>
    </node>
    <a label="direct-subjective" ref="n16" as="mpqa">
        <fs>
            <f name="nested-source" value="w,i_writer"/>
            <f name="polarity" value="neutral"/>
            <f name="attitude-link" value="a_exciting,a_successful"/>
            <f name="expression-intensity" value="low"/>
            <f name="intensity" value="medium"/>
        </fs>
    </a>
    <node xml:id="n17">
        <link targets="r39"/>
    </node>
    <a label="target" ref="n17" as="mpqa">
        <fs>
            <f name="id" value="t_we_have"/>
        </fs>
    </a>
    <node xml:id="n18">
        <link targets="r41"/>
    </node>
    <a label="expressive-subjectivity" ref="n18" as="mpqa">
        <fs>
            <f name="nested-source" value="w,i_writer"/>
            <f name="polarity" value="positive"/>
            <f name="intensity" value="medium"/>
        </fs>
    </a>
    <node xml:id="n19">
        <link targets="r43"/>
    </node>
    <a label="attitude" ref="n19" as="mpqa">
        <fs>
            <f name="target-link" value="t_future"/>
            <f name="id" value="a_exciting"/>
        </fs>
    </a>
    <node xml:id="n2">
        <link targets="r6"/>
    </node>
    <a label="split" ref="n2" as="mpqa"/>
    <node xml:id="n20">
        <link targets="r45"/>
    </node>
    <a label="attitude" ref="n20" as="mpqa">
        <fs>
            <f name="id" value="a_successful"/>
            <f name="target-link" value="t_future"/>
        </fs>
    </a>
    <node xml:id="n21">
        <link targets="r47"/>
    </node>
    <a label="target" ref="n21" as="mpqa">
        <fs>
            <f name="id" value="t_future"/>
        </fs>
    </a>
    <node xml:id="n22">
        <link targets="r49"/>
    </node>
    <a label="split" ref="n22" as="mpqa"/>
    <node xml:id="n23">
        <link targets="r51"/>
    </node>
    <a label="inside" ref="n23" as="mpqa">
        <fs>
            <f name="nested-source" value="w"/>
        </fs>
    </a>
    <node xml:id="n24">
        <link targets="r53"/>
    </node>
    <a label="objective-speech-event" ref="n24" as="mpqa">
        <fs>
            <f name="implicit" value="true"/>
            <f name="nested-source" value="w"/>
        </fs>
    </a>
    <node xml:id="n25">
        <link targets="r55"/>
    </node>
    <a label="agent" ref="n25" as="mpqa">
        <fs>
            <f name="id" value=""/>
            <f name="nested-source" value="w,we"/>
        </fs>
    </a>
    <node xml:id="n26">
        <link targets="r57"/>
    </node>
    <a label="attitude" ref="n26" as="mpqa">
        <fs>
            <f name="target-link" value="t_focus"/>
            <f name="id" value="a_decided"/>
            <f name="intensity" value="medium"/>
            <f name="attitude-type" value="intention-pos"/>
        </fs>
    </a>
    <node xml:id="n27">
        <link targets="r59"/>
    </node>
    <a label="direct-subjective" ref="n27" as="mpqa">
        <fs>
            <f name="nested-source" value="w,we"/>
            <f name="polarity" value="neutral"/>
            <f name="attitude-link" value="a_decided"/>
            <f name="expression-intensity" value="medium"/>
            <f name="intensity" value="medium"/>
        </fs>
    </a>
    <node xml:id="n28">
        <link targets="r61"/>
    </node>
    <a label="target" ref="n28" as="mpqa">
        <fs>
            <f name="id" value="t_focus"/>
        </fs>
    </a>
    <node xml:id="n29">
        <link targets="r63"/>
    </node>
    <a label="direct-subjective" ref="n29" as="mpqa">
        <fs>
            <f name="expression-intensity" value="medium"/>
            <f name="intensity" value="medium"/>
            <f name="polarity" value="neutral"/>
            <f name="nested-source" value="w,we,we"/>
        </fs>
    </a>
    <node xml:id="n3">
        <link targets="r8"/>
    </node>
    <a label="inside" ref="n3" as="mpqa">
        <fs>
            <f name="nested-source" value="w"/>
        </fs>
    </a>
    <node xml:id="n30">
        <link targets="r65"/>
    </node>
    <a label="split" ref="n30" as="mpqa"/>
    <node xml:id="n31">
        <link targets="r67"/>
    </node>
    <a label="inside" ref="n31" as="mpqa">
        <fs>
            <f name="nested-source" value="w"/>
        </fs>
    </a>
    <node xml:id="n32">
        <link targets="r69"/>
    </node>
    <a label="attitude" ref="n32" as="mpqa">
        <fs>
            <f name="target-link" value="t_arg"/>
            <f name="id" value="a_its_clear"/>
            <f name="intensity" value="medium-high"/>
            <f name="attitude-type" value="other-attitude"/>
        </fs>
    </a>
    <a label="expressive-subjectivity" ref="n32" as="mpqa">
        <fs>
            <f name="nested-source" value="w"/>
            <f name="polarity" value="positive"/>
            <f name="intensity" value="medium"/>
        </fs>
    </a>
    <node xml:id="n33">
        <link targets="r72"/>
    </node>
    <a label="direct-subjective" ref="n33" as="mpqa">
        <fs>
            <f name="nested-source" value="w"/>
            <f name="polarity" value="neutral"/>
            <f name="attitude-link" value="a_its_clear,a_wont_have_control,a_control_need,a_cont_success,a_very_important"/>
            <f name="intensity" value="medium"/>
            <f name="implicit" value="true"/>
        </fs>
    </a>
    <node xml:id="n34">
        <link targets="r74"/>
    </node>
    <a label="target" ref="n34" as="mpqa">
        <fs>
            <f name="id" value="t_arg"/>
        </fs>
    </a>
    <a label="attitude" ref="n34" as="mpqa">
        <fs>
            <f name="target-link" value="t_dont_increase_funding"/>
            <f name="id" value="a_wont_have_control"/>
            <f name="intensity" value="medium"/>
            <f name="attitude-type" value="arguing-neg"/>
        </fs>
    </a>
    <node xml:id="n35">
        <link targets="r77"/>
    </node>
    <a label="target" ref="n35" as="mpqa">
        <fs>
            <f name="id" value="t_dont_increase_funding"/>
        </fs>
    </a>
    <node xml:id="n36">
        <link targets="r79"/>
    </node>
    <a label="attitude" ref="n36" as="mpqa">
        <fs>
            <f name="target-link" value="t_control"/>
            <f name="id" value="a_control_need"/>
            <f name="intensity" value="medium"/>
            <f name="attitude-type" value="arguing-pos"/>
        </fs>
    </a>
    <node xml:id="n37">
        <link targets="r81"/>
    </node>
    <a label="target" ref="n37" as="mpqa">
        <fs>
            <f name="id" value="t_control"/>
        </fs>
    </a>
    <node xml:id="n38">
        <link targets="r83"/>
    </node>
    <a label="attitude" ref="n38" as="mpqa">
        <fs>
            <f name="target-link" value="t_centers"/>
            <f name="id" value="a_cont_success"/>
            <f name="intensity" value="medium"/>
            <f name="attitude-type" value="sentiment-pos"/>
        </fs>
    </a>
    <a label="expressive-subjectivity" ref="n38" as="mpqa">
        <fs>
            <f name="nested-source" value="w"/>
            <f name="polarity" value="positive"/>
            <f name="intensity" value="medium"/>
        </fs>
    </a>
    <node xml:id="n39">
        <link targets="r86"/>
    </node>
    <a label="target" ref="n39" as="mpqa">
        <fs>
            <f name="id" value="t_centers"/>
        </fs>
    </a>
    <node xml:id="n4">
        <link targets="r10"/>
    </node>
    <a label="direct-subjective" ref="n4" as="mpqa">
        <fs>
            <f name="nested-source" value="w"/>
            <f name="polarity" value="positive"/>
            <f name="attitude-link" value="a_long_way"/>
            <f name="intensity" value="medium"/>
            <f name="implicit" value="true"/>
        </fs>
    </a>
    <node xml:id="n40">
        <link targets="r88"/>
    </node>
    <a label="attitude" ref="n40" as="mpqa">
        <fs>
            <f name="target-link" value="t_services"/>
            <f name="id" value="a_very_important"/>
            <f name="intensity" value="high"/>
            <f name="attitude-type" value="sentiment-pos"/>
        </fs>
    </a>
    <a label="expressive-subjectivity" ref="n40" as="mpqa">
        <fs>
            <f name="nested-source" value="w"/>
            <f name="polarity" value="positive"/>
            <f name="intensity" value="high"/>
        </fs>
    </a>
    <node xml:id="n41">
        <link targets="r91"/>
    </node>
    <a label="target" ref="n41" as="mpqa">
        <fs>
            <f name="id" value="t_services"/>
        </fs>
    </a>
    <node xml:id="n42">
        <link targets="r93"/>
    </node>
    <a label="split" ref="n42" as="mpqa"/>
    <node xml:id="n43">
        <link targets="r95"/>
    </node>
    <a label="inside" ref="n43" as="mpqa">
        <fs>
            <f name="nested-source" value="w"/>
        </fs>
    </a>
    <node xml:id="n44">
        <link targets="r97"/>
    </node>
    <a label="objective-speech-event" ref="n44" as="mpqa">
        <fs>
            <f name="implicit" value="true"/>
            <f name="nested-source" value="w"/>
        </fs>
    </a>
    <node xml:id="n45">
        <link targets="r99"/>
    </node>
    <a label="split" ref="n45" as="mpqa"/>
    <node xml:id="n46">
        <link targets="r101"/>
    </node>
    <a label="inside" ref="n46" as="mpqa">
        <fs>
            <f name="nested-source" value="w"/>
        </fs>
    </a>
    <node xml:id="n47">
        <link targets="r103"/>
    </node>
    <a label="attitude" ref="n47" as="mpqa">
        <fs>
            <f name="target-link" value="t_where_else"/>
            <f name="id" value="a_where_else"/>
            <f name="intensity" value="medium"/>
            <f name="attitude-type" value="speculation"/>
        </fs>
    </a>
    <node xml:id="n48">
        <link targets="r105"/>
    </node>
    <a label="target" ref="n48" as="mpqa">
        <fs>
            <f name="id" value="t_where_else"/>
        </fs>
    </a>
    <node xml:id="n49">
        <link targets="r107"/>
    </node>
    <a label="direct-subjective" ref="n49" as="mpqa">
        <fs>
            <f name="nested-source" value="w"/>
            <f name="polarity" value="neutral"/>
            <f name="attitude-link" value="a_where_else,a_there_to_help"/>
            <f name="intensity" value="medium"/>
            <f name="implicit" value="true"/>
        </fs>
    </a>
    <node xml:id="n5">
        <link targets="r12"/>
    </node>
    <a label="agent" ref="n5" as="mpqa">
        <fs>
            <f name="id" value="we"/>
            <f name="nested-source" value="w,we"/>
        </fs>
    </a>
    <a label="target" ref="n5" as="mpqa">
        <fs>
            <f name="id" value="t_cci"/>
        </fs>
    </a>
    <node xml:id="n50">
        <link targets="r109"/>
    </node>
    <a label="target" ref="n50" as="mpqa">
        <fs>
            <f name="id" value="t_cci_2"/>
        </fs>
    </a>
    <node xml:id="n51">
        <link targets="r111"/>
    </node>
    <a label="attitude" ref="n51" as="mpqa">
        <fs>
            <f name="id" value="a_there_to_help"/>
            <f name="target-link" value="t_cci_2"/>
            <f name="intensity" value="medium"/>
            <f name="attitude-type" value="sentiment-pos"/>
        </fs>
    </a>
    <a label="expressive-subjectivity" ref="n51" as="mpqa">
        <fs>
            <f name="nested-source" value="w"/>
            <f name="polarity" value="positive"/>
            <f name="intensity" value="medium"/>
        </fs>
    </a>
    <node xml:id="n52">
        <link targets="r114"/>
    </node>
    <a label="split" ref="n52" as="mpqa"/>
    <node xml:id="n53">
        <link targets="r116"/>
    </node>
    <a label="inside" ref="n53" as="mpqa">
        <fs>
            <f name="nested-source" value="w"/>
        </fs>
    </a>
    <node xml:id="n54">
        <link targets="r118"/>
    </node>
    <a label="agent" ref="n54" as="mpqa">
        <fs>
            <f name="id" value="committee"/>
            <f name="nested-source" value="w,committee"/>
        </fs>
    </a>
    <node xml:id="n55">
        <link targets="r120"/>
    </node>
    <a label="objective-speech-event" ref="n55" as="mpqa">
        <fs>
            <f name="implicit" value="true"/>
            <f name="nested-source" value="w"/>
        </fs>
    </a>
    <node xml:id="n56">
        <link targets="r122"/>
    </node>
    <a label="direct-subjective" ref="n56" as="mpqa">
        <fs>
            <f name="intensity" value="medium"/>
            <f name="attitude-link" value="a_fundraising_plan"/>
            <f name="polarity" value="neutral"/>
            <f name="nested-source" value="w,committee"/>
        </fs>
    </a>
    <node xml:id="n57">
        <link targets="r124"/>
    </node>
    <a label="attitude" ref="n57" as="mpqa">
        <fs>
            <f name="target-link" value="t_bring_more_money"/>
            <f name="id" value="a_fundraising_plan"/>
            <f name="intensity" value="medium"/>
            <f name="attitude-type" value="intention-pos"/>
        </fs>
    </a>
    <node xml:id="n58">
        <link targets="r126"/>
    </node>
    <a label="target" ref="n58" as="mpqa">
        <fs>
            <f name="id" value="t_bring_more_money"/>
        </fs>
    </a>
    <node xml:id="n59">
        <link targets="r128"/>
    </node>
    <a label="split" ref="n59" as="mpqa"/>
    <node xml:id="n6">
        <link targets="r15"/>
    </node>
    <a label="expressive-subjectivity" ref="n6" as="mpqa">
        <fs>
            <f name="nested-source" value="w"/>
            <f name="polarity" value="positive"/>
            <f name="intensity" value="medium"/>
        </fs>
    </a>
    <a label="attitude" ref="n6" as="mpqa">
        <fs>
            <f name="target-link" value="t_cci"/>
            <f name="id" value="a_long_way"/>
            <f name="intensity" value="medium"/>
            <f name="attitude-type" value="sentiment-pos"/>
        </fs>
    </a>
    <node xml:id="n60">
        <link targets="r130"/>
    </node>
    <a label="inside" ref="n60" as="mpqa">
        <fs>
            <f name="nested-source" value="w"/>
        </fs>
    </a>
    <node xml:id="n61">
        <link targets="r132"/>
    </node>
    <a label="attitude" ref="n61" as="mpqa">
        <fs>
            <f name="target-link" value="t_this"/>
            <f name="id" value="a_will_help_arg"/>
            <f name="intensity" value="medium"/>
            <f name="attitude-type" value="arguing-pos"/>
        </fs>
    </a>
    <node xml:id="n62">
        <link targets="r134"/>
    </node>
    <a label="target" ref="n62" as="mpqa">
        <fs>
            <f name="id" value="t_this"/>
        </fs>
    </a>
    <node xml:id="n63">
        <link targets="r136"/>
    </node>
    <a label="direct-subjective" ref="n63" as="mpqa">
        <fs>
            <f name="nested-source" value="w"/>
            <f name="polarity" value="positive"/>
            <f name="attitude-link" value="a_will_help_arg,a_will_help"/>
            <f name="intensity" value="medium"/>
            <f name="implicit" value="true"/>
        </fs>
    </a>
    <node xml:id="n64">
        <link targets="r138"/>
    </node>
    <a label="attitude" ref="n64" as="mpqa">
        <fs>
            <f name="target-link" value="t_this"/>
            <f name="intensity" value="medium"/>
            <f name="id" value="a_will_help"/>
            <f name="attitude-type" value="sentiment-pos"/>
        </fs>
    </a>
    <a label="expressive-subjectivity" ref="n64" as="mpqa">
        <fs>
            <f name="nested-source" value="w"/>
            <f name="polarity" value="positive"/>
            <f name="intensity" value="medium"/>
        </fs>
    </a>
    <node xml:id="n65">
        <link targets="r141"/>
    </node>
    <a label="split" ref="n65" as="mpqa"/>
    <node xml:id="n66">
        <link targets="r143"/>
    </node>
    <a label="inside" ref="n66" as="mpqa">
        <fs>
            <f name="nested-source" value="w"/>
        </fs>
    </a>
    <node xml:id="n67">
        <link targets="r145"/>
    </node>
    <a label="direct-subjective" ref="n67" as="mpqa">
        <fs>
            <f name="implicit" value="true"/>
            <f name="intensity" value="medium"/>
            <f name="polarity" value="positive"/>
            <f name="nested-source" value="w"/>
        </fs>
    </a>
    <node xml:id="n68">
        <link targets="r147"/>
    </node>
    <a label="objective-speech-event" ref="n68" as="mpqa">
        <fs>
            <f name="nested-source" value="w,i_writer"/>
        </fs>
    </a>
    <node xml:id="n69">
        <link targets="r149"/>
    </node>
    <a label="agent" ref="n69" as="mpqa">
        <fs>
            <f name="nested-source" value="w,i_writer"/>
        </fs>
    </a>
    <node xml:id="n7">
        <link targets="r18"/>
    </node>
    <a label="split" ref="n7" as="mpqa"/>
    <node xml:id="n70">
        <link targets="r151"/>
    </node>
    <a label="direct-subjective" ref="n70" as="mpqa">
        <fs>
            <f name="nested-source" value="w,i_writer"/>
            <f name="polarity" value="positive"/>
            <f name="attitude-link" value="a_asking"/>
            <f name="intensity" value="medium"/>
            <f name="expression-intensity" value="medium"/>
        </fs>
    </a>
    <node xml:id="n71">
        <link targets="r153"/>
    </node>
    <a label="attitude" ref="n71" as="mpqa">
        <fs>
            <f name="target-link" value="t_make_contribution"/>
            <f name="id" value="a_asking"/>
            <f name="intensity" value="medium"/>
            <f name="attitude-type" value="sentiment-pos"/>
        </fs>
    </a>
    <node xml:id="n72">
        <link targets="r155"/>
    </node>
    <a label="target" ref="n72" as="mpqa">
        <fs>
            <f name="id" value="t_make_contribution"/>
        </fs>
    </a>
    <node xml:id="n73">
        <link targets="r157"/>
    </node>
    <a label="agent" ref="n73" as="mpqa">
        <fs>
            <f name="id" value="you"/>
            <f name="nested-source" value="w,i_writer,you"/>
        </fs>
    </a>
    <node xml:id="n74">
        <link targets="r159"/>
    </node>
    <a label="attitude" ref="n74" as="mpqa">
        <fs>
            <f name="target-link" value="t_the_work"/>
            <f name="id" value="a_believe_in"/>
            <f name="intensity" value="medium"/>
            <f name="attitude-type" value="sentiment-pos"/>
        </fs>
    </a>
    <a label="direct-subjective" ref="n74" as="mpqa">
        <fs>
            <f name="nested-source" value="w,i_writer,you"/>
            <f name="polarity" value="positive"/>
            <f name="attitude-link" value="a_believe_in"/>
            <f name="expression-intensity" value="medium"/>
            <f name="intensity" value="medium"/>
        </fs>
    </a>
    <node xml:id="n75">
        <link targets="r162"/>
    </node>
    <a label="target" ref="n75" as="mpqa">
        <fs>
            <f name="id" value="t_the_work"/>
        </fs>
    </a>
    <node xml:id="n76">
        <link targets="r164"/>
    </node>
    <a label="direct-subjective" ref="n76" as="mpqa">
        <fs>
            <f name="nested-source" value="w,i_writer,you"/>
            <f name="polarity" value="positive"/>
            <f name="attitude-link" value="a_willing"/>
            <f name="intensity" value="medium"/>
            <f name="expression-intensity" value="medium"/>
        </fs>
    </a>
    <node xml:id="n77">
        <link targets="r166"/>
    </node>
    <a label="attitude" ref="n77" as="mpqa">
        <fs>
            <f name="target-link" value="t_to_support"/>
            <f name="id" value="a_willing"/>
            <f name="intensity" value="medium"/>
            <f name="attitude-type" value="sentiment-pos"/>
        </fs>
    </a>
    <node xml:id="n78">
        <link targets="r168"/>
    </node>
    <a label="target" ref="n78" as="mpqa">
        <fs>
            <f name="id" value="t_to_support"/>
        </fs>
    </a>
    <node xml:id="n79">
        <link targets="r170"/>
    </node>
    <a label="split" ref="n79" as="mpqa"/>
    <node xml:id="n8">
        <link targets="r20"/>
    </node>
    <a label="inside" ref="n8" as="mpqa">
        <fs>
            <f name="nested-source" value="w"/>
        </fs>
    </a>
    <node xml:id="n80">
        <link targets="r172"/>
    </node>
    <a label="inside" ref="n80" as="mpqa">
        <fs>
            <f name="nested-source" value="w"/>
        </fs>
    </a>
    <node xml:id="n81">
        <link targets="r174"/>
    </node>
    <a label="direct-subjective" ref="n81" as="mpqa">
        <fs>
            <f name="implicit" value="true"/>
            <f name="nested-source" value="w"/>
        </fs>
    </a>
    <node xml:id="n82">
        <link targets="r176"/>
    </node>
    <a label="agent" ref="n82" as="mpqa">
        <fs>
            <f name="nested-source" value="w,we"/>
        </fs>
    </a>
    <node xml:id="n83">
        <link targets="r178"/>
    </node>
    <a label="attitude" ref="n83" as="mpqa">
        <fs>
            <f name="target-link" value="t_comm_supp"/>
            <f name="id" value="a_ask_for"/>
            <f name="intensity" value="medium"/>
            <f name="attitude-type" value="sentiment-pos"/>
        </fs>
    </a>
    <node xml:id="n84">
        <link targets="r180"/>
    </node>
    <a label="direct-subjective" ref="n84" as="mpqa">
        <fs>
            <f name="nested-source" value="w,we"/>
            <f name="polarity" value="positive"/>
            <f name="attitude-link" value="a_ask_for"/>
            <f name="expression-intensity" value="medium"/>
            <f name="intensity" value="medium"/>
        </fs>
    </a>
    <node xml:id="n85">
        <link targets="r182"/>
    </node>
    <a label="target" ref="n85" as="mpqa">
        <fs>
            <f name="id" value="t_comm_supp"/>
        </fs>
    </a>
    <node xml:id="n86">
        <link targets="r184"/>
    </node>
    <a label="objective-speech-event" ref="n86" as="mpqa">
        <fs>
            <f name="nested-source" value="w,implicit"/>
            <f name="insubstantial" value="c3"/>
            <f name="implicit" value=""/>
        </fs>
    </a>
    <node xml:id="n87">
        <link targets="r186"/>
    </node>
    <a label="agent" ref="n87" as="mpqa">
        <fs>
            <f name="nested-source" value="w,we"/>
        </fs>
    </a>
    <node xml:id="n88">
        <link targets="r188"/>
    </node>
    <a label="objective-speech-event" ref="n88" as="mpqa">
        <fs>
            <f name="nested-source" value="w,we"/>
        </fs>
    </a>
    <node xml:id="n89">
        <link targets="r190"/>
    </node>
    <a label="agent" ref="n89" as="mpqa">
        <fs>
            <f name="nested-source" value="w,we"/>
        </fs>
    </a>
    <node xml:id="n9">
        <link targets="r22"/>
    </node>
    <a label="direct-subjective" ref="n9" as="mpqa">
        <fs>
            <f name="nested-source" value="w"/>
            <f name="polarity" value="positive"/>
            <f name="attitude-link" value="a_were_ready,a_boldly,a_we_have"/>
            <f name="intensity" value="medium"/>
            <f name="implicit" value="true"/>
        </fs>
    </a>
    <node xml:id="n90">
        <link targets="r192"/>
    </node>
    <a label="attitude" ref="n90" as="mpqa">
        <fs>
            <f name="target-link" value="t_the_work"/>
            <f name="id" value="a_commitment"/>
            <f name="intensity" value="medium-high"/>
            <f name="attitude-type" value="sentiment-pos"/>
        </fs>
    </a>
    <a label="direct-subjective" ref="n90" as="mpqa">
        <fs>
            <f name="nested-source" value="w,we"/>
            <f name="polarity" value="positive"/>
            <f name="attitude-link" value="a_commitment,a_full_participation"/>
            <f name="expression-intensity" value="medium"/>
            <f name="intensity" value="medium"/>
        </fs>
    </a>
    <node xml:id="n91">
        <link targets="r195"/>
    </node>
    <a label="attitude" ref="n91" as="mpqa">
        <fs>
            <f name="attitude-uncertain" value="very-uncertain"/>
            <f name="attitude-type" value="sentiment-pos"/>
            <f name="target-link" value="t_the_work"/>
            <f name="intensity" value="medium-high"/>
            <f name="id" value="a_full_participation"/>
        </fs>
    </a>
    <a label="expressive-subjectivity" ref="n91" as="mpqa">
        <fs>
            <f name="nested-source" value="w,we"/>
            <f name="polarity" value="positive"/>
            <f name="es-uncertain" value="very-uncertain"/>
            <f name="nested-source-uncertain" value="somewhat-uncertain"/>
            <f name="intensity" value="medium"/>
        </fs>
    </a>
    <node xml:id="n92">
        <link targets="r198"/>
    </node>
    <a label="split" ref="n92" as="mpqa"/>
    <node xml:id="n93">
        <link targets="r200"/>
    </node>
    <a label="inside" ref="n93" as="mpqa">
        <fs>
            <f name="nested-source" value="w"/>
        </fs>
    </a>
    <node xml:id="n94">
        <link targets="r202"/>
    </node>
    <a label="agent" ref="n94" as="mpqa">
        <fs>
            <f name="nested-source" value="w,i_writer"/>
        </fs>
    </a>
    <node xml:id="n95">
        <link targets="r204"/>
    </node>
    <a label="objective-speech-event" ref="n95" as="mpqa">
        <fs>
            <f name="implicit" value="true"/>
            <f name="nested-source" value="w"/>
        </fs>
    </a>
    <node xml:id="n96">
        <link targets="r206"/>
    </node>
    <a label="attitude" ref="n96" as="mpqa">
        <fs>
            <f name="target-link" value="t_seek_support"/>
            <f name="id" value="a_encourage"/>
            <f name="intensity" value="medium"/>
            <f name="attitude-type" value="sentiment-pos"/>
        </fs>
    </a>
    <a label="direct-subjective" ref="n96" as="mpqa">
        <fs>
            <f name="nested-source" value="w,i_writer"/>
            <f name="polarity" value="positive"/>
            <f name="attitude-link" value="a_encourage"/>
            <f name="expression-intensity" value="medium"/>
            <f name="intensity" value="medium"/>
        </fs>
    </a>
    <node xml:id="n97">
        <link targets="r209"/>
    </node>
    <a label="target" ref="n97" as="mpqa">
        <fs>
            <f name="id" value="t_seek_support"/>
        </fs>
    </a>
    <node xml:id="n98">
        <link targets="r211"/>
    </node>
    <a label="split" ref="n98" as="mpqa"/>
    <node xml:id="n99">
        <link targets="r213"/>
    </node>
    <a label="inside" ref="n99" as="mpqa">
        <fs>
            <f name="nested-source" value="w"/>
        </fs>
    </a>
</graph>
