<?xml version="1.0" encoding="UTF-8"?>
<graph xmlns="http://www.xces.org/ns/GrAF/1.0/">
    <header>
        <tagsDecl>
            <tagUsage gi="nchunk" occurs="102"/>
        </tagsDecl>
        <dependencies>
            <dependsOn type="penn"/>
        </dependencies>
        <annotationSets>
            <annotationSet name="xces" type="http://www.xces.org/schema/2003"/>
        </annotationSets>
    </header>
    <node xml:id="n0"/>
    <a label="nchunk" ref="n0" as="xces"/>
    <node xml:id="n1"/>
    <a label="nchunk" ref="n1" as="xces"/>
    <node xml:id="n10"/>
    <a label="nchunk" ref="n10" as="xces"/>
    <node xml:id="n100"/>
    <a label="nchunk" ref="n100" as="xces"/>
    <node xml:id="n101"/>
    <a label="nchunk" ref="n101" as="xces"/>
    <node xml:id="n11"/>
    <a label="nchunk" ref="n11" as="xces"/>
    <node xml:id="n12"/>
    <a label="nchunk" ref="n12" as="xces"/>
    <node xml:id="n13"/>
    <a label="nchunk" ref="n13" as="xces"/>
    <node xml:id="n14"/>
    <a label="nchunk" ref="n14" as="xces"/>
    <node xml:id="n15"/>
    <a label="nchunk" ref="n15" as="xces"/>
    <node xml:id="n16"/>
    <a label="nchunk" ref="n16" as="xces"/>
    <node xml:id="n17"/>
    <a label="nchunk" ref="n17" as="xces"/>
    <node xml:id="n18"/>
    <a label="nchunk" ref="n18" as="xces"/>
    <node xml:id="n19"/>
    <a label="nchunk" ref="n19" as="xces"/>
    <node xml:id="n2"/>
    <a label="nchunk" ref="n2" as="xces"/>
    <node xml:id="n20"/>
    <a label="nchunk" ref="n20" as="xces"/>
    <node xml:id="n21"/>
    <a label="nchunk" ref="n21" as="xces"/>
    <node xml:id="n22"/>
    <a label="nchunk" ref="n22" as="xces"/>
    <node xml:id="n23"/>
    <a label="nchunk" ref="n23" as="xces"/>
    <node xml:id="n24"/>
    <a label="nchunk" ref="n24" as="xces"/>
    <node xml:id="n25"/>
    <a label="nchunk" ref="n25" as="xces"/>
    <node xml:id="n26"/>
    <a label="nchunk" ref="n26" as="xces"/>
    <node xml:id="n27"/>
    <a label="nchunk" ref="n27" as="xces"/>
    <node xml:id="n28"/>
    <a label="nchunk" ref="n28" as="xces"/>
    <node xml:id="n29"/>
    <a label="nchunk" ref="n29" as="xces"/>
    <node xml:id="n3"/>
    <a label="nchunk" ref="n3" as="xces"/>
    <node xml:id="n30"/>
    <a label="nchunk" ref="n30" as="xces"/>
    <node xml:id="n31"/>
    <a label="nchunk" ref="n31" as="xces"/>
    <node xml:id="n32"/>
    <a label="nchunk" ref="n32" as="xces"/>
    <node xml:id="n33"/>
    <a label="nchunk" ref="n33" as="xces"/>
    <node xml:id="n34"/>
    <a label="nchunk" ref="n34" as="xces"/>
    <node xml:id="n35"/>
    <a label="nchunk" ref="n35" as="xces"/>
    <node xml:id="n36"/>
    <a label="nchunk" ref="n36" as="xces"/>
    <node xml:id="n37"/>
    <a label="nchunk" ref="n37" as="xces"/>
    <node xml:id="n38"/>
    <a label="nchunk" ref="n38" as="xces"/>
    <node xml:id="n39"/>
    <a label="nchunk" ref="n39" as="xces"/>
    <node xml:id="n4"/>
    <a label="nchunk" ref="n4" as="xces"/>
    <node xml:id="n40"/>
    <a label="nchunk" ref="n40" as="xces"/>
    <node xml:id="n41"/>
    <a label="nchunk" ref="n41" as="xces"/>
    <node xml:id="n42"/>
    <a label="nchunk" ref="n42" as="xces"/>
    <node xml:id="n43"/>
    <a label="nchunk" ref="n43" as="xces"/>
    <node xml:id="n44"/>
    <a label="nchunk" ref="n44" as="xces"/>
    <node xml:id="n45"/>
    <a label="nchunk" ref="n45" as="xces"/>
    <node xml:id="n46"/>
    <a label="nchunk" ref="n46" as="xces"/>
    <node xml:id="n47"/>
    <a label="nchunk" ref="n47" as="xces"/>
    <node xml:id="n48"/>
    <a label="nchunk" ref="n48" as="xces"/>
    <node xml:id="n49"/>
    <a label="nchunk" ref="n49" as="xces"/>
    <node xml:id="n5"/>
    <a label="nchunk" ref="n5" as="xces"/>
    <node xml:id="n50"/>
    <a label="nchunk" ref="n50" as="xces"/>
    <node xml:id="n51"/>
    <a label="nchunk" ref="n51" as="xces"/>
    <node xml:id="n52"/>
    <a label="nchunk" ref="n52" as="xces"/>
    <node xml:id="n53"/>
    <a label="nchunk" ref="n53" as="xces"/>
    <node xml:id="n54"/>
    <a label="nchunk" ref="n54" as="xces"/>
    <node xml:id="n55"/>
    <a label="nchunk" ref="n55" as="xces"/>
    <node xml:id="n56"/>
    <a label="nchunk" ref="n56" as="xces"/>
    <node xml:id="n57"/>
    <a label="nchunk" ref="n57" as="xces"/>
    <node xml:id="n58"/>
    <a label="nchunk" ref="n58" as="xces"/>
    <node xml:id="n59"/>
    <a label="nchunk" ref="n59" as="xces"/>
    <node xml:id="n6"/>
    <a label="nchunk" ref="n6" as="xces"/>
    <node xml:id="n60"/>
    <a label="nchunk" ref="n60" as="xces"/>
    <node xml:id="n61"/>
    <a label="nchunk" ref="n61" as="xces"/>
    <node xml:id="n62"/>
    <a label="nchunk" ref="n62" as="xces"/>
    <node xml:id="n63"/>
    <a label="nchunk" ref="n63" as="xces"/>
    <node xml:id="n64"/>
    <a label="nchunk" ref="n64" as="xces"/>
    <node xml:id="n65"/>
    <a label="nchunk" ref="n65" as="xces"/>
    <node xml:id="n66"/>
    <a label="nchunk" ref="n66" as="xces"/>
    <node xml:id="n67"/>
    <a label="nchunk" ref="n67" as="xces"/>
    <node xml:id="n68"/>
    <a label="nchunk" ref="n68" as="xces"/>
    <node xml:id="n69"/>
    <a label="nchunk" ref="n69" as="xces"/>
    <node xml:id="n7"/>
    <a label="nchunk" ref="n7" as="xces"/>
    <node xml:id="n70"/>
    <a label="nchunk" ref="n70" as="xces"/>
    <node xml:id="n71"/>
    <a label="nchunk" ref="n71" as="xces"/>
    <node xml:id="n72"/>
    <a label="nchunk" ref="n72" as="xces"/>
    <node xml:id="n73"/>
    <a label="nchunk" ref="n73" as="xces"/>
    <node xml:id="n74"/>
    <a label="nchunk" ref="n74" as="xces"/>
    <node xml:id="n75"/>
    <a label="nchunk" ref="n75" as="xces"/>
    <node xml:id="n76"/>
    <a label="nchunk" ref="n76" as="xces"/>
    <node xml:id="n77"/>
    <a label="nchunk" ref="n77" as="xces"/>
    <node xml:id="n78"/>
    <a label="nchunk" ref="n78" as="xces"/>
    <node xml:id="n79"/>
    <a label="nchunk" ref="n79" as="xces"/>
    <node xml:id="n8"/>
    <a label="nchunk" ref="n8" as="xces"/>
    <node xml:id="n80"/>
    <a label="nchunk" ref="n80" as="xces"/>
    <node xml:id="n81"/>
    <a label="nchunk" ref="n81" as="xces"/>
    <node xml:id="n82"/>
    <a label="nchunk" ref="n82" as="xces"/>
    <node xml:id="n83"/>
    <a label="nchunk" ref="n83" as="xces"/>
    <node xml:id="n84"/>
    <a label="nchunk" ref="n84" as="xces"/>
    <node xml:id="n85"/>
    <a label="nchunk" ref="n85" as="xces"/>
    <node xml:id="n86"/>
    <a label="nchunk" ref="n86" as="xces"/>
    <node xml:id="n87"/>
    <a label="nchunk" ref="n87" as="xces"/>
    <node xml:id="n88"/>
    <a label="nchunk" ref="n88" as="xces"/>
    <node xml:id="n89"/>
    <a label="nchunk" ref="n89" as="xces"/>
    <node xml:id="n9"/>
    <a label="nchunk" ref="n9" as="xces"/>
    <node xml:id="n90"/>
    <a label="nchunk" ref="n90" as="xces"/>
    <node xml:id="n91"/>
    <a label="nchunk" ref="n91" as="xces"/>
    <node xml:id="n92"/>
    <a label="nchunk" ref="n92" as="xces"/>
    <node xml:id="n93"/>
    <a label="nchunk" ref="n93" as="xces"/>
    <node xml:id="n94"/>
    <a label="nchunk" ref="n94" as="xces"/>
    <node xml:id="n95"/>
    <a label="nchunk" ref="n95" as="xces"/>
    <node xml:id="n96"/>
    <a label="nchunk" ref="n96" as="xces"/>
    <node xml:id="n97"/>
    <a label="nchunk" ref="n97" as="xces"/>
    <node xml:id="n98"/>
    <a label="nchunk" ref="n98" as="xces"/>
    <node xml:id="n99"/>
    <a label="nchunk" ref="n99" as="xces"/>
    <edge xml:id="lnk109" from="n59" to="n247"/>
    <edge xml:id="lnk108" from="n59" to="n246"/>
    <edge xml:id="lnk107" from="n59" to="n245"/>
    <edge xml:id="lnk106" from="n58" to="n243"/>
    <edge xml:id="lnk105" from="n57" to="n236"/>
    <edge xml:id="lnk104" from="n56" to="n235"/>
    <edge xml:id="lnk103" from="n55" to="n234"/>
    <edge xml:id="lnk102" from="n55" to="n233"/>
    <edge xml:id="lnk101" from="n54" to="n230"/>
    <edge xml:id="lnk100" from="n53" to="n226"/>
    <edge xml:id="lnk99" from="n53" to="n225"/>
    <edge xml:id="lnk98" from="n53" to="n224"/>
    <edge xml:id="lnk97" from="n53" to="n223"/>
    <edge xml:id="lnk96" from="n52" to="n220"/>
    <edge xml:id="lnk95" from="n52" to="n219"/>
    <edge xml:id="lnk94" from="n51" to="n217"/>
    <edge xml:id="lnk93" from="n51" to="n216"/>
    <edge xml:id="lnk92" from="n50" to="n214"/>
    <edge xml:id="lnk91" from="n50" to="n213"/>
    <edge xml:id="lnk90" from="n50" to="n212"/>
    <edge xml:id="lnk89" from="n5" to="n42"/>
    <edge xml:id="lnk88" from="n5" to="n41"/>
    <edge xml:id="lnk87" from="n49" to="n209"/>
    <edge xml:id="lnk86" from="n48" to="n207"/>
    <edge xml:id="lnk85" from="n48" to="n206"/>
    <edge xml:id="lnk84" from="n47" to="n203"/>
    <edge xml:id="lnk83" from="n46" to="n201"/>
    <edge xml:id="lnk82" from="n45" to="n199"/>
    <edge xml:id="lnk81" from="n44" to="n195"/>
    <edge xml:id="lnk80" from="n43" to="n194"/>
    <edge xml:id="lnk199" from="n96" to="n397"/>
    <edge xml:id="lnk198" from="n95" to="n394"/>
    <edge xml:id="lnk197" from="n95" to="n393"/>
    <edge xml:id="lnk196" from="n95" to="n392"/>
    <edge xml:id="lnk195" from="n94" to="n391"/>
    <edge xml:id="lnk194" from="n94" to="n390"/>
    <edge xml:id="lnk193" from="n94" to="n389"/>
    <edge xml:id="lnk79" from="n43" to="n193"/>
    <edge xml:id="lnk192" from="n94" to="n388"/>
    <edge xml:id="lnk78" from="n42" to="n187"/>
    <edge xml:id="lnk191" from="n94" to="n387"/>
    <edge xml:id="lnk77" from="n41" to="n184"/>
    <edge xml:id="lnk190" from="n93" to="n383"/>
    <edge xml:id="lnk76" from="n40" to="n182"/>
    <edge xml:id="lnk75" from="n4" to="n35"/>
    <edge xml:id="lnk74" from="n39" to="n180"/>
    <edge xml:id="lnk73" from="n39" to="n179"/>
    <edge xml:id="lnk72" from="n38" to="n177"/>
    <edge xml:id="lnk71" from="n38" to="n176"/>
    <edge xml:id="lnk70" from="n37" to="n172"/>
    <edge xml:id="lnk189" from="n92" to="n382"/>
    <edge xml:id="lnk188" from="n92" to="n381"/>
    <edge xml:id="lnk187" from="n91" to="n376"/>
    <edge xml:id="lnk186" from="n91" to="n375"/>
    <edge xml:id="lnk185" from="n90" to="n373"/>
    <edge xml:id="lnk184" from="n90" to="n372"/>
    <edge xml:id="lnk183" from="n90" to="n371"/>
    <edge xml:id="lnk69" from="n36" to="n171"/>
    <edge xml:id="lnk182" from="n90" to="n370"/>
    <edge xml:id="lnk68" from="n36" to="n170"/>
    <edge xml:id="lnk181" from="n90" to="n369"/>
    <edge xml:id="lnk67" from="n36" to="n169"/>
    <edge xml:id="lnk180" from="n90" to="n368"/>
    <edge xml:id="lnk66" from="n36" to="n168"/>
    <edge xml:id="lnk65" from="n35" to="n164"/>
    <edge xml:id="lnk64" from="n35" to="n163"/>
    <edge xml:id="lnk63" from="n35" to="n162"/>
    <edge xml:id="lnk62" from="n34" to="n158"/>
    <edge xml:id="lnk61" from="n34" to="n157"/>
    <edge xml:id="lnk60" from="n34" to="n156"/>
    <edge xml:id="lnk179" from="n90" to="n367"/>
    <edge xml:id="lnk178" from="n90" to="n366"/>
    <edge xml:id="lnk177" from="n90" to="n365"/>
    <edge xml:id="lnk176" from="n90" to="n364"/>
    <edge xml:id="lnk175" from="n9" to="n60"/>
    <edge xml:id="lnk174" from="n89" to="n363"/>
    <edge xml:id="lnk173" from="n88" to="n360"/>
    <edge xml:id="lnk59" from="n34" to="n155"/>
    <edge xml:id="lnk172" from="n88" to="n359"/>
    <edge xml:id="lnk58" from="n33" to="n151"/>
    <edge xml:id="lnk171" from="n88" to="n358"/>
    <edge xml:id="lnk57" from="n32" to="n145"/>
    <edge xml:id="lnk170" from="n87" to="n356"/>
    <edge xml:id="lnk56" from="n32" to="n144"/>
    <edge xml:id="lnk55" from="n31" to="n138"/>
    <edge xml:id="lnk54" from="n31" to="n137"/>
    <edge xml:id="lnk53" from="n31" to="n136"/>
    <edge xml:id="lnk52" from="n30" to="n133"/>
    <edge xml:id="lnk51" from="n30" to="n132"/>
    <edge xml:id="lnk50" from="n30" to="n131"/>
    <edge xml:id="lnk205" from="n99" to="n410"/>
    <edge xml:id="lnk204" from="n98" to="n408"/>
    <edge xml:id="lnk203" from="n98" to="n407"/>
    <edge xml:id="lnk202" from="n98" to="n406"/>
    <edge xml:id="lnk201" from="n97" to="n400"/>
    <edge xml:id="lnk200" from="n97" to="n399"/>
    <edge xml:id="lnk169" from="n87" to="n355"/>
    <edge xml:id="lnk168" from="n87" to="n354"/>
    <edge xml:id="lnk167" from="n86" to="n352"/>
    <edge xml:id="lnk166" from="n86" to="n351"/>
    <edge xml:id="lnk165" from="n86" to="n350"/>
    <edge xml:id="lnk164" from="n85" to="n348"/>
    <edge xml:id="lnk163" from="n85" to="n347"/>
    <edge xml:id="lnk49" from="n30" to="n130"/>
    <edge xml:id="lnk162" from="n84" to="n345"/>
    <edge xml:id="lnk48" from="n3" to="n33"/>
    <edge xml:id="lnk161" from="n84" to="n344"/>
    <edge xml:id="lnk47" from="n3" to="n32"/>
    <edge xml:id="lnk160" from="n83" to="n341"/>
    <edge xml:id="lnk46" from="n3" to="n31"/>
    <edge xml:id="lnk45" from="n3" to="n30"/>
    <edge xml:id="lnk44" from="n29" to="n128"/>
    <edge xml:id="lnk43" from="n28" to="n126"/>
    <edge xml:id="lnk42" from="n27" to="n122"/>
    <edge xml:id="lnk41" from="n26" to="n121"/>
    <edge xml:id="lnk40" from="n26" to="n120"/>
    <edge xml:id="lnk9" from="n100" to="n412"/>
    <edge xml:id="lnk8" from="n10" to="n66"/>
    <edge xml:id="lnk7" from="n10" to="n65"/>
    <edge xml:id="lnk6" from="n10" to="n64"/>
    <edge xml:id="lnk5" from="n10" to="n63"/>
    <edge xml:id="lnk4" from="n10" to="n62"/>
    <edge xml:id="lnk3" from="n1" to="n23"/>
    <edge xml:id="lnk2" from="n0" to="n21"/>
    <edge xml:id="lnk1" from="n0" to="n20"/>
    <edge xml:id="lnk159" from="n82" to="n335"/>
    <edge xml:id="lnk0" from="n0" to="n19"/>
    <edge xml:id="lnk158" from="n81" to="n333"/>
    <edge xml:id="lnk157" from="n81" to="n332"/>
    <edge xml:id="lnk156" from="n81" to="n331"/>
    <edge xml:id="lnk155" from="n80" to="n328"/>
    <edge xml:id="lnk154" from="n8" to="n57"/>
    <edge xml:id="lnk153" from="n79" to="n326"/>
    <edge xml:id="lnk39" from="n26" to="n119"/>
    <edge xml:id="lnk152" from="n79" to="n325"/>
    <edge xml:id="lnk38" from="n26" to="n118"/>
    <edge xml:id="lnk151" from="n78" to="n323"/>
    <edge xml:id="lnk37" from="n25" to="n116"/>
    <edge xml:id="lnk150" from="n77" to="n321"/>
    <edge xml:id="lnk36" from="n25" to="n115"/>
    <edge xml:id="lnk35" from="n24" to="n113"/>
    <edge xml:id="lnk34" from="n24" to="n112"/>
    <edge xml:id="lnk33" from="n24" to="n111"/>
    <edge xml:id="lnk32" from="n23" to="n107"/>
    <edge xml:id="lnk31" from="n22" to="n106"/>
    <edge xml:id="lnk30" from="n21" to="n104"/>
    <edge xml:id="lnk149" from="n77" to="n320"/>
    <edge xml:id="lnk148" from="n76" to="n316"/>
    <edge xml:id="lnk147" from="n75" to="n309"/>
    <edge xml:id="lnk146" from="n75" to="n308"/>
    <edge xml:id="lnk145" from="n75" to="n307"/>
    <edge xml:id="lnk144" from="n75" to="n306"/>
    <edge xml:id="lnk143" from="n75" to="n305"/>
    <edge xml:id="lnk29" from="n21" to="n103"/>
    <edge xml:id="lnk28" from="n20" to="n99"/>
    <edge xml:id="lnk142" from="n74" to="n302"/>
    <edge xml:id="lnk27" from="n2" to="n28"/>
    <edge xml:id="lnk141" from="n73" to="n300"/>
    <edge xml:id="lnk26" from="n2" to="n27"/>
    <edge xml:id="lnk140" from="n73" to="n299"/>
    <edge xml:id="lnk25" from="n2" to="n26"/>
    <edge xml:id="lnk24" from="n19" to="n97"/>
    <edge xml:id="lnk23" from="n19" to="n96"/>
    <edge xml:id="lnk22" from="n18" to="n94"/>
    <edge xml:id="lnk21" from="n18" to="n93"/>
    <edge xml:id="lnk20" from="n17" to="n89"/>
    <edge xml:id="lnk139" from="n72" to="n296"/>
    <edge xml:id="lnk138" from="n71" to="n294"/>
    <edge xml:id="lnk137" from="n71" to="n293"/>
    <edge xml:id="lnk136" from="n70" to="n291"/>
    <edge xml:id="lnk135" from="n70" to="n290"/>
    <edge xml:id="lnk134" from="n7" to="n54"/>
    <edge xml:id="lnk19" from="n16" to="n84"/>
    <edge xml:id="lnk133" from="n7" to="n53"/>
    <edge xml:id="lnk18" from="n15" to="n82"/>
    <edge xml:id="lnk132" from="n7" to="n52"/>
    <edge xml:id="lnk17" from="n14" to="n75"/>
    <edge xml:id="lnk131" from="n69" to="n287"/>
    <edge xml:id="lnk16" from="n13" to="n74"/>
    <edge xml:id="lnk130" from="n68" to="n284"/>
    <edge xml:id="lnk15" from="n13" to="n73"/>
    <edge xml:id="lnk14" from="n12" to="n71"/>
    <edge xml:id="lnk13" from="n11" to="n69"/>
    <edge xml:id="lnk12" from="n101" to="n416"/>
    <edge xml:id="lnk11" from="n100" to="n414"/>
    <edge xml:id="lnk10" from="n100" to="n413"/>
    <edge xml:id="lnk129" from="n67" to="n282"/>
    <edge xml:id="lnk128" from="n67" to="n281"/>
    <edge xml:id="lnk127" from="n67" to="n280"/>
    <edge xml:id="lnk126" from="n67" to="n279"/>
    <edge xml:id="lnk125" from="n66" to="n277"/>
    <edge xml:id="lnk124" from="n66" to="n276"/>
    <edge xml:id="lnk123" from="n66" to="n275"/>
    <edge xml:id="lnk122" from="n65" to="n272"/>
    <edge xml:id="lnk121" from="n64" to="n270"/>
    <edge xml:id="lnk120" from="n64" to="n269"/>
    <edge xml:id="lnk119" from="n64" to="n268"/>
    <edge xml:id="lnk118" from="n64" to="n267"/>
    <edge xml:id="lnk117" from="n63" to="n262"/>
    <edge xml:id="lnk116" from="n63" to="n261"/>
    <edge xml:id="lnk115" from="n62" to="n255"/>
    <edge xml:id="lnk114" from="n61" to="n253"/>
    <edge xml:id="lnk113" from="n61" to="n252"/>
    <edge xml:id="lnk112" from="n60" to="n250"/>
    <edge xml:id="lnk111" from="n60" to="n249"/>
    <edge xml:id="lnk110" from="n6" to="n45"/>
</graph>
