<?xml version="1.0" encoding="UTF-8"?>
<graph xmlns="http://www.xces.org/ns/GrAF/1.0/">
    <header>
        <tagsDecl>
            <tagUsage gi="tok" occurs="376"/>
        </tagsDecl>
        <dependencies>
            <dependsOn type="seg"/>
        </dependencies>
        <annotationSets>
            <annotationSet name="PTB" type="http://www.cis.upenn.edu/~treebank/"/>
        </annotationSets>
    </header>
    <node xml:id="ptb-n00003">
        <link targets="seg-r0"/>
    </node>
    <a label="tok" ref="ptb-n00003" as="PTB">
        <fs>
            <f name="msd" value="NNP"/>
        </fs>
    </a>
    <node xml:id="ptb-n00004">
        <link targets="seg-r1"/>
    </node>
    <a label="tok" ref="ptb-n00004" as="PTB">
        <fs>
            <f name="msd" value="CD"/>
        </fs>
    </a>
    <node xml:id="ptb-n00005">
        <link targets="seg-r2"/>
    </node>
    <a label="tok" ref="ptb-n00005" as="PTB">
        <fs>
            <f name="msd" value=","/>
        </fs>
    </a>
    <node xml:id="ptb-n00007">
        <link targets="seg-r3"/>
    </node>
    <a label="tok" ref="ptb-n00007" as="PTB">
        <fs>
            <f name="msd" value="CD"/>
        </fs>
    </a>
    <node xml:id="ptb-n00010">
        <link targets="seg-r5"/>
    </node>
    <a label="tok" ref="ptb-n00010" as="PTB">
        <fs>
            <f name="msd" value="NN"/>
        </fs>
    </a>
    <node xml:id="ptb-n00012">
        <link targets="seg-r7"/>
    </node>
    <a label="tok" ref="ptb-n00012" as="PTB">
        <fs>
            <f name="msd" value="NN"/>
        </fs>
    </a>
    <node xml:id="ptb-n00014">
        <link targets="seg-r9"/>
    </node>
    <a label="tok" ref="ptb-n00014" as="PTB">
        <fs>
            <f name="msd" value="NN"/>
        </fs>
    </a>
    <node xml:id="ptb-n00015">
        <link targets="seg-r10"/>
    </node>
    <a label="tok" ref="ptb-n00015" as="PTB">
        <fs>
            <f name="msd" value=","/>
        </fs>
    </a>
    <node xml:id="ptb-n00017">
        <link targets="seg-r12"/>
    </node>
    <a label="tok" ref="ptb-n00017" as="PTB">
        <fs>
            <f name="msd" value="NN"/>
        </fs>
    </a>
    <node xml:id="ptb-n00019">
        <link targets="seg-r14"/>
    </node>
    <a label="tok" ref="ptb-n00019" as="PTB">
        <fs>
            <f name="msd" value="NN"/>
        </fs>
    </a>
    <node xml:id="ptb-n00021">
        <link targets="seg-r16"/>
    </node>
    <a label="tok" ref="ptb-n00021" as="PTB">
        <fs>
            <f name="msd" value="JJ"/>
        </fs>
    </a>
    <node xml:id="ptb-n00022">
        <link targets="seg-r18 seg-r19"/>
    </node>
    <a label="tok" ref="ptb-n00022" as="PTB">
        <fs>
            <f name="msd" value="NNP"/>
        </fs>
    </a>
    <node xml:id="ptb-n00023">
        <link targets="seg-r21"/>
    </node>
    <a label="tok" ref="ptb-n00023" as="PTB">
        <fs>
            <f name="msd" value="NNP"/>
        </fs>
    </a>
    <node xml:id="ptb-n00024">
        <link targets="seg-r22"/>
    </node>
    <a label="tok" ref="ptb-n00024" as="PTB">
        <fs>
            <f name="msd" value="."/>
        </fs>
    </a>
    <node xml:id="ptb-n00027">
        <link targets="seg-r24"/>
    </node>
    <a label="tok" ref="ptb-n00027" as="PTB">
        <fs>
            <f name="msd" value="NNP"/>
        </fs>
    </a>
    <node xml:id="ptb-n00029">
        <link targets="seg-r26"/>
    </node>
    <a label="tok" ref="ptb-n00029" as="PTB">
        <fs>
            <f name="msd" value="VBZ"/>
        </fs>
    </a>
    <node xml:id="ptb-n00032">
        <link targets="seg-r28"/>
    </node>
    <a label="tok" ref="ptb-n00032" as="PTB">
        <fs>
            <f name="msd" value="DT"/>
        </fs>
    </a>
    <node xml:id="ptb-n00033">
        <link targets="seg-r30"/>
    </node>
    <a label="tok" ref="ptb-n00033" as="PTB">
        <fs>
            <f name="msd" value="NN"/>
        </fs>
    </a>
    <node xml:id="ptb-n00035">
        <link targets="seg-r32"/>
    </node>
    <a label="tok" ref="ptb-n00035" as="PTB">
        <fs>
            <f name="msd" value="IN"/>
        </fs>
    </a>
    <node xml:id="ptb-n00038">
        <link targets="seg-r34"/>
    </node>
    <a label="tok" ref="ptb-n00038" as="PTB">
        <fs>
            <f name="msd" value="CD"/>
        </fs>
    </a>
    <node xml:id="ptb-n00040">
        <link targets="seg-r36"/>
    </node>
    <a label="tok" ref="ptb-n00040" as="PTB">
        <fs>
            <f name="msd" value="NN"/>
        </fs>
    </a>
    <node xml:id="ptb-n00041">
        <link targets="seg-r37"/>
    </node>
    <a label="tok" ref="ptb-n00041" as="PTB">
        <fs>
            <f name="msd" value="HYPH"/>
        </fs>
    </a>
    <node xml:id="ptb-n00042">
        <link targets="seg-r38"/>
    </node>
    <a label="tok" ref="ptb-n00042" as="PTB">
        <fs>
            <f name="msd" value="VBN"/>
        </fs>
    </a>
    <node xml:id="ptb-n00043">
        <link targets="seg-r40"/>
    </node>
    <a label="tok" ref="ptb-n00043" as="PTB">
        <fs>
            <f name="msd" value="JJ"/>
        </fs>
    </a>
    <node xml:id="ptb-n00044">
        <link targets="seg-r42"/>
    </node>
    <a label="tok" ref="ptb-n00044" as="PTB">
        <fs>
            <f name="msd" value="NNS"/>
        </fs>
    </a>
    <node xml:id="ptb-n00047">
        <link targets="seg-r44"/>
    </node>
    <a label="tok" ref="ptb-n00047" as="PTB">
        <fs>
            <f name="msd" value="WP$"/>
        </fs>
    </a>
    <node xml:id="ptb-n00048">
        <link targets="seg-r46"/>
    </node>
    <a label="tok" ref="ptb-n00048" as="PTB">
        <fs>
            <f name="msd" value="NN"/>
        </fs>
    </a>
    <node xml:id="ptb-n00053">
        <link targets="seg-r48"/>
    </node>
    <a label="tok" ref="ptb-n00053" as="PTB">
        <fs>
            <f name="msd" value="VBZ"/>
        </fs>
    </a>
    <node xml:id="ptb-n00058">
        <link targets="seg-r50"/>
    </node>
    <a label="tok" ref="ptb-n00058" as="PTB">
        <fs>
            <f name="msd" value="TO"/>
        </fs>
    </a>
    <node xml:id="ptb-n00060">
        <link targets="seg-r52"/>
    </node>
    <a label="tok" ref="ptb-n00060" as="PTB">
        <fs>
            <f name="msd" value="VB"/>
        </fs>
    </a>
    <node xml:id="ptb-n00061">
        <link targets="seg-r54"/>
    </node>
    <a label="tok" ref="ptb-n00061" as="PTB">
        <fs>
            <f name="msd" value="CC"/>
        </fs>
    </a>
    <node xml:id="ptb-n00062">
        <link targets="seg-r56"/>
    </node>
    <a label="tok" ref="ptb-n00062" as="PTB">
        <fs>
            <f name="msd" value="VB"/>
        </fs>
    </a>
    <node xml:id="ptb-n00065">
        <link targets="seg-r58"/>
    </node>
    <a label="tok" ref="ptb-n00065" as="PTB">
        <fs>
            <f name="msd" value="DT"/>
        </fs>
    </a>
    <node xml:id="ptb-n00067">
        <link targets="seg-r60"/>
    </node>
    <a label="tok" ref="ptb-n00067" as="PTB">
        <fs>
            <f name="msd" value="JJ"/>
        </fs>
    </a>
    <node xml:id="ptb-n00068">
        <link targets="seg-r62"/>
    </node>
    <a label="tok" ref="ptb-n00068" as="PTB">
        <fs>
            <f name="msd" value="NN"/>
        </fs>
    </a>
    <node xml:id="ptb-n00069">
        <link targets="seg-r64"/>
    </node>
    <a label="tok" ref="ptb-n00069" as="PTB">
        <fs>
            <f name="msd" value="NNS"/>
        </fs>
    </a>
    <node xml:id="ptb-n00071">
        <link targets="seg-r66"/>
    </node>
    <a label="tok" ref="ptb-n00071" as="PTB">
        <fs>
            <f name="msd" value="IN"/>
        </fs>
    </a>
    <node xml:id="ptb-n00074">
        <link targets="seg-r68"/>
    </node>
    <a label="tok" ref="ptb-n00074" as="PTB">
        <fs>
            <f name="msd" value="NNS"/>
        </fs>
    </a>
    <node xml:id="ptb-n00076">
        <link targets="seg-r70"/>
    </node>
    <a label="tok" ref="ptb-n00076" as="PTB">
        <fs>
            <f name="msd" value="IN"/>
        </fs>
    </a>
    <node xml:id="ptb-n00078">
        <link targets="seg-r72"/>
    </node>
    <a label="tok" ref="ptb-n00078" as="PTB">
        <fs>
            <f name="msd" value="NNP"/>
        </fs>
    </a>
    <node xml:id="ptb-n00079">
        <link targets="seg-r74"/>
    </node>
    <a label="tok" ref="ptb-n00079" as="PTB">
        <fs>
            <f name="msd" value="NNP"/>
        </fs>
    </a>
    <node xml:id="ptb-n00081">
        <link targets="seg-r76"/>
    </node>
    <a label="tok" ref="ptb-n00081" as="PTB">
        <fs>
            <f name="msd" value="IN"/>
        </fs>
    </a>
    <node xml:id="ptb-n00084">
        <link targets="seg-r78"/>
    </node>
    <a label="tok" ref="ptb-n00084" as="PTB">
        <fs>
            <f name="msd" value="DT"/>
        </fs>
    </a>
    <node xml:id="ptb-n00086">
        <link targets="seg-r80"/>
    </node>
    <a label="tok" ref="ptb-n00086" as="PTB">
        <fs>
            <f name="msd" value="RBS"/>
        </fs>
    </a>
    <node xml:id="ptb-n00087">
        <link targets="seg-r82"/>
    </node>
    <a label="tok" ref="ptb-n00087" as="PTB">
        <fs>
            <f name="msd" value="JJ"/>
        </fs>
    </a>
    <node xml:id="ptb-n00088">
        <link targets="seg-r83"/>
    </node>
    <a label="tok" ref="ptb-n00088" as="PTB">
        <fs>
            <f name="msd" value=","/>
        </fs>
    </a>
    <node xml:id="ptb-n00089">
        <link targets="seg-r85"/>
    </node>
    <a label="tok" ref="ptb-n00089" as="PTB">
        <fs>
            <f name="msd" value="JJ"/>
        </fs>
    </a>
    <node xml:id="ptb-n00090">
        <link targets="seg-r87"/>
    </node>
    <a label="tok" ref="ptb-n00090" as="PTB">
        <fs>
            <f name="msd" value="CC"/>
        </fs>
    </a>
    <node xml:id="ptb-n00091">
        <link targets="seg-r89"/>
    </node>
    <a label="tok" ref="ptb-n00091" as="PTB">
        <fs>
            <f name="msd" value="JJ"/>
        </fs>
    </a>
    <node xml:id="ptb-n00092">
        <link targets="seg-r91"/>
    </node>
    <a label="tok" ref="ptb-n00092" as="PTB">
        <fs>
            <f name="msd" value="NN"/>
        </fs>
    </a>
    <node xml:id="ptb-n00094">
        <link targets="seg-r93"/>
    </node>
    <a label="tok" ref="ptb-n00094" as="PTB">
        <fs>
            <f name="msd" value="JJ"/>
        </fs>
    </a>
    <node xml:id="ptb-n00095">
        <link targets="seg-r94"/>
    </node>
    <a label="tok" ref="ptb-n00095" as="PTB">
        <fs>
            <f name="msd" value="."/>
        </fs>
    </a>
    <node xml:id="ptb-n00098">
        <link targets="seg-r96"/>
    </node>
    <a label="tok" ref="ptb-n00098" as="PTB">
        <fs>
            <f name="msd" value="IN"/>
        </fs>
    </a>
    <node xml:id="ptb-n00100">
        <link targets="seg-r98"/>
    </node>
    <a label="tok" ref="ptb-n00100" as="PTB">
        <fs>
            <f name="msd" value="CD"/>
        </fs>
    </a>
    <node xml:id="ptb-n00101">
        <link targets="seg-r99"/>
    </node>
    <a label="tok" ref="ptb-n00101" as="PTB">
        <fs>
            <f name="msd" value=","/>
        </fs>
    </a>
    <node xml:id="ptb-n00103">
        <link targets="seg-r101"/>
    </node>
    <a label="tok" ref="ptb-n00103" as="PTB">
        <fs>
            <f name="msd" value="PRP"/>
        </fs>
    </a>
    <node xml:id="ptb-n00105">
        <link targets="seg-r103"/>
    </node>
    <a label="tok" ref="ptb-n00105" as="PTB">
        <fs>
            <f name="msd" value="VBD"/>
        </fs>
    </a>
    <node xml:id="ptb-n00108">
        <link targets="seg-r105"/>
    </node>
    <a label="tok" ref="ptb-n00108" as="PTB">
        <fs>
            <f name="msd" value="DT"/>
        </fs>
    </a>
    <node xml:id="ptb-n00109">
        <link targets="seg-r107"/>
    </node>
    <a label="tok" ref="ptb-n00109" as="PTB">
        <fs>
            <f name="msd" value="NN"/>
        </fs>
    </a>
    <node xml:id="ptb-n00111">
        <link targets="seg-r109"/>
    </node>
    <a label="tok" ref="ptb-n00111" as="PTB">
        <fs>
            <f name="msd" value="IN"/>
        </fs>
    </a>
    <node xml:id="ptb-n00113">
        <link targets="seg-r111 seg-r112 seg-r113"/>
    </node>
    <a label="tok" ref="ptb-n00113" as="PTB">
        <fs>
            <f name="msd" value="CD"/>
        </fs>
    </a>
    <node xml:id="ptb-n00114">
        <link targets="seg-r115"/>
    </node>
    <a label="tok" ref="ptb-n00114" as="PTB">
        <fs>
            <f name="msd" value="NN"/>
        </fs>
    </a>
    <node xml:id="ptb-n00115">
        <link targets="seg-r117"/>
    </node>
    <a label="tok" ref="ptb-n00115" as="PTB">
        <fs>
            <f name="msd" value="NNS"/>
        </fs>
    </a>
    <node xml:id="ptb-n00117">
        <link targets="seg-r119"/>
    </node>
    <a label="tok" ref="ptb-n00117" as="PTB">
        <fs>
            <f name="msd" value="IN"/>
        </fs>
    </a>
    <node xml:id="ptb-n00120">
        <link targets="seg-r121"/>
    </node>
    <a label="tok" ref="ptb-n00120" as="PTB">
        <fs>
            <f name="msd" value="NN"/>
        </fs>
    </a>
    <node xml:id="ptb-n00122">
        <link targets="seg-r123"/>
    </node>
    <a label="tok" ref="ptb-n00122" as="PTB">
        <fs>
            <f name="msd" value="NN"/>
        </fs>
    </a>
    <node xml:id="ptb-n00123">
        <link targets="seg-r125"/>
    </node>
    <a label="tok" ref="ptb-n00123" as="PTB">
        <fs>
            <f name="msd" value="CC"/>
        </fs>
    </a>
    <node xml:id="ptb-n00124">
        <link targets="seg-r127"/>
    </node>
    <a label="tok" ref="ptb-n00124" as="PTB">
        <fs>
            <f name="msd" value="NN"/>
        </fs>
    </a>
    <node xml:id="ptb-n00125">
        <link targets="seg-r129"/>
    </node>
    <a label="tok" ref="ptb-n00125" as="PTB">
        <fs>
            <f name="msd" value="NN"/>
        </fs>
    </a>
    <node xml:id="ptb-n00126">
        <link targets="seg-r130"/>
    </node>
    <a label="tok" ref="ptb-n00126" as="PTB">
        <fs>
            <f name="msd" value=","/>
        </fs>
    </a>
    <node xml:id="ptb-n00129">
        <link targets="seg-r132"/>
    </node>
    <a label="tok" ref="ptb-n00129" as="PTB">
        <fs>
            <f name="msd" value="NN"/>
        </fs>
    </a>
    <node xml:id="ptb-n00130">
        <link targets="seg-r134"/>
    </node>
    <a label="tok" ref="ptb-n00130" as="PTB">
        <fs>
            <f name="msd" value="CC"/>
        </fs>
    </a>
    <node xml:id="ptb-n00131">
        <link targets="seg-r136"/>
    </node>
    <a label="tok" ref="ptb-n00131" as="PTB">
        <fs>
            <f name="msd" value="NN"/>
        </fs>
    </a>
    <node xml:id="ptb-n00132">
        <link targets="seg-r138"/>
    </node>
    <a label="tok" ref="ptb-n00132" as="PTB">
        <fs>
            <f name="msd" value="NN"/>
        </fs>
    </a>
    <node xml:id="ptb-n00133">
        <link targets="seg-r139"/>
    </node>
    <a label="tok" ref="ptb-n00133" as="PTB">
        <fs>
            <f name="msd" value=","/>
        </fs>
    </a>
    <node xml:id="ptb-n00135">
        <link targets="seg-r141"/>
    </node>
    <a label="tok" ref="ptb-n00135" as="PTB">
        <fs>
            <f name="msd" value="NN"/>
        </fs>
    </a>
    <node xml:id="ptb-n00136">
        <link targets="seg-r143"/>
    </node>
    <a label="tok" ref="ptb-n00136" as="PTB">
        <fs>
            <f name="msd" value="NN"/>
        </fs>
    </a>
    <node xml:id="ptb-n00137">
        <link targets="seg-r144"/>
    </node>
    <a label="tok" ref="ptb-n00137" as="PTB">
        <fs>
            <f name="msd" value=","/>
        </fs>
    </a>
    <node xml:id="ptb-n00139">
        <link targets="seg-r146"/>
    </node>
    <a label="tok" ref="ptb-n00139" as="PTB">
        <fs>
            <f name="msd" value="NN"/>
        </fs>
    </a>
    <node xml:id="ptb-n00140">
        <link targets="seg-r148"/>
    </node>
    <a label="tok" ref="ptb-n00140" as="PTB">
        <fs>
            <f name="msd" value="NN"/>
        </fs>
    </a>
    <node xml:id="ptb-n00141">
        <link targets="seg-r149"/>
    </node>
    <a label="tok" ref="ptb-n00141" as="PTB">
        <fs>
            <f name="msd" value=","/>
        </fs>
    </a>
    <node xml:id="ptb-n00142">
        <link targets="seg-r151"/>
    </node>
    <a label="tok" ref="ptb-n00142" as="PTB">
        <fs>
            <f name="msd" value="CC"/>
        </fs>
    </a>
    <node xml:id="ptb-n00145">
        <link targets="seg-r153"/>
    </node>
    <a label="tok" ref="ptb-n00145" as="PTB">
        <fs>
            <f name="msd" value="RB"/>
        </fs>
    </a>
    <node xml:id="ptb-n00146">
        <link targets="seg-r155"/>
    </node>
    <a label="tok" ref="ptb-n00146" as="PTB">
        <fs>
            <f name="msd" value="JJR"/>
        </fs>
    </a>
    <node xml:id="ptb-n00147">
        <link targets="seg-r156"/>
    </node>
    <a label="tok" ref="ptb-n00147" as="PTB">
        <fs>
            <f name="msd" value="."/>
        </fs>
    </a>
    <node xml:id="ptb-n00150">
        <link targets="seg-r158"/>
    </node>
    <a label="tok" ref="ptb-n00150" as="PTB">
        <fs>
            <f name="msd" value="IN"/>
        </fs>
    </a>
    <node xml:id="ptb-n00153">
        <link targets="seg-r160"/>
    </node>
    <a label="tok" ref="ptb-n00153" as="PTB">
        <fs>
            <f name="msd" value="PRP"/>
        </fs>
    </a>
    <node xml:id="ptb-n00155">
        <link targets="seg-r162"/>
    </node>
    <a label="tok" ref="ptb-n00155" as="PTB">
        <fs>
            <f name="msd" value="MD"/>
        </fs>
    </a>
    <node xml:id="ptb-n00157">
        <link targets="seg-r164"/>
    </node>
    <a label="tok" ref="ptb-n00157" as="PTB">
        <fs>
            <f name="msd" value="VB"/>
        </fs>
    </a>
    <node xml:id="ptb-n00161">
        <link targets="seg-r166"/>
    </node>
    <a label="tok" ref="ptb-n00161" as="PTB">
        <fs>
            <f name="msd" value="IN"/>
        </fs>
    </a>
    <node xml:id="ptb-n00163">
        <link targets="seg-r168"/>
    </node>
    <a label="tok" ref="ptb-n00163" as="PTB">
        <fs>
            <f name="msd" value="DT"/>
        </fs>
    </a>
    <node xml:id="ptb-n00164">
        <link targets="seg-r170"/>
    </node>
    <a label="tok" ref="ptb-n00164" as="PTB">
        <fs>
            <f name="msd" value="VBN"/>
        </fs>
    </a>
    <node xml:id="ptb-n00165">
        <link targets="seg-r172"/>
    </node>
    <a label="tok" ref="ptb-n00165" as="PTB">
        <fs>
            <f name="msd" value="NN"/>
        </fs>
    </a>
    <node xml:id="ptb-n00166">
        <link targets="seg-r173"/>
    </node>
    <a label="tok" ref="ptb-n00166" as="PTB">
        <fs>
            <f name="msd" value=","/>
        </fs>
    </a>
    <node xml:id="ptb-n00168">
        <link targets="seg-r175"/>
    </node>
    <a label="tok" ref="ptb-n00168" as="PTB">
        <fs>
            <f name="msd" value="PRP$"/>
        </fs>
    </a>
    <node xml:id="ptb-n00169">
        <link targets="seg-r177"/>
    </node>
    <a label="tok" ref="ptb-n00169" as="PTB">
        <fs>
            <f name="msd" value="NNP"/>
        </fs>
    </a>
    <node xml:id="ptb-n00170">
        <link targets="seg-r179"/>
    </node>
    <a label="tok" ref="ptb-n00170" as="PTB">
        <fs>
            <f name="msd" value="NN"/>
        </fs>
    </a>
    <node xml:id="ptb-n00172">
        <link targets="seg-r181"/>
    </node>
    <a label="tok" ref="ptb-n00172" as="PTB">
        <fs>
            <f name="msd" value="VBZ"/>
        </fs>
    </a>
    <node xml:id="ptb-n00174">
        <link targets="seg-r183"/>
    </node>
    <a label="tok" ref="ptb-n00174" as="PTB">
        <fs>
            <f name="msd" value="VBN"/>
        </fs>
    </a>
    <node xml:id="ptb-n00178">
        <link targets="seg-r185"/>
    </node>
    <a label="tok" ref="ptb-n00178" as="PTB">
        <fs>
            <f name="msd" value="IN"/>
        </fs>
    </a>
    <node xml:id="ptb-n00181">
        <link targets="seg-r187"/>
    </node>
    <a label="tok" ref="ptb-n00181" as="PTB">
        <fs>
            <f name="msd" value="DT"/>
        </fs>
    </a>
    <node xml:id="ptb-n00182">
        <link targets="seg-r189"/>
    </node>
    <a label="tok" ref="ptb-n00182" as="PTB">
        <fs>
            <f name="msd" value="NN"/>
        </fs>
    </a>
    <node xml:id="ptb-n00184">
        <link targets="seg-r191"/>
    </node>
    <a label="tok" ref="ptb-n00184" as="PTB">
        <fs>
            <f name="msd" value="IN"/>
        </fs>
    </a>
    <node xml:id="ptb-n00187">
        <link targets="seg-r193"/>
    </node>
    <a label="tok" ref="ptb-n00187" as="PTB">
        <fs>
            <f name="msd" value="CD"/>
        </fs>
    </a>
    <node xml:id="ptb-n00189">
        <link targets="seg-r195"/>
    </node>
    <a label="tok" ref="ptb-n00189" as="PTB">
        <fs>
            <f name="msd" value="IN"/>
        </fs>
    </a>
    <node xml:id="ptb-n00191">
        <link targets="seg-r197"/>
    </node>
    <a label="tok" ref="ptb-n00191" as="PTB">
        <fs>
            <f name="msd" value="PRP$"/>
        </fs>
    </a>
    <node xml:id="ptb-n00192">
        <link targets="seg-r199"/>
    </node>
    <a label="tok" ref="ptb-n00192" as="PTB">
        <fs>
            <f name="msd" value="NN"/>
        </fs>
    </a>
    <node xml:id="ptb-n00193">
        <link targets="seg-r201"/>
    </node>
    <a label="tok" ref="ptb-n00193" as="PTB">
        <fs>
            <f name="msd" value="NNS"/>
        </fs>
    </a>
    <node xml:id="ptb-n00194">
        <link targets="seg-r202"/>
    </node>
    <a label="tok" ref="ptb-n00194" as="PTB">
        <fs>
            <f name="msd" value="."/>
        </fs>
    </a>
    <node xml:id="ptb-n00199">
        <link targets="seg-r204"/>
    </node>
    <a label="tok" ref="ptb-n00199" as="PTB">
        <fs>
            <f name="msd" value="DT"/>
        </fs>
    </a>
    <node xml:id="ptb-n00200">
        <link targets="seg-r206"/>
    </node>
    <a label="tok" ref="ptb-n00200" as="PTB">
        <fs>
            <f name="msd" value="NNS"/>
        </fs>
    </a>
    <node xml:id="ptb-n00203">
        <link targets="seg-r208"/>
    </node>
    <a label="tok" ref="ptb-n00203" as="PTB">
        <fs>
            <f name="msd" value="WDT"/>
        </fs>
    </a>
    <node xml:id="ptb-n00208">
        <link targets="seg-r210"/>
    </node>
    <a label="tok" ref="ptb-n00208" as="PTB">
        <fs>
            <f name="msd" value="VBP"/>
        </fs>
    </a>
    <node xml:id="ptb-n00210">
        <link targets="seg-r212"/>
    </node>
    <a label="tok" ref="ptb-n00210" as="PTB">
        <fs>
            <f name="msd" value="DT"/>
        </fs>
    </a>
    <node xml:id="ptb-n00211">
        <link targets="seg-r214"/>
    </node>
    <a label="tok" ref="ptb-n00211" as="PTB">
        <fs>
            <f name="msd" value="NNS"/>
        </fs>
    </a>
    <node xml:id="ptb-n00212">
        <link targets="seg-r215"/>
    </node>
    <a label="tok" ref="ptb-n00212" as="PTB">
        <fs>
            <f name="msd" value=","/>
        </fs>
    </a>
    <node xml:id="ptb-n00216">
        <link targets="seg-r217"/>
    </node>
    <a label="tok" ref="ptb-n00216" as="PTB">
        <fs>
            <f name="msd" value="NNP"/>
        </fs>
    </a>
    <node xml:id="ptb-n00217">
        <link targets="seg-r219"/>
    </node>
    <a label="tok" ref="ptb-n00217" as="PTB">
        <fs>
            <f name="msd" value="NNP"/>
        </fs>
    </a>
    <node xml:id="ptb-n00218">
        <link targets="seg-r221"/>
    </node>
    <a label="tok" ref="ptb-n00218" as="PTB">
        <fs>
            <f name="msd" value="NNP"/>
        </fs>
    </a>
    <node xml:id="ptb-n00219">
        <link targets="seg-r223"/>
    </node>
    <a label="tok" ref="ptb-n00219" as="PTB">
        <fs>
            <f name="msd" value="NNP"/>
        </fs>
    </a>
    <node xml:id="ptb-n00220">
        <link targets="seg-r224"/>
    </node>
    <a label="tok" ref="ptb-n00220" as="PTB">
        <fs>
            <f name="msd" value=","/>
        </fs>
    </a>
    <node xml:id="ptb-n00222">
        <link targets="seg-r226"/>
    </node>
    <a label="tok" ref="ptb-n00222" as="PTB">
        <fs>
            <f name="msd" value="NNP"/>
        </fs>
    </a>
    <node xml:id="ptb-n00223">
        <link targets="seg-r228"/>
    </node>
    <a label="tok" ref="ptb-n00223" as="PTB">
        <fs>
            <f name="msd" value="NNP"/>
        </fs>
    </a>
    <node xml:id="ptb-n00224">
        <link targets="seg-r230"/>
    </node>
    <a label="tok" ref="ptb-n00224" as="PTB">
        <fs>
            <f name="msd" value="NNP"/>
        </fs>
    </a>
    <node xml:id="ptb-n00225">
        <link targets="seg-r231"/>
    </node>
    <a label="tok" ref="ptb-n00225" as="PTB">
        <fs>
            <f name="msd" value=","/>
        </fs>
    </a>
    <node xml:id="ptb-n00227">
        <link targets="seg-r233"/>
    </node>
    <a label="tok" ref="ptb-n00227" as="PTB">
        <fs>
            <f name="msd" value="NNP"/>
        </fs>
    </a>
    <node xml:id="ptb-n00228">
        <link targets="seg-r235 seg-r236"/>
    </node>
    <a label="tok" ref="ptb-n00228" as="PTB">
        <fs>
            <f name="msd" value="NNP"/>
        </fs>
    </a>
    <node xml:id="ptb-n00229">
        <link targets="seg-r238"/>
    </node>
    <a label="tok" ref="ptb-n00229" as="PTB">
        <fs>
            <f name="msd" value="NNP"/>
        </fs>
    </a>
    <node xml:id="ptb-n00230">
        <link targets="seg-r239"/>
    </node>
    <a label="tok" ref="ptb-n00230" as="PTB">
        <fs>
            <f name="msd" value=","/>
        </fs>
    </a>
    <node xml:id="ptb-n00231">
        <link targets="seg-r241"/>
    </node>
    <a label="tok" ref="ptb-n00231" as="PTB">
        <fs>
            <f name="msd" value="CC"/>
        </fs>
    </a>
    <node xml:id="ptb-n00233">
        <link targets="seg-r243"/>
    </node>
    <a label="tok" ref="ptb-n00233" as="PTB">
        <fs>
            <f name="msd" value="NNP"/>
        </fs>
    </a>
    <node xml:id="ptb-n00234">
        <link targets="seg-r245"/>
    </node>
    <a label="tok" ref="ptb-n00234" as="PTB">
        <fs>
            <f name="msd" value="NNP"/>
        </fs>
    </a>
    <node xml:id="ptb-n00235">
        <link targets="seg-r246"/>
    </node>
    <a label="tok" ref="ptb-n00235" as="PTB">
        <fs>
            <f name="msd" value=","/>
        </fs>
    </a>
    <node xml:id="ptb-n00237">
        <link targets="seg-r248"/>
    </node>
    <a label="tok" ref="ptb-n00237" as="PTB">
        <fs>
            <f name="msd" value="VBP"/>
        </fs>
    </a>
    <node xml:id="ptb-n00239">
        <link targets="seg-r250"/>
    </node>
    <a label="tok" ref="ptb-n00239" as="PTB">
        <fs>
            <f name="msd" value="VBN"/>
        </fs>
    </a>
    <node xml:id="ptb-n00241">
        <link targets="seg-r252"/>
    </node>
    <a label="tok" ref="ptb-n00241" as="PTB">
        <fs>
            <f name="msd" value="RP"/>
        </fs>
    </a>
    <node xml:id="ptb-n00246">
        <link targets="seg-r254"/>
    </node>
    <a label="tok" ref="ptb-n00246" as="PTB">
        <fs>
            <f name="msd" value="TO"/>
        </fs>
    </a>
    <node xml:id="ptb-n00248">
        <link targets="seg-r256"/>
    </node>
    <a label="tok" ref="ptb-n00248" as="PTB">
        <fs>
            <f name="msd" value="VB"/>
        </fs>
    </a>
    <node xml:id="ptb-n00251">
        <link targets="seg-r258"/>
    </node>
    <a label="tok" ref="ptb-n00251" as="PTB">
        <fs>
            <f name="msd" value="DT"/>
        </fs>
    </a>
    <node xml:id="ptb-n00252">
        <link targets="seg-r260"/>
    </node>
    <a label="tok" ref="ptb-n00252" as="PTB">
        <fs>
            <f name="msd" value="JJ"/>
        </fs>
    </a>
    <node xml:id="ptb-n00254">
        <link targets="seg-r262"/>
    </node>
    <a label="tok" ref="ptb-n00254" as="PTB">
        <fs>
            <f name="msd" value="NN"/>
        </fs>
    </a>
    <node xml:id="ptb-n00255">
        <link targets="seg-r264"/>
    </node>
    <a label="tok" ref="ptb-n00255" as="PTB">
        <fs>
            <f name="msd" value="NN"/>
        </fs>
    </a>
    <node xml:id="ptb-n00256">
        <link targets="seg-r266"/>
    </node>
    <a label="tok" ref="ptb-n00256" as="PTB">
        <fs>
            <f name="msd" value="NN"/>
        </fs>
    </a>
    <node xml:id="ptb-n00258">
        <link targets="seg-r268"/>
    </node>
    <a label="tok" ref="ptb-n00258" as="PTB">
        <fs>
            <f name="msd" value="IN"/>
        </fs>
    </a>
    <node xml:id="ptb-n00264">
        <link targets="seg-r270"/>
    </node>
    <a label="tok" ref="ptb-n00264" as="PTB">
        <fs>
            <f name="msd" value="CD"/>
        </fs>
    </a>
    <node xml:id="ptb-n00265">
        <link targets="seg-r272"/>
    </node>
    <a label="tok" ref="ptb-n00265" as="PTB">
        <fs>
            <f name="msd" value="CC"/>
        </fs>
    </a>
    <node xml:id="ptb-n00266">
        <link targets="seg-r274"/>
    </node>
    <a label="tok" ref="ptb-n00266" as="PTB">
        <fs>
            <f name="msd" value="CD"/>
        </fs>
    </a>
    <node xml:id="ptb-n00267">
        <link targets="seg-r276"/>
    </node>
    <a label="tok" ref="ptb-n00267" as="PTB">
        <fs>
            <f name="msd" value="NN"/>
        </fs>
    </a>
    <node xml:id="ptb-n00268">
        <link targets="seg-r278"/>
    </node>
    <a label="tok" ref="ptb-n00268" as="PTB">
        <fs>
            <f name="msd" value="JJ"/>
        </fs>
    </a>
    <node xml:id="ptb-n00269">
        <link targets="seg-r280"/>
    </node>
    <a label="tok" ref="ptb-n00269" as="PTB">
        <fs>
            <f name="msd" value="NN"/>
        </fs>
    </a>
    <node xml:id="ptb-n00270">
        <link targets="seg-r282"/>
    </node>
    <a label="tok" ref="ptb-n00270" as="PTB">
        <fs>
            <f name="msd" value="NNS"/>
        </fs>
    </a>
    <node xml:id="ptb-n00272">
        <link targets="seg-r284"/>
    </node>
    <a label="tok" ref="ptb-n00272" as="PTB">
        <fs>
            <f name="msd" value="VBN"/>
        </fs>
    </a>
    <node xml:id="ptb-n00279">
        <link targets="seg-r286"/>
    </node>
    <a label="tok" ref="ptb-n00279" as="PTB">
        <fs>
            <f name="msd" value="DT"/>
        </fs>
    </a>
    <node xml:id="ptb-n00280">
        <link targets="seg-r288"/>
    </node>
    <a label="tok" ref="ptb-n00280" as="PTB">
        <fs>
            <f name="msd" value="NNP"/>
        </fs>
    </a>
    <node xml:id="ptb-n00281">
        <link targets="seg-r290"/>
    </node>
    <a label="tok" ref="ptb-n00281" as="PTB">
        <fs>
            <f name="msd" value="NNP"/>
        </fs>
    </a>
    <node xml:id="ptb-n00282">
        <link targets="seg-r292"/>
    </node>
    <a label="tok" ref="ptb-n00282" as="PTB">
        <fs>
            <f name="msd" value="NNP"/>
        </fs>
    </a>
    <node xml:id="ptb-n00283">
        <link targets="seg-r293"/>
    </node>
    <a label="tok" ref="ptb-n00283" as="PTB">
        <fs>
            <f name="msd" value="."/>
        </fs>
    </a>
    <node xml:id="ptb-n00286">
        <link targets="seg-r295"/>
    </node>
    <a label="tok" ref="ptb-n00286" as="PTB">
        <fs>
            <f name="msd" value="IN"/>
        </fs>
    </a>
    <node xml:id="ptb-n00289">
        <link targets="seg-r297"/>
    </node>
    <a label="tok" ref="ptb-n00289" as="PTB">
        <fs>
            <f name="msd" value="NNP"/>
        </fs>
    </a>
    <node xml:id="ptb-n00290">
        <link targets="seg-r299"/>
    </node>
    <a label="tok" ref="ptb-n00290" as="PTB">
        <fs>
            <f name="msd" value="CD"/>
        </fs>
    </a>
    <node xml:id="ptb-n00291">
        <link targets="seg-r301"/>
    </node>
    <a label="tok" ref="ptb-n00291" as="PTB">
        <fs>
            <f name="msd" value="CC"/>
        </fs>
    </a>
    <node xml:id="ptb-n00293">
        <link targets="seg-r303"/>
    </node>
    <a label="tok" ref="ptb-n00293" as="PTB">
        <fs>
            <f name="msd" value="NNP"/>
        </fs>
    </a>
    <node xml:id="ptb-n00294">
        <link targets="seg-r305"/>
    </node>
    <a label="tok" ref="ptb-n00294" as="PTB">
        <fs>
            <f name="msd" value="CD"/>
        </fs>
    </a>
    <node xml:id="ptb-n00295">
        <link targets="seg-r306"/>
    </node>
    <a label="tok" ref="ptb-n00295" as="PTB">
        <fs>
            <f name="msd" value=","/>
        </fs>
    </a>
    <node xml:id="ptb-n00297">
        <link targets="seg-r308"/>
    </node>
    <a label="tok" ref="ptb-n00297" as="PTB">
        <fs>
            <f name="msd" value="CD"/>
        </fs>
    </a>
    <node xml:id="ptb-n00298">
        <link targets="seg-r310"/>
    </node>
    <a label="tok" ref="ptb-n00298" as="PTB">
        <fs>
            <f name="msd" value="NN"/>
        </fs>
    </a>
    <node xml:id="ptb-n00300">
        <link targets="seg-r312"/>
    </node>
    <a label="tok" ref="ptb-n00300" as="PTB">
        <fs>
            <f name="msd" value="MD"/>
        </fs>
    </a>
    <node xml:id="ptb-n00302">
        <link targets="seg-r314"/>
    </node>
    <a label="tok" ref="ptb-n00302" as="PTB">
        <fs>
            <f name="msd" value="VB"/>
        </fs>
    </a>
    <node xml:id="ptb-n00305">
        <link targets="seg-r316"/>
    </node>
    <a label="tok" ref="ptb-n00305" as="PTB">
        <fs>
            <f name="msd" value="CD"/>
        </fs>
    </a>
    <node xml:id="ptb-n00306">
        <link targets="seg-r318"/>
    </node>
    <a label="tok" ref="ptb-n00306" as="PTB">
        <fs>
            <f name="msd" value="NNS"/>
        </fs>
    </a>
    <node xml:id="ptb-n00308">
        <link targets="seg-r320"/>
    </node>
    <a label="tok" ref="ptb-n00308" as="PTB">
        <fs>
            <f name="msd" value="DT"/>
        </fs>
    </a>
    <node xml:id="ptb-n00309">
        <link targets="seg-r322"/>
    </node>
    <a label="tok" ref="ptb-n00309" as="PTB">
        <fs>
            <f name="msd" value="NN"/>
        </fs>
    </a>
    <node xml:id="ptb-n00315">
        <link targets="seg-r324"/>
    </node>
    <a label="tok" ref="ptb-n00315" as="PTB">
        <fs>
            <f name="msd" value="VBG"/>
        </fs>
    </a>
    <node xml:id="ptb-n00319">
        <link targets="seg-r326"/>
    </node>
    <a label="tok" ref="ptb-n00319" as="PTB">
        <fs>
            <f name="msd" value="NN"/>
        </fs>
    </a>
    <node xml:id="ptb-n00320">
        <link targets="seg-r328"/>
    </node>
    <a label="tok" ref="ptb-n00320" as="PTB">
        <fs>
            <f name="msd" value="NN"/>
        </fs>
    </a>
    <node xml:id="ptb-n00321">
        <link targets="seg-r330"/>
    </node>
    <a label="tok" ref="ptb-n00321" as="PTB">
        <fs>
            <f name="msd" value="CC"/>
        </fs>
    </a>
    <node xml:id="ptb-n00323">
        <link targets="seg-r332"/>
    </node>
    <a label="tok" ref="ptb-n00323" as="PTB">
        <fs>
            <f name="msd" value="NN"/>
        </fs>
    </a>
    <node xml:id="ptb-n00324">
        <link targets="seg-r334"/>
    </node>
    <a label="tok" ref="ptb-n00324" as="PTB">
        <fs>
            <f name="msd" value="NN"/>
        </fs>
    </a>
    <node xml:id="ptb-n00325">
        <link targets="seg-r336"/>
    </node>
    <a label="tok" ref="ptb-n00325" as="PTB">
        <fs>
            <f name="msd" value="NNS"/>
        </fs>
    </a>
    <node xml:id="ptb-n00326">
        <link targets="seg-r337"/>
    </node>
    <a label="tok" ref="ptb-n00326" as="PTB">
        <fs>
            <f name="msd" value=","/>
        </fs>
    </a>
    <node xml:id="ptb-n00328">
        <link targets="seg-r339"/>
    </node>
    <a label="tok" ref="ptb-n00328" as="PTB">
        <fs>
            <f name="msd" value="VBG"/>
        </fs>
    </a>
    <node xml:id="ptb-n00330">
        <link targets="seg-r341"/>
    </node>
    <a label="tok" ref="ptb-n00330" as="PTB">
        <fs>
            <f name="msd" value="DT"/>
        </fs>
    </a>
    <node xml:id="ptb-n00331">
        <link targets="seg-r343"/>
    </node>
    <a label="tok" ref="ptb-n00331" as="PTB">
        <fs>
            <f name="msd" value="NN"/>
        </fs>
    </a>
    <node xml:id="ptb-n00332">
        <link targets="seg-r344"/>
    </node>
    <a label="tok" ref="ptb-n00332" as="PTB">
        <fs>
            <f name="msd" value=","/>
        </fs>
    </a>
    <node xml:id="ptb-n00334">
        <link targets="seg-r346"/>
    </node>
    <a label="tok" ref="ptb-n00334" as="PTB">
        <fs>
            <f name="msd" value="VBG"/>
        </fs>
    </a>
    <node xml:id="ptb-n00336">
        <link targets="seg-r348"/>
    </node>
    <a label="tok" ref="ptb-n00336" as="PTB">
        <fs>
            <f name="msd" value="NN"/>
        </fs>
    </a>
    <node xml:id="ptb-n00337">
        <link targets="seg-r350"/>
    </node>
    <a label="tok" ref="ptb-n00337" as="PTB">
        <fs>
            <f name="msd" value="NNS"/>
        </fs>
    </a>
    <node xml:id="ptb-n00338">
        <link targets="seg-r351"/>
    </node>
    <a label="tok" ref="ptb-n00338" as="PTB">
        <fs>
            <f name="msd" value=","/>
        </fs>
    </a>
    <node xml:id="ptb-n00339">
        <link targets="seg-r353"/>
    </node>
    <a label="tok" ref="ptb-n00339" as="PTB">
        <fs>
            <f name="msd" value="CC"/>
        </fs>
    </a>
    <node xml:id="ptb-n00341">
        <link targets="seg-r355"/>
    </node>
    <a label="tok" ref="ptb-n00341" as="PTB">
        <fs>
            <f name="msd" value="VBG"/>
        </fs>
    </a>
    <node xml:id="ptb-n00343">
        <link targets="seg-r357"/>
    </node>
    <a label="tok" ref="ptb-n00343" as="PTB">
        <fs>
            <f name="msd" value="IN"/>
        </fs>
    </a>
    <node xml:id="ptb-n00345">
        <link targets="seg-r359"/>
    </node>
    <a label="tok" ref="ptb-n00345" as="PTB">
        <fs>
            <f name="msd" value="NN"/>
        </fs>
    </a>
    <node xml:id="ptb-n00346">
        <link targets="seg-r361"/>
    </node>
    <a label="tok" ref="ptb-n00346" as="PTB">
        <fs>
            <f name="msd" value="NNS"/>
        </fs>
    </a>
    <node xml:id="ptb-n00347">
        <link targets="seg-r362"/>
    </node>
    <a label="tok" ref="ptb-n00347" as="PTB">
        <fs>
            <f name="msd" value="."/>
        </fs>
    </a>
    <node xml:id="ptb-n00350">
        <link targets="seg-r364"/>
    </node>
    <a label="tok" ref="ptb-n00350" as="PTB">
        <fs>
            <f name="msd" value="DT"/>
        </fs>
    </a>
    <node xml:id="ptb-n00351">
        <link targets="seg-r366"/>
    </node>
    <a label="tok" ref="ptb-n00351" as="PTB">
        <fs>
            <f name="msd" value="NN"/>
        </fs>
    </a>
    <node xml:id="ptb-n00352">
        <link targets="seg-r368"/>
    </node>
    <a label="tok" ref="ptb-n00352" as="PTB">
        <fs>
            <f name="msd" value="NN"/>
        </fs>
    </a>
    <node xml:id="ptb-n00354">
        <link targets="seg-r370"/>
    </node>
    <a label="tok" ref="ptb-n00354" as="PTB">
        <fs>
            <f name="msd" value="MD"/>
        </fs>
    </a>
    <node xml:id="ptb-n00356">
        <link targets="seg-r372"/>
    </node>
    <a label="tok" ref="ptb-n00356" as="PTB">
        <fs>
            <f name="msd" value="VB"/>
        </fs>
    </a>
    <node xml:id="ptb-n00359">
        <link targets="seg-r374"/>
    </node>
    <a label="tok" ref="ptb-n00359" as="PTB">
        <fs>
            <f name="msd" value="NNS"/>
        </fs>
    </a>
    <node xml:id="ptb-n00362">
        <link targets="seg-r376"/>
    </node>
    <a label="tok" ref="ptb-n00362" as="PTB">
        <fs>
            <f name="msd" value="WP"/>
        </fs>
    </a>
    <node xml:id="ptb-n00367">
        <link targets="seg-r378"/>
    </node>
    <a label="tok" ref="ptb-n00367" as="PTB">
        <fs>
            <f name="msd" value="VBP"/>
        </fs>
    </a>
    <node xml:id="ptb-n00371">
        <link targets="seg-r380"/>
    </node>
    <a label="tok" ref="ptb-n00371" as="PTB">
        <fs>
            <f name="msd" value="DT"/>
        </fs>
    </a>
    <node xml:id="ptb-n00372">
        <link targets="seg-r382"/>
    </node>
    <a label="tok" ref="ptb-n00372" as="PTB">
        <fs>
            <f name="msd" value="JJR"/>
        </fs>
    </a>
    <node xml:id="ptb-n00373">
        <link targets="seg-r384"/>
    </node>
    <a label="tok" ref="ptb-n00373" as="PTB">
        <fs>
            <f name="msd" value="NN"/>
        </fs>
    </a>
    <node xml:id="ptb-n00375">
        <link targets="seg-r386"/>
    </node>
    <a label="tok" ref="ptb-n00375" as="PTB">
        <fs>
            <f name="msd" value="IN"/>
        </fs>
    </a>
    <node xml:id="ptb-n00378">
        <link targets="seg-r388"/>
    </node>
    <a label="tok" ref="ptb-n00378" as="PTB">
        <fs>
            <f name="msd" value="CC"/>
        </fs>
    </a>
    <node xml:id="ptb-n00381">
        <link targets="seg-r390"/>
    </node>
    <a label="tok" ref="ptb-n00381" as="PTB">
        <fs>
            <f name="msd" value="NN"/>
        </fs>
    </a>
    <node xml:id="ptb-n00383">
        <link targets="seg-r392"/>
    </node>
    <a label="tok" ref="ptb-n00383" as="PTB">
        <fs>
            <f name="msd" value="IN"/>
        </fs>
    </a>
    <node xml:id="ptb-n00387">
        <link targets="seg-r394"/>
    </node>
    <a label="tok" ref="ptb-n00387" as="PTB">
        <fs>
            <f name="msd" value="PRP$"/>
        </fs>
    </a>
    <node xml:id="ptb-n00388">
        <link targets="seg-r396"/>
    </node>
    <a label="tok" ref="ptb-n00388" as="PTB">
        <fs>
            <f name="msd" value="JJ"/>
        </fs>
    </a>
    <node xml:id="ptb-n00389">
        <link targets="seg-r398"/>
    </node>
    <a label="tok" ref="ptb-n00389" as="PTB">
        <fs>
            <f name="msd" value="NN"/>
        </fs>
    </a>
    <node xml:id="ptb-n00390">
        <link targets="seg-r399"/>
    </node>
    <a label="tok" ref="ptb-n00390" as="PTB">
        <fs>
            <f name="msd" value=","/>
        </fs>
    </a>
    <node xml:id="ptb-n00393">
        <link targets="seg-r401"/>
    </node>
    <a label="tok" ref="ptb-n00393" as="PTB">
        <fs>
            <f name="msd" value="VB"/>
        </fs>
    </a>
    <node xml:id="ptb-n00395">
        <link targets="seg-r403"/>
    </node>
    <a label="tok" ref="ptb-n00395" as="PTB">
        <fs>
            <f name="msd" value="PRP"/>
        </fs>
    </a>
    <node xml:id="ptb-n00398">
        <link targets="seg-r405"/>
    </node>
    <a label="tok" ref="ptb-n00398" as="PTB">
        <fs>
            <f name="msd" value="NN"/>
        </fs>
    </a>
    <node xml:id="ptb-n00399">
        <link targets="seg-r407"/>
    </node>
    <a label="tok" ref="ptb-n00399" as="PTB">
        <fs>
            <f name="msd" value="CC"/>
        </fs>
    </a>
    <node xml:id="ptb-n00401">
        <link targets="seg-r409"/>
    </node>
    <a label="tok" ref="ptb-n00401" as="PTB">
        <fs>
            <f name="msd" value="DT"/>
        </fs>
    </a>
    <node xml:id="ptb-n00402">
        <link targets="seg-r411"/>
    </node>
    <a label="tok" ref="ptb-n00402" as="PTB">
        <fs>
            <f name="msd" value="NN"/>
        </fs>
    </a>
    <node xml:id="ptb-n00403">
        <link targets="seg-r412"/>
    </node>
    <a label="tok" ref="ptb-n00403" as="PTB">
        <fs>
            <f name="msd" value="."/>
        </fs>
    </a>
    <node xml:id="ptb-n00406">
        <link targets="seg-r414"/>
    </node>
    <a label="tok" ref="ptb-n00406" as="PTB">
        <fs>
            <f name="msd" value="DT"/>
        </fs>
    </a>
    <node xml:id="ptb-n00407">
        <link targets="seg-r416"/>
    </node>
    <a label="tok" ref="ptb-n00407" as="PTB">
        <fs>
            <f name="msd" value="NNP"/>
        </fs>
    </a>
    <node xml:id="ptb-n00408">
        <link targets="seg-r418"/>
    </node>
    <a label="tok" ref="ptb-n00408" as="PTB">
        <fs>
            <f name="msd" value="NNP"/>
        </fs>
    </a>
    <node xml:id="ptb-n00409">
        <link targets="seg-r420"/>
    </node>
    <a label="tok" ref="ptb-n00409" as="PTB">
        <fs>
            <f name="msd" value="NNP"/>
        </fs>
    </a>
    <node xml:id="ptb-n00411">
        <link targets="seg-r422"/>
    </node>
    <a label="tok" ref="ptb-n00411" as="PTB">
        <fs>
            <f name="msd" value="MD"/>
        </fs>
    </a>
    <node xml:id="ptb-n00413">
        <link targets="seg-r424"/>
    </node>
    <a label="tok" ref="ptb-n00413" as="PTB">
        <fs>
            <f name="msd" value="VB"/>
        </fs>
    </a>
    <node xml:id="ptb-n00415">
        <link targets="seg-r426"/>
    </node>
    <a label="tok" ref="ptb-n00415" as="PTB">
        <fs>
            <f name="msd" value="IN"/>
        </fs>
    </a>
    <node xml:id="ptb-n00418">
        <link targets="seg-r428"/>
    </node>
    <a label="tok" ref="ptb-n00418" as="PTB">
        <fs>
            <f name="msd" value="DT"/>
        </fs>
    </a>
    <node xml:id="ptb-n00419">
        <link targets="seg-r430"/>
    </node>
    <a label="tok" ref="ptb-n00419" as="PTB">
        <fs>
            <f name="msd" value="NN"/>
        </fs>
    </a>
    <node xml:id="ptb-n00422">
        <link targets="seg-r432"/>
    </node>
    <a label="tok" ref="ptb-n00422" as="PTB">
        <fs>
            <f name="msd" value="WDT"/>
        </fs>
    </a>
    <node xml:id="ptb-n00427">
        <link targets="seg-r434"/>
    </node>
    <a label="tok" ref="ptb-n00427" as="PTB">
        <fs>
            <f name="msd" value="VBZ"/>
        </fs>
    </a>
    <node xml:id="ptb-n00429">
        <link targets="seg-r436"/>
    </node>
    <a label="tok" ref="ptb-n00429" as="PTB">
        <fs>
            <f name="msd" value="NN"/>
        </fs>
    </a>
    <node xml:id="ptb-n00430">
        <link targets="seg-r438"/>
    </node>
    <a label="tok" ref="ptb-n00430" as="PTB">
        <fs>
            <f name="msd" value="CC"/>
        </fs>
    </a>
    <node xml:id="ptb-n00431">
        <link targets="seg-r440"/>
    </node>
    <a label="tok" ref="ptb-n00431" as="PTB">
        <fs>
            <f name="msd" value="NNS"/>
        </fs>
    </a>
    <node xml:id="ptb-n00432">
        <link targets="seg-r441"/>
    </node>
    <a label="tok" ref="ptb-n00432" as="PTB">
        <fs>
            <f name="msd" value="."/>
        </fs>
    </a>
    <node xml:id="ptb-n00435">
        <link targets="seg-r443"/>
    </node>
    <a label="tok" ref="ptb-n00435" as="PTB">
        <fs>
            <f name="msd" value="PRP"/>
        </fs>
    </a>
    <node xml:id="ptb-n00437">
        <link targets="seg-r445"/>
    </node>
    <a label="tok" ref="ptb-n00437" as="PTB">
        <fs>
            <f name="msd" value="MD"/>
        </fs>
    </a>
    <node xml:id="ptb-n00439">
        <link targets="seg-r447"/>
    </node>
    <a label="tok" ref="ptb-n00439" as="PTB">
        <fs>
            <f name="msd" value="VB"/>
        </fs>
    </a>
    <node xml:id="ptb-n00444">
        <link targets="seg-r449"/>
    </node>
    <a label="tok" ref="ptb-n00444" as="PTB">
        <fs>
            <f name="msd" value="TO"/>
        </fs>
    </a>
    <node xml:id="ptb-n00446">
        <link targets="seg-r451"/>
    </node>
    <a label="tok" ref="ptb-n00446" as="PTB">
        <fs>
            <f name="msd" value="VB"/>
        </fs>
    </a>
    <node xml:id="ptb-n00448">
        <link targets="seg-r453"/>
    </node>
    <a label="tok" ref="ptb-n00448" as="PTB">
        <fs>
            <f name="msd" value="PRP$"/>
        </fs>
    </a>
    <node xml:id="ptb-n00449">
        <link targets="seg-r455"/>
    </node>
    <a label="tok" ref="ptb-n00449" as="PTB">
        <fs>
            <f name="msd" value="NN"/>
        </fs>
    </a>
    <node xml:id="ptb-n00452">
        <link targets="seg-r457"/>
    </node>
    <a label="tok" ref="ptb-n00452" as="PTB">
        <fs>
            <f name="msd" value="DT"/>
        </fs>
    </a>
    <node xml:id="ptb-n00453">
        <link targets="seg-r459"/>
    </node>
    <a label="tok" ref="ptb-n00453" as="PTB">
        <fs>
            <f name="msd" value="JJ"/>
        </fs>
    </a>
    <node xml:id="ptb-n00454">
        <link targets="seg-r461"/>
    </node>
    <a label="tok" ref="ptb-n00454" as="PTB">
        <fs>
            <f name="msd" value="NN"/>
        </fs>
    </a>
    <node xml:id="ptb-n00456">
        <link targets="seg-r463"/>
    </node>
    <a label="tok" ref="ptb-n00456" as="PTB">
        <fs>
            <f name="msd" value="IN"/>
        </fs>
    </a>
    <node xml:id="ptb-n00458">
        <link targets="seg-r465"/>
    </node>
    <a label="tok" ref="ptb-n00458" as="PTB">
        <fs>
            <f name="msd" value="PRP$"/>
        </fs>
    </a>
    <node xml:id="ptb-n00459">
        <link targets="seg-r467"/>
    </node>
    <a label="tok" ref="ptb-n00459" as="PTB">
        <fs>
            <f name="msd" value="NN"/>
        </fs>
    </a>
    <node xml:id="ptb-n00461">
        <link targets="seg-r469"/>
    </node>
    <a label="tok" ref="ptb-n00461" as="PTB">
        <fs>
            <f name="msd" value="IN"/>
        </fs>
    </a>
    <node xml:id="ptb-n00466">
        <link targets="seg-r471"/>
    </node>
    <a label="tok" ref="ptb-n00466" as="PTB">
        <fs>
            <f name="msd" value="VBG"/>
        </fs>
    </a>
    <node xml:id="ptb-n00468">
        <link targets="seg-r473"/>
    </node>
    <a label="tok" ref="ptb-n00468" as="PTB">
        <fs>
            <f name="msd" value="PRP"/>
        </fs>
    </a>
    <node xml:id="ptb-n00470">
        <link targets="seg-r475"/>
    </node>
    <a label="tok" ref="ptb-n00470" as="PTB">
        <fs>
            <f name="msd" value="IN"/>
        </fs>
    </a>
    <node xml:id="ptb-n00473">
        <link targets="seg-r477"/>
    </node>
    <a label="tok" ref="ptb-n00473" as="PTB">
        <fs>
            <f name="msd" value="NN"/>
        </fs>
    </a>
    <node xml:id="ptb-n00474">
        <link targets="seg-r479"/>
    </node>
    <a label="tok" ref="ptb-n00474" as="PTB">
        <fs>
            <f name="msd" value="NNS"/>
        </fs>
    </a>
    <node xml:id="ptb-n00476">
        <link targets="seg-r481"/>
    </node>
    <a label="tok" ref="ptb-n00476" as="PTB">
        <fs>
            <f name="msd" value="IN"/>
        </fs>
    </a>
    <node xml:id="ptb-n00478">
        <link targets="seg-r483"/>
    </node>
    <a label="tok" ref="ptb-n00478" as="PTB">
        <fs>
            <f name="msd" value="NNP"/>
        </fs>
    </a>
    <node xml:id="ptb-n00479">
        <link targets="seg-r484"/>
    </node>
    <a label="tok" ref="ptb-n00479" as="PTB">
        <fs>
            <f name="msd" value="."/>
        </fs>
    </a>
    <node xml:id="ptb-n00482">
        <link targets="seg-r486"/>
    </node>
    <a label="tok" ref="ptb-n00482" as="PTB">
        <fs>
            <f name="msd" value="RB"/>
        </fs>
    </a>
    <node xml:id="ptb-n00483">
        <link targets="seg-r487"/>
    </node>
    <a label="tok" ref="ptb-n00483" as="PTB">
        <fs>
            <f name="msd" value=","/>
        </fs>
    </a>
    <node xml:id="ptb-n00485">
        <link targets="seg-r489"/>
    </node>
    <a label="tok" ref="ptb-n00485" as="PTB">
        <fs>
            <f name="msd" value="PRP"/>
        </fs>
    </a>
    <node xml:id="ptb-n00487">
        <link targets="seg-r491"/>
    </node>
    <a label="tok" ref="ptb-n00487" as="PTB">
        <fs>
            <f name="msd" value="VBP"/>
        </fs>
    </a>
    <node xml:id="ptb-n00489">
        <link targets="seg-r493"/>
    </node>
    <a label="tok" ref="ptb-n00489" as="PTB">
        <fs>
            <f name="msd" value="VBG"/>
        </fs>
    </a>
    <node xml:id="ptb-n00491">
        <link targets="seg-r495"/>
    </node>
    <a label="tok" ref="ptb-n00491" as="PTB">
        <fs>
            <f name="msd" value="PRP"/>
        </fs>
    </a>
    <node xml:id="ptb-n00496">
        <link targets="seg-r497"/>
    </node>
    <a label="tok" ref="ptb-n00496" as="PTB">
        <fs>
            <f name="msd" value="TO"/>
        </fs>
    </a>
    <node xml:id="ptb-n00498">
        <link targets="seg-r499"/>
    </node>
    <a label="tok" ref="ptb-n00498" as="PTB">
        <fs>
            <f name="msd" value="VB"/>
        </fs>
    </a>
    <node xml:id="ptb-n00501">
        <link targets="seg-r501"/>
    </node>
    <a label="tok" ref="ptb-n00501" as="PTB">
        <fs>
            <f name="msd" value="CD"/>
        </fs>
    </a>
    <node xml:id="ptb-n00502">
        <link targets="seg-r502"/>
    </node>
    <a label="tok" ref="ptb-n00502" as="PTB">
        <fs>
            <f name="msd" value=","/>
        </fs>
    </a>
    <node xml:id="ptb-n00504">
        <link targets="seg-r504"/>
    </node>
    <a label="tok" ref="ptb-n00504" as="PTB">
        <fs>
            <f name="msd" value="$"/>
        </fs>
    </a>
    <node xml:id="ptb-n00505">
        <link targets="seg-r505"/>
    </node>
    <a label="tok" ref="ptb-n00505" as="PTB">
        <fs>
            <f name="msd" value="CD"/>
        </fs>
    </a>
    <node xml:id="ptb-n00507">
        <link targets="seg-r507"/>
    </node>
    <a label="tok" ref="ptb-n00507" as="PTB">
        <fs>
            <f name="msd" value="NN"/>
        </fs>
    </a>
    <node xml:id="ptb-n00508">
        <link targets="seg-r509"/>
    </node>
    <a label="tok" ref="ptb-n00508" as="PTB">
        <fs>
            <f name="msd" value="NNS"/>
        </fs>
    </a>
    <node xml:id="ptb-n00511">
        <link targets="seg-r511"/>
    </node>
    <a label="tok" ref="ptb-n00511" as="PTB">
        <fs>
            <f name="msd" value="WDT"/>
        </fs>
    </a>
    <node xml:id="ptb-n00516">
        <link targets="seg-r513"/>
    </node>
    <a label="tok" ref="ptb-n00516" as="PTB">
        <fs>
            <f name="msd" value="MD"/>
        </fs>
    </a>
    <node xml:id="ptb-n00518">
        <link targets="seg-r515"/>
    </node>
    <a label="tok" ref="ptb-n00518" as="PTB">
        <fs>
            <f name="msd" value="VB"/>
        </fs>
    </a>
    <node xml:id="ptb-n00520">
        <link targets="seg-r517"/>
    </node>
    <a label="tok" ref="ptb-n00520" as="PTB">
        <fs>
            <f name="msd" value="VBN"/>
        </fs>
    </a>
    <node xml:id="ptb-n00524">
        <link targets="seg-r519"/>
    </node>
    <a label="tok" ref="ptb-n00524" as="PTB">
        <fs>
            <f name="msd" value="IN"/>
        </fs>
    </a>
    <node xml:id="ptb-n00527">
        <link targets="seg-r521"/>
    </node>
    <a label="tok" ref="ptb-n00527" as="PTB">
        <fs>
            <f name="msd" value="DT"/>
        </fs>
    </a>
    <node xml:id="ptb-n00528">
        <link targets="seg-r523"/>
    </node>
    <a label="tok" ref="ptb-n00528" as="PTB">
        <fs>
            <f name="msd" value="NN"/>
        </fs>
    </a>
    <node xml:id="ptb-n00530">
        <link targets="seg-r525"/>
    </node>
    <a label="tok" ref="ptb-n00530" as="PTB">
        <fs>
            <f name="msd" value="IN"/>
        </fs>
    </a>
    <node xml:id="ptb-n00533">
        <link targets="seg-r527"/>
    </node>
    <a label="tok" ref="ptb-n00533" as="PTB">
        <fs>
            <f name="msd" value="NN"/>
        </fs>
    </a>
    <node xml:id="ptb-n00534">
        <link targets="seg-r529"/>
    </node>
    <a label="tok" ref="ptb-n00534" as="PTB">
        <fs>
            <f name="msd" value="NNS"/>
        </fs>
    </a>
    <node xml:id="ptb-n00535">
        <link targets="seg-r531"/>
    </node>
    <a label="tok" ref="ptb-n00535" as="PTB">
        <fs>
            <f name="msd" value="CC"/>
        </fs>
    </a>
    <node xml:id="ptb-n00537">
        <link targets="seg-r533"/>
    </node>
    <a label="tok" ref="ptb-n00537" as="PTB">
        <fs>
            <f name="msd" value="NN"/>
        </fs>
    </a>
    <node xml:id="ptb-n00538">
        <link targets="seg-r534"/>
    </node>
    <a label="tok" ref="ptb-n00538" as="PTB">
        <fs>
            <f name="msd" value=","/>
        </fs>
    </a>
    <node xml:id="ptb-n00540">
        <link targets="seg-r536"/>
    </node>
    <a label="tok" ref="ptb-n00540" as="PTB">
        <fs>
            <f name="msd" value="IN"/>
        </fs>
    </a>
    <node xml:id="ptb-n00543">
        <link targets="seg-r538"/>
    </node>
    <a label="tok" ref="ptb-n00543" as="PTB">
        <fs>
            <f name="msd" value="DT"/>
        </fs>
    </a>
    <node xml:id="ptb-n00544">
        <link targets="seg-r540"/>
    </node>
    <a label="tok" ref="ptb-n00544" as="PTB">
        <fs>
            <f name="msd" value="JJ"/>
        </fs>
    </a>
    <node xml:id="ptb-n00545">
        <link targets="seg-r542"/>
    </node>
    <a label="tok" ref="ptb-n00545" as="PTB">
        <fs>
            <f name="msd" value="NN"/>
        </fs>
    </a>
    <node xml:id="ptb-n00547">
        <link targets="seg-r544"/>
    </node>
    <a label="tok" ref="ptb-n00547" as="PTB">
        <fs>
            <f name="msd" value="IN"/>
        </fs>
    </a>
    <node xml:id="ptb-n00549">
        <link targets="seg-r546"/>
    </node>
    <a label="tok" ref="ptb-n00549" as="PTB">
        <fs>
            <f name="msd" value="$"/>
        </fs>
    </a>
    <node xml:id="ptb-n00550">
        <link targets="seg-r547"/>
    </node>
    <a label="tok" ref="ptb-n00550" as="PTB">
        <fs>
            <f name="msd" value="CD"/>
        </fs>
    </a>
    <node xml:id="ptb-n00552">
        <link targets="seg-r548"/>
    </node>
    <a label="tok" ref="ptb-n00552" as="PTB">
        <fs>
            <f name="msd" value="."/>
        </fs>
    </a>
    <node xml:id="ptb-n00555">
        <link targets="seg-r550"/>
    </node>
    <a label="tok" ref="ptb-n00555" as="PTB">
        <fs>
            <f name="msd" value="IN"/>
        </fs>
    </a>
    <node xml:id="ptb-n00557">
        <link targets="seg-r552"/>
    </node>
    <a label="tok" ref="ptb-n00557" as="PTB">
        <fs>
            <f name="msd" value="NN"/>
        </fs>
    </a>
    <node xml:id="ptb-n00558">
        <link targets="seg-r553"/>
    </node>
    <a label="tok" ref="ptb-n00558" as="PTB">
        <fs>
            <f name="msd" value=","/>
        </fs>
    </a>
    <node xml:id="ptb-n00560">
        <link targets="seg-r555"/>
    </node>
    <a label="tok" ref="ptb-n00560" as="PTB">
        <fs>
            <f name="msd" value="PRP"/>
        </fs>
    </a>
    <node xml:id="ptb-n00562">
        <link targets="seg-r557"/>
    </node>
    <a label="tok" ref="ptb-n00562" as="PTB">
        <fs>
            <f name="msd" value="MD"/>
        </fs>
    </a>
    <node xml:id="ptb-n00564">
        <link targets="seg-r559"/>
    </node>
    <a label="tok" ref="ptb-n00564" as="PTB">
        <fs>
            <f name="msd" value="VB"/>
        </fs>
    </a>
    <node xml:id="ptb-n00566">
        <link targets="seg-r561"/>
    </node>
    <a label="tok" ref="ptb-n00566" as="PTB">
        <fs>
            <f name="msd" value="NNP"/>
        </fs>
    </a>
    <node xml:id="ptb-n00568">
        <link targets="seg-r563"/>
    </node>
    <a label="tok" ref="ptb-n00568" as="PTB">
        <fs>
            <f name="msd" value="IN"/>
        </fs>
    </a>
    <node xml:id="ptb-n00570">
        <link targets="seg-r565"/>
    </node>
    <a label="tok" ref="ptb-n00570" as="PTB">
        <fs>
            <f name="msd" value="DT"/>
        </fs>
    </a>
    <node xml:id="ptb-n00571">
        <link targets="seg-r567"/>
    </node>
    <a label="tok" ref="ptb-n00571" as="PTB">
        <fs>
            <f name="msd" value="NN"/>
        </fs>
    </a>
    <node xml:id="ptb-n00574">
        <link targets="seg-r569"/>
    </node>
    <a label="tok" ref="ptb-n00574" as="PTB">
        <fs>
            <f name="msd" value="IN"/>
        </fs>
    </a>
    <node xml:id="ptb-n00576">
        <link targets="seg-r571"/>
    </node>
    <a label="tok" ref="ptb-n00576" as="PTB">
        <fs>
            <f name="msd" value="PRP$"/>
        </fs>
    </a>
    <node xml:id="ptb-n00577">
        <link targets="seg-r573"/>
    </node>
    <a label="tok" ref="ptb-n00577" as="PTB">
        <fs>
            <f name="msd" value="NN"/>
        </fs>
    </a>
    <node xml:id="ptb-n00578">
        <link targets="seg-r575"/>
    </node>
    <a label="tok" ref="ptb-n00578" as="PTB">
        <fs>
            <f name="msd" value="CC"/>
        </fs>
    </a>
    <node xml:id="ptb-n00580">
        <link targets="seg-r577"/>
    </node>
    <a label="tok" ref="ptb-n00580" as="PTB">
        <fs>
            <f name="msd" value="IN"/>
        </fs>
    </a>
    <node xml:id="ptb-n00582">
        <link targets="seg-r579"/>
    </node>
    <a label="tok" ref="ptb-n00582" as="PTB">
        <fs>
            <f name="msd" value="DT"/>
        </fs>
    </a>
    <node xml:id="ptb-n00583">
        <link targets="seg-r581"/>
    </node>
    <a label="tok" ref="ptb-n00583" as="PTB">
        <fs>
            <f name="msd" value="NN"/>
        </fs>
    </a>
    <node xml:id="ptb-n00584">
        <link targets="seg-r583"/>
    </node>
    <a label="tok" ref="ptb-n00584" as="PTB">
        <fs>
            <f name="msd" value="NN"/>
        </fs>
    </a>
    <node xml:id="ptb-n00585">
        <link targets="seg-r584"/>
    </node>
    <a label="tok" ref="ptb-n00585" as="PTB">
        <fs>
            <f name="msd" value="."/>
        </fs>
    </a>
    <node xml:id="ptb-n00589">
        <link targets="seg-r586"/>
    </node>
    <a label="tok" ref="ptb-n00589" as="PTB">
        <fs>
            <f name="msd" value="NNP"/>
        </fs>
    </a>
    <node xml:id="ptb-n00591">
        <link targets="seg-r588"/>
    </node>
    <a label="tok" ref="ptb-n00591" as="PTB">
        <fs>
            <f name="msd" value="VBZ"/>
        </fs>
    </a>
    <node xml:id="ptb-n00593">
        <link targets="seg-r590"/>
    </node>
    <a label="tok" ref="ptb-n00593" as="PTB">
        <fs>
            <f name="msd" value="RB"/>
        </fs>
    </a>
    <node xml:id="ptb-n00595">
        <link targets="seg-r592"/>
    </node>
    <a label="tok" ref="ptb-n00595" as="PTB">
        <fs>
            <f name="msd" value="VBN"/>
        </fs>
    </a>
    <node xml:id="ptb-n00599">
        <link targets="seg-r594"/>
    </node>
    <a label="tok" ref="ptb-n00599" as="PTB">
        <fs>
            <f name="msd" value="IN"/>
        </fs>
    </a>
    <node xml:id="ptb-n00602">
        <link targets="seg-r596 seg-r597 seg-r598"/>
    </node>
    <a label="tok" ref="ptb-n00602" as="PTB">
        <fs>
            <f name="msd" value="PRP$"/>
        </fs>
    </a>
    <node xml:id="ptb-n00603">
        <link targets="seg-r600"/>
    </node>
    <a label="tok" ref="ptb-n00603" as="PTB">
        <fs>
            <f name="msd" value="NN"/>
        </fs>
    </a>
    <node xml:id="ptb-n00605">
        <link targets="seg-r602"/>
    </node>
    <a label="tok" ref="ptb-n00605" as="PTB">
        <fs>
            <f name="msd" value="IN"/>
        </fs>
    </a>
    <node xml:id="ptb-n00607">
        <link targets="seg-r604"/>
    </node>
    <a label="tok" ref="ptb-n00607" as="PTB">
        <fs>
            <f name="msd" value="DT"/>
        </fs>
    </a>
    <node xml:id="ptb-n00608">
        <link targets="seg-r606"/>
    </node>
    <a label="tok" ref="ptb-n00608" as="PTB">
        <fs>
            <f name="msd" value="NN"/>
        </fs>
    </a>
    <node xml:id="ptb-n00609">
        <link targets="seg-r607"/>
    </node>
    <a label="tok" ref="ptb-n00609" as="PTB">
        <fs>
            <f name="msd" value=","/>
        </fs>
    </a>
    <node xml:id="ptb-n00610">
        <link targets="seg-r609"/>
    </node>
    <a label="tok" ref="ptb-n00610" as="PTB">
        <fs>
            <f name="msd" value="CC"/>
        </fs>
    </a>
    <node xml:id="ptb-n00613">
        <link targets="seg-r611"/>
    </node>
    <a label="tok" ref="ptb-n00613" as="PTB">
        <fs>
            <f name="msd" value="PRP"/>
        </fs>
    </a>
    <node xml:id="ptb-n00615">
        <link targets="seg-r613"/>
    </node>
    <a label="tok" ref="ptb-n00615" as="PTB">
        <fs>
            <f name="msd" value="VBP"/>
        </fs>
    </a>
    <node xml:id="ptb-n00617">
        <link targets="seg-r615"/>
    </node>
    <a label="tok" ref="ptb-n00617" as="PTB">
        <fs>
            <f name="msd" value="IN"/>
        </fs>
    </a>
    <node xml:id="ptb-n00620">
        <link targets="seg-r617"/>
    </node>
    <a label="tok" ref="ptb-n00620" as="PTB">
        <fs>
            <f name="msd" value="DT"/>
        </fs>
    </a>
    <node xml:id="ptb-n00621">
        <link targets="seg-r619"/>
    </node>
    <a label="tok" ref="ptb-n00621" as="PTB">
        <fs>
            <f name="msd" value="NNP"/>
        </fs>
    </a>
    <node xml:id="ptb-n00622">
        <link targets="seg-r621"/>
    </node>
    <a label="tok" ref="ptb-n00622" as="PTB">
        <fs>
            <f name="msd" value="NNP"/>
        </fs>
    </a>
    <node xml:id="ptb-n00623">
        <link targets="seg-r623"/>
    </node>
    <a label="tok" ref="ptb-n00623" as="PTB">
        <fs>
            <f name="msd" value="NNP"/>
        </fs>
    </a>
    <node xml:id="ptb-n00625">
        <link targets="seg-r625"/>
    </node>
    <a label="tok" ref="ptb-n00625" as="PTB">
        <fs>
            <f name="msd" value="VBZ"/>
        </fs>
    </a>
    <node xml:id="ptb-n00627">
        <link targets="seg-r627"/>
    </node>
    <a label="tok" ref="ptb-n00627" as="PTB">
        <fs>
            <f name="msd" value="PRP$"/>
        </fs>
    </a>
    <node xml:id="ptb-n00628">
        <link targets="seg-r629"/>
    </node>
    <a label="tok" ref="ptb-n00628" as="PTB">
        <fs>
            <f name="msd" value="NNS"/>
        </fs>
    </a>
    <node xml:id="ptb-n00629">
        <link targets="seg-r631"/>
    </node>
    <a label="tok" ref="ptb-n00629" as="PTB">
        <fs>
            <f name="msd" value="CC"/>
        </fs>
    </a>
    <node xml:id="ptb-n00630">
        <link targets="seg-r633"/>
    </node>
    <a label="tok" ref="ptb-n00630" as="PTB">
        <fs>
            <f name="msd" value="NNS"/>
        </fs>
    </a>
    <node xml:id="ptb-n00632">
        <link targets="seg-r635"/>
    </node>
    <a label="tok" ref="ptb-n00632" as="PTB">
        <fs>
            <f name="msd" value="RB"/>
        </fs>
    </a>
    <node xml:id="ptb-n00633">
        <link targets="seg-r637"/>
    </node>
    <a label="tok" ref="ptb-n00633" as="PTB">
        <fs>
            <f name="msd" value="RB"/>
        </fs>
    </a>
    <node xml:id="ptb-n00634">
        <link targets="seg-r638"/>
    </node>
    <a label="tok" ref="ptb-n00634" as="PTB">
        <fs>
            <f name="msd" value="."/>
        </fs>
    </a>
    <node xml:id="ptb-n00637">
        <link targets="seg-r640"/>
    </node>
    <a label="tok" ref="ptb-n00637" as="PTB">
        <fs>
            <f name="msd" value="PRP"/>
        </fs>
    </a>
    <node xml:id="ptb-n00640">
        <link targets="seg-r642"/>
    </node>
    <a label="tok" ref="ptb-n00640" as="PTB">
        <fs>
            <f name="msd" value="MD"/>
        </fs>
    </a>
    <node xml:id="ptb-n00642">
        <link targets="seg-r644"/>
    </node>
    <a label="tok" ref="ptb-n00642" as="PTB">
        <fs>
            <f name="msd" value="VB"/>
        </fs>
    </a>
    <node xml:id="ptb-n00644">
        <link targets="seg-r646"/>
    </node>
    <a label="tok" ref="ptb-n00644" as="PTB">
        <fs>
            <f name="msd" value="JJ"/>
        </fs>
    </a>
    <node xml:id="ptb-n00649">
        <link targets="seg-r648"/>
    </node>
    <a label="tok" ref="ptb-n00649" as="PTB">
        <fs>
            <f name="msd" value="TO"/>
        </fs>
    </a>
    <node xml:id="ptb-n00651">
        <link targets="seg-r650"/>
    </node>
    <a label="tok" ref="ptb-n00651" as="PTB">
        <fs>
            <f name="msd" value="VB"/>
        </fs>
    </a>
    <node xml:id="ptb-n00654">
        <link targets="seg-r652"/>
    </node>
    <a label="tok" ref="ptb-n00654" as="PTB">
        <fs>
            <f name="msd" value="DT"/>
        </fs>
    </a>
    <node xml:id="ptb-n00655">
        <link targets="seg-r654"/>
    </node>
    <a label="tok" ref="ptb-n00655" as="PTB">
        <fs>
            <f name="msd" value="JJ"/>
        </fs>
    </a>
    <node xml:id="ptb-n00656">
        <link targets="seg-r656"/>
    </node>
    <a label="tok" ref="ptb-n00656" as="PTB">
        <fs>
            <f name="msd" value="NN"/>
        </fs>
    </a>
    <node xml:id="ptb-n00662">
        <link targets="seg-r658"/>
    </node>
    <a label="tok" ref="ptb-n00662" as="PTB">
        <fs>
            <f name="msd" value="PRP"/>
        </fs>
    </a>
    <node xml:id="ptb-n00664">
        <link targets="seg-r660"/>
    </node>
    <a label="tok" ref="ptb-n00664" as="PTB">
        <fs>
            <f name="msd" value="MD"/>
        </fs>
    </a>
    <node xml:id="ptb-n00666">
        <link targets="seg-r662"/>
    </node>
    <a label="tok" ref="ptb-n00666" as="PTB">
        <fs>
            <f name="msd" value="VB"/>
        </fs>
    </a>
    <node xml:id="ptb-n00669">
        <link targets="seg-r664"/>
    </node>
    <a label="tok" ref="ptb-n00669" as="PTB">
        <fs>
            <f name="msd" value="CC"/>
        </fs>
    </a>
    <node xml:id="ptb-n00671">
        <link targets="seg-r666"/>
    </node>
    <a label="tok" ref="ptb-n00671" as="PTB">
        <fs>
            <f name="msd" value="VBP"/>
        </fs>
    </a>
    <node xml:id="ptb-n00673">
        <link targets="seg-r668"/>
    </node>
    <a label="tok" ref="ptb-n00673" as="PTB">
        <fs>
            <f name="msd" value="PRP"/>
        </fs>
    </a>
    <node xml:id="ptb-n00675">
        <link targets="seg-r670"/>
    </node>
    <a label="tok" ref="ptb-n00675" as="PTB">
        <fs>
            <f name="msd" value="IN"/>
        </fs>
    </a>
    <node xml:id="ptb-n00678">
        <link targets="seg-r672"/>
    </node>
    <a label="tok" ref="ptb-n00678" as="PTB">
        <fs>
            <f name="msd" value="PRP$"/>
        </fs>
    </a>
    <node xml:id="ptb-n00679">
        <link targets="seg-r674"/>
    </node>
    <a label="tok" ref="ptb-n00679" as="PTB">
        <fs>
            <f name="msd" value="NN"/>
        </fs>
    </a>
    <node xml:id="ptb-n00681">
        <link targets="seg-r676"/>
    </node>
    <a label="tok" ref="ptb-n00681" as="PTB">
        <fs>
            <f name="msd" value="IN"/>
        </fs>
    </a>
    <node xml:id="ptb-n00683">
        <link targets="seg-r678"/>
    </node>
    <a label="tok" ref="ptb-n00683" as="PTB">
        <fs>
            <f name="msd" value="PRP$"/>
        </fs>
    </a>
    <node xml:id="ptb-n00684">
        <link targets="seg-r680"/>
    </node>
    <a label="tok" ref="ptb-n00684" as="PTB">
        <fs>
            <f name="msd" value="NN"/>
        </fs>
    </a>
    <node xml:id="ptb-n00685">
        <link targets="seg-r681"/>
    </node>
    <a label="tok" ref="ptb-n00685" as="PTB">
        <fs>
            <f name="msd" value="."/>
        </fs>
    </a>
    <node xml:id="ptb-n00688">
        <link targets="seg-r683"/>
    </node>
    <a label="tok" ref="ptb-n00688" as="PTB">
        <fs>
            <f name="msd" value="PRP"/>
        </fs>
    </a>
    <node xml:id="ptb-n00690">
        <link targets="seg-r685"/>
    </node>
    <a label="tok" ref="ptb-n00690" as="PTB">
        <fs>
            <f name="msd" value="VBP"/>
        </fs>
    </a>
    <node xml:id="ptb-n00692">
        <link targets="seg-r687"/>
    </node>
    <a label="tok" ref="ptb-n00692" as="PTB">
        <fs>
            <f name="msd" value="RB"/>
        </fs>
    </a>
    <node xml:id="ptb-n00694">
        <link targets="seg-r689"/>
    </node>
    <a label="tok" ref="ptb-n00694" as="PTB">
        <fs>
            <f name="msd" value="TO"/>
        </fs>
    </a>
    <node xml:id="ptb-n00699">
        <link targets="seg-r691"/>
    </node>
    <a label="tok" ref="ptb-n00699" as="PTB">
        <fs>
            <f name="msd" value="VBG"/>
        </fs>
    </a>
    <node xml:id="ptb-n00701">
        <link targets="seg-r693"/>
    </node>
    <a label="tok" ref="ptb-n00701" as="PTB">
        <fs>
            <f name="msd" value="IN"/>
        </fs>
    </a>
    <node xml:id="ptb-n00703">
        <link targets="seg-r695"/>
    </node>
    <a label="tok" ref="ptb-n00703" as="PTB">
        <fs>
            <f name="msd" value="PRP"/>
        </fs>
    </a>
    <node xml:id="ptb-n00704">
        <link targets="seg-r696"/>
    </node>
    <a label="tok" ref="ptb-n00704" as="PTB">
        <fs>
            <f name="msd" value="."/>
        </fs>
    </a>
    <node xml:id="ptb-n00707">
        <link targets="seg-r698"/>
    </node>
    <a label="tok" ref="ptb-n00707" as="PTB">
        <fs>
            <f name="msd" value="RB"/>
        </fs>
    </a>
    <node xml:id="ptb-n00708">
        <link targets="seg-r699"/>
    </node>
    <a label="tok" ref="ptb-n00708" as="PTB">
        <fs>
            <f name="msd" value=","/>
        </fs>
    </a>
    <node xml:id="ptb-n00711">
        <link targets="seg-r701"/>
    </node>
    <a label="tok" ref="ptb-n00711" as="PTB">
        <fs>
            <f name="msd" value="NNP"/>
        </fs>
    </a>
    <node xml:id="ptb-n00712">
        <link targets="seg-r703"/>
    </node>
    <a label="tok" ref="ptb-n00712" as="PTB">
        <fs>
            <f name="msd" value="NNP"/>
        </fs>
    </a>
    <node xml:id="ptb-n00713">
        <link targets="seg-r705"/>
    </node>
    <a label="tok" ref="ptb-n00713" as="PTB">
        <fs>
            <f name="msd" value="NNP"/>
        </fs>
    </a>
    <node xml:id="ptb-n00716">
        <link targets="seg-r707"/>
    </node>
    <a label="tok" ref="ptb-n00716" as="PTB">
        <fs>
            <f name="msd" value="NNP"/>
        </fs>
    </a>
    <node xml:id="ptb-n00718">
        <link targets="seg-r709"/>
    </node>
    <a label="tok" ref="ptb-n00718" as="PTB">
        <fs>
            <f name="msd" value="IN"/>
        </fs>
    </a>
    <node xml:id="ptb-n00720">
        <link targets="seg-r711"/>
    </node>
    <a label="tok" ref="ptb-n00720" as="PTB">
        <fs>
            <f name="msd" value="NNP"/>
        </fs>
    </a>
</graph>
