<?xml version="1.0" encoding="UTF-8"?>
<graph xmlns="http://www.xces.org/ns/GrAF/1.0/">
    <header>
        <tagsDecl>
        </tagsDecl>
    </header>
    <region xml:id="seg-r0" anchors="18 21"/>
    <region xml:id="seg-r2" anchors="22 23"/>
    <region xml:id="seg-r3" anchors="23 24"/>
    <region xml:id="seg-r4" anchors="24 28"/>
    <region xml:id="seg-r6" anchors="29 30"/>
    <region xml:id="seg-r7" anchors="30 31"/>
    <region xml:id="seg-r8" anchors="31 35"/>
    <region xml:id="seg-r10" anchors="36 41"/>
    <region xml:id="seg-r12" anchors="42 49"/>
    <region xml:id="seg-r14" anchors="50 57"/>
    <region xml:id="seg-r16" anchors="58 62"/>
    <region xml:id="seg-r17" anchors="62 63"/>
    <region xml:id="seg-r18" anchors="63 65"/>
    <region xml:id="seg-r20" anchors="66 69"/>
    <region xml:id="seg-r22" anchors="70 75"/>
    <region xml:id="seg-r24" anchors="76 77"/>
    <region xml:id="seg-r25" anchors="77 78"/>
    <region xml:id="seg-r27" anchors="79 83"/>
    <region xml:id="seg-r29" anchors="90 94"/>
    <region xml:id="seg-r31" anchors="95 98"/>
    <region xml:id="seg-r32" anchors="98 99"/>
    <region xml:id="seg-r33" anchors="99 103"/>
    <region xml:id="seg-r34" anchors="103 104"/>
    <region xml:id="seg-r36" anchors="111 114"/>
    <region xml:id="seg-r38" anchors="115 118"/>
    <region xml:id="seg-r40" anchors="119 123"/>
    <region xml:id="seg-r42" anchors="124 125"/>
    <region xml:id="seg-r44" anchors="126 130"/>
    <region xml:id="seg-r46" anchors="131 134"/>
    <region xml:id="seg-r48" anchors="135 137"/>
    <region xml:id="seg-r50" anchors="138 141"/>
    <region xml:id="seg-r52" anchors="142 146"/>
    <region xml:id="seg-r54" anchors="147 151"/>
    <region xml:id="seg-r56" anchors="152 157"/>
    <region xml:id="seg-r57" anchors="157 158"/>
    <region xml:id="seg-r59" anchors="159 161"/>
    <region xml:id="seg-r60" anchors="161 164"/>
    <region xml:id="seg-r62" anchors="165 171"/>
    <region xml:id="seg-r64" anchors="172 176"/>
    <region xml:id="seg-r66" anchors="177 179"/>
    <region xml:id="seg-r68" anchors="186 195"/>
    <region xml:id="seg-r70" anchors="196 199"/>
    <region xml:id="seg-r72" anchors="200 212"/>
    <region xml:id="seg-r74" anchors="213 215"/>
    <region xml:id="seg-r76" anchors="216 220"/>
    <region xml:id="seg-r78" anchors="221 223"/>
    <region xml:id="seg-r79" anchors="223 226"/>
    <region xml:id="seg-r81" anchors="227 232"/>
    <region xml:id="seg-r83" anchors="233 235"/>
    <region xml:id="seg-r85" anchors="236 240"/>
    <region xml:id="seg-r87" anchors="241 247"/>
    <region xml:id="seg-r89" anchors="248 252"/>
    <region xml:id="seg-r91" anchors="253 256"/>
    <region xml:id="seg-r93" anchors="263 267"/>
    <region xml:id="seg-r95" anchors="268 275"/>
    <region xml:id="seg-r96" anchors="275 276"/>
    <region xml:id="seg-r98" anchors="277 280"/>
    <region xml:id="seg-r100" anchors="281 282"/>
    <region xml:id="seg-r102" anchors="283 290"/>
    <region xml:id="seg-r104" anchors="291 295"/>
    <region xml:id="seg-r106" anchors="296 298"/>
    <region xml:id="seg-r108" anchors="299 303"/>
    <region xml:id="seg-r110" anchors="304 306"/>
    <region xml:id="seg-r112" anchors="307 315"/>
    <region xml:id="seg-r114" anchors="316 319"/>
    <region xml:id="seg-r116" anchors="320 330"/>
    <region xml:id="seg-r118" anchors="337 343"/>
    <region xml:id="seg-r120" anchors="344 349"/>
    <region xml:id="seg-r122" anchors="350 352"/>
    <region xml:id="seg-r124" anchors="353 355"/>
    <region xml:id="seg-r125" anchors="355 356"/>
    <region xml:id="seg-r127" anchors="363 366"/>
    <region xml:id="seg-r129" anchors="367 369"/>
    <region xml:id="seg-r131" anchors="370 373"/>
    <region xml:id="seg-r133" anchors="374 379"/>
    <region xml:id="seg-r135" anchors="380 382"/>
    <region xml:id="seg-r136" anchors="382 385"/>
    <region xml:id="seg-r138" anchors="386 393"/>
    <region xml:id="seg-r140" anchors="394 396"/>
    <region xml:id="seg-r142" anchors="397 402"/>
    <region xml:id="seg-r144" anchors="403 405"/>
    <region xml:id="seg-r146" anchors="406 408"/>
    <region xml:id="seg-r148" anchors="409 420"/>
    <region xml:id="seg-r149" anchors="420 421"/>
    <region xml:id="seg-r151" anchors="422 424"/>
    <region xml:id="seg-r152" anchors="424 426"/>
    <region xml:id="seg-r154" anchors="427 432"/>
    <region xml:id="seg-r156" anchors="439 443"/>
    <region xml:id="seg-r158" anchors="444 446"/>
    <region xml:id="seg-r160" anchors="447 449"/>
    <region xml:id="seg-r162" anchors="450 452"/>
    <region xml:id="seg-r163" anchors="452 455"/>
    <region xml:id="seg-r165" anchors="456 464"/>
    <region xml:id="seg-r167" anchors="465 468"/>
    <region xml:id="seg-r169" anchors="469 473"/>
    <region xml:id="seg-r171" anchors="474 476"/>
    <region xml:id="seg-r173" anchors="477 484"/>
    <region xml:id="seg-r175" anchors="485 492"/>
    <region xml:id="seg-r176" anchors="492 493"/>
    <region xml:id="seg-r178" anchors="494 496"/>
    <region xml:id="seg-r180" anchors="497 499"/>
    <region xml:id="seg-r181" anchors="499 502"/>
    <region xml:id="seg-r183" anchors="503 507"/>
    <region xml:id="seg-r185" anchors="508 511"/>
    <region xml:id="seg-r187" anchors="518 522"/>
    <region xml:id="seg-r189" anchors="523 525"/>
    <region xml:id="seg-r191" anchors="526 533"/>
    <region xml:id="seg-r193" anchors="534 536"/>
    <region xml:id="seg-r195" anchors="537 541"/>
    <region xml:id="seg-r197" anchors="542 544"/>
    <region xml:id="seg-r199" anchors="545 551"/>
    <region xml:id="seg-r201" anchors="552 555"/>
    <region xml:id="seg-r203" anchors="556 565"/>
    <region xml:id="seg-r205" anchors="566 573"/>
    <region xml:id="seg-r207" anchors="574 576"/>
    <region xml:id="seg-r209" anchors="577 580"/>
    <region xml:id="seg-r211" anchors="581 588"/>
    <region xml:id="seg-r213" anchors="595 598"/>
    <region xml:id="seg-r215" anchors="599 602"/>
    <region xml:id="seg-r217" anchors="603 607"/>
    <region xml:id="seg-r219" anchors="608 617"/>
    <region xml:id="seg-r221" anchors="618 626"/>
    <region xml:id="seg-r223" anchors="627 631"/>
    <region xml:id="seg-r225" anchors="632 637"/>
    <region xml:id="seg-r226" anchors="637 638"/>
    <region xml:id="seg-r228" anchors="639 641"/>
    <region xml:id="seg-r230" anchors="642 646"/>
    <region xml:id="seg-r231" anchors="646 647"/>
    <region xml:id="seg-r233" anchors="648 651"/>
    <region xml:id="seg-r235" anchors="652 658"/>
    <region xml:id="seg-r237" anchors="659 661"/>
    <region xml:id="seg-r238" anchors="661 662"/>
    <region xml:id="seg-r239" anchors="662 665"/>
    <region xml:id="seg-r241" anchors="672 683"/>
    <region xml:id="seg-r243" anchors="684 689"/>
    <region xml:id="seg-r245" anchors="690 692"/>
    <region xml:id="seg-r247" anchors="693 698"/>
    <region xml:id="seg-r249" anchors="699 702"/>
    <region xml:id="seg-r251" anchors="703 712"/>
    <region xml:id="seg-r252" anchors="712 713"/>
    <region xml:id="seg-r254" anchors="714 719"/>
    <region xml:id="seg-r256" anchors="720 724"/>
    <region xml:id="seg-r258" anchors="725 730"/>
    <region xml:id="seg-r260" anchors="731 735"/>
    <region xml:id="seg-r262" anchors="736 740"/>
    <region xml:id="seg-r264" anchors="747 753"/>
    <region xml:id="seg-r266" anchors="754 758"/>
    <region xml:id="seg-r268" anchors="759 761"/>
    <region xml:id="seg-r270" anchors="762 765"/>
    <region xml:id="seg-r272" anchors="766 770"/>
    <region xml:id="seg-r273" anchors="770 773"/>
    <region xml:id="seg-r275" anchors="774 779"/>
    <region xml:id="seg-r277" anchors="780 782"/>
    <region xml:id="seg-r279" anchors="783 787"/>
    <region xml:id="seg-r280" anchors="787 788"/>
    <region xml:id="seg-r282" anchors="795 798"/>
    <region xml:id="seg-r284" anchors="799 808"/>
    <region xml:id="seg-r286" anchors="809 820"/>
    <region xml:id="seg-r288" anchors="821 830"/>
    <region xml:id="seg-r290" anchors="831 833"/>
    <region xml:id="seg-r292" anchors="834 841"/>
    <region xml:id="seg-r294" anchors="842 846"/>
    <region xml:id="seg-r296" anchors="847 850"/>
    <region xml:id="seg-r298" anchors="851 862"/>
    <region xml:id="seg-r300" anchors="869 875"/>
    <region xml:id="seg-r302" anchors="876 878"/>
    <region xml:id="seg-r304" anchors="879 882"/>
    <region xml:id="seg-r306" anchors="883 891"/>
    <region xml:id="seg-r308" anchors="892 893"/>
    <region xml:id="seg-r310" anchors="894 904"/>
    <region xml:id="seg-r312" anchors="905 916"/>
    <region xml:id="seg-r314" anchors="917 921"/>
    <region xml:id="seg-r316" anchors="922 926"/>
    <region xml:id="seg-r318" anchors="927 931"/>
    <region xml:id="seg-r320" anchors="932 942"/>
    <region xml:id="seg-r322" anchors="949 954"/>
    <region xml:id="seg-r324" anchors="955 959"/>
    <region xml:id="seg-r326" anchors="960 965"/>
    <region xml:id="seg-r328" anchors="966 970"/>
    <region xml:id="seg-r330" anchors="971 974"/>
    <region xml:id="seg-r332" anchors="975 982"/>
    <region xml:id="seg-r333" anchors="982 983"/>
    <region xml:id="seg-r335" anchors="984 988"/>
    <region xml:id="seg-r337" anchors="989 991"/>
    <region xml:id="seg-r339" anchors="992 996"/>
    <region xml:id="seg-r341" anchors="997 1001"/>
    <region xml:id="seg-r343" anchors="1002 1006"/>
    <region xml:id="seg-r345" anchors="1007 1009"/>
    <region xml:id="seg-r347" anchors="1010 1012"/>
    <region xml:id="seg-r349" anchors="1013 1021"/>
    <region xml:id="seg-r351" anchors="1028 1031"/>
    <region xml:id="seg-r353" anchors="1032 1036"/>
    <region xml:id="seg-r355" anchors="1037 1044"/>
    <region xml:id="seg-r357" anchors="1045 1048"/>
    <region xml:id="seg-r359" anchors="1049 1057"/>
    <region xml:id="seg-r361" anchors="1058 1060"/>
    <region xml:id="seg-r363" anchors="1061 1066"/>
    <region xml:id="seg-r364" anchors="1066 1067"/>
    <region xml:id="seg-r366" anchors="1074 1078"/>
    <region xml:id="seg-r368" anchors="1079 1083"/>
    <region xml:id="seg-r370" anchors="1084 1086"/>
    <region xml:id="seg-r372" anchors="1087 1091"/>
    <region xml:id="seg-r373" anchors="1091 1092"/>
    <region xml:id="seg-r375" anchors="1093 1094"/>
    <region xml:id="seg-r377" anchors="1095 1097"/>
    <region xml:id="seg-r379" anchors="1098 1104"/>
    <region xml:id="seg-r381" anchors="1105 1109"/>
    <region xml:id="seg-r383" anchors="1110 1113"/>
    <region xml:id="seg-r385" anchors="1114 1116"/>
    <region xml:id="seg-r387" anchors="1117 1120"/>
    <region xml:id="seg-r389" anchors="1121 1123"/>
    <region xml:id="seg-r391" anchors="1124 1128"/>
    <region xml:id="seg-r393" anchors="1129 1130"/>
    <region xml:id="seg-r395" anchors="1131 1139"/>
    <region xml:id="seg-r397" anchors="1146 1158"/>
    <region xml:id="seg-r399" anchors="1159 1161"/>
    <region xml:id="seg-r401" anchors="1162 1163"/>
    <region xml:id="seg-r402" anchors="1163 1165"/>
    <region xml:id="seg-r403" anchors="1165 1166"/>
    <region xml:id="seg-r405" anchors="1167 1168"/>
    <region xml:id="seg-r406" anchors="1168 1171"/>
    <region xml:id="seg-r408" anchors="1172 1174"/>
    <region xml:id="seg-r410" anchors="1175 1179"/>
    <region xml:id="seg-r412" anchors="1180 1181"/>
    <region xml:id="seg-r413" anchors="1181 1182"/>
    <region xml:id="seg-r414" anchors="1182 1183"/>
    <region xml:id="seg-r415" anchors="1183 1186"/>
    <region xml:id="seg-r417" anchors="1187 1189"/>
    <region xml:id="seg-r419" anchors="1190 1194"/>
    <region xml:id="seg-r421" anchors="1195 1199"/>
    <region xml:id="seg-r423" anchors="1200 1203"/>
    <region xml:id="seg-r425" anchors="1204 1211"/>
    <region xml:id="seg-r427" anchors="1212 1214"/>
    <region xml:id="seg-r429" anchors="1215 1218"/>
    <region xml:id="seg-r431" anchors="1225 1229"/>
    <region xml:id="seg-r433" anchors="1230 1234"/>
    <region xml:id="seg-r435" anchors="1235 1237"/>
    <region xml:id="seg-r437" anchors="1238 1240"/>
    <region xml:id="seg-r439" anchors="1241 1244"/>
    <region xml:id="seg-r441" anchors="1245 1248"/>
    <region xml:id="seg-r443" anchors="1249 1256"/>
    <region xml:id="seg-r445" anchors="1257 1259"/>
    <region xml:id="seg-r447" anchors="1260 1267"/>
    <region xml:id="seg-r449" anchors="1268 1270"/>
    <region xml:id="seg-r451" anchors="1271 1275"/>
    <region xml:id="seg-r453" anchors="1276 1280"/>
    <region xml:id="seg-r455" anchors="1281 1285"/>
    <region xml:id="seg-r457" anchors="1286 1290"/>
    <region xml:id="seg-r459" anchors="1291 1294"/>
    <region xml:id="seg-r461" anchors="1301 1305"/>
    <region xml:id="seg-r463" anchors="1306 1314"/>
    <region xml:id="seg-r464" anchors="1314 1315"/>
    <region xml:id="seg-r466" anchors="1316 1320"/>
    <region xml:id="seg-r468" anchors="1321 1324"/>
    <region xml:id="seg-r470" anchors="1325 1329"/>
    <region xml:id="seg-r472" anchors="1330 1332"/>
    <region xml:id="seg-r474" anchors="1333 1335"/>
    <region xml:id="seg-r476" anchors="1336 1339"/>
    <region xml:id="seg-r478" anchors="1340 1342"/>
    <region xml:id="seg-r480" anchors="1343 1346"/>
    <region xml:id="seg-r482" anchors="1347 1350"/>
    <region xml:id="seg-r484" anchors="1351 1360"/>
    <region xml:id="seg-r486" anchors="1361 1368"/>
    <region xml:id="seg-r488" anchors="1369 1372"/>
    <region xml:id="seg-r490" anchors="1379 1382"/>
    <region xml:id="seg-r492" anchors="1383 1388"/>
    <region xml:id="seg-r494" anchors="1389 1394"/>
    <region xml:id="seg-r496" anchors="1395 1398"/>
    <region xml:id="seg-r498" anchors="1399 1404"/>
    <region xml:id="seg-r500" anchors="1405 1411"/>
    <region xml:id="seg-r502" anchors="1412 1417"/>
    <region xml:id="seg-r503" anchors="1417 1418"/>
    <region xml:id="seg-r505" anchors="1419 1421"/>
    <region xml:id="seg-r507" anchors="1422 1425"/>
    <region xml:id="seg-r509" anchors="1426 1430"/>
    <region xml:id="seg-r511" anchors="1431 1434"/>
    <region xml:id="seg-r513" anchors="1435 1443"/>
    <region xml:id="seg-r515" anchors="1450 1460"/>
    <region xml:id="seg-r517" anchors="1461 1468"/>
    <region xml:id="seg-r519" anchors="1469 1472"/>
    <region xml:id="seg-r520" anchors="1472 1473"/>
    <region xml:id="seg-r522" anchors="1474 1479"/>
    <region xml:id="seg-r524" anchors="1480 1493"/>
    <region xml:id="seg-r525" anchors="1493 1494"/>
    <region xml:id="seg-r527" anchors="1495 1496"/>
    <region xml:id="seg-r529" anchors="1497 1501"/>
    <region xml:id="seg-r531" anchors="1502 1511"/>
    <region xml:id="seg-r533" anchors="1512 1515"/>
    <region xml:id="seg-r535" anchors="1516 1518"/>
    <region xml:id="seg-r537" anchors="1519 1523"/>
    <region xml:id="seg-r539" anchors="1530 1540"/>
    <region xml:id="seg-r541" anchors="1541 1548"/>
    <region xml:id="seg-r543" anchors="1549 1556"/>
    <region xml:id="seg-r545" anchors="1557 1561"/>
    <region xml:id="seg-r547" anchors="1562 1569"/>
    <region xml:id="seg-r548" anchors="1569 1570"/>
    <region xml:id="seg-r550" anchors="1571 1577"/>
    <region xml:id="seg-r551" anchors="1577 1578"/>
    <region xml:id="seg-r553" anchors="1579 1581"/>
    <region xml:id="seg-r555" anchors="1582 1589"/>
    <region xml:id="seg-r557" anchors="1596 1608"/>
    <region xml:id="seg-r558" anchors="1608 1609"/>
    <region xml:id="seg-r560" anchors="1616 1617"/>
    <region xml:id="seg-r562" anchors="1618 1622"/>
    <region xml:id="seg-r564" anchors="1623 1627"/>
    <region xml:id="seg-r566" anchors="1628 1631"/>
    <region xml:id="seg-r568" anchors="1632 1637"/>
    <region xml:id="seg-r570" anchors="1638 1641"/>
    <region xml:id="seg-r572" anchors="1642 1651"/>
    <region xml:id="seg-r574" anchors="1652 1659"/>
    <region xml:id="seg-r576" anchors="1660 1664"/>
    <region xml:id="seg-r578" anchors="1665 1667"/>
    <region xml:id="seg-r580" anchors="1668 1673"/>
    <region xml:id="seg-r582" anchors="1674 1676"/>
    <region xml:id="seg-r584" anchors="1677 1679"/>
    <region xml:id="seg-r586" anchors="1680 1684"/>
    <region xml:id="seg-r588" anchors="1691 1694"/>
    <region xml:id="seg-r590" anchors="1695 1697"/>
    <region xml:id="seg-r592" anchors="1698 1702"/>
    <region xml:id="seg-r594" anchors="1703 1705"/>
    <region xml:id="seg-r596" anchors="1706 1711"/>
    <region xml:id="seg-r598" anchors="1712 1717"/>
    <region xml:id="seg-r600" anchors="1718 1720"/>
    <region xml:id="seg-r602" anchors="1721 1724"/>
    <region xml:id="seg-r604" anchors="1725 1729"/>
    <region xml:id="seg-r606" anchors="1730 1735"/>
    <region xml:id="seg-r608" anchors="1736 1740"/>
    <region xml:id="seg-r609" anchors="1740 1741"/>
    <region xml:id="seg-r611" anchors="1742 1744"/>
    <region xml:id="seg-r612" anchors="1744 1747"/>
    <region xml:id="seg-r614" anchors="1748 1750"/>
    <region xml:id="seg-r616" anchors="1751 1753"/>
    <region xml:id="seg-r618" anchors="1754 1762"/>
    <region xml:id="seg-r620" anchors="1769 1777"/>
    <region xml:id="seg-r622" anchors="1778 1781"/>
    <region xml:id="seg-r624" anchors="1782 1784"/>
    <region xml:id="seg-r626" anchors="1785 1787"/>
    <region xml:id="seg-r627" anchors="1787 1790"/>
    <region xml:id="seg-r629" anchors="1791 1793"/>
    <region xml:id="seg-r631" anchors="1794 1798"/>
    <region xml:id="seg-r633" anchors="1799 1804"/>
    <region xml:id="seg-r635" anchors="1805 1807"/>
    <region xml:id="seg-r637" anchors="1808 1813"/>
    <region xml:id="seg-r639" anchors="1814 1820"/>
    <region xml:id="seg-r641" anchors="1821 1826"/>
    <region xml:id="seg-r643" anchors="1827 1834"/>
    <region xml:id="seg-r645" anchors="1835 1839"/>
    <region xml:id="seg-r647" anchors="1846 1849"/>
    <region xml:id="seg-r649" anchors="1850 1857"/>
    <region xml:id="seg-r650" anchors="1857 1858"/>
    <region xml:id="seg-r652" anchors="1859 1863"/>
    <region xml:id="seg-r654" anchors="1864 1873"/>
    <region xml:id="seg-r656" anchors="1874 1881"/>
    <region xml:id="seg-r658" anchors="1882 1884"/>
    <region xml:id="seg-r660" anchors="1885 1888"/>
    <region xml:id="seg-r662" anchors="1889 1900"/>
    <region xml:id="seg-r664" anchors="1901 1908"/>
    <region xml:id="seg-r666" anchors="1909 1911"/>
    <region xml:id="seg-r668" anchors="1912 1916"/>
    <region xml:id="seg-r670" anchors="1923 1926"/>
    <region xml:id="seg-r672" anchors="1927 1931"/>
    <region xml:id="seg-r674" anchors="1932 1934"/>
    <region xml:id="seg-r676" anchors="1935 1941"/>
    <region xml:id="seg-r678" anchors="1942 1945"/>
    <region xml:id="seg-r680" anchors="1946 1947"/>
    <region xml:id="seg-r682" anchors="1948 1956"/>
    <region xml:id="seg-r683" anchors="1956 1957"/>
    <region xml:id="seg-r685" anchors="1958 1962"/>
    <region xml:id="seg-r687" anchors="1963 1972"/>
    <region xml:id="seg-r689" anchors="1973 1976"/>
    <region xml:id="seg-r691" anchors="1977 1987"/>
    <region xml:id="seg-r693" anchors="1988 1992"/>
    <region xml:id="seg-r695" anchors="1999 2008"/>
    <region xml:id="seg-r697" anchors="2009 2019"/>
    <region xml:id="seg-r699" anchors="2020 2022"/>
    <region xml:id="seg-r701" anchors="2023 2030"/>
    <region xml:id="seg-r703" anchors="2031 2040"/>
    <region xml:id="seg-r704" anchors="2040 2041"/>
    <region xml:id="seg-r706" anchors="2042 2048"/>
    <region xml:id="seg-r707" anchors="2048 2049"/>
    <region xml:id="seg-r709" anchors="2050 2054"/>
    <region xml:id="seg-r711" anchors="2055 2059"/>
    <region xml:id="seg-r713" anchors="2060 2072"/>
    <region xml:id="seg-r715" anchors="2079 2084"/>
    <region xml:id="seg-r716" anchors="2084 2085"/>
    <region xml:id="seg-r718" anchors="2092 2101"/>
    <region xml:id="seg-r719" anchors="2101 2102"/>
    <region xml:id="seg-r721" anchors="2109 2110"/>
    <region xml:id="seg-r722" anchors="2110 2111"/>
    <region xml:id="seg-r723" anchors="2111 2116"/>
    <region xml:id="seg-r725" anchors="2117 2124"/>
    <region xml:id="seg-r727" anchors="2125 2130"/>
    <region xml:id="seg-r729" anchors="2137 2138"/>
    <region xml:id="seg-r730" anchors="2138 2139"/>
    <region xml:id="seg-r731" anchors="2139 2140"/>
    <region xml:id="seg-r732" anchors="2140 2141"/>
    <region xml:id="seg-r734" anchors="2142 2144"/>
    <region xml:id="seg-r736" anchors="2145 2148"/>
    <region xml:id="seg-r738" anchors="2149 2153"/>
    <region xml:id="seg-r740" anchors="2154 2157"/>
    <region xml:id="seg-r742" anchors="2158 2167"/>
    <region xml:id="seg-r743" anchors="2167 2168"/>
    <region xml:id="seg-r745" anchors="2169 2173"/>
    <region xml:id="seg-r747" anchors="2174 2178"/>
    <region xml:id="seg-r749" anchors="2179 2181"/>
    <region xml:id="seg-r751" anchors="2182 2186"/>
    <region xml:id="seg-r753" anchors="2187 2193"/>
    <region xml:id="seg-r755" anchors="2194 2196"/>
    <region xml:id="seg-r757" anchors="2197 2201"/>
    <region xml:id="seg-r759" anchors="2202 2204"/>
    <region xml:id="seg-r761" anchors="2211 2214"/>
    <region xml:id="seg-r762" anchors="2214 2215"/>
    <region xml:id="seg-r764" anchors="2216 2219"/>
    <region xml:id="seg-r765" anchors="2219 2220"/>
    <region xml:id="seg-r766" anchors="2220 2224"/>
    <region xml:id="seg-r768" anchors="2225 2226"/>
    <region xml:id="seg-r769" anchors="2226 2228"/>
    <region xml:id="seg-r770" anchors="2228 2229"/>
</graph>
