<?xml version="1.0" encoding="UTF-8"?>
<graph xmlns="http://www.xces.org/ns/GrAF/1.0/">
    <header>
        <tagsDecl>
            <tagUsage gi="tok" occurs="436"/>
        </tagsDecl>
        <dependencies>
            <dependsOn type="seg"/>
        </dependencies>
        <annotationSets>
            <annotationSet name="PTB" type="http://www.cis.upenn.edu/~treebank/"/>
        </annotationSets>
    </header>
    <node xml:id="ptb-n00003">
        <link targets="seg-r0"/>
    </node>
    <a label="tok" ref="ptb-n00003" as="PTB">
        <fs>
            <f name="msd" value="NNP"/>
        </fs>
    </a>
    <node xml:id="ptb-n00004">
        <link targets="seg-r2"/>
    </node>
    <a label="tok" ref="ptb-n00004" as="PTB">
        <fs>
            <f name="msd" value="CD"/>
        </fs>
    </a>
    <node xml:id="ptb-n00005">
        <link targets="seg-r3"/>
    </node>
    <a label="tok" ref="ptb-n00005" as="PTB">
        <fs>
            <f name="msd" value=","/>
        </fs>
    </a>
    <node xml:id="ptb-n00007">
        <link targets="seg-r5"/>
    </node>
    <a label="tok" ref="ptb-n00007" as="PTB">
        <fs>
            <f name="msd" value="CD"/>
        </fs>
    </a>
    <node xml:id="ptb-n00010">
        <link targets="seg-r7"/>
    </node>
    <a label="tok" ref="ptb-n00010" as="PTB">
        <fs>
            <f name="msd" value="NN"/>
        </fs>
    </a>
    <node xml:id="ptb-n00012">
        <link targets="seg-r9"/>
    </node>
    <a label="tok" ref="ptb-n00012" as="PTB">
        <fs>
            <f name="msd" value="NN"/>
        </fs>
    </a>
    <node xml:id="ptb-n00014">
        <link targets="seg-r11"/>
    </node>
    <a label="tok" ref="ptb-n00014" as="PTB">
        <fs>
            <f name="msd" value="NN"/>
        </fs>
    </a>
    <node xml:id="ptb-n00015">
        <link targets="seg-r12"/>
    </node>
    <a label="tok" ref="ptb-n00015" as="PTB">
        <fs>
            <f name="msd" value=","/>
        </fs>
    </a>
    <node xml:id="ptb-n00017">
        <link targets="seg-r14"/>
    </node>
    <a label="tok" ref="ptb-n00017" as="PTB">
        <fs>
            <f name="msd" value="NN"/>
        </fs>
    </a>
    <node xml:id="ptb-n00019">
        <link targets="seg-r16"/>
    </node>
    <a label="tok" ref="ptb-n00019" as="PTB">
        <fs>
            <f name="msd" value="NN"/>
        </fs>
    </a>
    <node xml:id="ptb-n00023">
        <link targets="seg-r18"/>
    </node>
    <a label="tok" ref="ptb-n00023" as="PTB">
        <fs>
            <f name="msd" value="DT"/>
        </fs>
    </a>
    <node xml:id="ptb-n00024">
        <link targets="seg-r20"/>
    </node>
    <a label="tok" ref="ptb-n00024" as="PTB">
        <fs>
            <f name="msd" value="NN"/>
        </fs>
    </a>
    <node xml:id="ptb-n00026">
        <link targets="seg-r22"/>
    </node>
    <a label="tok" ref="ptb-n00026" as="PTB">
        <fs>
            <f name="msd" value="IN"/>
        </fs>
    </a>
    <node xml:id="ptb-n00028">
        <link targets="seg-r24"/>
    </node>
    <a label="tok" ref="ptb-n00028" as="PTB">
        <fs>
            <f name="msd" value="NNP"/>
        </fs>
    </a>
    <node xml:id="ptb-n00029">
        <link targets="seg-r25"/>
    </node>
    <a label="tok" ref="ptb-n00029" as="PTB">
        <fs>
            <f name="msd" value=","/>
        </fs>
    </a>
    <node xml:id="ptb-n00030">
        <link targets="seg-r27 seg-r28"/>
    </node>
    <a label="tok" ref="ptb-n00030" as="PTB">
        <fs>
            <f name="msd" value="NNP"/>
        </fs>
    </a>
    <node xml:id="ptb-n00032">
        <link targets="seg-r30"/>
    </node>
    <a label="tok" ref="ptb-n00032" as="PTB">
        <fs>
            <f name="msd" value="VBZ"/>
        </fs>
    </a>
    <node xml:id="ptb-n00034">
        <link targets="seg-r32"/>
    </node>
    <a label="tok" ref="ptb-n00034" as="PTB">
        <fs>
            <f name="msd" value="VBN"/>
        </fs>
    </a>
    <node xml:id="ptb-n00039">
        <link targets="seg-r34"/>
    </node>
    <a label="tok" ref="ptb-n00039" as="PTB">
        <fs>
            <f name="msd" value="TO"/>
        </fs>
    </a>
    <node xml:id="ptb-n00041">
        <link targets="seg-r36"/>
    </node>
    <a label="tok" ref="ptb-n00041" as="PTB">
        <fs>
            <f name="msd" value="VB"/>
        </fs>
    </a>
    <node xml:id="ptb-n00043">
        <link targets="seg-r38"/>
    </node>
    <a label="tok" ref="ptb-n00043" as="PTB">
        <fs>
            <f name="msd" value="DT"/>
        </fs>
    </a>
    <node xml:id="ptb-n00044">
        <link targets="seg-r40"/>
    </node>
    <a label="tok" ref="ptb-n00044" as="PTB">
        <fs>
            <f name="msd" value="NN"/>
        </fs>
    </a>
    <node xml:id="ptb-n00045">
        <link targets="seg-r41"/>
    </node>
    <a label="tok" ref="ptb-n00045" as="PTB">
        <fs>
            <f name="msd" value="."/>
        </fs>
    </a>
    <node xml:id="ptb-n00048">
        <link targets="seg-r43"/>
    </node>
    <a label="tok" ref="ptb-n00048" as="PTB">
        <fs>
            <f name="msd" value="IN"/>
        </fs>
    </a>
    <node xml:id="ptb-n00050">
        <link targets="seg-r45"/>
    </node>
    <a label="tok" ref="ptb-n00050" as="PTB">
        <fs>
            <f name="msd" value="CD"/>
        </fs>
    </a>
    <node xml:id="ptb-n00051">
        <link targets="seg-r46"/>
    </node>
    <a label="tok" ref="ptb-n00051" as="PTB">
        <fs>
            <f name="msd" value=","/>
        </fs>
    </a>
    <node xml:id="ptb-n00053">
        <link targets="seg-r48"/>
    </node>
    <a label="tok" ref="ptb-n00053" as="PTB">
        <fs>
            <f name="msd" value="NNP"/>
        </fs>
    </a>
    <node xml:id="ptb-n00054">
        <link targets="seg-r49"/>
    </node>
    <a label="tok" ref="ptb-n00054" as="PTB">
        <fs>
            <f name="msd" value=","/>
        </fs>
    </a>
    <node xml:id="ptb-n00055">
        <link targets="seg-r51 seg-r52"/>
    </node>
    <a label="tok" ref="ptb-n00055" as="PTB">
        <fs>
            <f name="msd" value="NNP"/>
        </fs>
    </a>
    <node xml:id="ptb-n00057">
        <link targets="seg-r54"/>
    </node>
    <a label="tok" ref="ptb-n00057" as="PTB">
        <fs>
            <f name="msd" value="VBD"/>
        </fs>
    </a>
    <node xml:id="ptb-n00060">
        <link targets="seg-r56"/>
    </node>
    <a label="tok" ref="ptb-n00060" as="PTB">
        <fs>
            <f name="msd" value="CD"/>
        </fs>
    </a>
    <node xml:id="ptb-n00061">
        <link targets="seg-r58"/>
    </node>
    <a label="tok" ref="ptb-n00061" as="PTB">
        <fs>
            <f name="msd" value="NNS"/>
        </fs>
    </a>
    <node xml:id="ptb-n00064">
        <link targets="seg-r60"/>
    </node>
    <a label="tok" ref="ptb-n00064" as="PTB">
        <fs>
            <f name="msd" value="WDT"/>
        </fs>
    </a>
    <node xml:id="ptb-n00065">
        <link targets="seg-r61"/>
    </node>
    <a label="tok" ref="ptb-n00065" as="PTB">
        <fs>
            <f name="msd" value=","/>
        </fs>
    </a>
    <node xml:id="ptb-n00072">
        <link targets="seg-r63"/>
    </node>
    <a label="tok" ref="ptb-n00072" as="PTB">
        <fs>
            <f name="msd" value="PRP"/>
        </fs>
    </a>
    <node xml:id="ptb-n00074">
        <link targets="seg-r65"/>
    </node>
    <a label="tok" ref="ptb-n00074" as="PTB">
        <fs>
            <f name="msd" value="VBP"/>
        </fs>
    </a>
    <node xml:id="ptb-n00075">
        <link targets="seg-r66"/>
    </node>
    <a label="tok" ref="ptb-n00075" as="PTB">
        <fs>
            <f name="msd" value=","/>
        </fs>
    </a>
    <node xml:id="ptb-n00077">
        <link targets="seg-r68"/>
    </node>
    <a label="tok" ref="ptb-n00077" as="PTB">
        <fs>
            <f name="msd" value="MD"/>
        </fs>
    </a>
    <node xml:id="ptb-n00079">
        <link targets="seg-r70"/>
    </node>
    <a label="tok" ref="ptb-n00079" as="PTB">
        <fs>
            <f name="msd" value="VB"/>
        </fs>
    </a>
    <node xml:id="ptb-n00082">
        <link targets="seg-r72"/>
    </node>
    <a label="tok" ref="ptb-n00082" as="PTB">
        <fs>
            <f name="msd" value="PRP$"/>
        </fs>
    </a>
    <node xml:id="ptb-n00083">
        <link targets="seg-r74"/>
    </node>
    <a label="tok" ref="ptb-n00083" as="PTB">
        <fs>
            <f name="msd" value="NN"/>
        </fs>
    </a>
    <node xml:id="ptb-n00085">
        <link targets="seg-r76"/>
    </node>
    <a label="tok" ref="ptb-n00085" as="PTB">
        <fs>
            <f name="msd" value="VB"/>
        </fs>
    </a>
    <node xml:id="ptb-n00090">
        <link targets="seg-r78"/>
    </node>
    <a label="tok" ref="ptb-n00090" as="PTB">
        <fs>
            <f name="msd" value="TO"/>
        </fs>
    </a>
    <node xml:id="ptb-n00092">
        <link targets="seg-r80"/>
    </node>
    <a label="tok" ref="ptb-n00092" as="PTB">
        <fs>
            <f name="msd" value="VB"/>
        </fs>
    </a>
    <node xml:id="ptb-n00095">
        <link targets="seg-r82"/>
    </node>
    <a label="tok" ref="ptb-n00095" as="PTB">
        <fs>
            <f name="msd" value="DT"/>
        </fs>
    </a>
    <node xml:id="ptb-n00096">
        <link targets="seg-r84"/>
    </node>
    <a label="tok" ref="ptb-n00096" as="PTB">
        <fs>
            <f name="msd" value="NNS"/>
        </fs>
    </a>
    <node xml:id="ptb-n00098">
        <link targets="seg-r86"/>
    </node>
    <a label="tok" ref="ptb-n00098" as="PTB">
        <fs>
            <f name="msd" value="JJ"/>
        </fs>
    </a>
    <node xml:id="ptb-n00103">
        <link targets="seg-r88"/>
    </node>
    <a label="tok" ref="ptb-n00103" as="PTB">
        <fs>
            <f name="msd" value="TO"/>
        </fs>
    </a>
    <node xml:id="ptb-n00105">
        <link targets="seg-r90"/>
    </node>
    <a label="tok" ref="ptb-n00105" as="PTB">
        <fs>
            <f name="msd" value="VB"/>
        </fs>
    </a>
    <node xml:id="ptb-n00108">
        <link targets="seg-r92"/>
    </node>
    <a label="tok" ref="ptb-n00108" as="PTB">
        <fs>
            <f name="msd" value="DT"/>
        </fs>
    </a>
    <node xml:id="ptb-n00109">
        <link targets="seg-r94"/>
    </node>
    <a label="tok" ref="ptb-n00109" as="PTB">
        <fs>
            <f name="msd" value="JJ"/>
        </fs>
    </a>
    <node xml:id="ptb-n00110">
        <link targets="seg-r96"/>
    </node>
    <a label="tok" ref="ptb-n00110" as="PTB">
        <fs>
            <f name="msd" value="NNS"/>
        </fs>
    </a>
    <node xml:id="ptb-n00113">
        <link targets="seg-r98"/>
    </node>
    <a label="tok" ref="ptb-n00113" as="PTB">
        <fs>
            <f name="msd" value="VB"/>
        </fs>
    </a>
    <node xml:id="ptb-n00115">
        <link targets="seg-r100"/>
    </node>
    <a label="tok" ref="ptb-n00115" as="PTB">
        <fs>
            <f name="msd" value="RP"/>
        </fs>
    </a>
    <node xml:id="ptb-n00116">
        <link targets="seg-r102"/>
    </node>
    <a label="tok" ref="ptb-n00116" as="PTB">
        <fs>
            <f name="msd" value="CC"/>
        </fs>
    </a>
    <node xml:id="ptb-n00118">
        <link targets="seg-r104"/>
    </node>
    <a label="tok" ref="ptb-n00118" as="PTB">
        <fs>
            <f name="msd" value="VB"/>
        </fs>
    </a>
    <node xml:id="ptb-n00120">
        <link targets="seg-r106"/>
    </node>
    <a label="tok" ref="ptb-n00120" as="PTB">
        <fs>
            <f name="msd" value="RB"/>
        </fs>
    </a>
    <node xml:id="ptb-n00121">
        <link targets="seg-r107"/>
    </node>
    <a label="tok" ref="ptb-n00121" as="PTB">
        <fs>
            <f name="msd" value="."/>
        </fs>
    </a>
    <node xml:id="ptb-n00125">
        <link targets="seg-r109"/>
    </node>
    <a label="tok" ref="ptb-n00125" as="PTB">
        <fs>
            <f name="msd" value="NNS"/>
        </fs>
    </a>
    <node xml:id="ptb-n00127">
        <link targets="seg-r111"/>
    </node>
    <a label="tok" ref="ptb-n00127" as="PTB">
        <fs>
            <f name="msd" value="IN"/>
        </fs>
    </a>
    <node xml:id="ptb-n00129">
        <link targets="seg-r113"/>
    </node>
    <a label="tok" ref="ptb-n00129" as="PTB">
        <fs>
            <f name="msd" value="DT"/>
        </fs>
    </a>
    <node xml:id="ptb-n00131">
        <link targets="seg-r115"/>
    </node>
    <a label="tok" ref="ptb-n00131" as="PTB">
        <fs>
            <f name="msd" value="NNP"/>
        </fs>
    </a>
    <node xml:id="ptb-n00132">
        <link targets="seg-r117"/>
    </node>
    <a label="tok" ref="ptb-n00132" as="PTB">
        <fs>
            <f name="msd" value="NNPS"/>
        </fs>
    </a>
    <node xml:id="ptb-n00133">
        <link targets="seg-r119"/>
    </node>
    <a label="tok" ref="ptb-n00133" as="PTB">
        <fs>
            <f name="msd" value="NNP"/>
        </fs>
    </a>
    <node xml:id="ptb-n00134">
        <link targets="seg-r121"/>
    </node>
    <a label="tok" ref="ptb-n00134" as="PTB">
        <fs>
            <f name="msd" value="NNP"/>
        </fs>
    </a>
    <node xml:id="ptb-n00136">
        <link targets="seg-r123"/>
    </node>
    <a label="tok" ref="ptb-n00136" as="PTB">
        <fs>
            <f name="msd" value="VBD"/>
        </fs>
    </a>
    <node xml:id="ptb-n00140">
        <link targets="seg-r125"/>
    </node>
    <a label="tok" ref="ptb-n00140" as="PTB">
        <fs>
            <f name="msd" value="CD"/>
        </fs>
    </a>
    <node xml:id="ptb-n00141">
        <link targets="seg-r127"/>
    </node>
    <a label="tok" ref="ptb-n00141" as="PTB">
        <fs>
            <f name="msd" value="NNS"/>
        </fs>
    </a>
    <node xml:id="ptb-n00145">
        <link targets="seg-r129"/>
    </node>
    <a label="tok" ref="ptb-n00145" as="PTB">
        <fs>
            <f name="msd" value="IN"/>
        </fs>
    </a>
    <node xml:id="ptb-n00148">
        <link targets="seg-r131"/>
    </node>
    <a label="tok" ref="ptb-n00148" as="PTB">
        <fs>
            <f name="msd" value="PDT"/>
        </fs>
    </a>
    <node xml:id="ptb-n00149">
        <link targets="seg-r133"/>
    </node>
    <a label="tok" ref="ptb-n00149" as="PTB">
        <fs>
            <f name="msd" value="PRP$"/>
        </fs>
    </a>
    <node xml:id="ptb-n00150">
        <link targets="seg-r135"/>
    </node>
    <a label="tok" ref="ptb-n00150" as="PTB">
        <fs>
            <f name="msd" value="NN"/>
        </fs>
    </a>
    <node xml:id="ptb-n00152">
        <link targets="seg-r137"/>
    </node>
    <a label="tok" ref="ptb-n00152" as="PTB">
        <fs>
            <f name="msd" value="TO"/>
        </fs>
    </a>
    <node xml:id="ptb-n00154">
        <link targets="seg-r139"/>
    </node>
    <a label="tok" ref="ptb-n00154" as="PTB">
        <fs>
            <f name="msd" value="VB"/>
        </fs>
    </a>
    <node xml:id="ptb-n00157">
        <link targets="seg-r140"/>
    </node>
    <a label="tok" ref="ptb-n00157" as="PTB">
        <fs>
            <f name="msd" value=":"/>
        </fs>
    </a>
    <node xml:id="ptb-n00160">
        <link targets="seg-r142"/>
    </node>
    <a label="tok" ref="ptb-n00160" as="PTB">
        <fs>
            <f name="msd" value="JJ"/>
        </fs>
    </a>
    <node xml:id="ptb-n00161">
        <link targets="seg-r144"/>
    </node>
    <a label="tok" ref="ptb-n00161" as="PTB">
        <fs>
            <f name="msd" value="NN"/>
        </fs>
    </a>
    <node xml:id="ptb-n00162">
        <link targets="seg-r145"/>
    </node>
    <a label="tok" ref="ptb-n00162" as="PTB">
        <fs>
            <f name="msd" value=","/>
        </fs>
    </a>
    <node xml:id="ptb-n00164">
        <link targets="seg-r147"/>
    </node>
    <a label="tok" ref="ptb-n00164" as="PTB">
        <fs>
            <f name="msd" value="JJ"/>
        </fs>
    </a>
    <node xml:id="ptb-n00166">
        <link targets="seg-r149"/>
    </node>
    <a label="tok" ref="ptb-n00166" as="PTB">
        <fs>
            <f name="msd" value="NN"/>
        </fs>
    </a>
    <node xml:id="ptb-n00167">
        <link targets="seg-r150"/>
    </node>
    <a label="tok" ref="ptb-n00167" as="PTB">
        <fs>
            <f name="msd" value=","/>
        </fs>
    </a>
    <node xml:id="ptb-n00168">
        <link targets="seg-r152"/>
    </node>
    <a label="tok" ref="ptb-n00168" as="PTB">
        <fs>
            <f name="msd" value="JJ"/>
        </fs>
    </a>
    <node xml:id="ptb-n00169">
        <link targets="seg-r154"/>
    </node>
    <a label="tok" ref="ptb-n00169" as="PTB">
        <fs>
            <f name="msd" value="NNS"/>
        </fs>
    </a>
    <node xml:id="ptb-n00170">
        <link targets="seg-r155"/>
    </node>
    <a label="tok" ref="ptb-n00170" as="PTB">
        <fs>
            <f name="msd" value=","/>
        </fs>
    </a>
    <node xml:id="ptb-n00171">
        <link targets="seg-r157"/>
    </node>
    <a label="tok" ref="ptb-n00171" as="PTB">
        <fs>
            <f name="msd" value="CC"/>
        </fs>
    </a>
    <node xml:id="ptb-n00174">
        <link targets="seg-r159"/>
    </node>
    <a label="tok" ref="ptb-n00174" as="PTB">
        <fs>
            <f name="msd" value="NN"/>
        </fs>
    </a>
    <node xml:id="ptb-n00176">
        <link targets="seg-r161"/>
    </node>
    <a label="tok" ref="ptb-n00176" as="PTB">
        <fs>
            <f name="msd" value="IN"/>
        </fs>
    </a>
    <node xml:id="ptb-n00178">
        <link targets="seg-r163"/>
    </node>
    <a label="tok" ref="ptb-n00178" as="PTB">
        <fs>
            <f name="msd" value="DT"/>
        </fs>
    </a>
    <node xml:id="ptb-n00179">
        <link targets="seg-r165"/>
    </node>
    <a label="tok" ref="ptb-n00179" as="PTB">
        <fs>
            <f name="msd" value="NN"/>
        </fs>
    </a>
    <node xml:id="ptb-n00180">
        <link targets="seg-r166"/>
    </node>
    <a label="tok" ref="ptb-n00180" as="PTB">
        <fs>
            <f name="msd" value="."/>
        </fs>
    </a>
    <node xml:id="ptb-n00184">
        <link targets="seg-r168"/>
    </node>
    <a label="tok" ref="ptb-n00184" as="PTB">
        <fs>
            <f name="msd" value="DT"/>
        </fs>
    </a>
    <node xml:id="ptb-n00185">
        <link targets="seg-r170"/>
    </node>
    <a label="tok" ref="ptb-n00185" as="PTB">
        <fs>
            <f name="msd" value="JJ"/>
        </fs>
    </a>
    <node xml:id="ptb-n00186">
        <link targets="seg-r172"/>
    </node>
    <a label="tok" ref="ptb-n00186" as="PTB">
        <fs>
            <f name="msd" value="NN"/>
        </fs>
    </a>
    <node xml:id="ptb-n00187">
        <link targets="seg-r174"/>
    </node>
    <a label="tok" ref="ptb-n00187" as="PTB">
        <fs>
            <f name="msd" value="RB"/>
        </fs>
    </a>
    <node xml:id="ptb-n00188">
        <link targets="seg-r175"/>
    </node>
    <a label="tok" ref="ptb-n00188" as="PTB">
        <fs>
            <f name="msd" value=","/>
        </fs>
    </a>
    <node xml:id="ptb-n00190">
        <link targets="seg-r177"/>
    </node>
    <a label="tok" ref="ptb-n00190" as="PTB">
        <fs>
            <f name="msd" value="DT"/>
        </fs>
    </a>
    <node xml:id="ptb-n00191">
        <link targets="seg-r179"/>
    </node>
    <a label="tok" ref="ptb-n00191" as="PTB">
        <fs>
            <f name="msd" value="NNP"/>
        </fs>
    </a>
    <node xml:id="ptb-n00192">
        <link targets="seg-r181"/>
    </node>
    <a label="tok" ref="ptb-n00192" as="PTB">
        <fs>
            <f name="msd" value="NNP"/>
        </fs>
    </a>
    <node xml:id="ptb-n00193">
        <link targets="seg-r183"/>
    </node>
    <a label="tok" ref="ptb-n00193" as="PTB">
        <fs>
            <f name="msd" value="NNP"/>
        </fs>
    </a>
    <node xml:id="ptb-n00194">
        <link targets="seg-r185"/>
    </node>
    <a label="tok" ref="ptb-n00194" as="PTB">
        <fs>
            <f name="msd" value="NNP"/>
        </fs>
    </a>
    <node xml:id="ptb-n00196">
        <link targets="seg-r187"/>
    </node>
    <a label="tok" ref="ptb-n00196" as="PTB">
        <fs>
            <f name="msd" value="VBD"/>
        </fs>
    </a>
    <node xml:id="ptb-n00198">
        <link targets="seg-r189"/>
    </node>
    <a label="tok" ref="ptb-n00198" as="PTB">
        <fs>
            <f name="msd" value="CD"/>
        </fs>
    </a>
    <node xml:id="ptb-n00199">
        <link targets="seg-r191"/>
    </node>
    <a label="tok" ref="ptb-n00199" as="PTB">
        <fs>
            <f name="msd" value="JJ"/>
        </fs>
    </a>
    <node xml:id="ptb-n00200">
        <link targets="seg-r193"/>
    </node>
    <a label="tok" ref="ptb-n00200" as="PTB">
        <fs>
            <f name="msd" value="NNS"/>
        </fs>
    </a>
    <node xml:id="ptb-n00202">
        <link targets="seg-r195"/>
    </node>
    <a label="tok" ref="ptb-n00202" as="PTB">
        <fs>
            <f name="msd" value="RP"/>
        </fs>
    </a>
    <node xml:id="ptb-n00204">
        <link targets="seg-r197"/>
    </node>
    <a label="tok" ref="ptb-n00204" as="PTB">
        <fs>
            <f name="msd" value="IN"/>
        </fs>
    </a>
    <node xml:id="ptb-n00206">
        <link targets="seg-r199"/>
    </node>
    <a label="tok" ref="ptb-n00206" as="PTB">
        <fs>
            <f name="msd" value="DT"/>
        </fs>
    </a>
    <node xml:id="ptb-n00207">
        <link targets="seg-r201"/>
    </node>
    <a label="tok" ref="ptb-n00207" as="PTB">
        <fs>
            <f name="msd" value="NN"/>
        </fs>
    </a>
    <node xml:id="ptb-n00212">
        <link targets="seg-r203"/>
    </node>
    <a label="tok" ref="ptb-n00212" as="PTB">
        <fs>
            <f name="msd" value="TO"/>
        </fs>
    </a>
    <node xml:id="ptb-n00214">
        <link targets="seg-r205"/>
    </node>
    <a label="tok" ref="ptb-n00214" as="PTB">
        <fs>
            <f name="msd" value="VB"/>
        </fs>
    </a>
    <node xml:id="ptb-n00218">
        <link targets="seg-r207"/>
    </node>
    <a label="tok" ref="ptb-n00218" as="PTB">
        <fs>
            <f name="msd" value="DT"/>
        </fs>
    </a>
    <node xml:id="ptb-n00219">
        <link targets="seg-r209"/>
    </node>
    <a label="tok" ref="ptb-n00219" as="PTB">
        <fs>
            <f name="msd" value="NNS"/>
        </fs>
    </a>
    <node xml:id="ptb-n00225">
        <link targets="seg-r211"/>
    </node>
    <a label="tok" ref="ptb-n00225" as="PTB">
        <fs>
            <f name="msd" value="PRP"/>
        </fs>
    </a>
    <node xml:id="ptb-n00227">
        <link targets="seg-r213"/>
    </node>
    <a label="tok" ref="ptb-n00227" as="PTB">
        <fs>
            <f name="msd" value="VBP"/>
        </fs>
    </a>
    <node xml:id="ptb-n00234">
        <link targets="seg-r215"/>
    </node>
    <a label="tok" ref="ptb-n00234" as="PTB">
        <fs>
            <f name="msd" value="TO"/>
        </fs>
    </a>
    <node xml:id="ptb-n00236">
        <link targets="seg-r217"/>
    </node>
    <a label="tok" ref="ptb-n00236" as="PTB">
        <fs>
            <f name="msd" value="VB"/>
        </fs>
    </a>
    <node xml:id="ptb-n00238">
        <link targets="seg-r219"/>
    </node>
    <a label="tok" ref="ptb-n00238" as="PTB">
        <fs>
            <f name="msd" value="RP"/>
        </fs>
    </a>
    <node xml:id="ptb-n00240">
        <link targets="seg-r221"/>
    </node>
    <a label="tok" ref="ptb-n00240" as="PTB">
        <fs>
            <f name="msd" value="RB"/>
        </fs>
    </a>
    <node xml:id="ptb-n00241">
        <link targets="seg-r222"/>
    </node>
    <a label="tok" ref="ptb-n00241" as="PTB">
        <fs>
            <f name="msd" value=":"/>
        </fs>
    </a>
    <node xml:id="ptb-n00244">
        <link targets="seg-r224"/>
    </node>
    <a label="tok" ref="ptb-n00244" as="PTB">
        <fs>
            <f name="msd" value="VBG"/>
        </fs>
    </a>
    <node xml:id="ptb-n00245">
        <link targets="seg-r226"/>
    </node>
    <a label="tok" ref="ptb-n00245" as="PTB">
        <fs>
            <f name="msd" value="NNS"/>
        </fs>
    </a>
    <node xml:id="ptb-n00246">
        <link targets="seg-r227"/>
    </node>
    <a label="tok" ref="ptb-n00246" as="PTB">
        <fs>
            <f name="msd" value=","/>
        </fs>
    </a>
    <node xml:id="ptb-n00249">
        <link targets="seg-r229"/>
    </node>
    <a label="tok" ref="ptb-n00249" as="PTB">
        <fs>
            <f name="msd" value="JJ"/>
        </fs>
    </a>
    <node xml:id="ptb-n00250">
        <link targets="seg-r231"/>
    </node>
    <a label="tok" ref="ptb-n00250" as="PTB">
        <fs>
            <f name="msd" value="NNS"/>
        </fs>
    </a>
    <node xml:id="ptb-n00258">
        <link targets="seg-r233"/>
    </node>
    <a label="tok" ref="ptb-n00258" as="PTB">
        <fs>
            <f name="msd" value="TO"/>
        </fs>
    </a>
    <node xml:id="ptb-n00260">
        <link targets="seg-r235"/>
    </node>
    <a label="tok" ref="ptb-n00260" as="PTB">
        <fs>
            <f name="msd" value="VB"/>
        </fs>
    </a>
    <node xml:id="ptb-n00263">
        <link targets="seg-r236"/>
    </node>
    <a label="tok" ref="ptb-n00263" as="PTB">
        <fs>
            <f name="msd" value=","/>
        </fs>
    </a>
    <node xml:id="ptb-n00264">
        <link targets="seg-r238"/>
    </node>
    <a label="tok" ref="ptb-n00264" as="PTB">
        <fs>
            <f name="msd" value="CC"/>
        </fs>
    </a>
    <node xml:id="ptb-n00267">
        <link targets="seg-r240"/>
    </node>
    <a label="tok" ref="ptb-n00267" as="PTB">
        <fs>
            <f name="msd" value="JJ"/>
        </fs>
    </a>
    <node xml:id="ptb-n00268">
        <link targets="seg-r242"/>
    </node>
    <a label="tok" ref="ptb-n00268" as="PTB">
        <fs>
            <f name="msd" value="NNS"/>
        </fs>
    </a>
    <node xml:id="ptb-n00276">
        <link targets="seg-r244"/>
    </node>
    <a label="tok" ref="ptb-n00276" as="PTB">
        <fs>
            <f name="msd" value="TO"/>
        </fs>
    </a>
    <node xml:id="ptb-n00278">
        <link targets="seg-r246"/>
    </node>
    <a label="tok" ref="ptb-n00278" as="PTB">
        <fs>
            <f name="msd" value="VB"/>
        </fs>
    </a>
    <node xml:id="ptb-n00281">
        <link targets="seg-r247"/>
    </node>
    <a label="tok" ref="ptb-n00281" as="PTB">
        <fs>
            <f name="msd" value="."/>
        </fs>
    </a>
    <node xml:id="ptb-n00286">
        <link targets="seg-r249"/>
    </node>
    <a label="tok" ref="ptb-n00286" as="PTB">
        <fs>
            <f name="msd" value="CD"/>
        </fs>
    </a>
    <node xml:id="ptb-n00287">
        <link targets="seg-r251"/>
    </node>
    <a label="tok" ref="ptb-n00287" as="PTB">
        <fs>
            <f name="msd" value="NN"/>
        </fs>
    </a>
    <node xml:id="ptb-n00289">
        <link targets="seg-r253"/>
    </node>
    <a label="tok" ref="ptb-n00289" as="PTB">
        <fs>
            <f name="msd" value="IN"/>
        </fs>
    </a>
    <node xml:id="ptb-n00291">
        <link targets="seg-r255"/>
    </node>
    <a label="tok" ref="ptb-n00291" as="PTB">
        <fs>
            <f name="msd" value="NNS"/>
        </fs>
    </a>
    <node xml:id="ptb-n00292">
        <link targets="seg-r257"/>
    </node>
    <a label="tok" ref="ptb-n00292" as="PTB">
        <fs>
            <f name="msd" value="CC"/>
        </fs>
    </a>
    <node xml:id="ptb-n00295">
        <link targets="seg-r259"/>
    </node>
    <a label="tok" ref="ptb-n00295" as="PTB">
        <fs>
            <f name="msd" value="CD"/>
        </fs>
    </a>
    <node xml:id="ptb-n00296">
        <link targets="seg-r261"/>
    </node>
    <a label="tok" ref="ptb-n00296" as="PTB">
        <fs>
            <f name="msd" value="NN"/>
        </fs>
    </a>
    <node xml:id="ptb-n00298">
        <link targets="seg-r263"/>
    </node>
    <a label="tok" ref="ptb-n00298" as="PTB">
        <fs>
            <f name="msd" value="IN"/>
        </fs>
    </a>
    <node xml:id="ptb-n00300">
        <link targets="seg-r265"/>
    </node>
    <a label="tok" ref="ptb-n00300" as="PTB">
        <fs>
            <f name="msd" value="NN"/>
        </fs>
    </a>
    <node xml:id="ptb-n00301">
        <link targets="seg-r266"/>
    </node>
    <a label="tok" ref="ptb-n00301" as="PTB">
        <fs>
            <f name="msd" value=","/>
        </fs>
    </a>
    <node xml:id="ptb-n00303">
        <link targets="seg-r268"/>
    </node>
    <a label="tok" ref="ptb-n00303" as="PTB">
        <fs>
            <f name="msd" value="IN"/>
        </fs>
    </a>
    <node xml:id="ptb-n00305">
        <link targets="seg-r270"/>
    </node>
    <a label="tok" ref="ptb-n00305" as="PTB">
        <fs>
            <f name="msd" value="CD"/>
        </fs>
    </a>
    <node xml:id="ptb-n00307">
        <link targets="seg-r272"/>
    </node>
    <a label="tok" ref="ptb-n00307" as="PTB">
        <fs>
            <f name="msd" value="RB"/>
        </fs>
    </a>
    <node xml:id="ptb-n00308">
        <link targets="seg-r274"/>
    </node>
    <a label="tok" ref="ptb-n00308" as="PTB">
        <fs>
            <f name="msd" value="JJ"/>
        </fs>
    </a>
    <node xml:id="ptb-n00309">
        <link targets="seg-r276"/>
    </node>
    <a label="tok" ref="ptb-n00309" as="PTB">
        <fs>
            <f name="msd" value="NNS"/>
        </fs>
    </a>
    <node xml:id="ptb-n00310">
        <link targets="seg-r277"/>
    </node>
    <a label="tok" ref="ptb-n00310" as="PTB">
        <fs>
            <f name="msd" value=","/>
        </fs>
    </a>
    <node xml:id="ptb-n00312">
        <link targets="seg-r279"/>
    </node>
    <a label="tok" ref="ptb-n00312" as="PTB">
        <fs>
            <f name="msd" value="VBP"/>
        </fs>
    </a>
    <node xml:id="ptb-n00314">
        <link targets="seg-r281"/>
    </node>
    <a label="tok" ref="ptb-n00314" as="PTB">
        <fs>
            <f name="msd" value="VBN"/>
        </fs>
    </a>
    <node xml:id="ptb-n00316">
        <link targets="seg-r283"/>
    </node>
    <a label="tok" ref="ptb-n00316" as="PTB">
        <fs>
            <f name="msd" value="IN"/>
        </fs>
    </a>
    <node xml:id="ptb-n00319">
        <link targets="seg-r285"/>
    </node>
    <a label="tok" ref="ptb-n00319" as="PTB">
        <fs>
            <f name="msd" value="DT"/>
        </fs>
    </a>
    <node xml:id="ptb-n00320">
        <link targets="seg-r287"/>
    </node>
    <a label="tok" ref="ptb-n00320" as="PTB">
        <fs>
            <f name="msd" value="JJ"/>
        </fs>
    </a>
    <node xml:id="ptb-n00321">
        <link targets="seg-r289"/>
    </node>
    <a label="tok" ref="ptb-n00321" as="PTB">
        <fs>
            <f name="msd" value="NN"/>
        </fs>
    </a>
    <node xml:id="ptb-n00322">
        <link targets="seg-r290"/>
    </node>
    <a label="tok" ref="ptb-n00322" as="PTB">
        <fs>
            <f name="msd" value=":"/>
        </fs>
    </a>
    <node xml:id="ptb-n00325">
        <link targets="seg-r292"/>
    </node>
    <a label="tok" ref="ptb-n00325" as="PTB">
        <fs>
            <f name="msd" value="PRP$"/>
        </fs>
    </a>
    <node xml:id="ptb-n00326">
        <link targets="seg-r294"/>
    </node>
    <a label="tok" ref="ptb-n00326" as="PTB">
        <fs>
            <f name="msd" value="NN"/>
        </fs>
    </a>
    <node xml:id="ptb-n00328">
        <link targets="seg-r296"/>
    </node>
    <a label="tok" ref="ptb-n00328" as="PTB">
        <fs>
            <f name="msd" value="RB"/>
        </fs>
    </a>
    <node xml:id="ptb-n00330">
        <link targets="seg-r298"/>
    </node>
    <a label="tok" ref="ptb-n00330" as="PTB">
        <fs>
            <f name="msd" value="VBZ"/>
        </fs>
    </a>
    <node xml:id="ptb-n00333">
        <link targets="seg-r300"/>
    </node>
    <a label="tok" ref="ptb-n00333" as="PTB">
        <fs>
            <f name="msd" value="RB"/>
        </fs>
    </a>
    <node xml:id="ptb-n00341">
        <link targets="seg-r302"/>
    </node>
    <a label="tok" ref="ptb-n00341" as="PTB">
        <fs>
            <f name="msd" value="TO"/>
        </fs>
    </a>
    <node xml:id="ptb-n00343">
        <link targets="seg-r304"/>
    </node>
    <a label="tok" ref="ptb-n00343" as="PTB">
        <fs>
            <f name="msd" value="VB"/>
        </fs>
    </a>
    <node xml:id="ptb-n00347">
        <link targets="seg-r306"/>
    </node>
    <a label="tok" ref="ptb-n00347" as="PTB">
        <fs>
            <f name="msd" value="IN"/>
        </fs>
    </a>
    <node xml:id="ptb-n00350">
        <link targets="seg-r308"/>
    </node>
    <a label="tok" ref="ptb-n00350" as="PTB">
        <fs>
            <f name="msd" value="PRP"/>
        </fs>
    </a>
    <node xml:id="ptb-n00352">
        <link targets="seg-r310"/>
    </node>
    <a label="tok" ref="ptb-n00352" as="PTB">
        <fs>
            <f name="msd" value="VBP"/>
        </fs>
    </a>
    <node xml:id="ptb-n00357">
        <link targets="seg-r312"/>
    </node>
    <a label="tok" ref="ptb-n00357" as="PTB">
        <fs>
            <f name="msd" value="TO"/>
        </fs>
    </a>
    <node xml:id="ptb-n00359">
        <link targets="seg-r314"/>
    </node>
    <a label="tok" ref="ptb-n00359" as="PTB">
        <fs>
            <f name="msd" value="VB"/>
        </fs>
    </a>
    <node xml:id="ptb-n00363">
        <link targets="seg-r316"/>
    </node>
    <a label="tok" ref="ptb-n00363" as="PTB">
        <fs>
            <f name="msd" value="DT"/>
        </fs>
    </a>
    <node xml:id="ptb-n00365">
        <link targets="seg-r318"/>
    </node>
    <a label="tok" ref="ptb-n00365" as="PTB">
        <fs>
            <f name="msd" value="IN"/>
        </fs>
    </a>
    <node xml:id="ptb-n00367">
        <link targets="seg-r320"/>
    </node>
    <a label="tok" ref="ptb-n00367" as="PTB">
        <fs>
            <f name="msd" value="PRP$"/>
        </fs>
    </a>
    <node xml:id="ptb-n00368">
        <link targets="seg-r322"/>
    </node>
    <a label="tok" ref="ptb-n00368" as="PTB">
        <fs>
            <f name="msd" value="NN"/>
        </fs>
    </a>
    <node xml:id="ptb-n00370">
        <link targets="seg-r324"/>
    </node>
    <a label="tok" ref="ptb-n00370" as="PTB">
        <fs>
            <f name="msd" value="RB"/>
        </fs>
    </a>
    <node xml:id="ptb-n00372">
        <link targets="seg-r326"/>
    </node>
    <a label="tok" ref="ptb-n00372" as="PTB">
        <fs>
            <f name="msd" value="VB"/>
        </fs>
    </a>
    <node xml:id="ptb-n00374">
        <link targets="seg-r328"/>
    </node>
    <a label="tok" ref="ptb-n00374" as="PTB">
        <fs>
            <f name="msd" value="IN"/>
        </fs>
    </a>
    <node xml:id="ptb-n00377">
        <link targets="seg-r330"/>
    </node>
    <a label="tok" ref="ptb-n00377" as="PTB">
        <fs>
            <f name="msd" value="DT"/>
        </fs>
    </a>
    <node xml:id="ptb-n00378">
        <link targets="seg-r332"/>
    </node>
    <a label="tok" ref="ptb-n00378" as="PTB">
        <fs>
            <f name="msd" value="JJ"/>
        </fs>
    </a>
    <node xml:id="ptb-n00379">
        <link targets="seg-r333"/>
    </node>
    <a label="tok" ref="ptb-n00379" as="PTB">
        <fs>
            <f name="msd" value=","/>
        </fs>
    </a>
    <node xml:id="ptb-n00380">
        <link targets="seg-r335"/>
    </node>
    <a label="tok" ref="ptb-n00380" as="PTB">
        <fs>
            <f name="msd" value="JJ"/>
        </fs>
    </a>
    <node xml:id="ptb-n00381">
        <link targets="seg-r337"/>
    </node>
    <a label="tok" ref="ptb-n00381" as="PTB">
        <fs>
            <f name="msd" value="NNS"/>
        </fs>
    </a>
    <node xml:id="ptb-n00384">
        <link targets="seg-r339"/>
    </node>
    <a label="tok" ref="ptb-n00384" as="PTB">
        <fs>
            <f name="msd" value="WP"/>
        </fs>
    </a>
    <node xml:id="ptb-n00389">
        <link targets="seg-r341"/>
    </node>
    <a label="tok" ref="ptb-n00389" as="PTB">
        <fs>
            <f name="msd" value="MD"/>
        </fs>
    </a>
    <node xml:id="ptb-n00392">
        <link targets="seg-r343"/>
    </node>
    <a label="tok" ref="ptb-n00392" as="PTB">
        <fs>
            <f name="msd" value="PRP$"/>
        </fs>
    </a>
    <node xml:id="ptb-n00393">
        <link targets="seg-r345"/>
    </node>
    <a label="tok" ref="ptb-n00393" as="PTB">
        <fs>
            <f name="msd" value="NN"/>
        </fs>
    </a>
    <node xml:id="ptb-n00395">
        <link targets="seg-r347"/>
    </node>
    <a label="tok" ref="ptb-n00395" as="PTB">
        <fs>
            <f name="msd" value="IN"/>
        </fs>
    </a>
    <node xml:id="ptb-n00397">
        <link targets="seg-r349"/>
    </node>
    <a label="tok" ref="ptb-n00397" as="PTB">
        <fs>
            <f name="msd" value="DT"/>
        </fs>
    </a>
    <node xml:id="ptb-n00398">
        <link targets="seg-r351"/>
    </node>
    <a label="tok" ref="ptb-n00398" as="PTB">
        <fs>
            <f name="msd" value="NN"/>
        </fs>
    </a>
    <node xml:id="ptb-n00399">
        <link targets="seg-r352"/>
    </node>
    <a label="tok" ref="ptb-n00399" as="PTB">
        <fs>
            <f name="msd" value="."/>
        </fs>
    </a>
    <node xml:id="ptb-n00402">
        <link targets="seg-r354"/>
    </node>
    <a label="tok" ref="ptb-n00402" as="PTB">
        <fs>
            <f name="msd" value="IN"/>
        </fs>
    </a>
    <node xml:id="ptb-n00405">
        <link targets="seg-r356"/>
    </node>
    <a label="tok" ref="ptb-n00405" as="PTB">
        <fs>
            <f name="msd" value="DT"/>
        </fs>
    </a>
    <node xml:id="ptb-n00406">
        <link targets="seg-r358"/>
    </node>
    <a label="tok" ref="ptb-n00406" as="PTB">
        <fs>
            <f name="msd" value="NN"/>
        </fs>
    </a>
    <node xml:id="ptb-n00408">
        <link targets="seg-r360"/>
    </node>
    <a label="tok" ref="ptb-n00408" as="PTB">
        <fs>
            <f name="msd" value="IN"/>
        </fs>
    </a>
    <node xml:id="ptb-n00410">
        <link targets="seg-r362"/>
    </node>
    <a label="tok" ref="ptb-n00410" as="PTB">
        <fs>
            <f name="msd" value="NN"/>
        </fs>
    </a>
    <node xml:id="ptb-n00411">
        <link targets="seg-r364"/>
    </node>
    <a label="tok" ref="ptb-n00411" as="PTB">
        <fs>
            <f name="msd" value="NNS"/>
        </fs>
    </a>
    <node xml:id="ptb-n00412">
        <link targets="seg-r365"/>
    </node>
    <a label="tok" ref="ptb-n00412" as="PTB">
        <fs>
            <f name="msd" value=","/>
        </fs>
    </a>
    <node xml:id="ptb-n00414">
        <link targets="seg-r367"/>
    </node>
    <a label="tok" ref="ptb-n00414" as="PTB">
        <fs>
            <f name="msd" value="NNP"/>
        </fs>
    </a>
    <node xml:id="ptb-n00415">
        <link targets="seg-r368"/>
    </node>
    <a label="tok" ref="ptb-n00415" as="PTB">
        <fs>
            <f name="msd" value=","/>
        </fs>
    </a>
    <node xml:id="ptb-n00416">
        <link targets="seg-r370 seg-r371"/>
    </node>
    <a label="tok" ref="ptb-n00416" as="PTB">
        <fs>
            <f name="msd" value="NNP"/>
        </fs>
    </a>
    <node xml:id="ptb-n00418">
        <link targets="seg-r373"/>
    </node>
    <a label="tok" ref="ptb-n00418" as="PTB">
        <fs>
            <f name="msd" value="VBZ"/>
        </fs>
    </a>
    <node xml:id="ptb-n00420">
        <link targets="seg-r375"/>
    </node>
    <a label="tok" ref="ptb-n00420" as="PTB">
        <fs>
            <f name="msd" value="RB"/>
        </fs>
    </a>
    <node xml:id="ptb-n00425">
        <link targets="seg-r377"/>
    </node>
    <a label="tok" ref="ptb-n00425" as="PTB">
        <fs>
            <f name="msd" value="TO"/>
        </fs>
    </a>
    <node xml:id="ptb-n00427">
        <link targets="seg-r379"/>
    </node>
    <a label="tok" ref="ptb-n00427" as="PTB">
        <fs>
            <f name="msd" value="VB"/>
        </fs>
    </a>
    <node xml:id="ptb-n00429">
        <link targets="seg-r381"/>
    </node>
    <a label="tok" ref="ptb-n00429" as="PTB">
        <fs>
            <f name="msd" value="PRP$"/>
        </fs>
    </a>
    <node xml:id="ptb-n00430">
        <link targets="seg-r383"/>
    </node>
    <a label="tok" ref="ptb-n00430" as="PTB">
        <fs>
            <f name="msd" value="JJ"/>
        </fs>
    </a>
    <node xml:id="ptb-n00431">
        <link targets="seg-r385"/>
    </node>
    <a label="tok" ref="ptb-n00431" as="PTB">
        <fs>
            <f name="msd" value="NNS"/>
        </fs>
    </a>
    <node xml:id="ptb-n00436">
        <link targets="seg-r387"/>
    </node>
    <a label="tok" ref="ptb-n00436" as="PTB">
        <fs>
            <f name="msd" value="TO"/>
        </fs>
    </a>
    <node xml:id="ptb-n00438">
        <link targets="seg-r389"/>
    </node>
    <a label="tok" ref="ptb-n00438" as="PTB">
        <fs>
            <f name="msd" value="VB"/>
        </fs>
    </a>
    <node xml:id="ptb-n00440">
        <link targets="seg-r391"/>
    </node>
    <a label="tok" ref="ptb-n00440" as="PTB">
        <fs>
            <f name="msd" value="JJ"/>
        </fs>
    </a>
    <node xml:id="ptb-n00441">
        <link targets="seg-r393"/>
    </node>
    <a label="tok" ref="ptb-n00441" as="PTB">
        <fs>
            <f name="msd" value="NNS"/>
        </fs>
    </a>
    <node xml:id="ptb-n00442">
        <link targets="seg-r394"/>
    </node>
    <a label="tok" ref="ptb-n00442" as="PTB">
        <fs>
            <f name="msd" value="."/>
        </fs>
    </a>
    <node xml:id="ptb-n00445">
        <link targets="seg-r396"/>
    </node>
    <a label="tok" ref="ptb-n00445" as="PTB">
        <fs>
            <f name="msd" value="RB"/>
        </fs>
    </a>
    <node xml:id="ptb-n00446">
        <link targets="seg-r397"/>
    </node>
    <a label="tok" ref="ptb-n00446" as="PTB">
        <fs>
            <f name="msd" value=","/>
        </fs>
    </a>
    <node xml:id="ptb-n00448">
        <link targets="seg-r399"/>
    </node>
    <a label="tok" ref="ptb-n00448" as="PTB">
        <fs>
            <f name="msd" value="IN"/>
        </fs>
    </a>
    <node xml:id="ptb-n00452">
        <link targets="seg-r401"/>
    </node>
    <a label="tok" ref="ptb-n00452" as="PTB">
        <fs>
            <f name="msd" value="DT"/>
        </fs>
    </a>
    <node xml:id="ptb-n00453">
        <link targets="seg-r403"/>
    </node>
    <a label="tok" ref="ptb-n00453" as="PTB">
        <fs>
            <f name="msd" value="NN"/>
        </fs>
    </a>
    <node xml:id="ptb-n00455">
        <link targets="seg-r405"/>
    </node>
    <a label="tok" ref="ptb-n00455" as="PTB">
        <fs>
            <f name="msd" value="IN"/>
        </fs>
    </a>
    <node xml:id="ptb-n00457">
        <link targets="seg-r407"/>
    </node>
    <a label="tok" ref="ptb-n00457" as="PTB">
        <fs>
            <f name="msd" value="JJ"/>
        </fs>
    </a>
    <node xml:id="ptb-n00458">
        <link targets="seg-r409"/>
    </node>
    <a label="tok" ref="ptb-n00458" as="PTB">
        <fs>
            <f name="msd" value="NN"/>
        </fs>
    </a>
    <node xml:id="ptb-n00459">
        <link targets="seg-r411"/>
    </node>
    <a label="tok" ref="ptb-n00459" as="PTB">
        <fs>
            <f name="msd" value="CC"/>
        </fs>
    </a>
    <node xml:id="ptb-n00462">
        <link targets="seg-r413"/>
    </node>
    <a label="tok" ref="ptb-n00462" as="PTB">
        <fs>
            <f name="msd" value="NNS"/>
        </fs>
    </a>
    <node xml:id="ptb-n00464">
        <link targets="seg-r415"/>
    </node>
    <a label="tok" ref="ptb-n00464" as="PTB">
        <fs>
            <f name="msd" value="IN"/>
        </fs>
    </a>
    <node xml:id="ptb-n00467">
        <link targets="seg-r417"/>
    </node>
    <a label="tok" ref="ptb-n00467" as="PTB">
        <fs>
            <f name="msd" value="NNS"/>
        </fs>
    </a>
    <node xml:id="ptb-n00469">
        <link targets="seg-r419"/>
    </node>
    <a label="tok" ref="ptb-n00469" as="PTB">
        <fs>
            <f name="msd" value="IN"/>
        </fs>
    </a>
    <node xml:id="ptb-n00471">
        <link targets="seg-r421"/>
    </node>
    <a label="tok" ref="ptb-n00471" as="PTB">
        <fs>
            <f name="msd" value="NN"/>
        </fs>
    </a>
    <node xml:id="ptb-n00472">
        <link targets="seg-r422"/>
    </node>
    <a label="tok" ref="ptb-n00472" as="PTB">
        <fs>
            <f name="msd" value=","/>
        </fs>
    </a>
    <node xml:id="ptb-n00475">
        <link targets="seg-r424"/>
    </node>
    <a label="tok" ref="ptb-n00475" as="PTB">
        <fs>
            <f name="msd" value="DT"/>
        </fs>
    </a>
    <node xml:id="ptb-n00476">
        <link targets="seg-r426"/>
    </node>
    <a label="tok" ref="ptb-n00476" as="PTB">
        <fs>
            <f name="msd" value="NNS"/>
        </fs>
    </a>
    <node xml:id="ptb-n00480">
        <link targets="seg-r428"/>
    </node>
    <a label="tok" ref="ptb-n00480" as="PTB">
        <fs>
            <f name="msd" value="VBP"/>
        </fs>
    </a>
    <node xml:id="ptb-n00482">
        <link targets="seg-r430"/>
    </node>
    <a label="tok" ref="ptb-n00482" as="PTB">
        <fs>
            <f name="msd" value="VBN"/>
        </fs>
    </a>
    <node xml:id="ptb-n00484">
        <link targets="seg-r432"/>
    </node>
    <a label="tok" ref="ptb-n00484" as="PTB">
        <fs>
            <f name="msd" value="VBN"/>
        </fs>
    </a>
    <node xml:id="ptb-n00488">
        <link targets="seg-r434"/>
    </node>
    <a label="tok" ref="ptb-n00488" as="PTB">
        <fs>
            <f name="msd" value="IN"/>
        </fs>
    </a>
    <node xml:id="ptb-n00490">
        <link targets="seg-r436"/>
    </node>
    <a label="tok" ref="ptb-n00490" as="PTB">
        <fs>
            <f name="msd" value="PRP$"/>
        </fs>
    </a>
    <node xml:id="ptb-n00491">
        <link targets="seg-r438"/>
    </node>
    <a label="tok" ref="ptb-n00491" as="PTB">
        <fs>
            <f name="msd" value="NN"/>
        </fs>
    </a>
    <node xml:id="ptb-n00494">
        <link targets="seg-r440"/>
    </node>
    <a label="tok" ref="ptb-n00494" as="PTB">
        <fs>
            <f name="msd" value="WDT"/>
        </fs>
    </a>
    <node xml:id="ptb-n00499">
        <link targets="seg-r442"/>
    </node>
    <a label="tok" ref="ptb-n00499" as="PTB">
        <fs>
            <f name="msd" value="MD"/>
        </fs>
    </a>
    <node xml:id="ptb-n00501">
        <link targets="seg-r444"/>
    </node>
    <a label="tok" ref="ptb-n00501" as="PTB">
        <fs>
            <f name="msd" value="VB"/>
        </fs>
    </a>
    <node xml:id="ptb-n00504">
        <link targets="seg-r446"/>
    </node>
    <a label="tok" ref="ptb-n00504" as="PTB">
        <fs>
            <f name="msd" value="JJ"/>
        </fs>
    </a>
    <node xml:id="ptb-n00505">
        <link targets="seg-r448"/>
    </node>
    <a label="tok" ref="ptb-n00505" as="PTB">
        <fs>
            <f name="msd" value="NNS"/>
        </fs>
    </a>
    <node xml:id="ptb-n00507">
        <link targets="seg-r450"/>
    </node>
    <a label="tok" ref="ptb-n00507" as="PTB">
        <fs>
            <f name="msd" value="VB"/>
        </fs>
    </a>
    <node xml:id="ptb-n00512">
        <link targets="seg-r452"/>
    </node>
    <a label="tok" ref="ptb-n00512" as="PTB">
        <fs>
            <f name="msd" value="TO"/>
        </fs>
    </a>
    <node xml:id="ptb-n00514">
        <link targets="seg-r454"/>
    </node>
    <a label="tok" ref="ptb-n00514" as="PTB">
        <fs>
            <f name="msd" value="VB"/>
        </fs>
    </a>
    <node xml:id="ptb-n00516">
        <link targets="seg-r456"/>
    </node>
    <a label="tok" ref="ptb-n00516" as="PTB">
        <fs>
            <f name="msd" value="VBN"/>
        </fs>
    </a>
    <node xml:id="ptb-n00520">
        <link targets="seg-r458"/>
    </node>
    <a label="tok" ref="ptb-n00520" as="PTB">
        <fs>
            <f name="msd" value="IN"/>
        </fs>
    </a>
    <node xml:id="ptb-n00522">
        <link targets="seg-r460"/>
    </node>
    <a label="tok" ref="ptb-n00522" as="PTB">
        <fs>
            <f name="msd" value="JJ"/>
        </fs>
    </a>
    <node xml:id="ptb-n00523">
        <link targets="seg-r462"/>
    </node>
    <a label="tok" ref="ptb-n00523" as="PTB">
        <fs>
            <f name="msd" value="NNS"/>
        </fs>
    </a>
    <node xml:id="ptb-n00524">
        <link targets="seg-r463"/>
    </node>
    <a label="tok" ref="ptb-n00524" as="PTB">
        <fs>
            <f name="msd" value="."/>
        </fs>
    </a>
    <node xml:id="ptb-n00527">
        <link targets="seg-r465"/>
    </node>
    <a label="tok" ref="ptb-n00527" as="PTB">
        <fs>
            <f name="msd" value="LS"/>
        </fs>
    </a>
    <node xml:id="ptb-n00528">
        <link targets="seg-r466"/>
    </node>
    <a label="tok" ref="ptb-n00528" as="PTB">
        <fs>
            <f name="msd" value=","/>
        </fs>
    </a>
    <node xml:id="ptb-n00530">
        <link targets="seg-r468"/>
    </node>
    <a label="tok" ref="ptb-n00530" as="PTB">
        <fs>
            <f name="msd" value="NNP"/>
        </fs>
    </a>
    <node xml:id="ptb-n00532">
        <link targets="seg-r470"/>
    </node>
    <a label="tok" ref="ptb-n00532" as="PTB">
        <fs>
            <f name="msd" value="IN"/>
        </fs>
    </a>
    <node xml:id="ptb-n00534">
        <link targets="seg-r472"/>
    </node>
    <a label="tok" ref="ptb-n00534" as="PTB">
        <fs>
            <f name="msd" value="NNP"/>
        </fs>
    </a>
    <node xml:id="ptb-n00536">
        <link targets="seg-r474"/>
    </node>
    <a label="tok" ref="ptb-n00536" as="PTB">
        <fs>
            <f name="msd" value="VBD"/>
        </fs>
    </a>
    <node xml:id="ptb-n00538">
        <link targets="seg-r476"/>
    </node>
    <a label="tok" ref="ptb-n00538" as="PTB">
        <fs>
            <f name="msd" value="DT"/>
        </fs>
    </a>
    <node xml:id="ptb-n00540">
        <link targets="seg-r478"/>
    </node>
    <a label="tok" ref="ptb-n00540" as="PTB">
        <fs>
            <f name="msd" value="RB"/>
        </fs>
    </a>
    <node xml:id="ptb-n00541">
        <link targets="seg-r479"/>
    </node>
    <a label="tok" ref="ptb-n00541" as="PTB">
        <fs>
            <f name="msd" value="HYPH"/>
        </fs>
    </a>
    <node xml:id="ptb-n00542">
        <link targets="seg-r480"/>
    </node>
    <a label="tok" ref="ptb-n00542" as="PTB">
        <fs>
            <f name="msd" value="VBN"/>
        </fs>
    </a>
    <node xml:id="ptb-n00543">
        <link targets="seg-r482"/>
    </node>
    <a label="tok" ref="ptb-n00543" as="PTB">
        <fs>
            <f name="msd" value="NN"/>
        </fs>
    </a>
    <node xml:id="ptb-n00545">
        <link targets="seg-r484"/>
    </node>
    <a label="tok" ref="ptb-n00545" as="PTB">
        <fs>
            <f name="msd" value="IN"/>
        </fs>
    </a>
    <node xml:id="ptb-n00549">
        <link targets="seg-r486"/>
    </node>
    <a label="tok" ref="ptb-n00549" as="PTB">
        <fs>
            <f name="msd" value="DT"/>
        </fs>
    </a>
    <node xml:id="ptb-n00550">
        <link targets="seg-r488"/>
    </node>
    <a label="tok" ref="ptb-n00550" as="PTB">
        <fs>
            <f name="msd" value="JJ"/>
        </fs>
    </a>
    <node xml:id="ptb-n00551">
        <link targets="seg-r490"/>
    </node>
    <a label="tok" ref="ptb-n00551" as="PTB">
        <fs>
            <f name="msd" value="NNS"/>
        </fs>
    </a>
    <node xml:id="ptb-n00553">
        <link targets="seg-r492"/>
    </node>
    <a label="tok" ref="ptb-n00553" as="PTB">
        <fs>
            <f name="msd" value="IN"/>
        </fs>
    </a>
    <node xml:id="ptb-n00556">
        <link targets="seg-r494"/>
    </node>
    <a label="tok" ref="ptb-n00556" as="PTB">
        <fs>
            <f name="msd" value="DT"/>
        </fs>
    </a>
    <node xml:id="ptb-n00557">
        <link targets="seg-r496"/>
    </node>
    <a label="tok" ref="ptb-n00557" as="PTB">
        <fs>
            <f name="msd" value="NN"/>
        </fs>
    </a>
    <node xml:id="ptb-n00559">
        <link targets="seg-r498"/>
    </node>
    <a label="tok" ref="ptb-n00559" as="PTB">
        <fs>
            <f name="msd" value="IN"/>
        </fs>
    </a>
    <node xml:id="ptb-n00561">
        <link targets="seg-r500"/>
    </node>
    <a label="tok" ref="ptb-n00561" as="PTB">
        <fs>
            <f name="msd" value="CD"/>
        </fs>
    </a>
    <node xml:id="ptb-n00563">
        <link targets="seg-r502"/>
    </node>
    <a label="tok" ref="ptb-n00563" as="PTB">
        <fs>
            <f name="msd" value="MD"/>
        </fs>
    </a>
    <node xml:id="ptb-n00565">
        <link targets="seg-r504"/>
    </node>
    <a label="tok" ref="ptb-n00565" as="PTB">
        <fs>
            <f name="msd" value="VB"/>
        </fs>
    </a>
    <node xml:id="ptb-n00567">
        <link targets="seg-r506"/>
    </node>
    <a label="tok" ref="ptb-n00567" as="PTB">
        <fs>
            <f name="msd" value="IN"/>
        </fs>
    </a>
    <node xml:id="ptb-n00569">
        <link targets="seg-r508"/>
    </node>
    <a label="tok" ref="ptb-n00569" as="PTB">
        <fs>
            <f name="msd" value="PRP$"/>
        </fs>
    </a>
    <node xml:id="ptb-n00570">
        <link targets="seg-r510"/>
    </node>
    <a label="tok" ref="ptb-n00570" as="PTB">
        <fs>
            <f name="msd" value="NNS"/>
        </fs>
    </a>
    <node xml:id="ptb-n00572">
        <link targets="seg-r512"/>
    </node>
    <a label="tok" ref="ptb-n00572" as="PTB">
        <fs>
            <f name="msd" value="IN"/>
        </fs>
    </a>
    <node xml:id="ptb-n00574">
        <link targets="seg-r514"/>
    </node>
    <a label="tok" ref="ptb-n00574" as="PTB">
        <fs>
            <f name="msd" value="PDT"/>
        </fs>
    </a>
    <node xml:id="ptb-n00575">
        <link targets="seg-r516"/>
    </node>
    <a label="tok" ref="ptb-n00575" as="PTB">
        <fs>
            <f name="msd" value="DT"/>
        </fs>
    </a>
    <node xml:id="ptb-n00576">
        <link targets="seg-r518"/>
    </node>
    <a label="tok" ref="ptb-n00576" as="PTB">
        <fs>
            <f name="msd" value="JJ"/>
        </fs>
    </a>
    <node xml:id="ptb-n00577">
        <link targets="seg-r520"/>
    </node>
    <a label="tok" ref="ptb-n00577" as="PTB">
        <fs>
            <f name="msd" value="NN"/>
        </fs>
    </a>
    <node xml:id="ptb-n00580">
        <link targets="seg-r522"/>
    </node>
    <a label="tok" ref="ptb-n00580" as="PTB">
        <fs>
            <f name="msd" value="DT"/>
        </fs>
    </a>
    <node xml:id="ptb-n00581">
        <link targets="seg-r524"/>
    </node>
    <a label="tok" ref="ptb-n00581" as="PTB">
        <fs>
            <f name="msd" value="NN"/>
        </fs>
    </a>
    <node xml:id="ptb-n00582">
        <link targets="seg-r526"/>
    </node>
    <a label="tok" ref="ptb-n00582" as="PTB">
        <fs>
            <f name="msd" value="RB"/>
        </fs>
    </a>
    <node xml:id="ptb-n00583">
        <link targets="seg-r527"/>
    </node>
    <a label="tok" ref="ptb-n00583" as="PTB">
        <fs>
            <f name="msd" value="."/>
        </fs>
    </a>
    <node xml:id="ptb-n00586">
        <link targets="seg-r529"/>
    </node>
    <a label="tok" ref="ptb-n00586" as="PTB">
        <fs>
            <f name="msd" value="LS"/>
        </fs>
    </a>
    <node xml:id="ptb-n00587">
        <link targets="seg-r530"/>
    </node>
    <a label="tok" ref="ptb-n00587" as="PTB">
        <fs>
            <f name="msd" value=","/>
        </fs>
    </a>
    <node xml:id="ptb-n00590">
        <link targets="seg-r532"/>
    </node>
    <a label="tok" ref="ptb-n00590" as="PTB">
        <fs>
            <f name="msd" value="NN"/>
        </fs>
    </a>
    <node xml:id="ptb-n00594">
        <link targets="seg-r534"/>
    </node>
    <a label="tok" ref="ptb-n00594" as="PTB">
        <fs>
            <f name="msd" value="VBD"/>
        </fs>
    </a>
    <node xml:id="ptb-n00596">
        <link targets="seg-r536"/>
    </node>
    <a label="tok" ref="ptb-n00596" as="PTB">
        <fs>
            <f name="msd" value="VBN"/>
        </fs>
    </a>
    <node xml:id="ptb-n00601">
        <link targets="seg-r538"/>
    </node>
    <a label="tok" ref="ptb-n00601" as="PTB">
        <fs>
            <f name="msd" value="JJ"/>
        </fs>
    </a>
    <node xml:id="ptb-n00603">
        <link targets="seg-r540"/>
    </node>
    <a label="tok" ref="ptb-n00603" as="PTB">
        <fs>
            <f name="msd" value="DT"/>
        </fs>
    </a>
    <node xml:id="ptb-n00604">
        <link targets="seg-r542"/>
    </node>
    <a label="tok" ref="ptb-n00604" as="PTB">
        <fs>
            <f name="msd" value="NN"/>
        </fs>
    </a>
    <node xml:id="ptb-n00606">
        <link targets="seg-r544"/>
    </node>
    <a label="tok" ref="ptb-n00606" as="PTB">
        <fs>
            <f name="msd" value="IN"/>
        </fs>
    </a>
    <node xml:id="ptb-n00610">
        <link targets="seg-r546"/>
    </node>
    <a label="tok" ref="ptb-n00610" as="PTB">
        <fs>
            <f name="msd" value="NN"/>
        </fs>
    </a>
    <node xml:id="ptb-n00611">
        <link targets="seg-r548"/>
    </node>
    <a label="tok" ref="ptb-n00611" as="PTB">
        <fs>
            <f name="msd" value="NNS"/>
        </fs>
    </a>
    <node xml:id="ptb-n00612">
        <link targets="seg-r550"/>
    </node>
    <a label="tok" ref="ptb-n00612" as="PTB">
        <fs>
            <f name="msd" value="CC"/>
        </fs>
    </a>
    <node xml:id="ptb-n00614">
        <link targets="seg-r552"/>
    </node>
    <a label="tok" ref="ptb-n00614" as="PTB">
        <fs>
            <f name="msd" value="NNS"/>
        </fs>
    </a>
    <node xml:id="ptb-n00616">
        <link targets="seg-r554"/>
    </node>
    <a label="tok" ref="ptb-n00616" as="PTB">
        <fs>
            <f name="msd" value="TO"/>
        </fs>
    </a>
    <node xml:id="ptb-n00618">
        <link targets="seg-r556"/>
    </node>
    <a label="tok" ref="ptb-n00618" as="PTB">
        <fs>
            <f name="msd" value="VB"/>
        </fs>
    </a>
    <node xml:id="ptb-n00620">
        <link targets="seg-r558"/>
    </node>
    <a label="tok" ref="ptb-n00620" as="PTB">
        <fs>
            <f name="msd" value="JJ"/>
        </fs>
    </a>
    <node xml:id="ptb-n00621">
        <link targets="seg-r560"/>
    </node>
    <a label="tok" ref="ptb-n00621" as="PTB">
        <fs>
            <f name="msd" value="NN"/>
        </fs>
    </a>
    <node xml:id="ptb-n00622">
        <link targets="seg-r562"/>
    </node>
    <a label="tok" ref="ptb-n00622" as="PTB">
        <fs>
            <f name="msd" value="NN"/>
        </fs>
    </a>
    <node xml:id="ptb-n00624">
        <link targets="seg-r564"/>
    </node>
    <a label="tok" ref="ptb-n00624" as="PTB">
        <fs>
            <f name="msd" value="IN"/>
        </fs>
    </a>
    <node xml:id="ptb-n00626">
        <link targets="seg-r566"/>
    </node>
    <a label="tok" ref="ptb-n00626" as="PTB">
        <fs>
            <f name="msd" value="NNP"/>
        </fs>
    </a>
    <node xml:id="ptb-n00627">
        <link targets="seg-r568"/>
    </node>
    <a label="tok" ref="ptb-n00627" as="PTB">
        <fs>
            <f name="msd" value="NNS"/>
        </fs>
    </a>
    <node xml:id="ptb-n00628">
        <link targets="seg-r569"/>
    </node>
    <a label="tok" ref="ptb-n00628" as="PTB">
        <fs>
            <f name="msd" value="."/>
        </fs>
    </a>
    <node xml:id="ptb-n00631">
        <link targets="seg-r571"/>
    </node>
    <a label="tok" ref="ptb-n00631" as="PTB">
        <fs>
            <f name="msd" value="IN"/>
        </fs>
    </a>
    <node xml:id="ptb-n00633">
        <link targets="seg-r573"/>
    </node>
    <a label="tok" ref="ptb-n00633" as="PTB">
        <fs>
            <f name="msd" value="DT"/>
        </fs>
    </a>
    <node xml:id="ptb-n00634">
        <link targets="seg-r575"/>
    </node>
    <a label="tok" ref="ptb-n00634" as="PTB">
        <fs>
            <f name="msd" value="NN"/>
        </fs>
    </a>
    <node xml:id="ptb-n00635">
        <link targets="seg-r577"/>
    </node>
    <a label="tok" ref="ptb-n00635" as="PTB">
        <fs>
            <f name="msd" value="NN"/>
        </fs>
    </a>
    <node xml:id="ptb-n00636">
        <link targets="seg-r579"/>
    </node>
    <a label="tok" ref="ptb-n00636" as="PTB">
        <fs>
            <f name="msd" value="NN"/>
        </fs>
    </a>
    <node xml:id="ptb-n00637">
        <link targets="seg-r580"/>
    </node>
    <a label="tok" ref="ptb-n00637" as="PTB">
        <fs>
            <f name="msd" value=","/>
        </fs>
    </a>
    <node xml:id="ptb-n00640">
        <link targets="seg-r582"/>
    </node>
    <a label="tok" ref="ptb-n00640" as="PTB">
        <fs>
            <f name="msd" value="PRP"/>
        </fs>
    </a>
    <node xml:id="ptb-n00644">
        <link targets="seg-r584"/>
    </node>
    <a label="tok" ref="ptb-n00644" as="PTB">
        <fs>
            <f name="msd" value="VBD"/>
        </fs>
    </a>
    <node xml:id="ptb-n00646">
        <link targets="seg-r586"/>
    </node>
    <a label="tok" ref="ptb-n00646" as="PTB">
        <fs>
            <f name="msd" value="VBN"/>
        </fs>
    </a>
    <node xml:id="ptb-n00650">
        <link targets="seg-r588"/>
    </node>
    <a label="tok" ref="ptb-n00650" as="PTB">
        <fs>
            <f name="msd" value="IN"/>
        </fs>
    </a>
    <node xml:id="ptb-n00654">
        <link targets="seg-r590"/>
    </node>
    <a label="tok" ref="ptb-n00654" as="PTB">
        <fs>
            <f name="msd" value="DT"/>
        </fs>
    </a>
    <node xml:id="ptb-n00655">
        <link targets="seg-r592"/>
    </node>
    <a label="tok" ref="ptb-n00655" as="PTB">
        <fs>
            <f name="msd" value="JJ"/>
        </fs>
    </a>
    <node xml:id="ptb-n00656">
        <link targets="seg-r594"/>
    </node>
    <a label="tok" ref="ptb-n00656" as="PTB">
        <fs>
            <f name="msd" value="NNS"/>
        </fs>
    </a>
    <node xml:id="ptb-n00658">
        <link targets="seg-r596"/>
    </node>
    <a label="tok" ref="ptb-n00658" as="PTB">
        <fs>
            <f name="msd" value="IN"/>
        </fs>
    </a>
    <node xml:id="ptb-n00660">
        <link targets="seg-r598"/>
    </node>
    <a label="tok" ref="ptb-n00660" as="PTB">
        <fs>
            <f name="msd" value="NN"/>
        </fs>
    </a>
    <node xml:id="ptb-n00662">
        <link targets="seg-r600"/>
    </node>
    <a label="tok" ref="ptb-n00662" as="PTB">
        <fs>
            <f name="msd" value="IN"/>
        </fs>
    </a>
    <node xml:id="ptb-n00664">
        <link targets="seg-r602"/>
    </node>
    <a label="tok" ref="ptb-n00664" as="PTB">
        <fs>
            <f name="msd" value="NN"/>
        </fs>
    </a>
    <node xml:id="ptb-n00665">
        <link targets="seg-r604"/>
    </node>
    <a label="tok" ref="ptb-n00665" as="PTB">
        <fs>
            <f name="msd" value="NNS"/>
        </fs>
    </a>
    <node xml:id="ptb-n00667">
        <link targets="seg-r606"/>
    </node>
    <a label="tok" ref="ptb-n00667" as="PTB">
        <fs>
            <f name="msd" value="VBD"/>
        </fs>
    </a>
    <node xml:id="ptb-n00669">
        <link targets="seg-r608"/>
    </node>
    <a label="tok" ref="ptb-n00669" as="PTB">
        <fs>
            <f name="msd" value="VBG"/>
        </fs>
    </a>
    <node xml:id="ptb-n00670">
        <link targets="seg-r609"/>
    </node>
    <a label="tok" ref="ptb-n00670" as="PTB">
        <fs>
            <f name="msd" value="."/>
        </fs>
    </a>
    <node xml:id="ptb-n00673">
        <link targets="seg-r611"/>
    </node>
    <a label="tok" ref="ptb-n00673" as="PTB">
        <fs>
            <f name="msd" value="DT"/>
        </fs>
    </a>
    <node xml:id="ptb-n00674">
        <link targets="seg-r613"/>
    </node>
    <a label="tok" ref="ptb-n00674" as="PTB">
        <fs>
            <f name="msd" value="NN"/>
        </fs>
    </a>
    <node xml:id="ptb-n00676">
        <link targets="seg-r615"/>
    </node>
    <a label="tok" ref="ptb-n00676" as="PTB">
        <fs>
            <f name="msd" value="VBZ"/>
        </fs>
    </a>
    <node xml:id="ptb-n00678">
        <link targets="seg-r617"/>
    </node>
    <a label="tok" ref="ptb-n00678" as="PTB">
        <fs>
            <f name="msd" value="VBG"/>
        </fs>
    </a>
    <node xml:id="ptb-n00680">
        <link targets="seg-r619"/>
    </node>
    <a label="tok" ref="ptb-n00680" as="PTB">
        <fs>
            <f name="msd" value="VBN"/>
        </fs>
    </a>
    <node xml:id="ptb-n00683">
        <link targets="seg-r620"/>
    </node>
    <a label="tok" ref="ptb-n00683" as="PTB">
        <fs>
            <f name="msd" value="."/>
        </fs>
    </a>
    <node xml:id="ptb-n00686">
        <link targets="seg-r622"/>
    </node>
    <a label="tok" ref="ptb-n00686" as="PTB">
        <fs>
            <f name="msd" value="IN"/>
        </fs>
    </a>
    <node xml:id="ptb-n00689">
        <link targets="seg-r624"/>
    </node>
    <a label="tok" ref="ptb-n00689" as="PTB">
        <fs>
            <f name="msd" value="PRP"/>
        </fs>
    </a>
    <node xml:id="ptb-n00691">
        <link targets="seg-r626"/>
    </node>
    <a label="tok" ref="ptb-n00691" as="PTB">
        <fs>
            <f name="msd" value="VBZ"/>
        </fs>
    </a>
    <node xml:id="ptb-n00693">
        <link targets="seg-r628"/>
    </node>
    <a label="tok" ref="ptb-n00693" as="PTB">
        <fs>
            <f name="msd" value="VBN"/>
        </fs>
    </a>
    <node xml:id="ptb-n00696">
        <link targets="seg-r630"/>
    </node>
    <a label="tok" ref="ptb-n00696" as="PTB">
        <fs>
            <f name="msd" value="DT"/>
        </fs>
    </a>
    <node xml:id="ptb-n00697">
        <link targets="seg-r632"/>
    </node>
    <a label="tok" ref="ptb-n00697" as="PTB">
        <fs>
            <f name="msd" value="JJ"/>
        </fs>
    </a>
    <node xml:id="ptb-n00698">
        <link targets="seg-r634"/>
    </node>
    <a label="tok" ref="ptb-n00698" as="PTB">
        <fs>
            <f name="msd" value="NN"/>
        </fs>
    </a>
    <node xml:id="ptb-n00700">
        <link targets="seg-r636"/>
    </node>
    <a label="tok" ref="ptb-n00700" as="PTB">
        <fs>
            <f name="msd" value="IN"/>
        </fs>
    </a>
    <node xml:id="ptb-n00703">
        <link targets="seg-r638"/>
    </node>
    <a label="tok" ref="ptb-n00703" as="PTB">
        <fs>
            <f name="msd" value="DT"/>
        </fs>
    </a>
    <node xml:id="ptb-n00705">
        <link targets="seg-r640"/>
    </node>
    <a label="tok" ref="ptb-n00705" as="PTB">
        <fs>
            <f name="msd" value="IN"/>
        </fs>
    </a>
    <node xml:id="ptb-n00707">
        <link targets="seg-r642"/>
    </node>
    <a label="tok" ref="ptb-n00707" as="PTB">
        <fs>
            <f name="msd" value="PRP"/>
        </fs>
    </a>
    <node xml:id="ptb-n00708">
        <link targets="seg-r643"/>
    </node>
    <a label="tok" ref="ptb-n00708" as="PTB">
        <fs>
            <f name="msd" value=","/>
        </fs>
    </a>
    <node xml:id="ptb-n00710">
        <link targets="seg-r645"/>
    </node>
    <a label="tok" ref="ptb-n00710" as="PTB">
        <fs>
            <f name="msd" value="NNP"/>
        </fs>
    </a>
    <node xml:id="ptb-n00711">
        <link targets="seg-r646"/>
    </node>
    <a label="tok" ref="ptb-n00711" as="PTB">
        <fs>
            <f name="msd" value=","/>
        </fs>
    </a>
    <node xml:id="ptb-n00712">
        <link targets="seg-r648 seg-r649"/>
    </node>
    <a label="tok" ref="ptb-n00712" as="PTB">
        <fs>
            <f name="msd" value="NNP"/>
        </fs>
    </a>
    <node xml:id="ptb-n00714">
        <link targets="seg-r651"/>
    </node>
    <a label="tok" ref="ptb-n00714" as="PTB">
        <fs>
            <f name="msd" value="MD"/>
        </fs>
    </a>
    <node xml:id="ptb-n00715">
        <link targets="seg-r652"/>
    </node>
    <a label="tok" ref="ptb-n00715" as="PTB">
        <fs>
            <f name="msd" value="RB"/>
        </fs>
    </a>
    <node xml:id="ptb-n00717">
        <link targets="seg-r654"/>
    </node>
    <a label="tok" ref="ptb-n00717" as="PTB">
        <fs>
            <f name="msd" value="VB"/>
        </fs>
    </a>
    <node xml:id="ptb-n00719">
        <link targets="seg-r656"/>
    </node>
    <a label="tok" ref="ptb-n00719" as="PTB">
        <fs>
            <f name="msd" value="PRP$"/>
        </fs>
    </a>
    <node xml:id="ptb-n00720">
        <link targets="seg-r658"/>
    </node>
    <a label="tok" ref="ptb-n00720" as="PTB">
        <fs>
            <f name="msd" value="NN"/>
        </fs>
    </a>
    <node xml:id="ptb-n00722">
        <link targets="seg-r660"/>
    </node>
    <a label="tok" ref="ptb-n00722" as="PTB">
        <fs>
            <f name="msd" value="IN"/>
        </fs>
    </a>
    <node xml:id="ptb-n00725">
        <link targets="seg-r662"/>
    </node>
    <a label="tok" ref="ptb-n00725" as="PTB">
        <fs>
            <f name="msd" value="DT"/>
        </fs>
    </a>
    <node xml:id="ptb-n00726">
        <link targets="seg-r664"/>
    </node>
    <a label="tok" ref="ptb-n00726" as="PTB">
        <fs>
            <f name="msd" value="NN"/>
        </fs>
    </a>
    <node xml:id="ptb-n00728">
        <link targets="seg-r666"/>
    </node>
    <a label="tok" ref="ptb-n00728" as="PTB">
        <fs>
            <f name="msd" value="IN"/>
        </fs>
    </a>
    <node xml:id="ptb-n00731">
        <link targets="seg-r668"/>
    </node>
    <a label="tok" ref="ptb-n00731" as="PTB">
        <fs>
            <f name="msd" value="NNS"/>
        </fs>
    </a>
    <node xml:id="ptb-n00733">
        <link targets="seg-r670"/>
    </node>
    <a label="tok" ref="ptb-n00733" as="PTB">
        <fs>
            <f name="msd" value="IN"/>
        </fs>
    </a>
    <node xml:id="ptb-n00735">
        <link targets="seg-r672"/>
    </node>
    <a label="tok" ref="ptb-n00735" as="PTB">
        <fs>
            <f name="msd" value="NNS"/>
        </fs>
    </a>
    <node xml:id="ptb-n00736">
        <link targets="seg-r673"/>
    </node>
    <a label="tok" ref="ptb-n00736" as="PTB">
        <fs>
            <f name="msd" value="."/>
        </fs>
    </a>
    <node xml:id="ptb-n00739">
        <link targets="seg-r675"/>
    </node>
    <a label="tok" ref="ptb-n00739" as="PTB">
        <fs>
            <f name="msd" value="RB"/>
        </fs>
    </a>
    <node xml:id="ptb-n00740">
        <link targets="seg-r676"/>
    </node>
    <a label="tok" ref="ptb-n00740" as="PTB">
        <fs>
            <f name="msd" value=","/>
        </fs>
    </a>
    <node xml:id="ptb-n00742">
        <link targets="seg-r678"/>
    </node>
    <a label="tok" ref="ptb-n00742" as="PTB">
        <fs>
            <f name="msd" value="PRP"/>
        </fs>
    </a>
    <node xml:id="ptb-n00744">
        <link targets="seg-r680"/>
    </node>
    <a label="tok" ref="ptb-n00744" as="PTB">
        <fs>
            <f name="msd" value="VBP"/>
        </fs>
    </a>
    <node xml:id="ptb-n00747">
        <link targets="seg-r682"/>
    </node>
    <a label="tok" ref="ptb-n00747" as="PTB">
        <fs>
            <f name="msd" value="JJ"/>
        </fs>
    </a>
    <node xml:id="ptb-n00749">
        <link targets="seg-r684"/>
    </node>
    <a label="tok" ref="ptb-n00749" as="PTB">
        <fs>
            <f name="msd" value="IN"/>
        </fs>
    </a>
    <node xml:id="ptb-n00751">
        <link targets="seg-r686"/>
    </node>
    <a label="tok" ref="ptb-n00751" as="PTB">
        <fs>
            <f name="msd" value="PRP$"/>
        </fs>
    </a>
    <node xml:id="ptb-n00753">
        <link targets="seg-r688"/>
    </node>
    <a label="tok" ref="ptb-n00753" as="PTB">
        <fs>
            <f name="msd" value="NN"/>
        </fs>
    </a>
    <node xml:id="ptb-n00754">
        <link targets="seg-r690"/>
    </node>
    <a label="tok" ref="ptb-n00754" as="PTB">
        <fs>
            <f name="msd" value="VBG"/>
        </fs>
    </a>
    <node xml:id="ptb-n00755">
        <link targets="seg-r692"/>
    </node>
    <a label="tok" ref="ptb-n00755" as="PTB">
        <fs>
            <f name="msd" value="NNS"/>
        </fs>
    </a>
    <node xml:id="ptb-n00760">
        <link targets="seg-r694"/>
    </node>
    <a label="tok" ref="ptb-n00760" as="PTB">
        <fs>
            <f name="msd" value="TO"/>
        </fs>
    </a>
    <node xml:id="ptb-n00762">
        <link targets="seg-r696"/>
    </node>
    <a label="tok" ref="ptb-n00762" as="PTB">
        <fs>
            <f name="msd" value="VB"/>
        </fs>
    </a>
    <node xml:id="ptb-n00764">
        <link targets="seg-r698"/>
    </node>
    <a label="tok" ref="ptb-n00764" as="PTB">
        <fs>
            <f name="msd" value="PRP"/>
        </fs>
    </a>
    <node xml:id="ptb-n00766">
        <link targets="seg-r700"/>
    </node>
    <a label="tok" ref="ptb-n00766" as="PTB">
        <fs>
            <f name="msd" value="IN"/>
        </fs>
    </a>
    <node xml:id="ptb-n00768">
        <link targets="seg-r702"/>
    </node>
    <a label="tok" ref="ptb-n00768" as="PTB">
        <fs>
            <f name="msd" value="PRP$"/>
        </fs>
    </a>
    <node xml:id="ptb-n00769">
        <link targets="seg-r704"/>
    </node>
    <a label="tok" ref="ptb-n00769" as="PTB">
        <fs>
            <f name="msd" value="NN"/>
        </fs>
    </a>
    <node xml:id="ptb-n00774">
        <link targets="seg-r706"/>
    </node>
    <a label="tok" ref="ptb-n00774" as="PTB">
        <fs>
            <f name="msd" value="TO"/>
        </fs>
    </a>
    <node xml:id="ptb-n00776">
        <link targets="seg-r708"/>
    </node>
    <a label="tok" ref="ptb-n00776" as="PTB">
        <fs>
            <f name="msd" value="VB"/>
        </fs>
    </a>
    <node xml:id="ptb-n00779">
        <link targets="seg-r710"/>
    </node>
    <a label="tok" ref="ptb-n00779" as="PTB">
        <fs>
            <f name="msd" value="JJ"/>
        </fs>
    </a>
    <node xml:id="ptb-n00780">
        <link targets="seg-r712"/>
    </node>
    <a label="tok" ref="ptb-n00780" as="PTB">
        <fs>
            <f name="msd" value="NNS"/>
        </fs>
    </a>
    <node xml:id="ptb-n00782">
        <link targets="seg-r714"/>
    </node>
    <a label="tok" ref="ptb-n00782" as="PTB">
        <fs>
            <f name="msd" value="VB"/>
        </fs>
    </a>
    <node xml:id="ptb-n00784">
        <link targets="seg-r716"/>
    </node>
    <a label="tok" ref="ptb-n00784" as="PTB">
        <fs>
            <f name="msd" value="RP"/>
        </fs>
    </a>
    <node xml:id="ptb-n00786">
        <link targets="seg-r718"/>
    </node>
    <a label="tok" ref="ptb-n00786" as="PTB">
        <fs>
            <f name="msd" value="RB"/>
        </fs>
    </a>
    <node xml:id="ptb-n00788">
        <link targets="seg-r720"/>
    </node>
    <a label="tok" ref="ptb-n00788" as="PTB">
        <fs>
            <f name="msd" value="IN"/>
        </fs>
    </a>
    <node xml:id="ptb-n00790">
        <link targets="seg-r722"/>
    </node>
    <a label="tok" ref="ptb-n00790" as="PTB">
        <fs>
            <f name="msd" value="NNP"/>
        </fs>
    </a>
    <node xml:id="ptb-n00791">
        <link targets="seg-r723"/>
    </node>
    <a label="tok" ref="ptb-n00791" as="PTB">
        <fs>
            <f name="msd" value="."/>
        </fs>
    </a>
    <node xml:id="ptb-n00794">
        <link targets="seg-r725"/>
    </node>
    <a label="tok" ref="ptb-n00794" as="PTB">
        <fs>
            <f name="msd" value="VBN"/>
        </fs>
    </a>
    <node xml:id="ptb-n00798">
        <link targets="seg-r727"/>
    </node>
    <a label="tok" ref="ptb-n00798" as="PTB">
        <fs>
            <f name="msd" value="VBZ"/>
        </fs>
    </a>
    <node xml:id="ptb-n00803">
        <link targets="seg-r729"/>
    </node>
    <a label="tok" ref="ptb-n00803" as="PTB">
        <fs>
            <f name="msd" value="DT"/>
        </fs>
    </a>
    <node xml:id="ptb-n00804">
        <link targets="seg-r731"/>
    </node>
    <a label="tok" ref="ptb-n00804" as="PTB">
        <fs>
            <f name="msd" value="NN"/>
        </fs>
    </a>
    <node xml:id="ptb-n00805">
        <link targets="seg-r733"/>
    </node>
    <a label="tok" ref="ptb-n00805" as="PTB">
        <fs>
            <f name="msd" value="NN"/>
        </fs>
    </a>
    <node xml:id="ptb-n00808">
        <link targets="seg-r735"/>
    </node>
    <a label="tok" ref="ptb-n00808" as="PTB">
        <fs>
            <f name="msd" value="WDT"/>
        </fs>
    </a>
    <node xml:id="ptb-n00813">
        <link targets="seg-r737"/>
    </node>
    <a label="tok" ref="ptb-n00813" as="PTB">
        <fs>
            <f name="msd" value="MD"/>
        </fs>
    </a>
    <node xml:id="ptb-n00815">
        <link targets="seg-r739"/>
    </node>
    <a label="tok" ref="ptb-n00815" as="PTB">
        <fs>
            <f name="msd" value="VB"/>
        </fs>
    </a>
    <node xml:id="ptb-n00818">
        <link targets="seg-r741"/>
    </node>
    <a label="tok" ref="ptb-n00818" as="PTB">
        <fs>
            <f name="msd" value="PRP"/>
        </fs>
    </a>
    <node xml:id="ptb-n00820">
        <link targets="seg-r743"/>
    </node>
    <a label="tok" ref="ptb-n00820" as="PTB">
        <fs>
            <f name="msd" value="TO"/>
        </fs>
    </a>
    <node xml:id="ptb-n00822">
        <link targets="seg-r745"/>
    </node>
    <a label="tok" ref="ptb-n00822" as="PTB">
        <fs>
            <f name="msd" value="VB"/>
        </fs>
    </a>
    <node xml:id="ptb-n00825">
        <link targets="seg-r747"/>
    </node>
    <a label="tok" ref="ptb-n00825" as="PTB">
        <fs>
            <f name="msd" value="NNP"/>
        </fs>
    </a>
    <node xml:id="ptb-n00828">
        <link targets="seg-r749"/>
    </node>
    <a label="tok" ref="ptb-n00828" as="PTB">
        <fs>
            <f name="msd" value="DT"/>
        </fs>
    </a>
    <node xml:id="ptb-n00829">
        <link targets="seg-r751"/>
    </node>
    <a label="tok" ref="ptb-n00829" as="PTB">
        <fs>
            <f name="msd" value="JJ"/>
        </fs>
    </a>
    <node xml:id="ptb-n00830">
        <link targets="seg-r753"/>
    </node>
    <a label="tok" ref="ptb-n00830" as="PTB">
        <fs>
            <f name="msd" value="NN"/>
        </fs>
    </a>
    <node xml:id="ptb-n00832">
        <link targets="seg-r755"/>
    </node>
    <a label="tok" ref="ptb-n00832" as="PTB">
        <fs>
            <f name="msd" value="IN"/>
        </fs>
    </a>
    <node xml:id="ptb-n00836">
        <link targets="seg-r757"/>
    </node>
    <a label="tok" ref="ptb-n00836" as="PTB">
        <fs>
            <f name="msd" value="DT"/>
        </fs>
    </a>
    <node xml:id="ptb-n00838">
        <link targets="seg-r759"/>
    </node>
    <a label="tok" ref="ptb-n00838" as="PTB">
        <fs>
            <f name="msd" value="IN"/>
        </fs>
    </a>
    <node xml:id="ptb-n00840">
        <link targets="seg-r761"/>
    </node>
    <a label="tok" ref="ptb-n00840" as="PTB">
        <fs>
            <f name="msd" value="PRP"/>
        </fs>
    </a>
    <node xml:id="ptb-n00842">
        <link targets="seg-r763"/>
    </node>
    <a label="tok" ref="ptb-n00842" as="PTB">
        <fs>
            <f name="msd" value="TO"/>
        </fs>
    </a>
    <node xml:id="ptb-n00844">
        <link targets="seg-r765"/>
    </node>
    <a label="tok" ref="ptb-n00844" as="PTB">
        <fs>
            <f name="msd" value="VB"/>
        </fs>
    </a>
    <node xml:id="ptb-n00845">
        <link targets="seg-r766"/>
    </node>
    <a label="tok" ref="ptb-n00845" as="PTB">
        <fs>
            <f name="msd" value="."/>
        </fs>
    </a>
    <node xml:id="ptb-n00848">
        <link targets="seg-r768"/>
    </node>
    <a label="tok" ref="ptb-n00848" as="PTB">
        <fs>
            <f name="msd" value="IN"/>
        </fs>
    </a>
    <node xml:id="ptb-n00851">
        <link targets="seg-r770"/>
    </node>
    <a label="tok" ref="ptb-n00851" as="PTB">
        <fs>
            <f name="msd" value="PRP"/>
        </fs>
    </a>
    <node xml:id="ptb-n00853">
        <link targets="seg-r772"/>
    </node>
    <a label="tok" ref="ptb-n00853" as="PTB">
        <fs>
            <f name="msd" value="VBP"/>
        </fs>
    </a>
    <node xml:id="ptb-n00855">
        <link targets="seg-r774"/>
    </node>
    <a label="tok" ref="ptb-n00855" as="PTB">
        <fs>
            <f name="msd" value="DT"/>
        </fs>
    </a>
    <node xml:id="ptb-n00856">
        <link targets="seg-r776"/>
    </node>
    <a label="tok" ref="ptb-n00856" as="PTB">
        <fs>
            <f name="msd" value="NNS"/>
        </fs>
    </a>
    <node xml:id="ptb-n00857">
        <link targets="seg-r778"/>
    </node>
    <a label="tok" ref="ptb-n00857" as="PTB">
        <fs>
            <f name="msd" value="CC"/>
        </fs>
    </a>
    <node xml:id="ptb-n00858">
        <link targets="seg-r780"/>
    </node>
    <a label="tok" ref="ptb-n00858" as="PTB">
        <fs>
            <f name="msd" value="NNS"/>
        </fs>
    </a>
    <node xml:id="ptb-n00860">
        <link targets="seg-r782"/>
    </node>
    <a label="tok" ref="ptb-n00860" as="PTB">
        <fs>
            <f name="msd" value="IN"/>
        </fs>
    </a>
    <node xml:id="ptb-n00862">
        <link targets="seg-r784"/>
    </node>
    <a label="tok" ref="ptb-n00862" as="PTB">
        <fs>
            <f name="msd" value="DT"/>
        </fs>
    </a>
    <node xml:id="ptb-n00863">
        <link targets="seg-r786"/>
    </node>
    <a label="tok" ref="ptb-n00863" as="PTB">
        <fs>
            <f name="msd" value="NN"/>
        </fs>
    </a>
    <node xml:id="ptb-n00864">
        <link targets="seg-r787"/>
    </node>
    <a label="tok" ref="ptb-n00864" as="PTB">
        <fs>
            <f name="msd" value=","/>
        </fs>
    </a>
    <node xml:id="ptb-n00866">
        <link targets="seg-r789"/>
    </node>
    <a label="tok" ref="ptb-n00866" as="PTB">
        <fs>
            <f name="msd" value="UH"/>
        </fs>
    </a>
    <node xml:id="ptb-n00870">
        <link targets="seg-r791"/>
    </node>
    <a label="tok" ref="ptb-n00870" as="PTB">
        <fs>
            <f name="msd" value="VB"/>
        </fs>
    </a>
    <node xml:id="ptb-n00871">
        <link targets="seg-r793"/>
    </node>
    <a label="tok" ref="ptb-n00871" as="PTB">
        <fs>
            <f name="msd" value="RB"/>
        </fs>
    </a>
    <node xml:id="ptb-n00873">
        <link targets="seg-r795"/>
    </node>
    <a label="tok" ref="ptb-n00873" as="PTB">
        <fs>
            <f name="msd" value="VB"/>
        </fs>
    </a>
    <node xml:id="ptb-n00880">
        <link targets="seg-r797"/>
    </node>
    <a label="tok" ref="ptb-n00880" as="PTB">
        <fs>
            <f name="msd" value="TO"/>
        </fs>
    </a>
    <node xml:id="ptb-n00882">
        <link targets="seg-r799"/>
    </node>
    <a label="tok" ref="ptb-n00882" as="PTB">
        <fs>
            <f name="msd" value="VB"/>
        </fs>
    </a>
    <node xml:id="ptb-n00884">
        <link targets="seg-r801"/>
    </node>
    <a label="tok" ref="ptb-n00884" as="PTB">
        <fs>
            <f name="msd" value="PRP"/>
        </fs>
    </a>
    <node xml:id="ptb-n00886">
        <link targets="seg-r803"/>
    </node>
    <a label="tok" ref="ptb-n00886" as="PTB">
        <fs>
            <f name="msd" value="IN"/>
        </fs>
    </a>
    <node xml:id="ptb-n00888">
        <link targets="seg-r805 seg-r806 seg-r807"/>
    </node>
    <a label="tok" ref="ptb-n00888" as="PTB">
        <fs>
            <f name="msd" value="CD"/>
        </fs>
    </a>
    <node xml:id="ptb-n00889">
        <link targets="seg-r808"/>
    </node>
    <a label="tok" ref="ptb-n00889" as="PTB">
        <fs>
            <f name="msd" value="."/>
        </fs>
    </a>
    <node xml:id="ptb-n00892">
        <link targets="seg-r810"/>
    </node>
    <a label="tok" ref="ptb-n00892" as="PTB">
        <fs>
            <f name="msd" value="RB"/>
        </fs>
    </a>
    <node xml:id="ptb-n00893">
        <link targets="seg-r811"/>
    </node>
    <a label="tok" ref="ptb-n00893" as="PTB">
        <fs>
            <f name="msd" value=","/>
        </fs>
    </a>
    <node xml:id="ptb-n00896">
        <link targets="seg-r813"/>
    </node>
    <a label="tok" ref="ptb-n00896" as="PTB">
        <fs>
            <f name="msd" value="NNP"/>
        </fs>
    </a>
    <node xml:id="ptb-n00897">
        <link targets="seg-r815 seg-r816"/>
    </node>
    <a label="tok" ref="ptb-n00897" as="PTB">
        <fs>
            <f name="msd" value="NNP"/>
        </fs>
    </a>
    <node xml:id="ptb-n00898">
        <link targets="seg-r818"/>
    </node>
    <a label="tok" ref="ptb-n00898" as="PTB">
        <fs>
            <f name="msd" value="NNP"/>
        </fs>
    </a>
    <node xml:id="ptb-n00899">
        <link targets="seg-r819"/>
    </node>
    <a label="tok" ref="ptb-n00899" as="PTB">
        <fs>
            <f name="msd" value=","/>
        </fs>
    </a>
    <node xml:id="ptb-n00902">
        <link targets="seg-r821"/>
    </node>
    <a label="tok" ref="ptb-n00902" as="PTB">
        <fs>
            <f name="msd" value="NNP"/>
        </fs>
    </a>
    <node xml:id="ptb-n00904">
        <link targets="seg-r823"/>
    </node>
    <a label="tok" ref="ptb-n00904" as="PTB">
        <fs>
            <f name="msd" value="NNP"/>
        </fs>
    </a>
    <node xml:id="ptb-n00905">
        <link targets="seg-r824"/>
    </node>
    <a label="tok" ref="ptb-n00905" as="PTB">
        <fs>
            <f name="msd" value=","/>
        </fs>
    </a>
    <node xml:id="ptb-n00906">
        <link targets="seg-r826 seg-r827"/>
    </node>
    <a label="tok" ref="ptb-n00906" as="PTB">
        <fs>
            <f name="msd" value="NNP"/>
        </fs>
    </a>
</graph>
