<?xml version="1.0" encoding="UTF-8"?>
<graph xmlns="http://www.xces.org/ns/GrAF/1.0/">
    <header>
        <tagsDecl>
        </tagsDecl>
    </header>
    <region xml:id="seg-r0" anchors="18 25"/>
    <region xml:id="seg-r2" anchors="26 27"/>
    <region xml:id="seg-r3" anchors="27 28"/>
    <region xml:id="seg-r5" anchors="29 33"/>
    <region xml:id="seg-r7" anchors="40 44"/>
    <region xml:id="seg-r9" anchors="45 52"/>
    <region xml:id="seg-r11" anchors="53 57"/>
    <region xml:id="seg-r12" anchors="57 58"/>
    <region xml:id="seg-r14" anchors="59 61"/>
    <region xml:id="seg-r16" anchors="62 65"/>
    <region xml:id="seg-r18" anchors="72 76"/>
    <region xml:id="seg-r20" anchors="77 81"/>
    <region xml:id="seg-r21" anchors="81 82"/>
    <region xml:id="seg-r23" anchors="89 91"/>
    <region xml:id="seg-r25" anchors="92 95"/>
    <region xml:id="seg-r27" anchors="96 102"/>
    <region xml:id="seg-r29" anchors="103 105"/>
    <region xml:id="seg-r31" anchors="106 110"/>
    <region xml:id="seg-r32" anchors="110 111"/>
    <region xml:id="seg-r34" anchors="112 115"/>
    <region xml:id="seg-r36" anchors="116 122"/>
    <region xml:id="seg-r38" anchors="123 129"/>
    <region xml:id="seg-r40" anchors="130 140"/>
    <region xml:id="seg-r42" anchors="141 143"/>
    <region xml:id="seg-r44" anchors="144 149"/>
    <region xml:id="seg-r46" anchors="150 155"/>
    <region xml:id="seg-r48" anchors="162 166"/>
    <region xml:id="seg-r50" anchors="167 170"/>
    <region xml:id="seg-r52" anchors="171 175"/>
    <region xml:id="seg-r54" anchors="176 178"/>
    <region xml:id="seg-r56" anchors="179 188"/>
    <region xml:id="seg-r58" anchors="189 191"/>
    <region xml:id="seg-r60" anchors="192 193"/>
    <region xml:id="seg-r62" anchors="194 195"/>
    <region xml:id="seg-r63" anchors="195 198"/>
    <region xml:id="seg-r65" anchors="199 202"/>
    <region xml:id="seg-r66" anchors="202 203"/>
    <region xml:id="seg-r68" anchors="204 206"/>
    <region xml:id="seg-r70" anchors="207 210"/>
    <region xml:id="seg-r72" anchors="211 218"/>
    <region xml:id="seg-r73" anchors="218 219"/>
    <region xml:id="seg-r75" anchors="220 225"/>
    <region xml:id="seg-r77" anchors="226 229"/>
    <region xml:id="seg-r79" anchors="236 247"/>
    <region xml:id="seg-r81" anchors="248 250"/>
    <region xml:id="seg-r83" anchors="251 253"/>
    <region xml:id="seg-r85" anchors="254 265"/>
    <region xml:id="seg-r86" anchors="265 266"/>
    <region xml:id="seg-r88" anchors="267 281"/>
    <region xml:id="seg-r90" anchors="282 288"/>
    <region xml:id="seg-r91" anchors="288 289"/>
    <region xml:id="seg-r93" anchors="290 298"/>
    <region xml:id="seg-r95" anchors="299 303"/>
    <region xml:id="seg-r97" anchors="304 309"/>
    <region xml:id="seg-r99" anchors="316 326"/>
    <region xml:id="seg-r100" anchors="326 327"/>
    <region xml:id="seg-r102" anchors="328 330"/>
    <region xml:id="seg-r104" anchors="331 339"/>
    <region xml:id="seg-r105" anchors="339 340"/>
    <region xml:id="seg-r107" anchors="341 348"/>
    <region xml:id="seg-r108" anchors="348 349"/>
    <region xml:id="seg-r110" anchors="350 353"/>
    <region xml:id="seg-r112" anchors="354 358"/>
    <region xml:id="seg-r114" anchors="359 366"/>
    <region xml:id="seg-r116" anchors="367 371"/>
    <region xml:id="seg-r118" anchors="372 377"/>
    <region xml:id="seg-r120" anchors="378 380"/>
    <region xml:id="seg-r122" anchors="381 384"/>
    <region xml:id="seg-r124" anchors="385 389"/>
    <region xml:id="seg-r126" anchors="396 403"/>
    <region xml:id="seg-r128" anchors="404 408"/>
    <region xml:id="seg-r130" anchors="409 412"/>
    <region xml:id="seg-r132" anchors="413 422"/>
    <region xml:id="seg-r133" anchors="422 423"/>
    <region xml:id="seg-r135" anchors="424 426"/>
    <region xml:id="seg-r137" anchors="427 432"/>
    <region xml:id="seg-r139" anchors="433 435"/>
    <region xml:id="seg-r141" anchors="436 437"/>
    <region xml:id="seg-r143" anchors="438 446"/>
    <region xml:id="seg-r145" anchors="447 450"/>
    <region xml:id="seg-r147" anchors="451 460"/>
    <region xml:id="seg-r148" anchors="460 461"/>
    <region xml:id="seg-r150" anchors="468 479"/>
    <region xml:id="seg-r151" anchors="479 480"/>
    <region xml:id="seg-r153" anchors="481 484"/>
    <region xml:id="seg-r155" anchors="485 498"/>
    <region xml:id="seg-r157" anchors="499 506"/>
    <region xml:id="seg-r159" anchors="507 515"/>
    <region xml:id="seg-r161" anchors="516 518"/>
    <region xml:id="seg-r163" anchors="519 524"/>
    <region xml:id="seg-r165" anchors="525 527"/>
    <region xml:id="seg-r167" anchors="528 531"/>
    <region xml:id="seg-r169" anchors="538 547"/>
    <region xml:id="seg-r170" anchors="547 548"/>
    <region xml:id="seg-r172" anchors="555 558"/>
    <region xml:id="seg-r174" anchors="559 562"/>
    <region xml:id="seg-r176" anchors="563 567"/>
    <region xml:id="seg-r178" anchors="568 573"/>
    <region xml:id="seg-r180" anchors="574 579"/>
    <region xml:id="seg-r181" anchors="579 580"/>
    <region xml:id="seg-r183" anchors="581 586"/>
    <region xml:id="seg-r185" anchors="587 590"/>
    <region xml:id="seg-r187" anchors="591 595"/>
    <region xml:id="seg-r189" anchors="596 604"/>
    <region xml:id="seg-r191" anchors="605 612"/>
    <region xml:id="seg-r193" anchors="613 615"/>
    <region xml:id="seg-r195" anchors="622 635"/>
    <region xml:id="seg-r197" anchors="636 640"/>
    <region xml:id="seg-r199" anchors="641 649"/>
    <region xml:id="seg-r201" anchors="650 657"/>
    <region xml:id="seg-r203" anchors="658 660"/>
    <region xml:id="seg-r205" anchors="661 672"/>
    <region xml:id="seg-r207" anchors="673 677"/>
    <region xml:id="seg-r209" anchors="678 682"/>
    <region xml:id="seg-r211" anchors="683 689"/>
    <region xml:id="seg-r212" anchors="689 690"/>
    <region xml:id="seg-r214" anchors="697 702"/>
    <region xml:id="seg-r216" anchors="703 710"/>
    <region xml:id="seg-r218" anchors="711 720"/>
    <region xml:id="seg-r219" anchors="720 721"/>
    <region xml:id="seg-r221" anchors="722 727"/>
    <region xml:id="seg-r222" anchors="727 728"/>
    <region xml:id="seg-r224" anchors="729 736"/>
    <region xml:id="seg-r226" anchors="737 743"/>
    <region xml:id="seg-r227" anchors="743 744"/>
    <region xml:id="seg-r229" anchors="745 748"/>
    <region xml:id="seg-r231" anchors="749 759"/>
    <region xml:id="seg-r233" anchors="760 768"/>
    <region xml:id="seg-r235" anchors="775 777"/>
    <region xml:id="seg-r237" anchors="778 782"/>
    <region xml:id="seg-r239" anchors="783 784"/>
    <region xml:id="seg-r241" anchors="785 788"/>
    <region xml:id="seg-r242" anchors="788 789"/>
    <region xml:id="seg-r244" anchors="796 798"/>
    <region xml:id="seg-r246" anchors="799 803"/>
    <region xml:id="seg-r248" anchors="804 807"/>
    <region xml:id="seg-r250" anchors="808 812"/>
    <region xml:id="seg-r252" anchors="813 814"/>
    <region xml:id="seg-r254" anchors="815 821"/>
    <region xml:id="seg-r256" anchors="822 824"/>
    <region xml:id="seg-r258" anchors="825 834"/>
    <region xml:id="seg-r260" anchors="835 840"/>
    <region xml:id="seg-r262" anchors="841 844"/>
    <region xml:id="seg-r264" anchors="845 848"/>
    <region xml:id="seg-r265" anchors="848 849"/>
    <region xml:id="seg-r267" anchors="850 854"/>
    <region xml:id="seg-r269" anchors="855 862"/>
    <region xml:id="seg-r271" anchors="863 866"/>
    <region xml:id="seg-r273" anchors="873 879"/>
    <region xml:id="seg-r275" anchors="880 883"/>
    <region xml:id="seg-r277" anchors="884 888"/>
    <region xml:id="seg-r278" anchors="888 889"/>
    <region xml:id="seg-r280" anchors="890 893"/>
    <region xml:id="seg-r282" anchors="894 899"/>
    <region xml:id="seg-r284" anchors="900 906"/>
    <region xml:id="seg-r286" anchors="907 910"/>
    <region xml:id="seg-r288" anchors="911 915"/>
    <region xml:id="seg-r289" anchors="915 916"/>
    <region xml:id="seg-r291" anchors="917 920"/>
    <region xml:id="seg-r293" anchors="921 924"/>
    <region xml:id="seg-r295" anchors="925 936"/>
    <region xml:id="seg-r297" anchors="937 939"/>
    <region xml:id="seg-r299" anchors="940 943"/>
    <region xml:id="seg-r301" anchors="950 962"/>
    <region xml:id="seg-r303" anchors="963 968"/>
    <region xml:id="seg-r305" anchors="969 977"/>
    <region xml:id="seg-r306" anchors="977 978"/>
    <region xml:id="seg-r308" anchors="979 980"/>
    <region xml:id="seg-r310" anchors="981 990"/>
    <region xml:id="seg-r312" anchors="991 998"/>
    <region xml:id="seg-r314" anchors="999 1002"/>
    <region xml:id="seg-r316" anchors="1003 1004"/>
    <region xml:id="seg-r318" anchors="1005 1010"/>
    <region xml:id="seg-r320" anchors="1011 1020"/>
    <region xml:id="seg-r322" anchors="1027 1030"/>
    <region xml:id="seg-r324" anchors="1031 1039"/>
    <region xml:id="seg-r326" anchors="1040 1053"/>
    <region xml:id="seg-r328" anchors="1054 1058"/>
    <region xml:id="seg-r330" anchors="1059 1063"/>
    <region xml:id="seg-r332" anchors="1064 1073"/>
    <region xml:id="seg-r334" anchors="1074 1078"/>
    <region xml:id="seg-r336" anchors="1079 1084"/>
    <region xml:id="seg-r338" anchors="1085 1090"/>
    <region xml:id="seg-r340" anchors="1091 1093"/>
    <region xml:id="seg-r342" anchors="1094 1097"/>
    <region xml:id="seg-r344" anchors="1104 1109"/>
    <region xml:id="seg-r346" anchors="1110 1112"/>
    <region xml:id="seg-r348" anchors="1113 1117"/>
    <region xml:id="seg-r349" anchors="1117 1118"/>
    <region xml:id="seg-r351" anchors="1119 1122"/>
    <region xml:id="seg-r353" anchors="1123 1132"/>
    <region xml:id="seg-r355" anchors="1133 1135"/>
    <region xml:id="seg-r357" anchors="1136 1139"/>
    <region xml:id="seg-r359" anchors="1140 1149"/>
    <region xml:id="seg-r361" anchors="1150 1157"/>
    <region xml:id="seg-r362" anchors="1157 1158"/>
    <region xml:id="seg-r364" anchors="1159 1160"/>
    <region xml:id="seg-r366" anchors="1161 1166"/>
    <region xml:id="seg-r368" anchors="1167 1174"/>
    <region xml:id="seg-r370" anchors="1181 1189"/>
    <region xml:id="seg-r372" anchors="1190 1192"/>
    <region xml:id="seg-r374" anchors="1193 1201"/>
    <region xml:id="seg-r376" anchors="1202 1210"/>
    <region xml:id="seg-r378" anchors="1211 1215"/>
    <region xml:id="seg-r380" anchors="1216 1221"/>
    <region xml:id="seg-r382" anchors="1222 1228"/>
    <region xml:id="seg-r384" anchors="1229 1236"/>
    <region xml:id="seg-r385" anchors="1236 1237"/>
    <region xml:id="seg-r387" anchors="1238 1241"/>
    <region xml:id="seg-r389" anchors="1242 1246"/>
    <region xml:id="seg-r391" anchors="1247 1252"/>
    <region xml:id="seg-r393" anchors="1259 1261"/>
    <region xml:id="seg-r395" anchors="1262 1263"/>
    <region xml:id="seg-r397" anchors="1264 1270"/>
    <region xml:id="seg-r399" anchors="1271 1273"/>
    <region xml:id="seg-r401" anchors="1274 1279"/>
    <region xml:id="seg-r402" anchors="1279 1281"/>
    <region xml:id="seg-r404" anchors="1282 1289"/>
    <region xml:id="seg-r406" anchors="1290 1292"/>
    <region xml:id="seg-r408" anchors="1293 1301"/>
    <region xml:id="seg-r410" anchors="1302 1311"/>
    <region xml:id="seg-r412" anchors="1312 1320"/>
    <region xml:id="seg-r414" anchors="1321 1323"/>
    <region xml:id="seg-r416" anchors="1324 1332"/>
    <region xml:id="seg-r418" anchors="1339 1341"/>
    <region xml:id="seg-r420" anchors="1342 1343"/>
    <region xml:id="seg-r422" anchors="1344 1352"/>
    <region xml:id="seg-r424" anchors="1353 1358"/>
    <region xml:id="seg-r425" anchors="1358 1359"/>
    <region xml:id="seg-r427" anchors="1366 1371"/>
    <region xml:id="seg-r429" anchors="1372 1374"/>
    <region xml:id="seg-r431" anchors="1375 1383"/>
    <region xml:id="seg-r433" anchors="1384 1395"/>
    <region xml:id="seg-r435" anchors="1396 1399"/>
    <region xml:id="seg-r437" anchors="1400 1407"/>
    <region xml:id="seg-r439" anchors="1408 1412"/>
    <region xml:id="seg-r441" anchors="1413 1421"/>
    <region xml:id="seg-r443" anchors="1422 1431"/>
    <region xml:id="seg-r445" anchors="1438 1452"/>
    <region xml:id="seg-r447" anchors="1453 1458"/>
    <region xml:id="seg-r449" anchors="1459 1461"/>
    <region xml:id="seg-r451" anchors="1462 1471"/>
    <region xml:id="seg-r453" anchors="1472 1477"/>
    <region xml:id="seg-r455" anchors="1478 1481"/>
    <region xml:id="seg-r457" anchors="1482 1487"/>
    <region xml:id="seg-r459" anchors="1488 1490"/>
    <region xml:id="seg-r461" anchors="1491 1496"/>
    <region xml:id="seg-r463" anchors="1497 1500"/>
    <region xml:id="seg-r465" anchors="1501 1504"/>
    <region xml:id="seg-r467" anchors="1505 1508"/>
    <region xml:id="seg-r469" anchors="1515 1524"/>
    <region xml:id="seg-r471" anchors="1525 1527"/>
    <region xml:id="seg-r473" anchors="1528 1533"/>
    <region xml:id="seg-r475" anchors="1534 1540"/>
    <region xml:id="seg-r477" anchors="1541 1543"/>
    <region xml:id="seg-r479" anchors="1544 1548"/>
    <region xml:id="seg-r481" anchors="1549 1564"/>
    <region xml:id="seg-r483" anchors="1565 1568"/>
    <region xml:id="seg-r485" anchors="1569 1576"/>
    <region xml:id="seg-r487" anchors="1577 1585"/>
    <region xml:id="seg-r489" anchors="1592 1601"/>
    <region xml:id="seg-r490" anchors="1601 1602"/>
    <region xml:id="seg-r492" anchors="1603 1606"/>
    <region xml:id="seg-r494" anchors="1607 1615"/>
    <region xml:id="seg-r496" anchors="1616 1623"/>
    <region xml:id="seg-r498" anchors="1624 1626"/>
    <region xml:id="seg-r500" anchors="1627 1628"/>
    <region xml:id="seg-r502" anchors="1629 1634"/>
    <region xml:id="seg-r504" anchors="1635 1642"/>
    <region xml:id="seg-r506" anchors="1643 1653"/>
    <region xml:id="seg-r508" anchors="1654 1656"/>
    <region xml:id="seg-r510" anchors="1657 1660"/>
    <region xml:id="seg-r512" anchors="1667 1673"/>
    <region xml:id="seg-r514" anchors="1674 1683"/>
    <region xml:id="seg-r516" anchors="1684 1688"/>
    <region xml:id="seg-r518" anchors="1689 1691"/>
    <region xml:id="seg-r520" anchors="1692 1703"/>
    <region xml:id="seg-r522" anchors="1704 1708"/>
    <region xml:id="seg-r524" anchors="1709 1712"/>
    <region xml:id="seg-r526" anchors="1713 1719"/>
    <region xml:id="seg-r528" anchors="1720 1726"/>
    <region xml:id="seg-r530" anchors="1727 1729"/>
    <region xml:id="seg-r532" anchors="1736 1748"/>
    <region xml:id="seg-r534" anchors="1749 1752"/>
    <region xml:id="seg-r536" anchors="1753 1762"/>
    <region xml:id="seg-r538" anchors="1763 1775"/>
    <region xml:id="seg-r540" anchors="1776 1780"/>
    <region xml:id="seg-r542" anchors="1781 1786"/>
    <region xml:id="seg-r544" anchors="1787 1791"/>
    <region xml:id="seg-r546" anchors="1792 1796"/>
    <region xml:id="seg-r548" anchors="1797 1802"/>
    <region xml:id="seg-r549" anchors="1802 1803"/>
    <region xml:id="seg-r551" anchors="1810 1817"/>
    <region xml:id="seg-r552" anchors="1817 1818"/>
    <region xml:id="seg-r554" anchors="1819 1821"/>
    <region xml:id="seg-r556" anchors="1822 1823"/>
    <region xml:id="seg-r558" anchors="1824 1828"/>
    <region xml:id="seg-r559" anchors="1828 1829"/>
    <region xml:id="seg-r561" anchors="1830 1835"/>
    <region xml:id="seg-r563" anchors="1836 1841"/>
    <region xml:id="seg-r565" anchors="1842 1855"/>
    <region xml:id="seg-r567" anchors="1856 1859"/>
    <region xml:id="seg-r569" anchors="1860 1867"/>
    <region xml:id="seg-r571" anchors="1868 1872"/>
    <region xml:id="seg-r573" anchors="1879 1891"/>
    <region xml:id="seg-r575" anchors="1892 1897"/>
    <region xml:id="seg-r577" anchors="1898 1901"/>
    <region xml:id="seg-r579" anchors="1902 1908"/>
    <region xml:id="seg-r581" anchors="1909 1911"/>
    <region xml:id="seg-r583" anchors="1912 1917"/>
    <region xml:id="seg-r585" anchors="1918 1919"/>
    <region xml:id="seg-r587" anchors="1920 1921"/>
    <region xml:id="seg-r588" anchors="1921 1927"/>
    <region xml:id="seg-r590" anchors="1928 1940"/>
    <region xml:id="seg-r592" anchors="1941 1945"/>
    <region xml:id="seg-r594" anchors="1946 1951"/>
    <region xml:id="seg-r595" anchors="1951 1952"/>
    <region xml:id="seg-r597" anchors="1959 1960"/>
    <region xml:id="seg-r599" anchors="1961 1971"/>
    <region xml:id="seg-r601" anchors="1972 1975"/>
    <region xml:id="seg-r603" anchors="1976 1982"/>
    <region xml:id="seg-r605" anchors="1983 1985"/>
    <region xml:id="seg-r607" anchors="1986 1991"/>
    <region xml:id="seg-r609" anchors="1992 1998"/>
    <region xml:id="seg-r611" anchors="1999 2002"/>
    <region xml:id="seg-r613" anchors="2003 2009"/>
    <region xml:id="seg-r615" anchors="2010 2012"/>
    <region xml:id="seg-r617" anchors="2013 2021"/>
    <region xml:id="seg-r619" anchors="2022 2024"/>
    <region xml:id="seg-r621" anchors="2025 2030"/>
    <region xml:id="seg-r623" anchors="2031 2032"/>
    <region xml:id="seg-r625" anchors="2039 2045"/>
    <region xml:id="seg-r627" anchors="2046 2058"/>
    <region xml:id="seg-r629" anchors="2059 2062"/>
    <region xml:id="seg-r631" anchors="2063 2066"/>
    <region xml:id="seg-r632" anchors="2066 2067"/>
    <region xml:id="seg-r634" anchors="2074 2079"/>
    <region xml:id="seg-r636" anchors="2080 2083"/>
    <region xml:id="seg-r638" anchors="2084 2099"/>
    <region xml:id="seg-r639" anchors="2099 2100"/>
    <region xml:id="seg-r641" anchors="2101 2106"/>
    <region xml:id="seg-r643" anchors="2107 2110"/>
    <region xml:id="seg-r645" anchors="2111 2122"/>
    <region xml:id="seg-r647" anchors="2123 2126"/>
    <region xml:id="seg-r649" anchors="2127 2133"/>
    <region xml:id="seg-r651" anchors="2134 2139"/>
    <region xml:id="seg-r653" anchors="2146 2152"/>
    <region xml:id="seg-r655" anchors="2153 2156"/>
    <region xml:id="seg-r657" anchors="2157 2166"/>
    <region xml:id="seg-r659" anchors="2167 2169"/>
    <region xml:id="seg-r661" anchors="2170 2180"/>
    <region xml:id="seg-r663" anchors="2181 2185"/>
    <region xml:id="seg-r665" anchors="2186 2192"/>
    <region xml:id="seg-r667" anchors="2193 2200"/>
    <region xml:id="seg-r669" anchors="2201 2212"/>
    <region xml:id="seg-r671" anchors="2213 2216"/>
    <region xml:id="seg-r673" anchors="2223 2231"/>
    <region xml:id="seg-r675" anchors="2232 2234"/>
    <region xml:id="seg-r677" anchors="2235 2239"/>
    <region xml:id="seg-r679" anchors="2240 2242"/>
    <region xml:id="seg-r681" anchors="2243 2247"/>
    <region xml:id="seg-r683" anchors="2248 2252"/>
    <region xml:id="seg-r684" anchors="2252 2253"/>
    <region xml:id="seg-r686" anchors="2254 2261"/>
    <region xml:id="seg-r688" anchors="2262 2264"/>
    <region xml:id="seg-r690" anchors="2265 2273"/>
    <region xml:id="seg-r692" anchors="2274 2279"/>
    <region xml:id="seg-r694" anchors="2280 2285"/>
    <region xml:id="seg-r695" anchors="2285 2286"/>
    <region xml:id="seg-r697" anchors="2287 2296"/>
    <region xml:id="seg-r699" anchors="2303 2309"/>
    <region xml:id="seg-r701" anchors="2310 2312"/>
    <region xml:id="seg-r703" anchors="2313 2324"/>
    <region xml:id="seg-r705" anchors="2325 2328"/>
    <region xml:id="seg-r707" anchors="2329 2342"/>
    <region xml:id="seg-r709" anchors="2343 2348"/>
    <region xml:id="seg-r711" anchors="2349 2352"/>
    <region xml:id="seg-r713" anchors="2353 2360"/>
    <region xml:id="seg-r715" anchors="2361 2366"/>
    <region xml:id="seg-r717" anchors="2367 2372"/>
    <region xml:id="seg-r718" anchors="2372 2373"/>
    <region xml:id="seg-r720" anchors="2380 2383"/>
    <region xml:id="seg-r722" anchors="2384 2390"/>
    <region xml:id="seg-r724" anchors="2391 2397"/>
    <region xml:id="seg-r726" anchors="2398 2411"/>
    <region xml:id="seg-r728" anchors="2412 2421"/>
    <region xml:id="seg-r729" anchors="2421 2422"/>
    <region xml:id="seg-r731" anchors="2423 2428"/>
    <region xml:id="seg-r733" anchors="2429 2432"/>
    <region xml:id="seg-r735" anchors="2433 2437"/>
    <region xml:id="seg-r737" anchors="2438 2441"/>
    <region xml:id="seg-r739" anchors="2442 2450"/>
    <region xml:id="seg-r740" anchors="2450 2451"/>
    <region xml:id="seg-r742" anchors="2458 2461"/>
    <region xml:id="seg-r744" anchors="2462 2466"/>
    <region xml:id="seg-r746" anchors="2467 2472"/>
    <region xml:id="seg-r748" anchors="2473 2475"/>
    <region xml:id="seg-r750" anchors="2476 2482"/>
    <region xml:id="seg-r752" anchors="2483 2489"/>
    <region xml:id="seg-r753" anchors="2489 2491"/>
    <region xml:id="seg-r755" anchors="2492 2497"/>
    <region xml:id="seg-r757" anchors="2498 2504"/>
    <region xml:id="seg-r758" anchors="2504 2505"/>
    <region xml:id="seg-r760" anchors="2512 2517"/>
    <region xml:id="seg-r762" anchors="2518 2525"/>
    <region xml:id="seg-r764" anchors="2526 2529"/>
    <region xml:id="seg-r766" anchors="2530 2537"/>
    <region xml:id="seg-r768" anchors="2538 2540"/>
    <region xml:id="seg-r770" anchors="2541 2544"/>
    <region xml:id="seg-r772" anchors="2545 2546"/>
    <region xml:id="seg-r773" anchors="2546 2547"/>
    <region xml:id="seg-r775" anchors="2548 2555"/>
    <region xml:id="seg-r777" anchors="2556 2566"/>
    <region xml:id="seg-r779" anchors="2567 2569"/>
    <region xml:id="seg-r781" anchors="2570 2573"/>
    <region xml:id="seg-r783" anchors="2574 2580"/>
    <region xml:id="seg-r785" anchors="2587 2589"/>
    <region xml:id="seg-r787" anchors="2590 2591"/>
    <region xml:id="seg-r788" anchors="2591 2593"/>
    <region xml:id="seg-r789" anchors="2593 2594"/>
    <region xml:id="seg-r790" anchors="2594 2597"/>
    <region xml:id="seg-r791" anchors="2597 2598"/>
    <region xml:id="seg-r792" anchors="2598 2600"/>
    <region xml:id="seg-r794" anchors="2601 2603"/>
    <region xml:id="seg-r796" anchors="2604 2611"/>
    <region xml:id="seg-r798" anchors="2612 2616"/>
    <region xml:id="seg-r800" anchors="2617 2627"/>
    <region xml:id="seg-r802" anchors="2628 2630"/>
    <region xml:id="seg-r803" anchors="2630 2631"/>
    <region xml:id="seg-r805" anchors="2638 2639"/>
    <region xml:id="seg-r806" anchors="2639 2640"/>
    <region xml:id="seg-r807" anchors="2640 2641"/>
    <region xml:id="seg-r808" anchors="2641 2642"/>
    <region xml:id="seg-r810" anchors="2643 2646"/>
    <region xml:id="seg-r812" anchors="2647 2660"/>
    <region xml:id="seg-r814" anchors="2661 2663"/>
    <region xml:id="seg-r816" anchors="2664 2669"/>
    <region xml:id="seg-r818" anchors="2670 2680"/>
    <region xml:id="seg-r820" anchors="2681 2689"/>
    <region xml:id="seg-r822" anchors="2690 2693"/>
    <region xml:id="seg-r824" anchors="2694 2699"/>
    <region xml:id="seg-r826" anchors="2706 2717"/>
    <region xml:id="seg-r828" anchors="2718 2725"/>
    <region xml:id="seg-r830" anchors="2726 2728"/>
    <region xml:id="seg-r832" anchors="2729 2732"/>
    <region xml:id="seg-r834" anchors="2733 2745"/>
    <region xml:id="seg-r836" anchors="2746 2751"/>
    <region xml:id="seg-r838" anchors="2752 2754"/>
    <region xml:id="seg-r840" anchors="2755 2760"/>
    <region xml:id="seg-r842" anchors="2761 2763"/>
    <region xml:id="seg-r844" anchors="2770 2782"/>
    <region xml:id="seg-r845" anchors="2782 2783"/>
    <region xml:id="seg-r846" anchors="2783 2788"/>
    <region xml:id="seg-r848" anchors="2789 2794"/>
    <region xml:id="seg-r850" anchors="2795 2803"/>
    <region xml:id="seg-r851" anchors="2803 2804"/>
    <region xml:id="seg-r853" anchors="2805 2806"/>
    <region xml:id="seg-r854" anchors="2806 2807"/>
    <region xml:id="seg-r855" anchors="2807 2808"/>
    <region xml:id="seg-r856" anchors="2808 2809"/>
    <region xml:id="seg-r858" anchors="2810 2813"/>
    <region xml:id="seg-r860" anchors="2814 2823"/>
    <region xml:id="seg-r862" anchors="2824 2826"/>
    <region xml:id="seg-r864" anchors="2827 2832"/>
    <region xml:id="seg-r866" anchors="2833 2843"/>
    <region xml:id="seg-r868" anchors="2850 2863"/>
    <region xml:id="seg-r869" anchors="2863 2864"/>
    <region xml:id="seg-r871" anchors="2865 2866"/>
    <region xml:id="seg-r872" anchors="2866 2867"/>
    <region xml:id="seg-r873" anchors="2867 2868"/>
    <region xml:id="seg-r874" anchors="2868 2869"/>
    <region xml:id="seg-r876" anchors="2870 2873"/>
    <region xml:id="seg-r878" anchors="2874 2886"/>
    <region xml:id="seg-r880" anchors="2887 2889"/>
    <region xml:id="seg-r882" anchors="2890 2897"/>
    <region xml:id="seg-r884" anchors="2898 2909"/>
    <region xml:id="seg-r886" anchors="2910 2919"/>
    <region xml:id="seg-r888" anchors="2926 2935"/>
    <region xml:id="seg-r890" anchors="2936 2939"/>
    <region xml:id="seg-r892" anchors="2940 2949"/>
    <region xml:id="seg-r894" anchors="2950 2955"/>
    <region xml:id="seg-r896" anchors="2956 2963"/>
    <region xml:id="seg-r898" anchors="2964 2972"/>
    <region xml:id="seg-r899" anchors="2972 2973"/>
    <region xml:id="seg-r901" anchors="2980 2981"/>
    <region xml:id="seg-r902" anchors="2981 2982"/>
    <region xml:id="seg-r903" anchors="2982 2983"/>
    <region xml:id="seg-r904" anchors="2983 2984"/>
    <region xml:id="seg-r906" anchors="2985 2988"/>
    <region xml:id="seg-r908" anchors="2989 2998"/>
    <region xml:id="seg-r910" anchors="2999 3001"/>
    <region xml:id="seg-r912" anchors="3002 3011"/>
    <region xml:id="seg-r914" anchors="3012 3022"/>
    <region xml:id="seg-r916" anchors="3023 3026"/>
    <region xml:id="seg-r918" anchors="3027 3035"/>
    <region xml:id="seg-r920" anchors="3036 3038"/>
    <region xml:id="seg-r922" anchors="3045 3058"/>
    <region xml:id="seg-r924" anchors="3059 3064"/>
    <region xml:id="seg-r926" anchors="3065 3069"/>
    <region xml:id="seg-r928" anchors="3070 3078"/>
    <region xml:id="seg-r930" anchors="3079 3084"/>
    <region xml:id="seg-r931" anchors="3084 3085"/>
    <region xml:id="seg-r932" anchors="3085 3090"/>
    <region xml:id="seg-r934" anchors="3091 3104"/>
    <region xml:id="seg-r935" anchors="3104 3105"/>
    <region xml:id="seg-r937" anchors="3112 3113"/>
    <region xml:id="seg-r938" anchors="3113 3114"/>
    <region xml:id="seg-r939" anchors="3114 3115"/>
    <region xml:id="seg-r940" anchors="3115 3116"/>
    <region xml:id="seg-r942" anchors="3117 3120"/>
    <region xml:id="seg-r944" anchors="3121 3132"/>
    <region xml:id="seg-r946" anchors="3133 3135"/>
    <region xml:id="seg-r948" anchors="3136 3145"/>
    <region xml:id="seg-r949" anchors="3145 3146"/>
    <region xml:id="seg-r950" anchors="3146 3150"/>
    <region xml:id="seg-r952" anchors="3151 3159"/>
    <region xml:id="seg-r954" anchors="3160 3163"/>
    <region xml:id="seg-r956" anchors="3164 3167"/>
    <region xml:id="seg-r958" anchors="3168 3176"/>
    <region xml:id="seg-r960" anchors="3183 3189"/>
    <region xml:id="seg-r962" anchors="3190 3192"/>
    <region xml:id="seg-r964" anchors="3193 3196"/>
    <region xml:id="seg-r966" anchors="3197 3203"/>
    <region xml:id="seg-r968" anchors="3204 3210"/>
    <region xml:id="seg-r970" anchors="3211 3216"/>
    <region xml:id="seg-r972" anchors="3217 3223"/>
    <region xml:id="seg-r973" anchors="3223 3224"/>
    <region xml:id="seg-r975" anchors="3231 3233"/>
    <region xml:id="seg-r977" anchors="3234 3237"/>
    <region xml:id="seg-r979" anchors="3238 3242"/>
    <region xml:id="seg-r981" anchors="3243 3250"/>
    <region xml:id="seg-r983" anchors="3251 3256"/>
    <region xml:id="seg-r984" anchors="3256 3257"/>
    <region xml:id="seg-r986" anchors="3258 3261"/>
    <region xml:id="seg-r988" anchors="3262 3270"/>
    <region xml:id="seg-r990" anchors="3271 3274"/>
    <region xml:id="seg-r992" anchors="3275 3284"/>
    <region xml:id="seg-r994" anchors="3285 3294"/>
    <region xml:id="seg-r996" anchors="3295 3298"/>
    <region xml:id="seg-r998" anchors="3305 3315"/>
    <region xml:id="seg-r1000" anchors="3316 3320"/>
    <region xml:id="seg-r1002" anchors="3321 3324"/>
    <region xml:id="seg-r1004" anchors="3325 3333"/>
    <region xml:id="seg-r1006" anchors="3334 3345"/>
    <region xml:id="seg-r1008" anchors="3346 3348"/>
    <region xml:id="seg-r1010" anchors="3349 3354"/>
    <region xml:id="seg-r1012" anchors="3355 3357"/>
    <region xml:id="seg-r1014" anchors="3358 3366"/>
    <region xml:id="seg-r1016" anchors="3367 3374"/>
    <region xml:id="seg-r1018" anchors="3375 3377"/>
    <region xml:id="seg-r1020" anchors="3384 3387"/>
    <region xml:id="seg-r1022" anchors="3388 3399"/>
    <region xml:id="seg-r1024" anchors="3400 3402"/>
    <region xml:id="seg-r1026" anchors="3403 3404"/>
    <region xml:id="seg-r1028" anchors="3405 3414"/>
    <region xml:id="seg-r1030" anchors="3415 3424"/>
    <region xml:id="seg-r1031" anchors="3424 3425"/>
    <region xml:id="seg-r1033" anchors="3426 3431"/>
    <region xml:id="seg-r1035" anchors="3432 3435"/>
    <region xml:id="seg-r1037" anchors="3436 3439"/>
    <region xml:id="seg-r1039" anchors="3440 3449"/>
    <region xml:id="seg-r1041" anchors="3450 3453"/>
    <region xml:id="seg-r1043" anchors="3460 3470"/>
    <region xml:id="seg-r1045" anchors="3471 3473"/>
    <region xml:id="seg-r1047" anchors="3474 3478"/>
    <region xml:id="seg-r1049" anchors="3479 3480"/>
    <region xml:id="seg-r1051" anchors="3481 3487"/>
    <region xml:id="seg-r1053" anchors="3488 3491"/>
    <region xml:id="seg-r1055" anchors="3492 3493"/>
    <region xml:id="seg-r1057" anchors="3494 3501"/>
    <region xml:id="seg-r1059" anchors="3502 3506"/>
    <region xml:id="seg-r1061" anchors="3507 3513"/>
    <region xml:id="seg-r1063" anchors="3527 3531"/>
    <region xml:id="seg-r1065" anchors="3532 3536"/>
    <region xml:id="seg-r1067" anchors="3537 3538"/>
    <region xml:id="seg-r1069" anchors="3539 3543"/>
    <region xml:id="seg-r1071" anchors="3544 3551"/>
    <region xml:id="seg-r1073" anchors="3552 3562"/>
    <region xml:id="seg-r1075" anchors="3563 3565"/>
    <region xml:id="seg-r1077" anchors="3566 3574"/>
    <region xml:id="seg-r1079" anchors="3575 3585"/>
    <region xml:id="seg-r1081" anchors="3586 3589"/>
    <region xml:id="seg-r1083" anchors="3596 3608"/>
    <region xml:id="seg-r1085" anchors="3609 3616"/>
    <region xml:id="seg-r1087" anchors="3617 3619"/>
    <region xml:id="seg-r1089" anchors="3620 3625"/>
    <region xml:id="seg-r1091" anchors="3626 3633"/>
    <region xml:id="seg-r1092" anchors="3633 3634"/>
    <region xml:id="seg-r1094" anchors="3635 3640"/>
    <region xml:id="seg-r1096" anchors="3641 3643"/>
    <region xml:id="seg-r1098" anchors="3644 3648"/>
    <region xml:id="seg-r1100" anchors="3649 3653"/>
    <region xml:id="seg-r1102" anchors="3654 3665"/>
    <region xml:id="seg-r1104" anchors="3672 3679"/>
    <region xml:id="seg-r1105" anchors="3679 3680"/>
    <region xml:id="seg-r1107" anchors="3681 3686"/>
    <region xml:id="seg-r1109" anchors="3687 3694"/>
    <region xml:id="seg-r1111" anchors="3695 3699"/>
    <region xml:id="seg-r1113" anchors="3700 3702"/>
    <region xml:id="seg-r1115" anchors="3703 3705"/>
    <region xml:id="seg-r1117" anchors="3706 3710"/>
    <region xml:id="seg-r1119" anchors="3711 3714"/>
    <region xml:id="seg-r1121" anchors="3715 3717"/>
    <region xml:id="seg-r1123" anchors="3718 3720"/>
    <region xml:id="seg-r1125" anchors="3721 3726"/>
    <region xml:id="seg-r1127" anchors="3727 3731"/>
    <region xml:id="seg-r1129" anchors="3732 3734"/>
    <region xml:id="seg-r1131" anchors="3735 3738"/>
    <region xml:id="seg-r1132" anchors="3738 3741"/>
    <region xml:id="seg-r1134" anchors="3742 3744"/>
    <region xml:id="seg-r1136" anchors="3751 3753"/>
    <region xml:id="seg-r1138" anchors="3754 3759"/>
    <region xml:id="seg-r1139" anchors="3759 3760"/>
    <region xml:id="seg-r1141" anchors="3761 3763"/>
    <region xml:id="seg-r1143" anchors="3764 3768"/>
    <region xml:id="seg-r1145" anchors="3769 3772"/>
    <region xml:id="seg-r1147" anchors="3773 3782"/>
    <region xml:id="seg-r1149" anchors="3783 3790"/>
    <region xml:id="seg-r1151" anchors="3791 3793"/>
    <region xml:id="seg-r1153" anchors="3794 3797"/>
    <region xml:id="seg-r1155" anchors="3798 3808"/>
    <region xml:id="seg-r1157" anchors="3809 3811"/>
    <region xml:id="seg-r1159" anchors="3812 3816"/>
    <region xml:id="seg-r1161" anchors="3817 3819"/>
    <region xml:id="seg-r1163" anchors="3820 3822"/>
    <region xml:id="seg-r1165" anchors="3829 3839"/>
    <region xml:id="seg-r1167" anchors="3840 3842"/>
    <region xml:id="seg-r1169" anchors="3843 3851"/>
    <region xml:id="seg-r1171" anchors="3852 3855"/>
    <region xml:id="seg-r1173" anchors="3856 3866"/>
    <region xml:id="seg-r1175" anchors="3867 3869"/>
    <region xml:id="seg-r1177" anchors="3870 3873"/>
    <region xml:id="seg-r1179" anchors="3874 3883"/>
    <region xml:id="seg-r1181" anchors="3884 3889"/>
    <region xml:id="seg-r1183" anchors="3890 3895"/>
    <region xml:id="seg-r1185" anchors="3896 3902"/>
    <region xml:id="seg-r1187" anchors="3909 3912"/>
    <region xml:id="seg-r1189" anchors="3913 3917"/>
    <region xml:id="seg-r1191" anchors="3918 3921"/>
    <region xml:id="seg-r1193" anchors="3922 3929"/>
    <region xml:id="seg-r1195" anchors="3930 3934"/>
    <region xml:id="seg-r1196" anchors="3934 3935"/>
    <region xml:id="seg-r1198" anchors="3936 3940"/>
    <region xml:id="seg-r1200" anchors="3941 3953"/>
    <region xml:id="seg-r1202" anchors="3954 3958"/>
    <region xml:id="seg-r1204" anchors="3959 3965"/>
    <region xml:id="seg-r1206" anchors="3966 3968"/>
    <region xml:id="seg-r1208" anchors="3969 3971"/>
    <region xml:id="seg-r1210" anchors="3972 3976"/>
    <region xml:id="seg-r1212" anchors="3983 3991"/>
    <region xml:id="seg-r1214" anchors="3992 3995"/>
    <region xml:id="seg-r1216" anchors="3996 4002"/>
    <region xml:id="seg-r1218" anchors="4003 4006"/>
    <region xml:id="seg-r1220" anchors="4007 4011"/>
    <region xml:id="seg-r1222" anchors="4012 4016"/>
    <region xml:id="seg-r1224" anchors="4017 4019"/>
    <region xml:id="seg-r1226" anchors="4020 4024"/>
    <region xml:id="seg-r1228" anchors="4025 4030"/>
    <region xml:id="seg-r1230" anchors="4031 4033"/>
    <region xml:id="seg-r1232" anchors="4034 4040"/>
    <region xml:id="seg-r1234" anchors="4041 4053"/>
    <region xml:id="seg-r1236" anchors="4054 4055"/>
    <region xml:id="seg-r1238" anchors="4062 4066"/>
    <region xml:id="seg-r1240" anchors="4067 4073"/>
    <region xml:id="seg-r1242" anchors="4074 4077"/>
    <region xml:id="seg-r1244" anchors="4078 4081"/>
    <region xml:id="seg-r1246" anchors="4082 4092"/>
    <region xml:id="seg-r1248" anchors="4093 4095"/>
    <region xml:id="seg-r1250" anchors="4096 4101"/>
    <region xml:id="seg-r1252" anchors="4102 4105"/>
    <region xml:id="seg-r1254" anchors="4106 4114"/>
    <region xml:id="seg-r1255" anchors="4114 4115"/>
    <region xml:id="seg-r1257" anchors="4122 4124"/>
    <region xml:id="seg-r1259" anchors="4125 4128"/>
    <region xml:id="seg-r1261" anchors="4129 4133"/>
    <region xml:id="seg-r1263" anchors="4134 4141"/>
    <region xml:id="seg-r1265" anchors="4142 4149"/>
    <region xml:id="seg-r1267" anchors="4150 4152"/>
    <region xml:id="seg-r1269" anchors="4153 4157"/>
    <region xml:id="seg-r1270" anchors="4157 4158"/>
    <region xml:id="seg-r1272" anchors="4159 4161"/>
    <region xml:id="seg-r1274" anchors="4162 4166"/>
    <region xml:id="seg-r1276" anchors="4167 4175"/>
    <region xml:id="seg-r1278" anchors="4176 4179"/>
    <region xml:id="seg-r1280" anchors="4180 4187"/>
    <region xml:id="seg-r1282" anchors="4188 4190"/>
    <region xml:id="seg-r1284" anchors="4197 4202"/>
    <region xml:id="seg-r1286" anchors="4203 4213"/>
    <region xml:id="seg-r1287" anchors="4213 4214"/>
    <region xml:id="seg-r1289" anchors="4215 4226"/>
    <region xml:id="seg-r1290" anchors="4226 4227"/>
    <region xml:id="seg-r1292" anchors="4228 4231"/>
    <region xml:id="seg-r1294" anchors="4232 4244"/>
    <region xml:id="seg-r1296" anchors="4245 4247"/>
    <region xml:id="seg-r1298" anchors="4248 4252"/>
    <region xml:id="seg-r1300" anchors="4253 4255"/>
    <region xml:id="seg-r1302" anchors="4256 4259"/>
    <region xml:id="seg-r1304" anchors="4260 4268"/>
    <region xml:id="seg-r1306" anchors="4275 4284"/>
    <region xml:id="seg-r1308" anchors="4285 4296"/>
    <region xml:id="seg-r1310" anchors="4297 4299"/>
    <region xml:id="seg-r1312" anchors="4300 4310"/>
    <region xml:id="seg-r1314" anchors="4311 4316"/>
    <region xml:id="seg-r1316" anchors="4317 4322"/>
    <region xml:id="seg-r1318" anchors="4323 4330"/>
    <region xml:id="seg-r1319" anchors="4330 4331"/>
    <region xml:id="seg-r1321" anchors="4332 4334"/>
    <region xml:id="seg-r1323" anchors="4335 4342"/>
    <region xml:id="seg-r1325" anchors="4343 4348"/>
    <region xml:id="seg-r1327" anchors="4355 4357"/>
    <region xml:id="seg-r1329" anchors="4358 4360"/>
    <region xml:id="seg-r1331" anchors="4361 4365"/>
    <region xml:id="seg-r1333" anchors="4366 4377"/>
    <region xml:id="seg-r1335" anchors="4378 4382"/>
    <region xml:id="seg-r1337" anchors="4383 4385"/>
    <region xml:id="seg-r1339" anchors="4386 4390"/>
    <region xml:id="seg-r1341" anchors="4391 4392"/>
    <region xml:id="seg-r1343" anchors="4393 4404"/>
    <region xml:id="seg-r1345" anchors="4405 4408"/>
    <region xml:id="seg-r1347" anchors="4409 4422"/>
    <region xml:id="seg-r1349" anchors="4429 4435"/>
    <region xml:id="seg-r1351" anchors="4436 4438"/>
    <region xml:id="seg-r1353" anchors="4439 4450"/>
    <region xml:id="seg-r1355" anchors="4451 4458"/>
    <region xml:id="seg-r1357" anchors="4459 4462"/>
    <region xml:id="seg-r1359" anchors="4463 4471"/>
    <region xml:id="seg-r1361" anchors="4472 4477"/>
    <region xml:id="seg-r1363" anchors="4478 4484"/>
    <region xml:id="seg-r1365" anchors="4485 4487"/>
    <region xml:id="seg-r1367" anchors="4488 4491"/>
    <region xml:id="seg-r1369" anchors="4492 4501"/>
    <region xml:id="seg-r1371" anchors="4508 4510"/>
    <region xml:id="seg-r1373" anchors="4511 4512"/>
    <region xml:id="seg-r1375" anchors="4513 4518"/>
    <region xml:id="seg-r1376" anchors="4518 4519"/>
    <region xml:id="seg-r1378" anchors="4526 4534"/>
    <region xml:id="seg-r1380" anchors="4535 4538"/>
    <region xml:id="seg-r1382" anchors="4539 4541"/>
    <region xml:id="seg-r1384" anchors="4542 4549"/>
    <region xml:id="seg-r1386" anchors="4550 4553"/>
    <region xml:id="seg-r1388" anchors="4554 4558"/>
    <region xml:id="seg-r1390" anchors="4559 4566"/>
    <region xml:id="seg-r1391" anchors="4566 4567"/>
    <region xml:id="seg-r1393" anchors="4568 4570"/>
    <region xml:id="seg-r1395" anchors="4571 4577"/>
    <region xml:id="seg-r1396" anchors="4577 4578"/>
    <region xml:id="seg-r1398" anchors="4585 4594"/>
    <region xml:id="seg-r1399" anchors="4594 4595"/>
    <region xml:id="seg-r1401" anchors="4602 4606"/>
    <region xml:id="seg-r1403" anchors="4607 4608"/>
    <region xml:id="seg-r1404" anchors="4608 4609"/>
    <region xml:id="seg-r1406" anchors="4610 4620"/>
    <region xml:id="seg-r1408" anchors="4621 4627"/>
    <region xml:id="seg-r1410" anchors="4628 4629"/>
    <region xml:id="seg-r1411" anchors="4629 4630"/>
    <region xml:id="seg-r1413" anchors="4631 4635"/>
    <region xml:id="seg-r1415" anchors="4636 4645"/>
    <region xml:id="seg-r1417" anchors="4646 4655"/>
    <region xml:id="seg-r1419" anchors="4662 4666"/>
    <region xml:id="seg-r1421" anchors="4667 4668"/>
    <region xml:id="seg-r1422" anchors="4668 4669"/>
    <region xml:id="seg-r1424" anchors="4670 4677"/>
    <region xml:id="seg-r1426" anchors="4678 4687"/>
    <region xml:id="seg-r1428" anchors="4688 4696"/>
</graph>
