<?xml version="1.0" encoding="UTF-8"?>
<graph xmlns="http://www.xces.org/ns/GrAF/1.0/">
    <header>
        <tagsDecl>
            <tagUsage gi="vchunk" occurs="23"/>
        </tagsDecl>
        <dependencies>
            <dependsOn type="penn"/>
        </dependencies>
        <annotationSets>
            <annotationSet name="xces" type="http://www.xces.org/schema/2003"/>
        </annotationSets>
    </header>
    <node xml:id="n0"/>
    <a label="vchunk" ref="n0" as="xces">
        <fs>
            <f name="voice" value="active"/>
            <f name="tense" value="SimFut"/>
            <f name="type" value="FVG"/>
        </fs>
    </a>
    <node xml:id="n1"/>
    <a label="vchunk" ref="n1" as="xces">
        <fs>
            <f name="voice" value="active"/>
            <f name="tense" value="SimPre"/>
            <f name="type" value="FVG"/>
        </fs>
    </a>
    <node xml:id="n10"/>
    <a label="vchunk" ref="n10" as="xces">
        <fs>
            <f name="voice" value="active"/>
            <f name="tense" value="SimFut"/>
            <f name="type" value="FVG"/>
        </fs>
    </a>
    <node xml:id="n11"/>
    <a label="vchunk" ref="n11" as="xces">
        <fs>
            <f name="voice" value="active"/>
            <f name="tense" value="Pas"/>
            <f name="type" value="PART"/>
        </fs>
    </a>
    <node xml:id="n12"/>
    <a label="vchunk" ref="n12" as="xces">
        <fs>
            <f name="voice" value="active"/>
            <f name="tense" value="SimPre"/>
            <f name="type" value="FVG"/>
        </fs>
    </a>
    <node xml:id="n13"/>
    <a label="vchunk" ref="n13" as="xces">
        <fs>
            <f name="voice" value="active"/>
            <f name="tense" value="SimPre"/>
            <f name="type" value="FVG"/>
        </fs>
    </a>
    <node xml:id="n14"/>
    <a label="vchunk" ref="n14" as="xces">
        <fs>
            <f name="voice" value="active"/>
            <f name="tense" value="SimFut"/>
            <f name="type" value="FVG"/>
        </fs>
    </a>
    <node xml:id="n15"/>
    <a label="vchunk" ref="n15" as="xces">
        <fs>
            <f name="voice" value="none"/>
            <f name="tense" value="Pas"/>
            <f name="type" value="PART"/>
        </fs>
    </a>
    <node xml:id="n16"/>
    <a label="vchunk" ref="n16" as="xces">
        <fs>
            <f name="voice" value="none"/>
            <f name="tense" value="Pas"/>
            <f name="type" value="PART"/>
        </fs>
    </a>
    <node xml:id="n17"/>
    <a label="vchunk" ref="n17" as="xces">
        <fs>
            <f name="voice" value="active"/>
            <f name="tense" value="SimFut"/>
            <f name="type" value="FVG"/>
        </fs>
    </a>
    <node xml:id="n18"/>
    <a label="vchunk" ref="n18" as="xces">
        <fs>
            <f name="voice" value="active"/>
            <f name="tense" value="Inf"/>
            <f name="type" value="NFVG"/>
        </fs>
    </a>
    <node xml:id="n19"/>
    <a label="vchunk" ref="n19" as="xces">
        <fs>
            <f name="voice" value="none"/>
            <f name="tense" value="none"/>
            <f name="type" value="MODAL"/>
        </fs>
    </a>
    <node xml:id="n2"/>
    <a label="vchunk" ref="n2" as="xces">
        <fs>
            <f name="voice" value="active"/>
            <f name="tense" value="SimPre"/>
            <f name="type" value="FVG"/>
        </fs>
    </a>
    <node xml:id="n20"/>
    <a label="vchunk" ref="n20" as="xces">
        <fs>
            <f name="voice" value="active"/>
            <f name="tense" value="SimPre"/>
            <f name="type" value="FVG"/>
        </fs>
    </a>
    <node xml:id="n21"/>
    <a label="vchunk" ref="n21" as="xces">
        <fs>
            <f name="voice" value="active"/>
            <f name="tense" value="Inf"/>
            <f name="type" value="NFVG"/>
        </fs>
    </a>
    <node xml:id="n22"/>
    <a label="vchunk" ref="n22" as="xces">
        <fs>
            <f name="voice" value="active"/>
            <f name="tense" value="Inf"/>
            <f name="type" value="NFVG"/>
        </fs>
    </a>
    <node xml:id="n3"/>
    <a label="vchunk" ref="n3" as="xces">
        <fs>
            <f name="voice" value="passive"/>
            <f name="tense" value="SimPre"/>
            <f name="type" value="FVG"/>
        </fs>
    </a>
    <node xml:id="n4"/>
    <a label="vchunk" ref="n4" as="xces">
        <fs>
            <f name="voice" value="active"/>
            <f name="tense" value="Inf"/>
            <f name="type" value="NFVG"/>
        </fs>
    </a>
    <node xml:id="n5"/>
    <a label="vchunk" ref="n5" as="xces">
        <fs>
            <f name="voice" value="active"/>
            <f name="tense" value="SimPre"/>
            <f name="type" value="FVG"/>
        </fs>
    </a>
    <node xml:id="n6"/>
    <a label="vchunk" ref="n6" as="xces">
        <fs>
            <f name="voice" value="active"/>
            <f name="tense" value="SimPre"/>
            <f name="type" value="FVG"/>
        </fs>
    </a>
    <node xml:id="n7"/>
    <a label="vchunk" ref="n7" as="xces">
        <fs>
            <f name="voice" value="active"/>
            <f name="tense" value="Inf"/>
            <f name="type" value="NFVG"/>
        </fs>
    </a>
    <node xml:id="n8"/>
    <a label="vchunk" ref="n8" as="xces">
        <fs>
            <f name="voice" value="active"/>
            <f name="tense" value="SimFut"/>
            <f name="type" value="FVG"/>
        </fs>
    </a>
    <node xml:id="n9"/>
    <a label="vchunk" ref="n9" as="xces">
        <fs>
            <f name="voice" value="active"/>
            <f name="tense" value="Pre"/>
            <f name="type" value="PART"/>
        </fs>
    </a>
    <edge xml:id="lnk35" from="n6" to="penn-n107"/>
    <edge xml:id="lnk34" from="n6" to="penn-n106"/>
    <edge xml:id="lnk33" from="n6" to="penn-n105"/>
    <edge xml:id="lnk32" from="n5" to="penn-n89"/>
    <edge xml:id="lnk31" from="n4" to="penn-n70"/>
    <edge xml:id="lnk30" from="n4" to="penn-n69"/>
    <edge xml:id="lnk9" from="n14" to="penn-n200"/>
    <edge xml:id="lnk8" from="n13" to="penn-n174"/>
    <edge xml:id="lnk7" from="n12" to="penn-n168"/>
    <edge xml:id="lnk6" from="n11" to="penn-n167"/>
    <edge xml:id="lnk5" from="n10" to="penn-n147"/>
    <edge xml:id="lnk4" from="n10" to="penn-n146"/>
    <edge xml:id="lnk3" from="n10" to="penn-n145"/>
    <edge xml:id="lnk2" from="n1" to="penn-n58"/>
    <edge xml:id="lnk1" from="n0" to="penn-n38"/>
    <edge xml:id="lnk0" from="n0" to="penn-n37"/>
    <edge xml:id="lnk29" from="n3" to="penn-n66"/>
    <edge xml:id="lnk28" from="n3" to="penn-n65"/>
    <edge xml:id="lnk27" from="n22" to="penn-n263"/>
    <edge xml:id="lnk26" from="n21" to="penn-n251"/>
    <edge xml:id="lnk25" from="n21" to="penn-n250"/>
    <edge xml:id="lnk24" from="n21" to="penn-n249"/>
    <edge xml:id="lnk23" from="n21" to="penn-n248"/>
    <edge xml:id="lnk22" from="n20" to="penn-n243"/>
    <edge xml:id="lnk21" from="n2" to="penn-n62"/>
    <edge xml:id="lnk20" from="n19" to="penn-n224"/>
    <edge xml:id="lnk19" from="n19" to="penn-n223"/>
    <edge xml:id="lnk18" from="n19" to="penn-n222"/>
    <edge xml:id="lnk17" from="n19" to="penn-n221"/>
    <edge xml:id="lnk16" from="n18" to="penn-n217"/>
    <edge xml:id="lnk15" from="n18" to="penn-n216"/>
    <edge xml:id="lnk14" from="n17" to="penn-n214"/>
    <edge xml:id="lnk13" from="n17" to="penn-n213"/>
    <edge xml:id="lnk12" from="n16" to="penn-n204"/>
    <edge xml:id="lnk11" from="n15" to="penn-n202"/>
    <edge xml:id="lnk10" from="n14" to="penn-n201"/>
    <edge xml:id="lnk41" from="n9" to="penn-n139"/>
    <edge xml:id="lnk40" from="n8" to="penn-n134"/>
    <edge xml:id="lnk39" from="n8" to="penn-n133"/>
    <edge xml:id="lnk38" from="n7" to="penn-n116"/>
    <edge xml:id="lnk37" from="n7" to="penn-n115"/>
    <edge xml:id="lnk36" from="n7" to="penn-n114"/>
</graph>
