<?xml version="1.0" encoding="UTF-8"?>
<graph xmlns="http://www.xces.org/ns/GrAF/1.0/">
    <header>
        <tagsDecl>
        </tagsDecl>
    </header>
    <region xml:id="seg-r0" anchors="18 22"/>
    <region xml:id="seg-r2" anchors="23 25"/>
    <region xml:id="seg-r3" anchors="25 26"/>
    <region xml:id="seg-r5" anchors="27 31"/>
    <region xml:id="seg-r7" anchors="38 42"/>
    <region xml:id="seg-r9" anchors="49 53"/>
    <region xml:id="seg-r11" anchors="54 56"/>
    <region xml:id="seg-r13" anchors="57 60"/>
    <region xml:id="seg-r15" anchors="61 64"/>
    <region xml:id="seg-r17" anchors="65 66"/>
    <region xml:id="seg-r18" anchors="66 70"/>
    <region xml:id="seg-r20" anchors="71 73"/>
    <region xml:id="seg-r22" anchors="74 77"/>
    <region xml:id="seg-r24" anchors="78 85"/>
    <region xml:id="seg-r25" anchors="85 86"/>
    <region xml:id="seg-r27" anchors="87 89"/>
    <region xml:id="seg-r29" anchors="90 93"/>
    <region xml:id="seg-r31" anchors="94 101"/>
    <region xml:id="seg-r33" anchors="102 103"/>
    <region xml:id="seg-r34" anchors="103 105"/>
    <region xml:id="seg-r35" anchors="105 106"/>
    <region xml:id="seg-r37" anchors="107 109"/>
    <region xml:id="seg-r39" anchors="110 118"/>
    <region xml:id="seg-r40" anchors="118 119"/>
    <region xml:id="seg-r42" anchors="126 134"/>
    <region xml:id="seg-r44" anchors="135 137"/>
    <region xml:id="seg-r45" anchors="137 138"/>
    <region xml:id="seg-r47" anchors="139 143"/>
    <region xml:id="seg-r48" anchors="143 144"/>
    <region xml:id="seg-r50" anchors="145 148"/>
    <region xml:id="seg-r52" anchors="149 150"/>
    <region xml:id="seg-r53" anchors="150 152"/>
    <region xml:id="seg-r55" anchors="153 159"/>
    <region xml:id="seg-r57" anchors="160 163"/>
    <region xml:id="seg-r59" anchors="164 171"/>
    <region xml:id="seg-r61" anchors="172 176"/>
    <region xml:id="seg-r63" anchors="177 184"/>
    <region xml:id="seg-r65" anchors="185 188"/>
    <region xml:id="seg-r67" anchors="189 197"/>
    <region xml:id="seg-r69" anchors="204 215"/>
    <region xml:id="seg-r71" anchors="216 224"/>
    <region xml:id="seg-r73" anchors="225 227"/>
    <region xml:id="seg-r75" anchors="228 231"/>
    <region xml:id="seg-r77" anchors="232 238"/>
    <region xml:id="seg-r79" anchors="239 248"/>
    <region xml:id="seg-r81" anchors="249 255"/>
    <region xml:id="seg-r83" anchors="256 258"/>
    <region xml:id="seg-r85" anchors="259 271"/>
    <region xml:id="seg-r86" anchors="271 272"/>
    <region xml:id="seg-r88" anchors="273 274"/>
    <region xml:id="seg-r90" anchors="281 287"/>
    <region xml:id="seg-r92" anchors="288 291"/>
    <region xml:id="seg-r94" anchors="292 298"/>
    <region xml:id="seg-r95" anchors="298 299"/>
    <region xml:id="seg-r97" anchors="300 307"/>
    <region xml:id="seg-r99" anchors="308 311"/>
    <region xml:id="seg-r101" anchors="312 315"/>
    <region xml:id="seg-r103" anchors="316 318"/>
    <region xml:id="seg-r105" anchors="319 331"/>
    <region xml:id="seg-r107" anchors="332 336"/>
    <region xml:id="seg-r109" anchors="337 342"/>
    <region xml:id="seg-r110" anchors="342 343"/>
    <region xml:id="seg-r112" anchors="344 347"/>
    <region xml:id="seg-r114" anchors="348 351"/>
    <region xml:id="seg-r116" anchors="358 365"/>
    <region xml:id="seg-r118" anchors="366 368"/>
    <region xml:id="seg-r120" anchors="369 375"/>
    <region xml:id="seg-r122" anchors="376 378"/>
    <region xml:id="seg-r124" anchors="379 387"/>
    <region xml:id="seg-r126" anchors="388 392"/>
    <region xml:id="seg-r128" anchors="393 395"/>
    <region xml:id="seg-r130" anchors="396 400"/>
    <region xml:id="seg-r132" anchors="401 409"/>
    <region xml:id="seg-r134" anchors="410 415"/>
    <region xml:id="seg-r136" anchors="416 418"/>
    <region xml:id="seg-r138" anchors="419 427"/>
    <region xml:id="seg-r140" anchors="428 429"/>
    <region xml:id="seg-r142" anchors="436 445"/>
    <region xml:id="seg-r144" anchors="446 453"/>
    <region xml:id="seg-r146" anchors="454 457"/>
    <region xml:id="seg-r148" anchors="458 461"/>
    <region xml:id="seg-r150" anchors="462 469"/>
    <region xml:id="seg-r152" anchors="470 471"/>
    <region xml:id="seg-r153" anchors="471 473"/>
    <region xml:id="seg-r154" anchors="473 474"/>
    <region xml:id="seg-r156" anchors="481 484"/>
    <region xml:id="seg-r158" anchors="485 488"/>
    <region xml:id="seg-r160" anchors="489 494"/>
    <region xml:id="seg-r162" anchors="495 497"/>
    <region xml:id="seg-r164" anchors="498 502"/>
    <region xml:id="seg-r166" anchors="503 510"/>
    <region xml:id="seg-r168" anchors="511 513"/>
    <region xml:id="seg-r170" anchors="514 521"/>
    <region xml:id="seg-r172" anchors="522 526"/>
    <region xml:id="seg-r174" anchors="527 539"/>
    <region xml:id="seg-r176" anchors="540 542"/>
    <region xml:id="seg-r178" anchors="543 544"/>
    <region xml:id="seg-r180" anchors="551 560"/>
    <region xml:id="seg-r182" anchors="561 568"/>
    <region xml:id="seg-r183" anchors="568 569"/>
    <region xml:id="seg-r185" anchors="570 572"/>
    <region xml:id="seg-r187" anchors="573 576"/>
    <region xml:id="seg-r189" anchors="577 584"/>
    <region xml:id="seg-r191" anchors="585 587"/>
    <region xml:id="seg-r193" anchors="588 593"/>
    <region xml:id="seg-r195" anchors="594 606"/>
    <region xml:id="seg-r197" anchors="607 614"/>
    <region xml:id="seg-r199" anchors="621 631"/>
    <region xml:id="seg-r201" anchors="632 635"/>
    <region xml:id="seg-r203" anchors="636 639"/>
    <region xml:id="seg-r205" anchors="640 654"/>
    <region xml:id="seg-r207" anchors="655 661"/>
    <region xml:id="seg-r208" anchors="661 662"/>
    <region xml:id="seg-r210" anchors="663 665"/>
    <region xml:id="seg-r212" anchors="666 667"/>
    <region xml:id="seg-r214" anchors="668 675"/>
    <region xml:id="seg-r215" anchors="675 676"/>
    <region xml:id="seg-r217" anchors="677 680"/>
    <region xml:id="seg-r219" anchors="681 684"/>
    <region xml:id="seg-r221" anchors="685 689"/>
    <region xml:id="seg-r223" anchors="696 702"/>
    <region xml:id="seg-r225" anchors="703 707"/>
    <region xml:id="seg-r227" anchors="708 712"/>
    <region xml:id="seg-r229" anchors="713 714"/>
    <region xml:id="seg-r231" anchors="715 722"/>
    <region xml:id="seg-r233" anchors="723 730"/>
    <region xml:id="seg-r234" anchors="730 731"/>
    <region xml:id="seg-r236" anchors="732 739"/>
    <region xml:id="seg-r238" anchors="740 744"/>
    <region xml:id="seg-r240" anchors="745 749"/>
    <region xml:id="seg-r242" anchors="750 753"/>
    <region xml:id="seg-r244" anchors="754 764"/>
    <region xml:id="seg-r246" anchors="771 783"/>
    <region xml:id="seg-r248" anchors="784 788"/>
    <region xml:id="seg-r250" anchors="789 793"/>
    <region xml:id="seg-r252" anchors="794 801"/>
    <region xml:id="seg-r254" anchors="802 811"/>
    <region xml:id="seg-r255" anchors="811 812"/>
    <region xml:id="seg-r257" anchors="813 822"/>
    <region xml:id="seg-r258" anchors="822 823"/>
    <region xml:id="seg-r260" anchors="824 830"/>
    <region xml:id="seg-r262" anchors="831 834"/>
    <region xml:id="seg-r264" anchors="841 853"/>
    <region xml:id="seg-r266" anchors="854 862"/>
    <region xml:id="seg-r267" anchors="862 863"/>
    <region xml:id="seg-r269" anchors="864 866"/>
    <region xml:id="seg-r271" anchors="867 871"/>
    <region xml:id="seg-r273" anchors="872 874"/>
    <region xml:id="seg-r275" anchors="875 882"/>
    <region xml:id="seg-r277" anchors="883 891"/>
    <region xml:id="seg-r279" anchors="892 898"/>
    <region xml:id="seg-r281" anchors="899 901"/>
    <region xml:id="seg-r283" anchors="902 905"/>
    <region xml:id="seg-r285" anchors="912 921"/>
    <region xml:id="seg-r286" anchors="921 922"/>
    <region xml:id="seg-r288" anchors="929 937"/>
    <region xml:id="seg-r290" anchors="938 940"/>
    <region xml:id="seg-r292" anchors="941 942"/>
    <region xml:id="seg-r294" anchors="943 952"/>
    <region xml:id="seg-r296" anchors="953 964"/>
    <region xml:id="seg-r298" anchors="965 972"/>
    <region xml:id="seg-r300" anchors="973 977"/>
    <region xml:id="seg-r302" anchors="978 986"/>
    <region xml:id="seg-r304" anchors="987 988"/>
    <region xml:id="seg-r306" anchors="989 995"/>
    <region xml:id="seg-r308" anchors="1002 1009"/>
    <region xml:id="seg-r310" anchors="1010 1014"/>
    <region xml:id="seg-r312" anchors="1015 1019"/>
    <region xml:id="seg-r314" anchors="1020 1024"/>
    <region xml:id="seg-r316" anchors="1025 1029"/>
    <region xml:id="seg-r317" anchors="1029 1031"/>
    <region xml:id="seg-r319" anchors="1032 1037"/>
    <region xml:id="seg-r320" anchors="1037 1038"/>
    <region xml:id="seg-r322" anchors="1039 1042"/>
    <region xml:id="seg-r324" anchors="1043 1049"/>
    <region xml:id="seg-r326" anchors="1050 1060"/>
    <region xml:id="seg-r328" anchors="1061 1064"/>
    <region xml:id="seg-r330" anchors="1065 1067"/>
    <region xml:id="seg-r332" anchors="1074 1082"/>
    <region xml:id="seg-r334" anchors="1083 1085"/>
    <region xml:id="seg-r336" anchors="1086 1089"/>
    <region xml:id="seg-r338" anchors="1090 1094"/>
    <region xml:id="seg-r340" anchors="1095 1103"/>
    <region xml:id="seg-r342" anchors="1104 1108"/>
    <region xml:id="seg-r344" anchors="1109 1113"/>
    <region xml:id="seg-r346" anchors="1114 1116"/>
    <region xml:id="seg-r348" anchors="1117 1126"/>
    <region xml:id="seg-r350" anchors="1127 1130"/>
    <region xml:id="seg-r352" anchors="1131 1143"/>
    <region xml:id="seg-r354" anchors="1150 1157"/>
    <region xml:id="seg-r356" anchors="1158 1162"/>
    <region xml:id="seg-r358" anchors="1163 1171"/>
    <region xml:id="seg-r360" anchors="1172 1179"/>
    <region xml:id="seg-r361" anchors="1179 1180"/>
    <region xml:id="seg-r363" anchors="1187 1190"/>
    <region xml:id="seg-r365" anchors="1191 1193"/>
    <region xml:id="seg-r367" anchors="1194 1196"/>
    <region xml:id="seg-r369" anchors="1197 1201"/>
    <region xml:id="seg-r371" anchors="1202 1206"/>
    <region xml:id="seg-r373" anchors="1207 1210"/>
    <region xml:id="seg-r375" anchors="1211 1213"/>
    <region xml:id="seg-r377" anchors="1214 1221"/>
    <region xml:id="seg-r379" anchors="1222 1225"/>
    <region xml:id="seg-r381" anchors="1226 1230"/>
    <region xml:id="seg-r383" anchors="1231 1238"/>
    <region xml:id="seg-r385" anchors="1239 1242"/>
    <region xml:id="seg-r387" anchors="1243 1249"/>
    <region xml:id="seg-r389" anchors="1250 1252"/>
    <region xml:id="seg-r391" anchors="1259 1268"/>
    <region xml:id="seg-r393" anchors="1269 1275"/>
    <region xml:id="seg-r395" anchors="1276 1283"/>
    <region xml:id="seg-r397" anchors="1284 1291"/>
    <region xml:id="seg-r399" anchors="1292 1296"/>
    <region xml:id="seg-r401" anchors="1297 1300"/>
    <region xml:id="seg-r403" anchors="1301 1304"/>
    <region xml:id="seg-r405" anchors="1305 1307"/>
    <region xml:id="seg-r407" anchors="1308 1315"/>
    <region xml:id="seg-r409" anchors="1316 1318"/>
    <region xml:id="seg-r411" anchors="1319 1322"/>
    <region xml:id="seg-r413" anchors="1329 1340"/>
    <region xml:id="seg-r415" anchors="1341 1349"/>
    <region xml:id="seg-r416" anchors="1349 1350"/>
    <region xml:id="seg-r418" anchors="1351 1353"/>
    <region xml:id="seg-r420" anchors="1354 1357"/>
    <region xml:id="seg-r422" anchors="1358 1362"/>
    <region xml:id="seg-r424" anchors="1363 1366"/>
    <region xml:id="seg-r426" anchors="1367 1376"/>
    <region xml:id="seg-r427" anchors="1376 1377"/>
    <region xml:id="seg-r429" anchors="1378 1384"/>
    <region xml:id="seg-r431" anchors="1385 1389"/>
    <region xml:id="seg-r433" anchors="1390 1394"/>
    <region xml:id="seg-r435" anchors="1395 1397"/>
    <region xml:id="seg-r437" anchors="1398 1402"/>
    <region xml:id="seg-r439" anchors="1409 1414"/>
    <region xml:id="seg-r441" anchors="1415 1425"/>
    <region xml:id="seg-r443" anchors="1426 1428"/>
    <region xml:id="seg-r445" anchors="1429 1432"/>
    <region xml:id="seg-r446" anchors="1432 1433"/>
    <region xml:id="seg-r447" anchors="1433 1437"/>
    <region xml:id="seg-r448" anchors="1437 1438"/>
    <region xml:id="seg-r450" anchors="1439 1442"/>
    <region xml:id="seg-r451" anchors="1442 1443"/>
    <region xml:id="seg-r453" anchors="1444 1447"/>
    <region xml:id="seg-r454" anchors="1447 1448"/>
    <region xml:id="seg-r456" anchors="1449 1454"/>
    <region xml:id="seg-r458" anchors="1455 1458"/>
    <region xml:id="seg-r460" anchors="1459 1461"/>
    <region xml:id="seg-r462" anchors="1462 1469"/>
    <region xml:id="seg-r464" anchors="1470 1473"/>
    <region xml:id="seg-r466" anchors="1474 1478"/>
    <region xml:id="seg-r468" anchors="1485 1498"/>
    <region xml:id="seg-r469" anchors="1498 1499"/>
    <region xml:id="seg-r471" anchors="1506 1515"/>
    <region xml:id="seg-r472" anchors="1515 1516"/>
    <region xml:id="seg-r474" anchors="1517 1521"/>
    <region xml:id="seg-r476" anchors="1522 1528"/>
    <region xml:id="seg-r477" anchors="1528 1529"/>
    <region xml:id="seg-r479" anchors="1530 1535"/>
    <region xml:id="seg-r481" anchors="1536 1543"/>
    <region xml:id="seg-r483" anchors="1544 1545"/>
    <region xml:id="seg-r484" anchors="1545 1547"/>
    <region xml:id="seg-r486" anchors="1548 1555"/>
    <region xml:id="seg-r488" anchors="1556 1565"/>
</graph>
