<?xml version="1.0" encoding="UTF-8"?>
<graph xmlns="http://www.xces.org/ns/GrAF/1.0/">
    <header>
        <tagsDecl>
            <tagUsage gi="objective-speech-event" occurs="5"/>
            <tagUsage gi="attitude" occurs="13"/>
            <tagUsage gi="inside" occurs="11"/>
            <tagUsage gi="target" occurs="12"/>
            <tagUsage gi="split" occurs="14"/>
            <tagUsage gi="expressive-subjectivity" occurs="9"/>
            <tagUsage gi="direct-subjective" occurs="14"/>
            <tagUsage gi="agent" occurs="7"/>
        </tagsDecl>
        <annotationSets>
            <annotationSet name="mpqa" type="http://www.cs.pitt.edu/mpqa/"/>
        </annotationSets>
    </header>
    <region xml:id="r10" anchors="18 144"/>
    <region xml:id="r12" anchors="18 18"/>
    <region xml:id="r8" anchors="18 18"/>
    <region xml:id="r6" anchors="18 18"/>
    <region xml:id="r1" anchors="18 18"/>
    <region xml:id="r14" anchors="38 42"/>
    <region xml:id="r16" anchors="49 143"/>
    <region xml:id="r19" anchors="49 49"/>
    <region xml:id="r21" anchors="143 144"/>
    <region xml:id="r23" anchors="145 299"/>
    <region xml:id="r25" anchors="145 145"/>
    <region xml:id="r27" anchors="232 271"/>
    <region xml:id="r29" anchors="298 299"/>
    <region xml:id="r31" anchors="300 474"/>
    <region xml:id="r33" anchors="300 300"/>
    <region xml:id="r35" anchors="308 311"/>
    <region xml:id="r37" anchors="312 342"/>
    <region xml:id="r39" anchors="316 342"/>
    <region xml:id="r41" anchors="348 365"/>
    <region xml:id="r44" anchors="369 415"/>
    <region xml:id="r46" anchors="401 409"/>
    <region xml:id="r49" anchors="410 415"/>
    <region xml:id="r51" anchors="473 474"/>
    <region xml:id="r53" anchors="481 569"/>
    <region xml:id="r55" anchors="481 488"/>
    <region xml:id="r57" anchors="481 481"/>
    <region xml:id="r59" anchors="489 510"/>
    <region xml:id="r61" anchors="498 510"/>
    <region xml:id="r63" anchors="514 568"/>
    <region xml:id="r65" anchors="514 521"/>
    <region xml:id="r67" anchors="568 569"/>
    <region xml:id="r69" anchors="570 662"/>
    <region xml:id="r71" anchors="570 572"/>
    <region xml:id="r73" anchors="570 570"/>
    <region xml:id="r75" anchors="577 584"/>
    <region xml:id="r78" anchors="588 661"/>
    <region xml:id="r80" anchors="661 662"/>
    <region xml:id="r82" anchors="663 922"/>
    <region xml:id="r84" anchors="663 663"/>
    <region xml:id="r86" anchors="677 702"/>
    <region xml:id="r88" anchors="703 730"/>
    <region xml:id="r90" anchors="703 722"/>
    <region xml:id="r92" anchors="723 730"/>
    <region xml:id="r94" anchors="732 739"/>
    <region xml:id="r97" anchors="740 921"/>
    <region xml:id="r99" anchors="875 882"/>
    <region xml:id="r102" anchors="883 898"/>
    <region xml:id="r104" anchors="921 922"/>
    <region xml:id="r106" anchors="929 1180"/>
    <region xml:id="r108" anchors="929 929"/>
    <region xml:id="r110" anchors="1158 1179"/>
    <region xml:id="r112" anchors="1163 1171"/>
    <region xml:id="r115" anchors="1179 1180"/>
    <region xml:id="r117" anchors="1187 1350"/>
    <region xml:id="r119" anchors="1187 1187"/>
    <region xml:id="r121" anchors="1226 1238"/>
    <region xml:id="r123" anchors="1250 1291"/>
    <region xml:id="r125" anchors="1259 1283"/>
    <region xml:id="r127" anchors="1349 1350"/>
    <region xml:id="r129" anchors="1351 1448"/>
    <region xml:id="r131" anchors="1351 1351"/>
    <region xml:id="r133" anchors="1447 1448"/>
    <region xml:id="r135" anchors="1449 1499"/>
    <region xml:id="r137" anchors="1449 1458"/>
    <region xml:id="r140" anchors="1449 1449"/>
    <region xml:id="r142" anchors="1455 1458"/>
    <region xml:id="r144" anchors="1498 1499"/>
    <region xml:id="r146" anchors="1506 1565"/>
    <region xml:id="r148" anchors="1506 1515"/>
    <region xml:id="r151" anchors="1506 1506"/>
    <region xml:id="r153" anchors="1517 1528"/>
    <region xml:id="r157" anchors="1565 1565"/>
    <region xml:id="r155" anchors="1565 1565"/>
    <node xml:id="n0">
        <link targets="r1"/>
    </node>
    <a label="direct-subjective" ref="n0" as="mpqa"/>
    <a label="agent" ref="n0" as="mpqa">
        <fs>
            <f name="id" value="implicit"/>
        </fs>
    </a>
    <a label="expressive-subjectivity" ref="n0" as="mpqa"/>
    <a label="agent" ref="n0" as="mpqa">
        <fs>
            <f name="id" value="w"/>
        </fs>
    </a>
    <node xml:id="n1">
        <link targets="r6"/>
    </node>
    <a label="split" ref="n1" as="mpqa"/>
    <node xml:id="n10">
        <link targets="r25"/>
    </node>
    <a label="objective-speech-event" ref="n10" as="mpqa">
        <fs>
            <f name="implicit" value="true"/>
            <f name="nested-source" value="w"/>
        </fs>
    </a>
    <node xml:id="n11">
        <link targets="r27"/>
    </node>
    <a label="agent" ref="n11" as="mpqa">
        <fs>
            <f name="id" value="jcc"/>
        </fs>
    </a>
    <node xml:id="n12">
        <link targets="r29"/>
    </node>
    <a label="split" ref="n12" as="mpqa"/>
    <node xml:id="n13">
        <link targets="r31"/>
    </node>
    <a label="inside" ref="n13" as="mpqa">
        <fs>
            <f name="nested-source" value="w"/>
        </fs>
    </a>
    <node xml:id="n14">
        <link targets="r33"/>
    </node>
    <a label="direct-subjective" ref="n14" as="mpqa">
        <fs>
            <f name="nested-source" value="w"/>
            <f name="attitude-link" value="becaring,becomepart"/>
            <f name="intensity" value="medium"/>
            <f name="expression-intensity" value="neutral"/>
            <f name="implicit" value="true"/>
        </fs>
    </a>
    <node xml:id="n15">
        <link targets="r35"/>
    </node>
    <a label="target" ref="n15" as="mpqa">
        <fs>
            <f name="id" value="rdr2"/>
        </fs>
    </a>
    <node xml:id="n16">
        <link targets="r37"/>
    </node>
    <a label="attitude" ref="n16" as="mpqa">
        <fs>
            <f name="id" value="becaring"/>
            <f name="target-link" value="rdr2"/>
            <f name="intensity" value="low-medium"/>
            <f name="attitude-type" value="sentiment-pos"/>
        </fs>
    </a>
    <node xml:id="n17">
        <link targets="r39"/>
    </node>
    <a label="expressive-subjectivity" ref="n17" as="mpqa">
        <fs>
            <f name="nested-source" value="w"/>
            <f name="polarity" value="positive"/>
            <f name="intensity" value="medium"/>
        </fs>
    </a>
    <node xml:id="n18">
        <link targets="r41"/>
    </node>
    <a label="direct-subjective" ref="n18" as="mpqa">
        <fs>
            <f name="nested-source" value="w,implicit"/>
            <f name="polarity" value="positive"/>
            <f name="attitude-link" value="invite"/>
            <f name="expression-intensity" value="low"/>
            <f name="intensity" value="low"/>
        </fs>
    </a>
    <a label="attitude" ref="n18" as="mpqa">
        <fs>
            <f name="id" value="invite"/>
            <f name="target-link" value="becomepart"/>
            <f name="intensity" value="low-medium"/>
            <f name="attitude-type" value="sentiment-pos"/>
        </fs>
    </a>
    <node xml:id="n19">
        <link targets="r44"/>
    </node>
    <a label="target" ref="n19" as="mpqa">
        <fs>
            <f name="id" value="becomepart"/>
        </fs>
    </a>
    <node xml:id="n2">
        <link targets="r8"/>
    </node>
    <a label="split" ref="n2" as="mpqa"/>
    <node xml:id="n20">
        <link targets="r46"/>
    </node>
    <a label="attitude" ref="n20" as="mpqa">
        <fs>
            <f name="sarcastic" value=""/>
            <f name="attitude-type" value="sentiment-pos"/>
            <f name="intensity" value="medium-high"/>
            <f name="target-link" value="thisevent"/>
            <f name="id" value="fabulosity"/>
        </fs>
    </a>
    <a label="expressive-subjectivity" ref="n20" as="mpqa">
        <fs>
            <f name="nested-source" value="w"/>
            <f name="polarity" value="positive"/>
            <f name="intensity" value="high"/>
        </fs>
    </a>
    <node xml:id="n21">
        <link targets="r49"/>
    </node>
    <a label="target" ref="n21" as="mpqa">
        <fs>
            <f name="id" value="thisevent"/>
        </fs>
    </a>
    <node xml:id="n22">
        <link targets="r51"/>
    </node>
    <a label="split" ref="n22" as="mpqa"/>
    <node xml:id="n23">
        <link targets="r53"/>
    </node>
    <a label="inside" ref="n23" as="mpqa">
        <fs>
            <f name="nested-source" value="w"/>
        </fs>
    </a>
    <node xml:id="n24">
        <link targets="r55"/>
    </node>
    <a label="agent" ref="n24" as="mpqa">
        <fs>
            <f name="nested-source" value="w,jcc"/>
        </fs>
    </a>
    <node xml:id="n25">
        <link targets="r57"/>
    </node>
    <a label="objective-speech-event" ref="n25" as="mpqa">
        <fs>
            <f name="implicit" value="true"/>
            <f name="nested-source" value="w"/>
        </fs>
    </a>
    <node xml:id="n26">
        <link targets="r59"/>
    </node>
    <a label="attitude" ref="n26" as="mpqa">
        <fs>
            <f name="id" value="wdbepleased"/>
            <f name="intensity" value="medium-high"/>
            <f name="target-link" value="welcomeyou"/>
            <f name="attitude-type" value="sentiment-pos"/>
        </fs>
    </a>
    <node xml:id="n27">
        <link targets="r61"/>
    </node>
    <a label="direct-subjective" ref="n27" as="mpqa">
        <fs>
            <f name="nested-source" value="w,jcc"/>
            <f name="polarity" value="positive"/>
            <f name="attitude-link" value="greatpleasure"/>
            <f name="expression-intensity" value="high"/>
            <f name="intensity" value="high"/>
        </fs>
    </a>
    <node xml:id="n28">
        <link targets="r63"/>
    </node>
    <a label="target" ref="n28" as="mpqa">
        <fs>
            <f name="id" value="welcomeyou"/>
        </fs>
    </a>
    <node xml:id="n29">
        <link targets="r65"/>
    </node>
    <a label="direct-subjective" ref="n29" as="mpqa">
        <fs>
            <f name="nested-source" value="w,jcc"/>
            <f name="polarity" value="positive"/>
            <f name="attitude-link" value=""/>
            <f name="insubstantial" value="c1"/>
            <f name="expression-intensity" value="medium"/>
            <f name="intensity" value="medium"/>
        </fs>
    </a>
    <node xml:id="n3">
        <link targets="r10"/>
    </node>
    <a label="inside" ref="n3" as="mpqa">
        <fs>
            <f name="nested-source" value="w"/>
        </fs>
    </a>
    <node xml:id="n30">
        <link targets="r67"/>
    </node>
    <a label="split" ref="n30" as="mpqa"/>
    <node xml:id="n31">
        <link targets="r69"/>
    </node>
    <a label="inside" ref="n31" as="mpqa">
        <fs>
            <f name="nested-source" value="w"/>
        </fs>
    </a>
    <node xml:id="n32">
        <link targets="r71"/>
    </node>
    <a label="agent" ref="n32" as="mpqa">
        <fs>
            <f name="id" value="w,jcc"/>
        </fs>
    </a>
    <node xml:id="n33">
        <link targets="r73"/>
    </node>
    <a label="objective-speech-event" ref="n33" as="mpqa">
        <fs>
            <f name="implicit" value="true"/>
            <f name="nested-source" value="w"/>
        </fs>
    </a>
    <node xml:id="n34">
        <link targets="r75"/>
    </node>
    <a label="attitude" ref="n34" as="mpqa">
        <fs>
            <f name="id" value="whatwewant"/>
            <f name="target-link" value="build"/>
            <f name="intensity" value="low-medium"/>
            <f name="attitude-type" value="intention-pos"/>
        </fs>
    </a>
    <a label="direct-subjective" ref="n34" as="mpqa">
        <fs>
            <f name="nested-source" value="w,jcc"/>
            <f name="polarity" value=""/>
            <f name="attitude-link" value="whatwewant"/>
            <f name="intensity" value="low"/>
            <f name="expression-intensity" value="low"/>
        </fs>
    </a>
    <node xml:id="n35">
        <link targets="r78"/>
    </node>
    <a label="target" ref="n35" as="mpqa">
        <fs>
            <f name="id" value="build"/>
        </fs>
    </a>
    <node xml:id="n36">
        <link targets="r80"/>
    </node>
    <a label="split" ref="n36" as="mpqa"/>
    <node xml:id="n37">
        <link targets="r82"/>
    </node>
    <a label="inside" ref="n37" as="mpqa">
        <fs>
            <f name="nested-source" value="w"/>
        </fs>
    </a>
    <node xml:id="n38">
        <link targets="r84"/>
    </node>
    <a label="direct-subjective" ref="n38" as="mpqa">
        <fs>
            <f name="nested-source" value="w"/>
            <f name="attitude-link" value="special,goodevents"/>
            <f name="intensity" value="medium"/>
            <f name="expression-intensity" value="neutral"/>
            <f name="implicit" value="true"/>
        </fs>
    </a>
    <node xml:id="n39">
        <link targets="r86"/>
    </node>
    <a label="agent" ref="n39" as="mpqa">
        <fs>
            <f name="id" value="youse"/>
            <f name="nested-source" value="w,youse"/>
        </fs>
    </a>
    <node xml:id="n4">
        <link targets="r12"/>
    </node>
    <a label="objective-speech-event" ref="n4" as="mpqa">
        <fs>
            <f name="implicit" value="true"/>
            <f name="nested-source" value="w"/>
        </fs>
    </a>
    <node xml:id="n40">
        <link targets="r88"/>
    </node>
    <a label="direct-subjective" ref="n40" as="mpqa">
        <fs>
            <f name="nested-source" value="w,youse"/>
            <f name="polarity" value="positive"/>
            <f name="attitude-link" value="enjoy"/>
            <f name="intensity" value="medium"/>
            <f name="expression-intensity" value="medium"/>
        </fs>
    </a>
    <node xml:id="n41">
        <link targets="r90"/>
    </node>
    <a label="attitude" ref="n41" as="mpqa">
        <fs>
            <f name="id" value="enjoy"/>
            <f name="target-link" value="eve"/>
            <f name="intensity" value="medium"/>
            <f name="attitude-type" value="sentiment-pos"/>
        </fs>
    </a>
    <node xml:id="n42">
        <link targets="r92"/>
    </node>
    <a label="target" ref="n42" as="mpqa">
        <fs>
            <f name="id" value="eve"/>
        </fs>
    </a>
    <node xml:id="n43">
        <link targets="r94"/>
    </node>
    <a label="attitude" ref="n43" as="mpqa">
        <fs>
            <f name="id" value="cnawian"/>
            <f name="target-link" value="taxduct"/>
            <f name="intensity" value="low"/>
            <f name="attitude-type" value="other-attitude"/>
        </fs>
    </a>
    <a label="direct-subjective" ref="n43" as="mpqa">
        <fs>
            <f name="expression-intensity" value="neutral"/>
            <f name="intensity" value="low"/>
            <f name="attitude-link" value="cnawian"/>
            <f name="nested-source" value="w,youse"/>
        </fs>
    </a>
    <node xml:id="n44">
        <link targets="r97"/>
    </node>
    <a label="target" ref="n44" as="mpqa">
        <fs>
            <f name="id" value="taxduct"/>
        </fs>
    </a>
    <node xml:id="n45">
        <link targets="r99"/>
    </node>
    <a label="attitude" ref="n45" as="mpqa">
        <fs>
            <f name="id" value="goodevents"/>
            <f name="target-link" value="ce"/>
            <f name="intensity" value="low-medium"/>
            <f name="attitude-type" value="sentiment-pos"/>
        </fs>
    </a>
    <a label="expressive-subjectivity" ref="n45" as="mpqa">
        <fs>
            <f name="nested-source" value="w"/>
            <f name="polarity" value="positive"/>
            <f name="intensity" value="medium"/>
        </fs>
    </a>
    <node xml:id="n46">
        <link targets="r102"/>
    </node>
    <a label="target" ref="n46" as="mpqa">
        <fs>
            <f name="id" value="ce"/>
        </fs>
    </a>
    <node xml:id="n47">
        <link targets="r104"/>
    </node>
    <a label="split" ref="n47" as="mpqa"/>
    <node xml:id="n48">
        <link targets="r106"/>
    </node>
    <a label="inside" ref="n48" as="mpqa">
        <fs>
            <f name="nested-source" value="w"/>
        </fs>
    </a>
    <node xml:id="n49">
        <link targets="r108"/>
    </node>
    <a label="direct-subjective" ref="n49" as="mpqa">
        <fs>
            <f name="expression-intensity" value="neutral"/>
            <f name="annotation-uncertain" value="somewhat-uncertain"/>
            <f name="attitude-link" value="generosity"/>
            <f name="polarity" value=""/>
            <f name="intensity" value="medium"/>
            <f name="implicit" value="true"/>
            <f name="nested-source" value="w"/>
        </fs>
    </a>
    <node xml:id="n5">
        <link targets="r14"/>
    </node>
    <a label="expressive-subjectivity" ref="n5" as="mpqa">
        <fs>
            <f name="nested-source" value="w"/>
            <f name="polarity" value="positive"/>
            <f name="intensity" value="medium"/>
        </fs>
    </a>
    <node xml:id="n50">
        <link targets="r110"/>
    </node>
    <a label="target" ref="n50" as="mpqa">
        <fs>
            <f name="id" value="supp"/>
        </fs>
    </a>
    <node xml:id="n51">
        <link targets="r112"/>
    </node>
    <a label="attitude" ref="n51" as="mpqa">
        <fs>
            <f name="attitude-uncertain" value="somewhat-uncertain"/>
            <f name="attitude-type" value="sentiment-pos"/>
            <f name="intensity" value="medium"/>
            <f name="target-link" value="yoursupport"/>
            <f name="id" value="generosity"/>
        </fs>
    </a>
    <a label="expressive-subjectivity" ref="n51" as="mpqa">
        <fs>
            <f name="intensity" value="medium"/>
            <f name="nested-source-uncertain" value=""/>
            <f name="polarity" value="positive"/>
            <f name="nested-source" value="w"/>
        </fs>
    </a>
    <node xml:id="n52">
        <link targets="r115"/>
    </node>
    <a label="split" ref="n52" as="mpqa"/>
    <node xml:id="n53">
        <link targets="r117"/>
    </node>
    <a label="inside" ref="n53" as="mpqa">
        <fs>
            <f name="nested-source" value="w"/>
        </fs>
    </a>
    <node xml:id="n54">
        <link targets="r119"/>
    </node>
    <a label="direct-subjective" ref="n54" as="mpqa">
        <fs>
            <f name="nested-source" value="w"/>
            <f name="insubstantial" value="c2"/>
            <f name="attitude-link" value="importantpartner"/>
            <f name="intensity" value="medium"/>
            <f name="expression-intensity" value="neutral"/>
            <f name="implicit" value="true"/>
        </fs>
    </a>
    <node xml:id="n55">
        <link targets="r121"/>
    </node>
    <a label="target" ref="n55" as="mpqa">
        <fs>
            <f name="id" value="yourc"/>
        </fs>
    </a>
    <node xml:id="n56">
        <link targets="r123"/>
    </node>
    <a label="attitude" ref="n56" as="mpqa">
        <fs>
            <f name="attitude-uncertain" value="somewhat-uncertain"/>
            <f name="attitude-type" value="sentiment-neg"/>
            <f name="intensity" value="high"/>
            <f name="target-link" value="yourc"/>
            <f name="id" value="importantpartner"/>
        </fs>
    </a>
    <node xml:id="n57">
        <link targets="r125"/>
    </node>
    <a label="expressive-subjectivity" ref="n57" as="mpqa">
        <fs>
            <f name="nested-source" value="w"/>
            <f name="polarity" value="positive"/>
            <f name="intensity" value="medium"/>
        </fs>
    </a>
    <node xml:id="n58">
        <link targets="r127"/>
    </node>
    <a label="split" ref="n58" as="mpqa"/>
    <node xml:id="n59">
        <link targets="r129"/>
    </node>
    <a label="inside" ref="n59" as="mpqa">
        <fs>
            <f name="nested-source" value="w"/>
        </fs>
    </a>
    <node xml:id="n6">
        <link targets="r16"/>
    </node>
    <a label="attitude" ref="n6" as="mpqa">
        <fs>
            <f name="id" value="dojoin"/>
            <f name="target-link" value="joindre"/>
            <f name="intensity" value="low-medium"/>
            <f name="attitude-type" value="sentiment-pos"/>
        </fs>
    </a>
    <a label="target" ref="n6" as="mpqa">
        <fs>
            <f name="id" value="joindre"/>
        </fs>
    </a>
    <node xml:id="n60">
        <link targets="r131"/>
    </node>
    <a label="objective-speech-event" ref="n60" as="mpqa">
        <fs>
            <f name="implicit" value="true"/>
            <f name="nested-source" value="w"/>
        </fs>
    </a>
    <node xml:id="n61">
        <link targets="r133"/>
    </node>
    <a label="split" ref="n61" as="mpqa"/>
    <node xml:id="n62">
        <link targets="r135"/>
    </node>
    <a label="inside" ref="n62" as="mpqa">
        <fs>
            <f name="nested-source" value="w"/>
        </fs>
    </a>
    <node xml:id="n63">
        <link targets="r137"/>
    </node>
    <a label="expressive-subjectivity" ref="n63" as="mpqa">
        <fs>
            <f name="nested-source" value="w"/>
            <f name="polarity" value="positive"/>
            <f name="intensity" value="medium"/>
        </fs>
    </a>
    <a label="attitude" ref="n63" as="mpqa">
        <fs>
            <f name="sarcastic" value=""/>
            <f name="attitude-type" value="sentiment-pos"/>
            <f name="intensity" value="medium"/>
            <f name="target-link" value="recip"/>
            <f name="id" value="thanks"/>
        </fs>
    </a>
    <node xml:id="n64">
        <link targets="r140"/>
    </node>
    <a label="direct-subjective" ref="n64" as="mpqa">
        <fs>
            <f name="nested-source" value="w"/>
            <f name="polarity" value=""/>
            <f name="attitude-link" value="thanks"/>
            <f name="intensity" value="medium"/>
            <f name="expression-intensity" value="neutral"/>
            <f name="implicit" value="true"/>
        </fs>
    </a>
    <node xml:id="n65">
        <link targets="r142"/>
    </node>
    <a label="target" ref="n65" as="mpqa">
        <fs>
            <f name="id" value="recip"/>
        </fs>
    </a>
    <node xml:id="n66">
        <link targets="r144"/>
    </node>
    <a label="split" ref="n66" as="mpqa"/>
    <node xml:id="n67">
        <link targets="r146"/>
    </node>
    <a label="inside" ref="n67" as="mpqa">
        <fs>
            <f name="nested-source" value="w"/>
        </fs>
    </a>
    <node xml:id="n68">
        <link targets="r148"/>
    </node>
    <a label="expressive-subjectivity" ref="n68" as="mpqa">
        <fs>
            <f name="nested-source" value="w"/>
            <f name="polarity" value="positive"/>
            <f name="intensity" value="low"/>
        </fs>
    </a>
    <a label="attitude" ref="n68" as="mpqa">
        <fs>
            <f name="id" value="since"/>
            <f name="target-link" value=""/>
            <f name="intensity" value="low-medium"/>
            <f name="attitude-type" value="sentiment-pos"/>
        </fs>
    </a>
    <node xml:id="n69">
        <link targets="r151"/>
    </node>
    <a label="direct-subjective" ref="n69" as="mpqa">
        <fs>
            <f name="nested-source" value="w"/>
            <f name="attitude-link" value="since"/>
            <f name="expression-intensity" value="neutral"/>
            <f name="intensity" value="low"/>
            <f name="implicit" value="true"/>
        </fs>
    </a>
    <node xml:id="n7">
        <link targets="r19"/>
    </node>
    <a label="direct-subjective" ref="n7" as="mpqa">
        <fs>
            <f name="nested-source" value="w"/>
            <f name="polarity" value=""/>
            <f name="attitude-link" value="dojoin"/>
            <f name="intensity" value="low"/>
            <f name="expression-intensity" value="neutral"/>
            <f name="implicit" value="true"/>
        </fs>
    </a>
    <node xml:id="n70">
        <link targets="r153"/>
    </node>
    <a label="agent" ref="n70" as="mpqa">
        <fs>
            <f name="nested-source" value="w"/>
        </fs>
    </a>
    <node xml:id="n71">
        <link targets="r155"/>
    </node>
    <a label="split" ref="n71" as="mpqa"/>
    <node xml:id="n72">
        <link targets="r157"/>
    </node>
    <a label="split" ref="n72" as="mpqa"/>
    <node xml:id="n8">
        <link targets="r21"/>
    </node>
    <a label="split" ref="n8" as="mpqa"/>
    <node xml:id="n9">
        <link targets="r23"/>
    </node>
    <a label="inside" ref="n9" as="mpqa">
        <fs>
            <f name="nested-source" value="w"/>
        </fs>
    </a>
</graph>
