<?xml version="1.0" encoding="UTF-8"?>
<graph xmlns="http://www.xces.org/ns/GrAF/1.0/">
    <header>
        <tagsDecl>
        </tagsDecl>
    </header>
    <region xml:id="seg-r0" anchors="18 25"/>
    <region xml:id="seg-r2" anchors="26 28"/>
    <region xml:id="seg-r3" anchors="28 29"/>
    <region xml:id="seg-r5" anchors="30 34"/>
    <region xml:id="seg-r7" anchors="41 45"/>
    <region xml:id="seg-r9" anchors="46 50"/>
    <region xml:id="seg-r10" anchors="50 51"/>
    <region xml:id="seg-r12" anchors="58 62"/>
    <region xml:id="seg-r14" anchors="63 65"/>
    <region xml:id="seg-r16" anchors="66 69"/>
    <region xml:id="seg-r18" anchors="70 73"/>
    <region xml:id="seg-r20" anchors="74 75"/>
    <region xml:id="seg-r21" anchors="75 79"/>
    <region xml:id="seg-r23" anchors="80 82"/>
    <region xml:id="seg-r25" anchors="83 86"/>
    <region xml:id="seg-r27" anchors="87 94"/>
    <region xml:id="seg-r28" anchors="94 95"/>
    <region xml:id="seg-r30" anchors="96 98"/>
    <region xml:id="seg-r32" anchors="99 102"/>
    <region xml:id="seg-r34" anchors="103 110"/>
    <region xml:id="seg-r36" anchors="111 112"/>
    <region xml:id="seg-r37" anchors="112 114"/>
    <region xml:id="seg-r38" anchors="114 115"/>
    <region xml:id="seg-r40" anchors="116 118"/>
    <region xml:id="seg-r42" anchors="119 127"/>
    <region xml:id="seg-r43" anchors="127 128"/>
    <region xml:id="seg-r45" anchors="135 143"/>
    <region xml:id="seg-r47" anchors="144 146"/>
    <region xml:id="seg-r48" anchors="146 147"/>
    <region xml:id="seg-r50" anchors="148 152"/>
    <region xml:id="seg-r51" anchors="152 153"/>
    <region xml:id="seg-r53" anchors="154 157"/>
    <region xml:id="seg-r55" anchors="158 159"/>
    <region xml:id="seg-r56" anchors="159 161"/>
    <region xml:id="seg-r58" anchors="162 168"/>
    <region xml:id="seg-r60" anchors="169 172"/>
    <region xml:id="seg-r62" anchors="173 180"/>
    <region xml:id="seg-r64" anchors="181 185"/>
    <region xml:id="seg-r66" anchors="186 193"/>
    <region xml:id="seg-r68" anchors="194 197"/>
    <region xml:id="seg-r70" anchors="198 206"/>
    <region xml:id="seg-r72" anchors="213 224"/>
    <region xml:id="seg-r74" anchors="225 233"/>
    <region xml:id="seg-r76" anchors="234 236"/>
    <region xml:id="seg-r78" anchors="237 240"/>
    <region xml:id="seg-r80" anchors="241 247"/>
    <region xml:id="seg-r82" anchors="248 257"/>
    <region xml:id="seg-r84" anchors="258 264"/>
    <region xml:id="seg-r86" anchors="265 267"/>
    <region xml:id="seg-r88" anchors="268 280"/>
    <region xml:id="seg-r89" anchors="280 281"/>
    <region xml:id="seg-r91" anchors="282 283"/>
    <region xml:id="seg-r93" anchors="290 296"/>
    <region xml:id="seg-r95" anchors="297 300"/>
    <region xml:id="seg-r97" anchors="301 307"/>
    <region xml:id="seg-r98" anchors="307 308"/>
    <region xml:id="seg-r100" anchors="309 316"/>
    <region xml:id="seg-r102" anchors="317 320"/>
    <region xml:id="seg-r104" anchors="321 324"/>
    <region xml:id="seg-r106" anchors="325 327"/>
    <region xml:id="seg-r108" anchors="328 340"/>
    <region xml:id="seg-r110" anchors="341 345"/>
    <region xml:id="seg-r112" anchors="346 351"/>
    <region xml:id="seg-r113" anchors="351 352"/>
    <region xml:id="seg-r115" anchors="353 356"/>
    <region xml:id="seg-r117" anchors="357 360"/>
    <region xml:id="seg-r119" anchors="367 374"/>
    <region xml:id="seg-r121" anchors="375 379"/>
    <region xml:id="seg-r123" anchors="380 385"/>
    <region xml:id="seg-r125" anchors="386 388"/>
    <region xml:id="seg-r127" anchors="389 391"/>
    <region xml:id="seg-r129" anchors="392 394"/>
    <region xml:id="seg-r131" anchors="395 403"/>
    <region xml:id="seg-r133" anchors="404 408"/>
    <region xml:id="seg-r135" anchors="409 411"/>
    <region xml:id="seg-r137" anchors="412 416"/>
    <region xml:id="seg-r139" anchors="417 425"/>
    <region xml:id="seg-r141" anchors="426 431"/>
    <region xml:id="seg-r143" anchors="432 434"/>
    <region xml:id="seg-r145" anchors="435 436"/>
    <region xml:id="seg-r147" anchors="443 452"/>
    <region xml:id="seg-r149" anchors="453 460"/>
    <region xml:id="seg-r151" anchors="461 464"/>
    <region xml:id="seg-r153" anchors="465 468"/>
    <region xml:id="seg-r155" anchors="469 476"/>
    <region xml:id="seg-r157" anchors="477 478"/>
    <region xml:id="seg-r158" anchors="478 480"/>
    <region xml:id="seg-r159" anchors="480 481"/>
    <region xml:id="seg-r161" anchors="488 490"/>
    <region xml:id="seg-r163" anchors="491 494"/>
    <region xml:id="seg-r165" anchors="495 497"/>
    <region xml:id="seg-r167" anchors="498 506"/>
    <region xml:id="seg-r169" anchors="507 510"/>
    <region xml:id="seg-r171" anchors="511 515"/>
    <region xml:id="seg-r173" anchors="516 524"/>
    <region xml:id="seg-r175" anchors="525 537"/>
    <region xml:id="seg-r177" anchors="538 540"/>
    <region xml:id="seg-r179" anchors="541 545"/>
    <region xml:id="seg-r181" anchors="546 550"/>
    <region xml:id="seg-r182" anchors="550 552"/>
    <region xml:id="seg-r184" anchors="559 566"/>
    <region xml:id="seg-r185" anchors="566 567"/>
    <region xml:id="seg-r187" anchors="568 572"/>
    <region xml:id="seg-r189" anchors="573 582"/>
    <region xml:id="seg-r191" anchors="583 596"/>
    <region xml:id="seg-r193" anchors="597 599"/>
    <region xml:id="seg-r195" anchors="600 604"/>
    <region xml:id="seg-r197" anchors="605 614"/>
    <region xml:id="seg-r199" anchors="615 617"/>
    <region xml:id="seg-r201" anchors="618 621"/>
    <region xml:id="seg-r203" anchors="622 625"/>
    <region xml:id="seg-r204" anchors="625 626"/>
    <region xml:id="seg-r206" anchors="627 629"/>
    <region xml:id="seg-r208" anchors="630 632"/>
    <region xml:id="seg-r210" anchors="639 643"/>
    <region xml:id="seg-r212" anchors="644 646"/>
    <region xml:id="seg-r214" anchors="647 652"/>
    <region xml:id="seg-r216" anchors="653 665"/>
    <region xml:id="seg-r218" anchors="666 673"/>
    <region xml:id="seg-r220" anchors="674 684"/>
    <region xml:id="seg-r222" anchors="685 688"/>
    <region xml:id="seg-r224" anchors="689 692"/>
    <region xml:id="seg-r226" anchors="693 707"/>
    <region xml:id="seg-r228" anchors="714 720"/>
    <region xml:id="seg-r229" anchors="720 721"/>
    <region xml:id="seg-r231" anchors="722 724"/>
    <region xml:id="seg-r233" anchors="725 726"/>
    <region xml:id="seg-r235" anchors="727 734"/>
    <region xml:id="seg-r236" anchors="734 735"/>
    <region xml:id="seg-r238" anchors="736 739"/>
    <region xml:id="seg-r240" anchors="740 743"/>
    <region xml:id="seg-r242" anchors="744 748"/>
    <region xml:id="seg-r244" anchors="749 755"/>
    <region xml:id="seg-r246" anchors="756 760"/>
    <region xml:id="seg-r248" anchors="761 765"/>
    <region xml:id="seg-r250" anchors="766 767"/>
    <region xml:id="seg-r252" anchors="768 775"/>
    <region xml:id="seg-r254" anchors="776 783"/>
    <region xml:id="seg-r255" anchors="783 784"/>
    <region xml:id="seg-r257" anchors="791 798"/>
    <region xml:id="seg-r259" anchors="799 803"/>
    <region xml:id="seg-r261" anchors="804 808"/>
    <region xml:id="seg-r263" anchors="809 812"/>
    <region xml:id="seg-r265" anchors="813 823"/>
    <region xml:id="seg-r267" anchors="824 836"/>
    <region xml:id="seg-r269" anchors="837 841"/>
    <region xml:id="seg-r271" anchors="842 846"/>
    <region xml:id="seg-r273" anchors="847 854"/>
    <region xml:id="seg-r275" anchors="861 870"/>
    <region xml:id="seg-r276" anchors="870 871"/>
    <region xml:id="seg-r278" anchors="872 881"/>
    <region xml:id="seg-r279" anchors="881 882"/>
    <region xml:id="seg-r281" anchors="883 889"/>
    <region xml:id="seg-r283" anchors="890 893"/>
    <region xml:id="seg-r285" anchors="894 906"/>
    <region xml:id="seg-r287" anchors="907 915"/>
    <region xml:id="seg-r288" anchors="915 916"/>
    <region xml:id="seg-r290" anchors="917 919"/>
    <region xml:id="seg-r292" anchors="920 924"/>
    <region xml:id="seg-r294" anchors="925 927"/>
    <region xml:id="seg-r296" anchors="934 941"/>
    <region xml:id="seg-r298" anchors="942 950"/>
    <region xml:id="seg-r300" anchors="951 957"/>
    <region xml:id="seg-r302" anchors="958 960"/>
    <region xml:id="seg-r304" anchors="961 964"/>
    <region xml:id="seg-r306" anchors="965 974"/>
    <region xml:id="seg-r307" anchors="974 975"/>
    <region xml:id="seg-r309" anchors="982 990"/>
    <region xml:id="seg-r311" anchors="991 993"/>
    <region xml:id="seg-r313" anchors="994 995"/>
    <region xml:id="seg-r315" anchors="996 1005"/>
    <region xml:id="seg-r317" anchors="1006 1017"/>
    <region xml:id="seg-r319" anchors="1018 1025"/>
    <region xml:id="seg-r321" anchors="1026 1030"/>
    <region xml:id="seg-r323" anchors="1031 1039"/>
    <region xml:id="seg-r325" anchors="1040 1041"/>
    <region xml:id="seg-r327" anchors="1042 1048"/>
    <region xml:id="seg-r329" anchors="1049 1051"/>
    <region xml:id="seg-r331" anchors="1058 1062"/>
    <region xml:id="seg-r333" anchors="1063 1065"/>
    <region xml:id="seg-r335" anchors="1066 1070"/>
    <region xml:id="seg-r337" anchors="1071 1075"/>
    <region xml:id="seg-r339" anchors="1076 1080"/>
    <region xml:id="seg-r340" anchors="1080 1082"/>
    <region xml:id="seg-r342" anchors="1083 1090"/>
    <region xml:id="seg-r344" anchors="1091 1095"/>
    <region xml:id="seg-r345" anchors="1095 1096"/>
    <region xml:id="seg-r347" anchors="1097 1104"/>
    <region xml:id="seg-r349" anchors="1105 1108"/>
    <region xml:id="seg-r351" anchors="1109 1115"/>
    <region xml:id="seg-r353" anchors="1116 1126"/>
    <region xml:id="seg-r355" anchors="1127 1130"/>
    <region xml:id="seg-r357" anchors="1137 1139"/>
    <region xml:id="seg-r359" anchors="1140 1148"/>
    <region xml:id="seg-r361" anchors="1149 1151"/>
    <region xml:id="seg-r363" anchors="1152 1155"/>
    <region xml:id="seg-r365" anchors="1156 1160"/>
    <region xml:id="seg-r367" anchors="1161 1164"/>
    <region xml:id="seg-r369" anchors="1165 1173"/>
    <region xml:id="seg-r371" anchors="1174 1178"/>
    <region xml:id="seg-r373" anchors="1179 1183"/>
    <region xml:id="seg-r375" anchors="1184 1186"/>
    <region xml:id="seg-r377" anchors="1187 1196"/>
    <region xml:id="seg-r379" anchors="1197 1200"/>
    <region xml:id="seg-r381" anchors="1207 1219"/>
    <region xml:id="seg-r383" anchors="1220 1227"/>
    <region xml:id="seg-r385" anchors="1228 1232"/>
    <region xml:id="seg-r387" anchors="1233 1241"/>
    <region xml:id="seg-r389" anchors="1242 1249"/>
    <region xml:id="seg-r390" anchors="1249 1250"/>
    <region xml:id="seg-r392" anchors="1257 1260"/>
    <region xml:id="seg-r394" anchors="1261 1263"/>
    <region xml:id="seg-r396" anchors="1264 1266"/>
    <region xml:id="seg-r398" anchors="1267 1271"/>
    <region xml:id="seg-r400" anchors="1272 1276"/>
    <region xml:id="seg-r402" anchors="1277 1280"/>
    <region xml:id="seg-r404" anchors="1281 1283"/>
    <region xml:id="seg-r406" anchors="1284 1291"/>
    <region xml:id="seg-r408" anchors="1292 1295"/>
    <region xml:id="seg-r410" anchors="1296 1300"/>
    <region xml:id="seg-r412" anchors="1301 1308"/>
    <region xml:id="seg-r414" anchors="1309 1312"/>
    <region xml:id="seg-r416" anchors="1313 1321"/>
    <region xml:id="seg-r418" anchors="1322 1324"/>
    <region xml:id="seg-r420" anchors="1325 1327"/>
    <region xml:id="seg-r422" anchors="1334 1336"/>
    <region xml:id="seg-r424" anchors="1337 1346"/>
    <region xml:id="seg-r425" anchors="1346 1347"/>
    <region xml:id="seg-r427" anchors="1348 1354"/>
    <region xml:id="seg-r429" anchors="1355 1362"/>
    <region xml:id="seg-r431" anchors="1363 1370"/>
    <region xml:id="seg-r433" anchors="1371 1375"/>
    <region xml:id="seg-r435" anchors="1376 1379"/>
    <region xml:id="seg-r437" anchors="1380 1383"/>
    <region xml:id="seg-r439" anchors="1384 1386"/>
    <region xml:id="seg-r441" anchors="1387 1394"/>
    <region xml:id="seg-r443" anchors="1395 1397"/>
    <region xml:id="seg-r445" anchors="1398 1401"/>
    <region xml:id="seg-r447" anchors="1408 1419"/>
    <region xml:id="seg-r449" anchors="1420 1428"/>
    <region xml:id="seg-r450" anchors="1428 1429"/>
    <region xml:id="seg-r452" anchors="1430 1432"/>
    <region xml:id="seg-r454" anchors="1433 1436"/>
    <region xml:id="seg-r456" anchors="1437 1441"/>
    <region xml:id="seg-r458" anchors="1442 1445"/>
    <region xml:id="seg-r460" anchors="1446 1455"/>
    <region xml:id="seg-r461" anchors="1455 1456"/>
    <region xml:id="seg-r463" anchors="1457 1463"/>
    <region xml:id="seg-r465" anchors="1464 1468"/>
    <region xml:id="seg-r467" anchors="1469 1473"/>
    <region xml:id="seg-r469" anchors="1474 1476"/>
    <region xml:id="seg-r471" anchors="1477 1481"/>
    <region xml:id="seg-r473" anchors="1488 1493"/>
    <region xml:id="seg-r475" anchors="1494 1504"/>
    <region xml:id="seg-r477" anchors="1505 1507"/>
    <region xml:id="seg-r479" anchors="1508 1511"/>
    <region xml:id="seg-r480" anchors="1511 1512"/>
    <region xml:id="seg-r481" anchors="1512 1516"/>
    <region xml:id="seg-r482" anchors="1516 1517"/>
    <region xml:id="seg-r484" anchors="1518 1521"/>
    <region xml:id="seg-r485" anchors="1521 1522"/>
    <region xml:id="seg-r487" anchors="1523 1526"/>
    <region xml:id="seg-r488" anchors="1526 1527"/>
    <region xml:id="seg-r490" anchors="1528 1533"/>
    <region xml:id="seg-r492" anchors="1534 1537"/>
    <region xml:id="seg-r494" anchors="1538 1540"/>
    <region xml:id="seg-r496" anchors="1541 1548"/>
    <region xml:id="seg-r498" anchors="1549 1552"/>
    <region xml:id="seg-r500" anchors="1553 1557"/>
    <region xml:id="seg-r502" anchors="1564 1577"/>
    <region xml:id="seg-r503" anchors="1577 1578"/>
    <region xml:id="seg-r505" anchors="1585 1594"/>
    <region xml:id="seg-r506" anchors="1594 1595"/>
    <region xml:id="seg-r508" anchors="1602 1606"/>
    <region xml:id="seg-r510" anchors="1607 1613"/>
    <region xml:id="seg-r511" anchors="1613 1614"/>
    <region xml:id="seg-r513" anchors="1615 1620"/>
    <region xml:id="seg-r515" anchors="1621 1628"/>
    <region xml:id="seg-r517" anchors="1629 1630"/>
    <region xml:id="seg-r518" anchors="1630 1632"/>
    <region xml:id="seg-r520" anchors="1633 1640"/>
    <region xml:id="seg-r522" anchors="1641 1650"/>
</graph>
