<?xml version="1.0" encoding="UTF-8"?>
<graph xmlns="http://www.xces.org/ns/GrAF/1.0/">
    <header>
        <tagsDecl>
            <tagUsage gi="nchunk" occurs="109"/>
        </tagsDecl>
        <dependencies>
            <dependsOn type="penn"/>
        </dependencies>
        <annotationSets>
            <annotationSet name="xces" type="http://www.xces.org/schema/2003"/>
        </annotationSets>
    </header>
    <node xml:id="n0"/>
    <a label="nchunk" ref="n0" as="xces"/>
    <node xml:id="n1"/>
    <a label="nchunk" ref="n1" as="xces"/>
    <node xml:id="n10"/>
    <a label="nchunk" ref="n10" as="xces"/>
    <node xml:id="n100"/>
    <a label="nchunk" ref="n100" as="xces"/>
    <node xml:id="n101"/>
    <a label="nchunk" ref="n101" as="xces"/>
    <node xml:id="n102"/>
    <a label="nchunk" ref="n102" as="xces"/>
    <node xml:id="n103"/>
    <a label="nchunk" ref="n103" as="xces"/>
    <node xml:id="n104"/>
    <a label="nchunk" ref="n104" as="xces"/>
    <node xml:id="n105"/>
    <a label="nchunk" ref="n105" as="xces"/>
    <node xml:id="n106"/>
    <a label="nchunk" ref="n106" as="xces"/>
    <node xml:id="n107"/>
    <a label="nchunk" ref="n107" as="xces"/>
    <node xml:id="n108"/>
    <a label="nchunk" ref="n108" as="xces"/>
    <node xml:id="n11"/>
    <a label="nchunk" ref="n11" as="xces"/>
    <node xml:id="n12"/>
    <a label="nchunk" ref="n12" as="xces"/>
    <node xml:id="n13"/>
    <a label="nchunk" ref="n13" as="xces"/>
    <node xml:id="n14"/>
    <a label="nchunk" ref="n14" as="xces"/>
    <node xml:id="n15"/>
    <a label="nchunk" ref="n15" as="xces"/>
    <node xml:id="n16"/>
    <a label="nchunk" ref="n16" as="xces"/>
    <node xml:id="n17"/>
    <a label="nchunk" ref="n17" as="xces"/>
    <node xml:id="n18"/>
    <a label="nchunk" ref="n18" as="xces"/>
    <node xml:id="n19"/>
    <a label="nchunk" ref="n19" as="xces"/>
    <node xml:id="n2"/>
    <a label="nchunk" ref="n2" as="xces"/>
    <node xml:id="n20"/>
    <a label="nchunk" ref="n20" as="xces"/>
    <node xml:id="n21"/>
    <a label="nchunk" ref="n21" as="xces"/>
    <node xml:id="n22"/>
    <a label="nchunk" ref="n22" as="xces"/>
    <node xml:id="n23"/>
    <a label="nchunk" ref="n23" as="xces"/>
    <node xml:id="n24"/>
    <a label="nchunk" ref="n24" as="xces"/>
    <node xml:id="n25"/>
    <a label="nchunk" ref="n25" as="xces"/>
    <node xml:id="n26"/>
    <a label="nchunk" ref="n26" as="xces"/>
    <node xml:id="n27"/>
    <a label="nchunk" ref="n27" as="xces"/>
    <node xml:id="n28"/>
    <a label="nchunk" ref="n28" as="xces"/>
    <node xml:id="n29"/>
    <a label="nchunk" ref="n29" as="xces"/>
    <node xml:id="n3"/>
    <a label="nchunk" ref="n3" as="xces"/>
    <node xml:id="n30"/>
    <a label="nchunk" ref="n30" as="xces"/>
    <node xml:id="n31"/>
    <a label="nchunk" ref="n31" as="xces"/>
    <node xml:id="n32"/>
    <a label="nchunk" ref="n32" as="xces"/>
    <node xml:id="n33"/>
    <a label="nchunk" ref="n33" as="xces"/>
    <node xml:id="n34"/>
    <a label="nchunk" ref="n34" as="xces"/>
    <node xml:id="n35"/>
    <a label="nchunk" ref="n35" as="xces"/>
    <node xml:id="n36"/>
    <a label="nchunk" ref="n36" as="xces"/>
    <node xml:id="n37"/>
    <a label="nchunk" ref="n37" as="xces"/>
    <node xml:id="n38"/>
    <a label="nchunk" ref="n38" as="xces"/>
    <node xml:id="n39"/>
    <a label="nchunk" ref="n39" as="xces"/>
    <node xml:id="n4"/>
    <a label="nchunk" ref="n4" as="xces"/>
    <node xml:id="n40"/>
    <a label="nchunk" ref="n40" as="xces"/>
    <node xml:id="n41"/>
    <a label="nchunk" ref="n41" as="xces"/>
    <node xml:id="n42"/>
    <a label="nchunk" ref="n42" as="xces"/>
    <node xml:id="n43"/>
    <a label="nchunk" ref="n43" as="xces"/>
    <node xml:id="n44"/>
    <a label="nchunk" ref="n44" as="xces"/>
    <node xml:id="n45"/>
    <a label="nchunk" ref="n45" as="xces"/>
    <node xml:id="n46"/>
    <a label="nchunk" ref="n46" as="xces"/>
    <node xml:id="n47"/>
    <a label="nchunk" ref="n47" as="xces"/>
    <node xml:id="n48"/>
    <a label="nchunk" ref="n48" as="xces"/>
    <node xml:id="n49"/>
    <a label="nchunk" ref="n49" as="xces"/>
    <node xml:id="n5"/>
    <a label="nchunk" ref="n5" as="xces"/>
    <node xml:id="n50"/>
    <a label="nchunk" ref="n50" as="xces"/>
    <node xml:id="n51"/>
    <a label="nchunk" ref="n51" as="xces"/>
    <node xml:id="n52"/>
    <a label="nchunk" ref="n52" as="xces"/>
    <node xml:id="n53"/>
    <a label="nchunk" ref="n53" as="xces"/>
    <node xml:id="n54"/>
    <a label="nchunk" ref="n54" as="xces"/>
    <node xml:id="n55"/>
    <a label="nchunk" ref="n55" as="xces"/>
    <node xml:id="n56"/>
    <a label="nchunk" ref="n56" as="xces"/>
    <node xml:id="n57"/>
    <a label="nchunk" ref="n57" as="xces"/>
    <node xml:id="n58"/>
    <a label="nchunk" ref="n58" as="xces"/>
    <node xml:id="n59"/>
    <a label="nchunk" ref="n59" as="xces"/>
    <node xml:id="n6"/>
    <a label="nchunk" ref="n6" as="xces"/>
    <node xml:id="n60"/>
    <a label="nchunk" ref="n60" as="xces"/>
    <node xml:id="n61"/>
    <a label="nchunk" ref="n61" as="xces"/>
    <node xml:id="n62"/>
    <a label="nchunk" ref="n62" as="xces"/>
    <node xml:id="n63"/>
    <a label="nchunk" ref="n63" as="xces"/>
    <node xml:id="n64"/>
    <a label="nchunk" ref="n64" as="xces"/>
    <node xml:id="n65"/>
    <a label="nchunk" ref="n65" as="xces"/>
    <node xml:id="n66"/>
    <a label="nchunk" ref="n66" as="xces"/>
    <node xml:id="n67"/>
    <a label="nchunk" ref="n67" as="xces"/>
    <node xml:id="n68"/>
    <a label="nchunk" ref="n68" as="xces"/>
    <node xml:id="n69"/>
    <a label="nchunk" ref="n69" as="xces"/>
    <node xml:id="n7"/>
    <a label="nchunk" ref="n7" as="xces"/>
    <node xml:id="n70"/>
    <a label="nchunk" ref="n70" as="xces"/>
    <node xml:id="n71"/>
    <a label="nchunk" ref="n71" as="xces"/>
    <node xml:id="n72"/>
    <a label="nchunk" ref="n72" as="xces"/>
    <node xml:id="n73"/>
    <a label="nchunk" ref="n73" as="xces"/>
    <node xml:id="n74"/>
    <a label="nchunk" ref="n74" as="xces"/>
    <node xml:id="n75"/>
    <a label="nchunk" ref="n75" as="xces"/>
    <node xml:id="n76"/>
    <a label="nchunk" ref="n76" as="xces"/>
    <node xml:id="n77"/>
    <a label="nchunk" ref="n77" as="xces"/>
    <node xml:id="n78"/>
    <a label="nchunk" ref="n78" as="xces"/>
    <node xml:id="n79"/>
    <a label="nchunk" ref="n79" as="xces"/>
    <node xml:id="n8"/>
    <a label="nchunk" ref="n8" as="xces"/>
    <node xml:id="n80"/>
    <a label="nchunk" ref="n80" as="xces"/>
    <node xml:id="n81"/>
    <a label="nchunk" ref="n81" as="xces"/>
    <node xml:id="n82"/>
    <a label="nchunk" ref="n82" as="xces"/>
    <node xml:id="n83"/>
    <a label="nchunk" ref="n83" as="xces"/>
    <node xml:id="n84"/>
    <a label="nchunk" ref="n84" as="xces"/>
    <node xml:id="n85"/>
    <a label="nchunk" ref="n85" as="xces"/>
    <node xml:id="n86"/>
    <a label="nchunk" ref="n86" as="xces"/>
    <node xml:id="n87"/>
    <a label="nchunk" ref="n87" as="xces"/>
    <node xml:id="n88"/>
    <a label="nchunk" ref="n88" as="xces"/>
    <node xml:id="n89"/>
    <a label="nchunk" ref="n89" as="xces"/>
    <node xml:id="n9"/>
    <a label="nchunk" ref="n9" as="xces"/>
    <node xml:id="n90"/>
    <a label="nchunk" ref="n90" as="xces"/>
    <node xml:id="n91"/>
    <a label="nchunk" ref="n91" as="xces"/>
    <node xml:id="n92"/>
    <a label="nchunk" ref="n92" as="xces"/>
    <node xml:id="n93"/>
    <a label="nchunk" ref="n93" as="xces"/>
    <node xml:id="n94"/>
    <a label="nchunk" ref="n94" as="xces"/>
    <node xml:id="n95"/>
    <a label="nchunk" ref="n95" as="xces"/>
    <node xml:id="n96"/>
    <a label="nchunk" ref="n96" as="xces"/>
    <node xml:id="n97"/>
    <a label="nchunk" ref="n97" as="xces"/>
    <node xml:id="n98"/>
    <a label="nchunk" ref="n98" as="xces"/>
    <node xml:id="n99"/>
    <a label="nchunk" ref="n99" as="xces"/>
    <edge xml:id="lnk109" from="n40" to="penn-n157"/>
    <edge xml:id="lnk108" from="n40" to="penn-n156"/>
    <edge xml:id="lnk107" from="n40" to="penn-n155"/>
    <edge xml:id="lnk106" from="n40" to="penn-n154"/>
    <edge xml:id="lnk105" from="n4" to="penn-n13"/>
    <edge xml:id="lnk104" from="n4" to="penn-n12"/>
    <edge xml:id="lnk103" from="n4" to="penn-n11"/>
    <edge xml:id="lnk102" from="n39" to="penn-n151"/>
    <edge xml:id="lnk101" from="n39" to="penn-n150"/>
    <edge xml:id="lnk100" from="n39" to="penn-n149"/>
    <edge xml:id="lnk99" from="n39" to="penn-n148"/>
    <edge xml:id="lnk98" from="n39" to="penn-n147"/>
    <edge xml:id="lnk97" from="n38" to="penn-n145"/>
    <edge xml:id="lnk96" from="n38" to="penn-n144"/>
    <edge xml:id="lnk95" from="n37" to="penn-n142"/>
    <edge xml:id="lnk94" from="n37" to="penn-n141"/>
    <edge xml:id="lnk93" from="n36" to="penn-n140"/>
    <edge xml:id="lnk92" from="n36" to="penn-n139"/>
    <edge xml:id="lnk91" from="n35" to="penn-n137"/>
    <edge xml:id="lnk90" from="n34" to="penn-n135"/>
    <edge xml:id="lnk247" from="n99" to="penn-n378"/>
    <edge xml:id="lnk246" from="n98" to="penn-n376"/>
    <edge xml:id="lnk245" from="n98" to="penn-n375"/>
    <edge xml:id="lnk244" from="n98" to="penn-n374"/>
    <edge xml:id="lnk243" from="n98" to="penn-n373"/>
    <edge xml:id="lnk242" from="n97" to="penn-n371"/>
    <edge xml:id="lnk241" from="n97" to="penn-n370"/>
    <edge xml:id="lnk240" from="n96" to="penn-n368"/>
    <edge xml:id="lnk89" from="n33" to="penn-n134"/>
    <edge xml:id="lnk88" from="n33" to="penn-n133"/>
    <edge xml:id="lnk87" from="n32" to="penn-n131"/>
    <edge xml:id="lnk86" from="n32" to="penn-n130"/>
    <edge xml:id="lnk85" from="n31" to="penn-n127"/>
    <edge xml:id="lnk84" from="n31" to="penn-n126"/>
    <edge xml:id="lnk83" from="n31" to="penn-n125"/>
    <edge xml:id="lnk82" from="n31" to="penn-n124"/>
    <edge xml:id="lnk81" from="n31" to="penn-n123"/>
    <edge xml:id="lnk80" from="n31" to="penn-n122"/>
    <edge xml:id="lnk239" from="n96" to="penn-n367"/>
    <edge xml:id="lnk238" from="n95" to="penn-n363"/>
    <edge xml:id="lnk237" from="n95" to="penn-n362"/>
    <edge xml:id="lnk236" from="n94" to="penn-n361"/>
    <edge xml:id="lnk235" from="n94" to="penn-n360"/>
    <edge xml:id="lnk234" from="n93" to="penn-n357"/>
    <edge xml:id="lnk233" from="n93" to="penn-n356"/>
    <edge xml:id="lnk232" from="n93" to="penn-n355"/>
    <edge xml:id="lnk231" from="n92" to="penn-n350"/>
    <edge xml:id="lnk230" from="n92" to="penn-n349"/>
    <edge xml:id="lnk199" from="n8" to="penn-n25"/>
    <edge xml:id="lnk198" from="n8" to="penn-n24"/>
    <edge xml:id="lnk197" from="n79" to="penn-n295"/>
    <edge xml:id="lnk196" from="n79" to="penn-n294"/>
    <edge xml:id="lnk195" from="n78" to="penn-n291"/>
    <edge xml:id="lnk194" from="n77" to="penn-n290"/>
    <edge xml:id="lnk193" from="n77" to="penn-n289"/>
    <edge xml:id="lnk79" from="n30" to="penn-n120"/>
    <edge xml:id="lnk192" from="n76" to="penn-n286"/>
    <edge xml:id="lnk78" from="n30" to="penn-n119"/>
    <edge xml:id="lnk191" from="n76" to="penn-n285"/>
    <edge xml:id="lnk77" from="n30" to="penn-n118"/>
    <edge xml:id="lnk190" from="n76" to="penn-n284"/>
    <edge xml:id="lnk76" from="n30" to="penn-n117"/>
    <edge xml:id="lnk75" from="n30" to="penn-n116"/>
    <edge xml:id="lnk74" from="n30" to="penn-n115"/>
    <edge xml:id="lnk73" from="n30" to="penn-n114"/>
    <edge xml:id="lnk72" from="n3" to="penn-n9"/>
    <edge xml:id="lnk71" from="n29" to="penn-n110"/>
    <edge xml:id="lnk70" from="n29" to="penn-n109"/>
    <edge xml:id="lnk229" from="n91" to="penn-n343"/>
    <edge xml:id="lnk228" from="n90" to="penn-n340"/>
    <edge xml:id="lnk227" from="n90" to="penn-n339"/>
    <edge xml:id="lnk226" from="n9" to="penn-n29"/>
    <edge xml:id="lnk225" from="n9" to="penn-n28"/>
    <edge xml:id="lnk224" from="n89" to="penn-n335"/>
    <edge xml:id="lnk223" from="n89" to="penn-n334"/>
    <edge xml:id="lnk222" from="n88" to="penn-n332"/>
    <edge xml:id="lnk221" from="n88" to="penn-n331"/>
    <edge xml:id="lnk220" from="n88" to="penn-n330"/>
    <edge xml:id="lnk189" from="n75" to="penn-n282"/>
    <edge xml:id="lnk188" from="n75" to="penn-n281"/>
    <edge xml:id="lnk187" from="n75" to="penn-n280"/>
    <edge xml:id="lnk186" from="n75" to="penn-n279"/>
    <edge xml:id="lnk185" from="n74" to="penn-n277"/>
    <edge xml:id="lnk184" from="n73" to="penn-n275"/>
    <edge xml:id="lnk183" from="n72" to="penn-n273"/>
    <edge xml:id="lnk69" from="n29" to="penn-n108"/>
    <edge xml:id="lnk182" from="n72" to="penn-n272"/>
    <edge xml:id="lnk68" from="n29" to="penn-n107"/>
    <edge xml:id="lnk181" from="n72" to="penn-n271"/>
    <edge xml:id="lnk67" from="n29" to="penn-n106"/>
    <edge xml:id="lnk180" from="n72" to="penn-n270"/>
    <edge xml:id="lnk66" from="n28" to="penn-n103"/>
    <edge xml:id="lnk65" from="n28" to="penn-n102"/>
    <edge xml:id="lnk64" from="n28" to="penn-n101"/>
    <edge xml:id="lnk63" from="n27" to="penn-n98"/>
    <edge xml:id="lnk62" from="n27" to="penn-n97"/>
    <edge xml:id="lnk61" from="n27" to="penn-n96"/>
    <edge xml:id="lnk60" from="n26" to="penn-n94"/>
    <edge xml:id="lnk219" from="n88" to="penn-n329"/>
    <edge xml:id="lnk218" from="n87" to="penn-n326"/>
    <edge xml:id="lnk217" from="n87" to="penn-n325"/>
    <edge xml:id="lnk216" from="n86" to="penn-n324"/>
    <edge xml:id="lnk215" from="n85" to="penn-n322"/>
    <edge xml:id="lnk214" from="n85" to="penn-n321"/>
    <edge xml:id="lnk213" from="n84" to="penn-n319"/>
    <edge xml:id="lnk212" from="n84" to="penn-n318"/>
    <edge xml:id="lnk211" from="n84" to="penn-n317"/>
    <edge xml:id="lnk210" from="n83" to="penn-n314"/>
    <edge xml:id="lnk179" from="n71" to="penn-n268"/>
    <edge xml:id="lnk178" from="n70" to="penn-n266"/>
    <edge xml:id="lnk177" from="n70" to="penn-n265"/>
    <edge xml:id="lnk176" from="n7" to="penn-n22"/>
    <edge xml:id="lnk175" from="n7" to="penn-n21"/>
    <edge xml:id="lnk174" from="n69" to="penn-n263"/>
    <edge xml:id="lnk173" from="n69" to="penn-n262"/>
    <edge xml:id="lnk59" from="n26" to="penn-n93"/>
    <edge xml:id="lnk172" from="n68" to="penn-n257"/>
    <edge xml:id="lnk58" from="n25" to="penn-n91"/>
    <edge xml:id="lnk171" from="n68" to="penn-n256"/>
    <edge xml:id="lnk57" from="n25" to="penn-n90"/>
    <edge xml:id="lnk170" from="n67" to="penn-n254"/>
    <edge xml:id="lnk56" from="n24" to="penn-n88"/>
    <edge xml:id="lnk55" from="n24" to="penn-n87"/>
    <edge xml:id="lnk54" from="n24" to="penn-n86"/>
    <edge xml:id="lnk53" from="n23" to="penn-n84"/>
    <edge xml:id="lnk52" from="n23" to="penn-n83"/>
    <edge xml:id="lnk51" from="n23" to="penn-n82"/>
    <edge xml:id="lnk50" from="n23" to="penn-n81"/>
    <edge xml:id="lnk209" from="n83" to="penn-n313"/>
    <edge xml:id="lnk208" from="n83" to="penn-n312"/>
    <edge xml:id="lnk207" from="n83" to="penn-n311"/>
    <edge xml:id="lnk206" from="n82" to="penn-n309"/>
    <edge xml:id="lnk205" from="n82" to="penn-n308"/>
    <edge xml:id="lnk204" from="n81" to="penn-n306"/>
    <edge xml:id="lnk203" from="n81" to="penn-n305"/>
    <edge xml:id="lnk202" from="n80" to="penn-n300"/>
    <edge xml:id="lnk201" from="n80" to="penn-n299"/>
    <edge xml:id="lnk200" from="n80" to="penn-n298"/>
    <edge xml:id="lnk169" from="n67" to="penn-n253"/>
    <edge xml:id="lnk168" from="n66" to="penn-n251"/>
    <edge xml:id="lnk167" from="n66" to="penn-n250"/>
    <edge xml:id="lnk166" from="n65" to="penn-n248"/>
    <edge xml:id="lnk165" from="n65" to="penn-n247"/>
    <edge xml:id="lnk164" from="n64" to="penn-n244"/>
    <edge xml:id="lnk163" from="n63" to="penn-n243"/>
    <edge xml:id="lnk49" from="n22" to="penn-n79"/>
    <edge xml:id="lnk162" from="n63" to="penn-n242"/>
    <edge xml:id="lnk48" from="n22" to="penn-n78"/>
    <edge xml:id="lnk161" from="n63" to="penn-n241"/>
    <edge xml:id="lnk47" from="n21" to="penn-n76"/>
    <edge xml:id="lnk160" from="n63" to="penn-n240"/>
    <edge xml:id="lnk46" from="n21" to="penn-n75"/>
    <edge xml:id="lnk45" from="n21" to="penn-n74"/>
    <edge xml:id="lnk44" from="n21" to="penn-n73"/>
    <edge xml:id="lnk43" from="n21" to="penn-n72"/>
    <edge xml:id="lnk42" from="n20" to="penn-n69"/>
    <edge xml:id="lnk41" from="n20" to="penn-n68"/>
    <edge xml:id="lnk40" from="n2" to="penn-n7"/>
    <edge xml:id="lnk9" from="n102" to="penn-n387"/>
    <edge xml:id="lnk8" from="n102" to="penn-n386"/>
    <edge xml:id="lnk7" from="n101" to="penn-n383"/>
    <edge xml:id="lnk6" from="n100" to="penn-n380"/>
    <edge xml:id="lnk5" from="n10" to="penn-n30"/>
    <edge xml:id="lnk4" from="n1" to="penn-n5"/>
    <edge xml:id="lnk3" from="n0" to="penn-n3"/>
    <edge xml:id="lnk2" from="n0" to="penn-n2"/>
    <edge xml:id="lnk1" from="n0" to="penn-n1"/>
    <edge xml:id="lnk159" from="n62" to="penn-n236"/>
    <edge xml:id="lnk0" from="n0" to="penn-n0"/>
    <edge xml:id="lnk158" from="n62" to="penn-n235"/>
    <edge xml:id="lnk157" from="n61" to="penn-n231"/>
    <edge xml:id="lnk156" from="n61" to="penn-n230"/>
    <edge xml:id="lnk155" from="n60" to="penn-n229"/>
    <edge xml:id="lnk154" from="n6" to="penn-n19"/>
    <edge xml:id="lnk153" from="n6" to="penn-n18"/>
    <edge xml:id="lnk39" from="n19" to="penn-n65"/>
    <edge xml:id="lnk152" from="n59" to="penn-n226"/>
    <edge xml:id="lnk38" from="n19" to="penn-n64"/>
    <edge xml:id="lnk151" from="n58" to="penn-n224"/>
    <edge xml:id="lnk37" from="n18" to="penn-n60"/>
    <edge xml:id="lnk150" from="n57" to="penn-n222"/>
    <edge xml:id="lnk36" from="n17" to="penn-n55"/>
    <edge xml:id="lnk35" from="n16" to="penn-n53"/>
    <edge xml:id="lnk34" from="n15" to="penn-n49"/>
    <edge xml:id="lnk33" from="n14" to="penn-n47"/>
    <edge xml:id="lnk32" from="n14" to="penn-n46"/>
    <edge xml:id="lnk31" from="n13" to="penn-n43"/>
    <edge xml:id="lnk30" from="n12" to="penn-n38"/>
    <edge xml:id="lnk149" from="n56" to="penn-n219"/>
    <edge xml:id="lnk148" from="n56" to="penn-n218"/>
    <edge xml:id="lnk147" from="n56" to="penn-n217"/>
    <edge xml:id="lnk146" from="n56" to="penn-n216"/>
    <edge xml:id="lnk145" from="n56" to="penn-n215"/>
    <edge xml:id="lnk144" from="n55" to="penn-n213"/>
    <edge xml:id="lnk143" from="n55" to="penn-n212"/>
    <edge xml:id="lnk29" from="n11" to="penn-n36"/>
    <edge xml:id="lnk28" from="n11" to="penn-n35"/>
    <edge xml:id="lnk142" from="n54" to="penn-n210"/>
    <edge xml:id="lnk27" from="n108" to="penn-n411"/>
    <edge xml:id="lnk141" from="n53" to="penn-n208"/>
    <edge xml:id="lnk26" from="n108" to="penn-n410"/>
    <edge xml:id="lnk140" from="n52" to="penn-n206"/>
    <edge xml:id="lnk25" from="n108" to="penn-n409"/>
    <edge xml:id="lnk24" from="n107" to="penn-n408"/>
    <edge xml:id="lnk23" from="n107" to="penn-n407"/>
    <edge xml:id="lnk22" from="n107" to="penn-n406"/>
    <edge xml:id="lnk21" from="n106" to="penn-n404"/>
    <edge xml:id="lnk20" from="n106" to="penn-n403"/>
    <edge xml:id="lnk139" from="n51" to="penn-n204"/>
    <edge xml:id="lnk138" from="n50" to="penn-n200"/>
    <edge xml:id="lnk137" from="n50" to="penn-n199"/>
    <edge xml:id="lnk136" from="n5" to="penn-n16"/>
    <edge xml:id="lnk135" from="n5" to="penn-n15"/>
    <edge xml:id="lnk134" from="n49" to="penn-n196"/>
    <edge xml:id="lnk19" from="n106" to="penn-n402"/>
    <edge xml:id="lnk133" from="n49" to="penn-n195"/>
    <edge xml:id="lnk18" from="n106" to="penn-n401"/>
    <edge xml:id="lnk132" from="n48" to="penn-n193"/>
    <edge xml:id="lnk17" from="n105" to="penn-n399"/>
    <edge xml:id="lnk131" from="n48" to="penn-n192"/>
    <edge xml:id="lnk16" from="n104" to="penn-n398"/>
    <edge xml:id="lnk130" from="n47" to="penn-n189"/>
    <edge xml:id="lnk15" from="n104" to="penn-n397"/>
    <edge xml:id="lnk14" from="n104" to="penn-n396"/>
    <edge xml:id="lnk13" from="n104" to="penn-n395"/>
    <edge xml:id="lnk12" from="n103" to="penn-n391"/>
    <edge xml:id="lnk11" from="n103" to="penn-n390"/>
    <edge xml:id="lnk10" from="n102" to="penn-n388"/>
    <edge xml:id="lnk129" from="n47" to="penn-n188"/>
    <edge xml:id="lnk128" from="n46" to="penn-n186"/>
    <edge xml:id="lnk127" from="n46" to="penn-n185"/>
    <edge xml:id="lnk126" from="n45" to="penn-n182"/>
    <edge xml:id="lnk125" from="n45" to="penn-n181"/>
    <edge xml:id="lnk124" from="n44" to="penn-n179"/>
    <edge xml:id="lnk123" from="n44" to="penn-n178"/>
    <edge xml:id="lnk122" from="n44" to="penn-n177"/>
    <edge xml:id="lnk121" from="n44" to="penn-n176"/>
    <edge xml:id="lnk120" from="n43" to="penn-n173"/>
    <edge xml:id="lnk119" from="n43" to="penn-n172"/>
    <edge xml:id="lnk118" from="n43" to="penn-n171"/>
    <edge xml:id="lnk117" from="n42" to="penn-n169"/>
    <edge xml:id="lnk116" from="n42" to="penn-n168"/>
    <edge xml:id="lnk115" from="n42" to="penn-n167"/>
    <edge xml:id="lnk114" from="n42" to="penn-n166"/>
    <edge xml:id="lnk113" from="n42" to="penn-n165"/>
    <edge xml:id="lnk112" from="n42" to="penn-n164"/>
    <edge xml:id="lnk111" from="n42" to="penn-n163"/>
    <edge xml:id="lnk110" from="n41" to="penn-n160"/>
</graph>
