<?xml version="1.0" encoding="UTF-8"?>
<graph xmlns="http://www.xces.org/ns/GrAF/1.0/">
    <header>
        <tagsDecl>
            <tagUsage gi="person" occurs="4"/>
            <tagUsage gi="location" occurs="4"/>
            <tagUsage gi="date" occurs="8"/>
            <tagUsage gi="org" occurs="10"/>
        </tagsDecl>
        <dependencies>
            <dependsOn type="penn"/>
        </dependencies>
        <annotationSets>
            <annotationSet name="xces" type="http://www.xces.org/schema/2003"/>
        </annotationSets>
    </header>
    <node xml:id="n0"/>
    <a label="date" ref="n0" as="xces">
        <fs>
            <f name="kind" value="date"/>
        </fs>
    </a>
    <node xml:id="n1"/>
    <a label="location" ref="n1" as="xces">
        <fs>
            <f name="type" value="country"/>
        </fs>
    </a>
    <node xml:id="n10"/>
    <a label="date" ref="n10" as="xces">
        <fs>
            <f name="kind" value="date"/>
        </fs>
    </a>
    <node xml:id="n11"/>
    <a label="org" ref="n11" as="xces">
        <fs>
            <f name="type" value="other"/>
        </fs>
    </a>
    <node xml:id="n12"/>
    <a label="date" ref="n12" as="xces">
        <fs>
            <f name="kind" value="date"/>
        </fs>
    </a>
    <node xml:id="n13"/>
    <a label="org" ref="n13" as="xces">
        <fs>
            <f name="type" value="other"/>
        </fs>
    </a>
    <node xml:id="n14"/>
    <a label="org" ref="n14" as="xces">
        <fs>
            <f name="type" value="other"/>
        </fs>
    </a>
    <node xml:id="n15"/>
    <a label="date" ref="n15" as="xces">
        <fs>
            <f name="kind" value="date"/>
        </fs>
    </a>
    <node xml:id="n16"/>
    <a label="date" ref="n16" as="xces">
        <fs>
            <f name="kind" value="date"/>
        </fs>
    </a>
    <node xml:id="n17"/>
    <a label="date" ref="n17" as="xces">
        <fs>
            <f name="kind" value="date"/>
        </fs>
    </a>
    <node xml:id="n18"/>
    <a label="date" ref="n18" as="xces">
        <fs>
            <f name="kind" value="date"/>
        </fs>
    </a>
    <node xml:id="n19"/>
    <a label="org" ref="n19" as="xces">
        <fs>
            <f name="type" value="other"/>
        </fs>
    </a>
    <node xml:id="n2"/>
    <a label="person" ref="n2" as="xces">
        <fs>
            <f name="sex" value="male"/>
        </fs>
    </a>
    <node xml:id="n20"/>
    <a label="person" ref="n20" as="xces">
        <fs>
            <f name="sex" value="female"/>
        </fs>
    </a>
    <node xml:id="n21"/>
    <a label="person" ref="n21" as="xces">
        <fs>
            <f name="sex" value="female"/>
        </fs>
    </a>
    <node xml:id="n22"/>
    <a label="org" ref="n22" as="xces">
        <fs>
            <f name="type" value="other"/>
        </fs>
    </a>
    <node xml:id="n23"/>
    <a label="location" ref="n23" as="xces">
        <fs>
            <f name="type" value="province"/>
        </fs>
    </a>
    <node xml:id="n24"/>
    <a label="org" ref="n24" as="xces">
        <fs>
            <f name="type" value="government"/>
        </fs>
    </a>
    <node xml:id="n25"/>
    <a label="location" ref="n25" as="xces"/>
    <node xml:id="n3"/>
    <a label="location" ref="n3" as="xces">
        <fs>
            <f name="type" value="province"/>
        </fs>
    </a>
    <node xml:id="n4"/>
    <a label="date" ref="n4" as="xces">
        <fs>
            <f name="kind" value="date"/>
        </fs>
    </a>
    <node xml:id="n5"/>
    <a label="org" ref="n5" as="xces">
        <fs>
            <f name="type" value="other"/>
        </fs>
    </a>
    <node xml:id="n6"/>
    <a label="org" ref="n6" as="xces">
        <fs>
            <f name="type" value="other"/>
        </fs>
    </a>
    <node xml:id="n7"/>
    <a label="org" ref="n7" as="xces">
        <fs>
            <f name="type" value="other"/>
        </fs>
    </a>
    <node xml:id="n8"/>
    <a label="person" ref="n8" as="xces">
        <fs>
            <f name="sex" value="female"/>
        </fs>
    </a>
    <node xml:id="n9"/>
    <a label="org" ref="n9" as="xces">
        <fs>
            <f name="type" value="other"/>
        </fs>
    </a>
    <edge xml:id="lnk35" from="n24" to="penn-n691"/>
    <edge xml:id="lnk34" from="n24" to="penn-n690"/>
    <edge xml:id="lnk33" from="n24" to="penn-n689"/>
    <edge xml:id="lnk32" from="n23" to="penn-n683"/>
    <edge xml:id="lnk31" from="n22" to="penn-n659"/>
    <edge xml:id="lnk30" from="n22" to="penn-n658"/>
    <edge xml:id="lnk9" from="n11" to="penn-n385"/>
    <edge xml:id="lnk8" from="n11" to="penn-n384"/>
    <edge xml:id="lnk7" from="n10" to="penn-n278"/>
    <edge xml:id="lnk6" from="n10" to="penn-n277"/>
    <edge xml:id="lnk5" from="n10" to="penn-n276"/>
    <edge xml:id="lnk4" from="n1" to="penn-n13"/>
    <edge xml:id="lnk3" from="n0" to="penn-n3"/>
    <edge xml:id="lnk2" from="n0" to="penn-n2"/>
    <edge xml:id="lnk1" from="n0" to="penn-n1"/>
    <edge xml:id="lnk0" from="n0" to="penn-n0"/>
    <edge xml:id="lnk29" from="n21" to="penn-n646"/>
    <edge xml:id="lnk28" from="n21" to="penn-n645"/>
    <edge xml:id="lnk27" from="n21" to="penn-n644"/>
    <edge xml:id="lnk26" from="n21" to="penn-n643"/>
    <edge xml:id="lnk25" from="n20" to="penn-n627"/>
    <edge xml:id="lnk24" from="n20" to="penn-n626"/>
    <edge xml:id="lnk23" from="n2" to="penn-n88"/>
    <edge xml:id="lnk22" from="n2" to="penn-n87"/>
    <edge xml:id="lnk21" from="n19" to="penn-n610"/>
    <edge xml:id="lnk20" from="n19" to="penn-n609"/>
    <edge xml:id="lnk50" from="n9" to="penn-n264"/>
    <edge xml:id="lnk19" from="n18" to="penn-n597"/>
    <edge xml:id="lnk18" from="n17" to="penn-n588"/>
    <edge xml:id="lnk49" from="n9" to="penn-n263"/>
    <edge xml:id="lnk17" from="n16" to="penn-n533"/>
    <edge xml:id="lnk48" from="n8" to="penn-n250"/>
    <edge xml:id="lnk16" from="n16" to="penn-n532"/>
    <edge xml:id="lnk47" from="n7" to="penn-n204"/>
    <edge xml:id="lnk15" from="n15" to="penn-n455"/>
    <edge xml:id="lnk46" from="n6" to="penn-n202"/>
    <edge xml:id="lnk14" from="n14" to="penn-n453"/>
    <edge xml:id="lnk45" from="n6" to="penn-n201"/>
    <edge xml:id="lnk13" from="n14" to="penn-n452"/>
    <edge xml:id="lnk44" from="n6" to="penn-n200"/>
    <edge xml:id="lnk12" from="n13" to="penn-n399"/>
    <edge xml:id="lnk43" from="n6" to="penn-n199"/>
    <edge xml:id="lnk11" from="n13" to="penn-n398"/>
    <edge xml:id="lnk42" from="n5" to="penn-n174"/>
    <edge xml:id="lnk10" from="n12" to="penn-n396"/>
    <edge xml:id="lnk41" from="n5" to="penn-n173"/>
    <edge xml:id="lnk40" from="n4" to="penn-n160"/>
    <edge xml:id="lnk39" from="n4" to="penn-n159"/>
    <edge xml:id="lnk38" from="n3" to="penn-n103"/>
    <edge xml:id="lnk37" from="n25" to="penn-n689"/>
    <edge xml:id="lnk36" from="n24" to="penn-n692"/>
</graph>
