<?xml version="1.0" encoding="UTF-8"?>
<graph xmlns="http://www.xces.org/ns/GrAF/1.0/">
    <header>
        <tagsDecl>
            <tagUsage gi="objective-speech-event" occurs="9"/>
            <tagUsage gi="attitude" occurs="17"/>
            <tagUsage gi="inside" occurs="20"/>
            <tagUsage gi="target" occurs="16"/>
            <tagUsage gi="split" occurs="22"/>
            <tagUsage gi="direct-subjective" occurs="15"/>
            <tagUsage gi="expressive-subjectivity" occurs="19"/>
            <tagUsage gi="agent" occurs="5"/>
        </tagsDecl>
        <annotationSets>
            <annotationSet name="mpqa" type="http://www.cs.pitt.edu/mpqa/"/>
        </annotationSets>
    </header>
    <region xml:id="r10" anchors="18 70"/>
    <region xml:id="r12" anchors="18 18"/>
    <region xml:id="r8" anchors="18 18"/>
    <region xml:id="r6" anchors="18 18"/>
    <region xml:id="r1" anchors="18 18"/>
    <region xml:id="r14" anchors="39 43"/>
    <region xml:id="r17" anchors="44 50"/>
    <region xml:id="r19" anchors="69 70"/>
    <region xml:id="r21" anchors="71 216"/>
    <region xml:id="r23" anchors="71 73"/>
    <region xml:id="r25" anchors="71 71"/>
    <region xml:id="r27" anchors="74 119"/>
    <region xml:id="r29" anchors="79 86"/>
    <region xml:id="r31" anchors="215 216"/>
    <region xml:id="r33" anchors="217 304"/>
    <region xml:id="r35" anchors="217 303"/>
    <region xml:id="r37" anchors="217 217"/>
    <region xml:id="r39" anchors="222 233"/>
    <region xml:id="r41" anchors="245 264"/>
    <region xml:id="r43" anchors="303 304"/>
    <region xml:id="r45" anchors="305 337"/>
    <region xml:id="r47" anchors="305 309"/>
    <region xml:id="r49" anchors="305 305"/>
    <region xml:id="r51" anchors="310 336"/>
    <region xml:id="r53" anchors="310 321"/>
    <region xml:id="r55" anchors="336 337"/>
    <region xml:id="r57" anchors="344 462"/>
    <region xml:id="r59" anchors="344 355"/>
    <region xml:id="r61" anchors="344 344"/>
    <region xml:id="r63" anchors="356 376"/>
    <region xml:id="r65" anchors="356 361"/>
    <region xml:id="r67" anchors="389 431"/>
    <region xml:id="r69" anchors="389 408"/>
    <region xml:id="r72" anchors="461 462"/>
    <region xml:id="r74" anchors="463 669"/>
    <region xml:id="r76" anchors="463 475"/>
    <region xml:id="r78" anchors="463 463"/>
    <region xml:id="r80" anchors="476 520"/>
    <region xml:id="r82" anchors="508 520"/>
    <region xml:id="r84" anchors="618 668"/>
    <region xml:id="r86" anchors="668 669"/>
    <region xml:id="r88" anchors="670 765"/>
    <region xml:id="r90" anchors="670 694"/>
    <region xml:id="r92" anchors="670 670"/>
    <region xml:id="r94" anchors="695 764"/>
    <region xml:id="r96" anchors="695 702"/>
    <region xml:id="r98" anchors="740 744"/>
    <region xml:id="r100" anchors="764 765"/>
    <region xml:id="r102" anchors="772 1154"/>
    <region xml:id="r104" anchors="772 772"/>
    <region xml:id="r106" anchors="1153 1154"/>
    <region xml:id="r108" anchors="1161 1255"/>
    <region xml:id="r110" anchors="1161 1165"/>
    <region xml:id="r112" anchors="1161 1161"/>
    <region xml:id="r114" anchors="1166 1254"/>
    <region xml:id="r116" anchors="1169 1183"/>
    <region xml:id="r118" anchors="1189 1229"/>
    <region xml:id="r120" anchors="1236 1254"/>
    <region xml:id="r123" anchors="1254 1255"/>
    <region xml:id="r125" anchors="1256 1327"/>
    <region xml:id="r127" anchors="1256 1256"/>
    <region xml:id="r129" anchors="1263 1265"/>
    <region xml:id="r131" anchors="1270 1298"/>
    <region xml:id="r134" anchors="1302 1326"/>
    <region xml:id="r136" anchors="1326 1327"/>
    <region xml:id="r138" anchors="1328 1396"/>
    <region xml:id="r140" anchors="1328 1328"/>
    <region xml:id="r142" anchors="1395 1396"/>
    <region xml:id="r144" anchors="1397 1512"/>
    <region xml:id="r146" anchors="1397 1397"/>
    <region xml:id="r148" anchors="1418 1436"/>
    <region xml:id="r150" anchors="1442 1511"/>
    <region xml:id="r152" anchors="1442 1462"/>
    <region xml:id="r154" anchors="1511 1512"/>
    <region xml:id="r156" anchors="1513 1652"/>
    <region xml:id="r158" anchors="1513 1513"/>
    <region xml:id="r160" anchors="1651 1652"/>
    <region xml:id="r162" anchors="1659 1850"/>
    <region xml:id="r164" anchors="1659 1659"/>
    <region xml:id="r166" anchors="1849 1850"/>
    <region xml:id="r168" anchors="1857 1918"/>
    <region xml:id="r170" anchors="1857 1857"/>
    <region xml:id="r172" anchors="1917 1918"/>
    <region xml:id="r174" anchors="1919 1974"/>
    <region xml:id="r176" anchors="1919 1973"/>
    <region xml:id="r178" anchors="1919 1955"/>
    <region xml:id="r180" anchors="1919 1919"/>
    <region xml:id="r182" anchors="1951 1973"/>
    <region xml:id="r184" anchors="1960 1973"/>
    <region xml:id="r186" anchors="1973 1974"/>
    <region xml:id="r188" anchors="1975 2035"/>
    <region xml:id="r190" anchors="1975 1975"/>
    <region xml:id="r192" anchors="2034 2035"/>
    <region xml:id="r194" anchors="2036 2156"/>
    <region xml:id="r196" anchors="2036 2092"/>
    <region xml:id="r198" anchors="2036 2083"/>
    <region xml:id="r200" anchors="2036 2036"/>
    <region xml:id="r202" anchors="2093 2155"/>
    <region xml:id="r204" anchors="2093 2110"/>
    <region xml:id="r206" anchors="2111 2118"/>
    <region xml:id="r208" anchors="2155 2156"/>
    <region xml:id="r210" anchors="2163 2257"/>
    <region xml:id="r212" anchors="2163 2164"/>
    <region xml:id="r214" anchors="2163 2163"/>
    <region xml:id="r216" anchors="2165 2192"/>
    <region xml:id="r218" anchors="2165 2174"/>
    <region xml:id="r220" anchors="2193 2256"/>
    <region xml:id="r222" anchors="2256 2257"/>
    <region xml:id="r224" anchors="2264 2369"/>
    <region xml:id="r226" anchors="2264 2273"/>
    <region xml:id="r229" anchors="2264 2264"/>
    <region xml:id="r231" anchors="2305 2315"/>
    <region xml:id="r233" anchors="2316 2369"/>
    <region xml:id="r235" anchors="2318 2325"/>
    <region xml:id="r237" anchors="2369 2369"/>
    <node xml:id="n0">
        <link targets="r1"/>
    </node>
    <a label="agent" ref="n0" as="mpqa">
        <fs>
            <f name="id" value="w"/>
        </fs>
    </a>
    <a label="expressive-subjectivity" ref="n0" as="mpqa"/>
    <a label="agent" ref="n0" as="mpqa">
        <fs>
            <f name="id" value="implicit"/>
        </fs>
    </a>
    <a label="direct-subjective" ref="n0" as="mpqa"/>
    <node xml:id="n1">
        <link targets="r6"/>
    </node>
    <a label="split" ref="n1" as="mpqa"/>
    <node xml:id="n10">
        <link targets="r25"/>
    </node>
    <a label="direct-subjective" ref="n10" as="mpqa">
        <fs>
            <f name="nested-source" value="w"/>
            <f name="polarity" value=""/>
            <f name="attitude-link" value="bepivotal"/>
            <f name="implicit" value="true"/>
            <f name="intensity" value="medium"/>
            <f name="expression-intensity" value="neutral"/>
        </fs>
    </a>
    <node xml:id="n100">
        <link targets="r208"/>
    </node>
    <a label="split" ref="n100" as="mpqa"/>
    <node xml:id="n101">
        <link targets="r210"/>
    </node>
    <a label="inside" ref="n101" as="mpqa">
        <fs>
            <f name="nested-source" value="w"/>
        </fs>
    </a>
    <node xml:id="n102">
        <link targets="r212"/>
    </node>
    <a label="agent" ref="n102" as="mpqa">
        <fs>
            <f name="id" value="w,w"/>
        </fs>
    </a>
    <node xml:id="n103">
        <link targets="r214"/>
    </node>
    <a label="objective-speech-event" ref="n103" as="mpqa">
        <fs>
            <f name="implicit" value="true"/>
            <f name="nested-source" value="w"/>
        </fs>
    </a>
    <node xml:id="n104">
        <link targets="r216"/>
    </node>
    <a label="attitude" ref="n104" as="mpqa">
        <fs>
            <f name="id" value="encouragement"/>
            <f name="target-link" value="present"/>
            <f name="intensity" value="medium"/>
            <f name="attitude-type" value="sentiment-pos"/>
        </fs>
    </a>
    <node xml:id="n105">
        <link targets="r218"/>
    </node>
    <a label="direct-subjective" ref="n105" as="mpqa">
        <fs>
            <f name="nested-source" value="w,w"/>
            <f name="polarity" value="positive"/>
            <f name="attitude-link" value="encouragement"/>
            <f name="intensity" value="medium"/>
            <f name="expression-intensity" value="medium"/>
        </fs>
    </a>
    <node xml:id="n106">
        <link targets="r220"/>
    </node>
    <a label="target" ref="n106" as="mpqa">
        <fs>
            <f name="id" value="present"/>
        </fs>
    </a>
    <node xml:id="n107">
        <link targets="r222"/>
    </node>
    <a label="split" ref="n107" as="mpqa"/>
    <node xml:id="n108">
        <link targets="r224"/>
    </node>
    <a label="inside" ref="n108" as="mpqa">
        <fs>
            <f name="nested-source" value="w"/>
        </fs>
    </a>
    <node xml:id="n109">
        <link targets="r226"/>
    </node>
    <a label="expressive-subjectivity" ref="n109" as="mpqa">
        <fs>
            <f name="nested-source" value="w"/>
            <f name="polarity" value="positive"/>
            <f name="intensity" value="medium"/>
        </fs>
    </a>
    <a label="attitude" ref="n109" as="mpqa">
        <fs>
            <f name="attitude-type" value="sentiment-pos"/>
            <f name="intensity" value="low-medium"/>
            <f name="id" value="sincere"/>
        </fs>
    </a>
    <node xml:id="n11">
        <link targets="r27"/>
    </node>
    <a label="attitude" ref="n11" as="mpqa">
        <fs>
            <f name="id" value="bepivotal"/>
            <f name="target-link" value="adolescence"/>
            <f name="intensity" value="high"/>
            <f name="attitude-type" value="arguing-pos"/>
        </fs>
    </a>
    <node xml:id="n110">
        <link targets="r229"/>
    </node>
    <a label="direct-subjective" ref="n110" as="mpqa">
        <fs>
            <f name="nested-source" value="w"/>
            <f name="polarity" value="positive"/>
            <f name="attitude-link" value="sincere"/>
            <f name="expression-intensity" value="neutral"/>
            <f name="intensity" value="medium"/>
            <f name="implicit" value="true"/>
        </fs>
    </a>
    <node xml:id="n111">
        <link targets="r231"/>
    </node>
    <a label="target" ref="n111" as="mpqa">
        <fs>
            <f name="id" value="garden"/>
        </fs>
    </a>
    <node xml:id="n112">
        <link targets="r233"/>
    </node>
    <a label="attitude" ref="n112" as="mpqa">
        <fs>
            <f name="inferred" value=""/>
            <f name="attitude-type" value="sentiment-pos"/>
            <f name="intensity" value="low-medium"/>
            <f name="target-link" value="garden"/>
            <f name="id" value="beablossom"/>
        </fs>
    </a>
    <node xml:id="n113">
        <link targets="r235"/>
    </node>
    <a label="expressive-subjectivity" ref="n113" as="mpqa">
        <fs>
            <f name="nested-source" value="w,implicit"/>
            <f name="polarity" value="positive"/>
            <f name="intensity" value="medium"/>
        </fs>
    </a>
    <node xml:id="n114">
        <link targets="r237"/>
    </node>
    <a label="split" ref="n114" as="mpqa"/>
    <node xml:id="n12">
        <link targets="r29"/>
    </node>
    <a label="expressive-subjectivity" ref="n12" as="mpqa">
        <fs>
            <f name="intensity" value="high"/>
            <f name="nested-source" value="w"/>
        </fs>
    </a>
    <node xml:id="n13">
        <link targets="r31"/>
    </node>
    <a label="split" ref="n13" as="mpqa"/>
    <node xml:id="n14">
        <link targets="r33"/>
    </node>
    <a label="inside" ref="n14" as="mpqa">
        <fs>
            <f name="nested-source" value="w"/>
        </fs>
    </a>
    <node xml:id="n15">
        <link targets="r35"/>
    </node>
    <a label="attitude" ref="n15" as="mpqa">
        <fs>
            <f name="id" value="hardenough"/>
            <f name="target-link" value="decisions"/>
            <f name="intensity" value="medium"/>
            <f name="attitude-type" value="arguing-pos"/>
        </fs>
    </a>
    <node xml:id="n16">
        <link targets="r37"/>
    </node>
    <a label="direct-subjective" ref="n16" as="mpqa">
        <fs>
            <f name="nested-source" value="w"/>
            <f name="polarity" value=""/>
            <f name="attitude-link" value="hardenough"/>
            <f name="intensity" value="medium"/>
            <f name="expression-intensity" value="neutral"/>
            <f name="implicit" value="true"/>
        </fs>
    </a>
    <node xml:id="n17">
        <link targets="r39"/>
    </node>
    <a label="expressive-subjectivity" ref="n17" as="mpqa">
        <fs>
            <f name="nested-source" value="w"/>
            <f name="polarity" value="neutral"/>
            <f name="intensity" value="medium"/>
        </fs>
    </a>
    <node xml:id="n18">
        <link targets="r41"/>
    </node>
    <a label="target" ref="n18" as="mpqa">
        <fs>
            <f name="id" value="decisions"/>
            <f name="target-uncertain" value=""/>
        </fs>
    </a>
    <node xml:id="n19">
        <link targets="r43"/>
    </node>
    <a label="split" ref="n19" as="mpqa"/>
    <node xml:id="n2">
        <link targets="r8"/>
    </node>
    <a label="split" ref="n2" as="mpqa"/>
    <node xml:id="n20">
        <link targets="r45"/>
    </node>
    <a label="inside" ref="n20" as="mpqa">
        <fs>
            <f name="nested-source" value="w"/>
        </fs>
    </a>
    <node xml:id="n21">
        <link targets="r47"/>
    </node>
    <a label="target" ref="n21" as="mpqa">
        <fs>
            <f name="id" value="itdecisions"/>
        </fs>
    </a>
    <node xml:id="n22">
        <link targets="r49"/>
    </node>
    <a label="direct-subjective" ref="n22" as="mpqa">
        <fs>
            <f name="nested-source" value="w"/>
            <f name="polarity" value=""/>
            <f name="attitude-link" value="evenharder"/>
            <f name="intensity" value="medium"/>
            <f name="expression-intensity" value="neutral"/>
            <f name="implicit" value="true"/>
        </fs>
    </a>
    <node xml:id="n23">
        <link targets="r51"/>
    </node>
    <a label="attitude" ref="n23" as="mpqa">
        <fs>
            <f name="attitude-type" value="arguing-pos"/>
            <f name="attitude-uncertain" value=""/>
            <f name="intensity" value="medium-high"/>
            <f name="target-link" value="itdecisions"/>
            <f name="id" value="evenharder"/>
        </fs>
    </a>
    <node xml:id="n24">
        <link targets="r53"/>
    </node>
    <a label="expressive-subjectivity" ref="n24" as="mpqa">
        <fs>
            <f name="nested-source" value="w"/>
        </fs>
    </a>
    <node xml:id="n25">
        <link targets="r55"/>
    </node>
    <a label="split" ref="n25" as="mpqa"/>
    <node xml:id="n26">
        <link targets="r57"/>
    </node>
    <a label="inside" ref="n26" as="mpqa">
        <fs>
            <f name="nested-source" value="w"/>
        </fs>
    </a>
    <node xml:id="n27">
        <link targets="r59"/>
    </node>
    <a label="target" ref="n27" as="mpqa">
        <fs>
            <f name="id" value="bigsisters"/>
        </fs>
    </a>
    <node xml:id="n28">
        <link targets="r61"/>
    </node>
    <a label="direct-subjective" ref="n28" as="mpqa">
        <fs>
            <f name="nested-source" value="w"/>
            <f name="polarity" value="positive"/>
            <f name="attitude-link" value="helpfill,carres"/>
            <f name="intensity" value="high"/>
            <f name="expression-intensity" value="neutral"/>
            <f name="implicit" value="true"/>
        </fs>
    </a>
    <node xml:id="n29">
        <link targets="r63"/>
    </node>
    <a label="attitude" ref="n29" as="mpqa">
        <fs>
            <f name="id" value="helpfill"/>
            <f name="target-link" value="bigsisters"/>
            <f name="intensity" value="low-medium"/>
            <f name="attitude-type" value="sentiment-pos"/>
        </fs>
    </a>
    <node xml:id="n3">
        <link targets="r10"/>
    </node>
    <a label="inside" ref="n3" as="mpqa">
        <fs>
            <f name="nested-source" value="w"/>
        </fs>
    </a>
    <node xml:id="n30">
        <link targets="r65"/>
    </node>
    <a label="expressive-subjectivity" ref="n30" as="mpqa">
        <fs>
            <f name="nested-source" value="w"/>
            <f name="polarity" value="positive"/>
            <f name="intensity" value="low"/>
        </fs>
    </a>
    <node xml:id="n31">
        <link targets="r67"/>
    </node>
    <a label="target" ref="n31" as="mpqa">
        <fs>
            <f name="id" value="advols"/>
        </fs>
    </a>
    <node xml:id="n32">
        <link targets="r69"/>
    </node>
    <a label="attitude" ref="n32" as="mpqa">
        <fs>
            <f name="id" value="carres"/>
            <f name="target-link" value="advols"/>
            <f name="intensity" value="medium"/>
            <f name="attitude-type" value="sentiment-pos"/>
        </fs>
    </a>
    <a label="expressive-subjectivity" ref="n32" as="mpqa">
        <fs>
            <f name="nested-source" value="w"/>
            <f name="polarity" value="positive"/>
            <f name="intensity" value="medium"/>
        </fs>
    </a>
    <node xml:id="n33">
        <link targets="r72"/>
    </node>
    <a label="split" ref="n33" as="mpqa"/>
    <node xml:id="n34">
        <link targets="r74"/>
    </node>
    <a label="inside" ref="n34" as="mpqa">
        <fs>
            <f name="nested-source" value="w"/>
        </fs>
    </a>
    <node xml:id="n35">
        <link targets="r76"/>
    </node>
    <a label="target" ref="n35" as="mpqa">
        <fs>
            <f name="id" value="abigsis"/>
        </fs>
    </a>
    <node xml:id="n36">
        <link targets="r78"/>
    </node>
    <a label="direct-subjective" ref="n36" as="mpqa">
        <fs>
            <f name="nested-source" value="w"/>
            <f name="attitude-link" value="whatabigsisis"/>
            <f name="implicit" value="true"/>
            <f name="expression-intensity" value="neutral"/>
            <f name="intensity" value="low"/>
        </fs>
    </a>
    <node xml:id="n37">
        <link targets="r80"/>
    </node>
    <a label="attitude" ref="n37" as="mpqa">
        <fs>
            <f name="id" value="whatabigsisis"/>
            <f name="target-link" value="abigsis"/>
            <f name="intensity" value="low-medium"/>
            <f name="attitude-type" value="sentiment-pos"/>
        </fs>
    </a>
    <node xml:id="n38">
        <link targets="r82"/>
    </node>
    <a label="expressive-subjectivity" ref="n38" as="mpqa">
        <fs>
            <f name="nested-source" value="w"/>
            <f name="polarity" value="positive"/>
            <f name="intensity" value="medium"/>
        </fs>
    </a>
    <node xml:id="n39">
        <link targets="r84"/>
    </node>
    <a label="expressive-subjectivity" ref="n39" as="mpqa">
        <fs>
            <f name="nested-source" value="w"/>
            <f name="polarity" value="positive"/>
            <f name="intensity" value="medium"/>
        </fs>
    </a>
    <node xml:id="n4">
        <link targets="r12"/>
    </node>
    <a label="direct-subjective" ref="n4" as="mpqa">
        <fs>
            <f name="nested-source" value="w"/>
            <f name="attitude-link" value="ohdear"/>
            <f name="implicit" value="true"/>
            <f name="intensity" value="medium"/>
            <f name="expression-intensity" value="neutral"/>
        </fs>
    </a>
    <node xml:id="n40">
        <link targets="r86"/>
    </node>
    <a label="split" ref="n40" as="mpqa"/>
    <node xml:id="n41">
        <link targets="r88"/>
    </node>
    <a label="inside" ref="n41" as="mpqa">
        <fs>
            <f name="nested-source" value="w"/>
        </fs>
    </a>
    <node xml:id="n42">
        <link targets="r90"/>
    </node>
    <a label="target" ref="n42" as="mpqa">
        <fs>
            <f name="id" value="contrib"/>
        </fs>
    </a>
    <node xml:id="n43">
        <link targets="r92"/>
    </node>
    <a label="direct-subjective" ref="n43" as="mpqa">
        <fs>
            <f name="nested-source" value="w"/>
            <f name="polarity" value=""/>
            <f name="attitude-link" value="whygive"/>
            <f name="intensity" value="low"/>
            <f name="expression-intensity" value="neutral"/>
            <f name="implicit" value="true"/>
        </fs>
    </a>
    <node xml:id="n44">
        <link targets="r94"/>
    </node>
    <a label="attitude" ref="n44" as="mpqa">
        <fs>
            <f name="inferred" value=""/>
            <f name="attitude-type" value="arguing-pos"/>
            <f name="intensity" value="medium-high"/>
            <f name="target-link" value="contrib"/>
            <f name="id" value="whygive"/>
        </fs>
    </a>
    <node xml:id="n45">
        <link targets="r96"/>
    </node>
    <a label="expressive-subjectivity" ref="n45" as="mpqa">
        <fs>
            <f name="nested-source" value="w"/>
            <f name="polarity" value="neutral"/>
            <f name="intensity" value="low"/>
        </fs>
    </a>
    <node xml:id="n46">
        <link targets="r98"/>
    </node>
    <a label="expressive-subjectivity" ref="n46" as="mpqa">
        <fs>
            <f name="nested-source" value="w"/>
            <f name="polarity" value="positive"/>
            <f name="intensity" value="medium"/>
        </fs>
    </a>
    <node xml:id="n47">
        <link targets="r100"/>
    </node>
    <a label="split" ref="n47" as="mpqa"/>
    <node xml:id="n48">
        <link targets="r102"/>
    </node>
    <a label="inside" ref="n48" as="mpqa">
        <fs>
            <f name="nested-source" value="w"/>
        </fs>
    </a>
    <node xml:id="n49">
        <link targets="r104"/>
    </node>
    <a label="objective-speech-event" ref="n49" as="mpqa">
        <fs>
            <f name="implicit" value="true"/>
            <f name="nested-source" value="w"/>
        </fs>
    </a>
    <node xml:id="n5">
        <link targets="r14"/>
    </node>
    <a label="attitude" ref="n5" as="mpqa">
        <fs>
            <f name="id" value="ohdear"/>
            <f name="target-link" value="ami"/>
            <f name="intensity" value="medium"/>
            <f name="attitude-type" value="sentiment-pos"/>
        </fs>
    </a>
    <a label="expressive-subjectivity" ref="n5" as="mpqa">
        <fs>
            <f name="nested-source" value="w"/>
            <f name="polarity" value="positive"/>
            <f name="intensity" value="medium"/>
        </fs>
    </a>
    <node xml:id="n50">
        <link targets="r106"/>
    </node>
    <a label="split" ref="n50" as="mpqa"/>
    <node xml:id="n51">
        <link targets="r108"/>
    </node>
    <a label="inside" ref="n51" as="mpqa">
        <fs>
            <f name="nested-source" value="w"/>
        </fs>
    </a>
    <node xml:id="n52">
        <link targets="r110"/>
    </node>
    <a label="target" ref="n52" as="mpqa">
        <fs>
            <f name="id" value="stats"/>
        </fs>
    </a>
    <node xml:id="n53">
        <link targets="r112"/>
    </node>
    <a label="direct-subjective" ref="n53" as="mpqa">
        <fs>
            <f name="nested-source" value="w"/>
            <f name="polarity" value="positive"/>
            <f name="attitude-link" value="helpchangelives,proofpositive"/>
            <f name="intensity" value="high"/>
            <f name="expression-intensity" value="neutral"/>
            <f name="implicit" value="true"/>
        </fs>
    </a>
    <node xml:id="n54">
        <link targets="r114"/>
    </node>
    <a label="attitude" ref="n54" as="mpqa">
        <fs>
            <f name="id" value="proofpositive"/>
            <f name="target-link" value="stats"/>
            <f name="intensity" value="medium-high"/>
            <f name="attitude-type" value="arguing-pos"/>
        </fs>
    </a>
    <node xml:id="n55">
        <link targets="r116"/>
    </node>
    <a label="expressive-subjectivity" ref="n55" as="mpqa">
        <fs>
            <f name="nested-source" value="w"/>
            <f name="polarity" value=""/>
            <f name="intensity" value="high"/>
        </fs>
    </a>
    <node xml:id="n56">
        <link targets="r118"/>
    </node>
    <a label="target" ref="n56" as="mpqa">
        <fs>
            <f name="id" value="1to1"/>
        </fs>
    </a>
    <node xml:id="n57">
        <link targets="r120"/>
    </node>
    <a label="expressive-subjectivity" ref="n57" as="mpqa">
        <fs>
            <f name="nested-source" value="w"/>
            <f name="polarity" value="positive"/>
            <f name="intensity" value="medium"/>
        </fs>
    </a>
    <a label="attitude" ref="n57" as="mpqa">
        <fs>
            <f name="id" value="helpchangelives"/>
            <f name="target-link" value="1to1"/>
            <f name="intensity" value="low-medium"/>
            <f name="attitude-type" value="sentiment-pos"/>
        </fs>
    </a>
    <node xml:id="n58">
        <link targets="r123"/>
    </node>
    <a label="split" ref="n58" as="mpqa"/>
    <node xml:id="n59">
        <link targets="r125"/>
    </node>
    <a label="inside" ref="n59" as="mpqa">
        <fs>
            <f name="nested-source" value="w"/>
        </fs>
    </a>
    <node xml:id="n6">
        <link targets="r17"/>
    </node>
    <a label="target" ref="n6" as="mpqa">
        <fs>
            <f name="id" value="ami"/>
        </fs>
    </a>
    <node xml:id="n60">
        <link targets="r127"/>
    </node>
    <a label="objective-speech-event" ref="n60" as="mpqa">
        <fs>
            <f name="implicit" value="true"/>
            <f name="nested-source" value="w"/>
        </fs>
    </a>
    <node xml:id="n61">
        <link targets="r129"/>
    </node>
    <a label="agent" ref="n61" as="mpqa">
        <fs>
            <f name="id" value="bigsis"/>
            <f name="nested-source" value="w,bigsis"/>
        </fs>
    </a>
    <node xml:id="n62">
        <link targets="r131"/>
    </node>
    <a label="direct-subjective" ref="n62" as="mpqa">
        <fs>
            <f name="nested-source" value="w,bigsis"/>
            <f name="polarity" value="positive"/>
            <f name="attitude-link" value="offer"/>
            <f name="intensity" value="low"/>
            <f name="expression-intensity" value="medium"/>
        </fs>
    </a>
    <a label="attitude" ref="n62" as="mpqa">
        <fs>
            <f name="id" value="offer"/>
            <f name="target-link" value="helpchange"/>
            <f name="intensity" value="low-medium"/>
            <f name="attitude-type" value="sentiment-pos"/>
        </fs>
    </a>
    <node xml:id="n63">
        <link targets="r134"/>
    </node>
    <a label="target" ref="n63" as="mpqa">
        <fs>
            <f name="id" value="helpchange"/>
        </fs>
    </a>
    <node xml:id="n64">
        <link targets="r136"/>
    </node>
    <a label="split" ref="n64" as="mpqa"/>
    <node xml:id="n65">
        <link targets="r138"/>
    </node>
    <a label="inside" ref="n65" as="mpqa">
        <fs>
            <f name="nested-source" value="w"/>
        </fs>
    </a>
    <node xml:id="n66">
        <link targets="r140"/>
    </node>
    <a label="objective-speech-event" ref="n66" as="mpqa">
        <fs>
            <f name="implicit" value="true"/>
            <f name="nested-source" value="w"/>
        </fs>
    </a>
    <node xml:id="n67">
        <link targets="r142"/>
    </node>
    <a label="split" ref="n67" as="mpqa"/>
    <node xml:id="n68">
        <link targets="r144"/>
    </node>
    <a label="inside" ref="n68" as="mpqa">
        <fs>
            <f name="nested-source" value="w"/>
        </fs>
    </a>
    <node xml:id="n69">
        <link targets="r146"/>
    </node>
    <a label="direct-subjective" ref="n69" as="mpqa">
        <fs>
            <f name="nested-source" value="w"/>
            <f name="polarity" value="positive"/>
            <f name="attitude-link" value="foster"/>
            <f name="intensity" value="medium"/>
            <f name="expression-intensity" value="neutral"/>
            <f name="implicit" value="true"/>
        </fs>
    </a>
    <node xml:id="n7">
        <link targets="r19"/>
    </node>
    <a label="split" ref="n7" as="mpqa"/>
    <node xml:id="n70">
        <link targets="r148"/>
    </node>
    <a label="target" ref="n70" as="mpqa">
        <fs>
            <f name="id" value="infra"/>
        </fs>
    </a>
    <node xml:id="n71">
        <link targets="r150"/>
    </node>
    <a label="attitude" ref="n71" as="mpqa">
        <fs>
            <f name="id" value="foster"/>
            <f name="target-link" value="infra"/>
            <f name="intensity" value="medium"/>
            <f name="attitude-type" value="sentiment-pos"/>
        </fs>
    </a>
    <node xml:id="n72">
        <link targets="r152"/>
    </node>
    <a label="expressive-subjectivity" ref="n72" as="mpqa">
        <fs>
            <f name="nested-source" value="w"/>
            <f name="polarity" value="positive"/>
            <f name="intensity" value="medium"/>
        </fs>
    </a>
    <node xml:id="n73">
        <link targets="r154"/>
    </node>
    <a label="split" ref="n73" as="mpqa"/>
    <node xml:id="n74">
        <link targets="r156"/>
    </node>
    <a label="inside" ref="n74" as="mpqa">
        <fs>
            <f name="nested-source" value="w"/>
        </fs>
    </a>
    <node xml:id="n75">
        <link targets="r158"/>
    </node>
    <a label="objective-speech-event" ref="n75" as="mpqa">
        <fs>
            <f name="implicit" value="true"/>
            <f name="nested-source" value="w"/>
        </fs>
    </a>
    <node xml:id="n76">
        <link targets="r160"/>
    </node>
    <a label="split" ref="n76" as="mpqa"/>
    <node xml:id="n77">
        <link targets="r162"/>
    </node>
    <a label="inside" ref="n77" as="mpqa">
        <fs>
            <f name="nested-source" value="w"/>
        </fs>
    </a>
    <node xml:id="n78">
        <link targets="r164"/>
    </node>
    <a label="objective-speech-event" ref="n78" as="mpqa">
        <fs>
            <f name="implicit" value="true"/>
            <f name="nested-source" value="w"/>
        </fs>
    </a>
    <node xml:id="n79">
        <link targets="r166"/>
    </node>
    <a label="split" ref="n79" as="mpqa"/>
    <node xml:id="n8">
        <link targets="r21"/>
    </node>
    <a label="inside" ref="n8" as="mpqa">
        <fs>
            <f name="nested-source" value="w"/>
        </fs>
    </a>
    <node xml:id="n80">
        <link targets="r168"/>
    </node>
    <a label="inside" ref="n80" as="mpqa">
        <fs>
            <f name="nested-source" value="w"/>
        </fs>
    </a>
    <node xml:id="n81">
        <link targets="r170"/>
    </node>
    <a label="objective-speech-event" ref="n81" as="mpqa">
        <fs>
            <f name="implicit" value="true"/>
            <f name="nested-source" value="w"/>
        </fs>
    </a>
    <node xml:id="n82">
        <link targets="r172"/>
    </node>
    <a label="split" ref="n82" as="mpqa"/>
    <node xml:id="n83">
        <link targets="r174"/>
    </node>
    <a label="inside" ref="n83" as="mpqa">
        <fs>
            <f name="nested-source" value="w"/>
        </fs>
    </a>
    <node xml:id="n84">
        <link targets="r176"/>
    </node>
    <a label="attitude" ref="n84" as="mpqa">
        <fs>
            <f name="attitude-type" value="sentiment-neg"/>
            <f name="id" value="notenoughserved"/>
            <f name="target-link" value="moreunserved"/>
            <f name="intensity" value="medium"/>
            <f name="contrast" value="yes"/>
        </fs>
    </a>
    <node xml:id="n85">
        <link targets="r178"/>
    </node>
    <a label="expressive-subjectivity" ref="n85" as="mpqa">
        <fs>
            <f name="intensity" value="medium"/>
            <f name="nested-source" value="w"/>
        </fs>
    </a>
    <node xml:id="n86">
        <link targets="r180"/>
    </node>
    <a label="direct-subjective" ref="n86" as="mpqa">
        <fs>
            <f name="nested-source" value="w"/>
            <f name="attitude-link" value="notenoughserved"/>
            <f name="implicit" value="true"/>
            <f name="expression-intensity" value="neutral"/>
            <f name="intensity" value="medium"/>
        </fs>
    </a>
    <node xml:id="n87">
        <link targets="r182"/>
    </node>
    <a label="target" ref="n87" as="mpqa">
        <fs>
            <f name="id" value="moreunserved"/>
        </fs>
    </a>
    <node xml:id="n88">
        <link targets="r184"/>
    </node>
    <a label="expressive-subjectivity" ref="n88" as="mpqa">
        <fs>
            <f name="nested-source" value="w"/>
            <f name="polarity" value="negative"/>
            <f name="intensity" value="medium"/>
        </fs>
    </a>
    <node xml:id="n89">
        <link targets="r186"/>
    </node>
    <a label="split" ref="n89" as="mpqa"/>
    <node xml:id="n9">
        <link targets="r23"/>
    </node>
    <a label="target" ref="n9" as="mpqa">
        <fs>
            <f name="id" value="adolescence"/>
        </fs>
    </a>
    <node xml:id="n90">
        <link targets="r188"/>
    </node>
    <a label="inside" ref="n90" as="mpqa">
        <fs>
            <f name="nested-source" value="w"/>
        </fs>
    </a>
    <node xml:id="n91">
        <link targets="r190"/>
    </node>
    <a label="objective-speech-event" ref="n91" as="mpqa">
        <fs>
            <f name="implicit" value="true"/>
            <f name="nested-source" value="w"/>
        </fs>
    </a>
    <node xml:id="n92">
        <link targets="r192"/>
    </node>
    <a label="split" ref="n92" as="mpqa"/>
    <node xml:id="n93">
        <link targets="r194"/>
    </node>
    <a label="inside" ref="n93" as="mpqa">
        <fs>
            <f name="nested-source" value="w"/>
        </fs>
    </a>
    <node xml:id="n94">
        <link targets="r196"/>
    </node>
    <a label="attitude" ref="n94" as="mpqa">
        <fs>
            <f name="sarcastic" value=""/>
            <f name="attitude-type" value="sentiment-pos"/>
            <f name="id" value="imaginethedifference"/>
            <f name="intensity" value="medium-high"/>
            <f name="target-link" value="pledge"/>
        </fs>
    </a>
    <node xml:id="n95">
        <link targets="r198"/>
    </node>
    <a label="expressive-subjectivity" ref="n95" as="mpqa">
        <fs>
            <f name="nested-source" value="w"/>
            <f name="polarity" value="positive"/>
            <f name="intensity" value="high"/>
        </fs>
    </a>
    <node xml:id="n96">
        <link targets="r200"/>
    </node>
    <a label="objective-speech-event" ref="n96" as="mpqa">
        <fs>
            <f name="implicit" value="true"/>
            <f name="nested-source" value="w"/>
        </fs>
    </a>
    <node xml:id="n97">
        <link targets="r202"/>
    </node>
    <a label="target" ref="n97" as="mpqa">
        <fs>
            <f name="id" value="pledge"/>
        </fs>
    </a>
    <node xml:id="n98">
        <link targets="r204"/>
    </node>
    <a label="agent" ref="n98" as="mpqa">
        <fs>
            <f name="id" value="eachcong"/>
            <f name="nested-source" value="w,eachcong"/>
        </fs>
    </a>
    <node xml:id="n99">
        <link targets="r206"/>
    </node>
    <a label="direct-subjective" ref="n99" as="mpqa">
        <fs>
            <f name="nested-source" value="w,eachcong"/>
            <f name="polarity" value="positive"/>
            <f name="insubstantial" value="c1"/>
            <f name="expression-intensity" value="medium"/>
            <f name="intensity" value="medium"/>
        </fs>
    </a>
</graph>
