<?xml version="1.0" encoding="UTF-8"?>
<graph xmlns="http://www.xces.org/ns/GrAF/1.0/">
    <header>
        <tagsDecl>
        </tagsDecl>
    </header>
    <region xml:id="seg-r0" anchors="18 24"/>
    <region xml:id="seg-r2" anchors="25 26"/>
    <region xml:id="seg-r3" anchors="26 27"/>
    <region xml:id="seg-r5" anchors="28 32"/>
    <region xml:id="seg-r7" anchors="39 43"/>
    <region xml:id="seg-r9" anchors="44 50"/>
    <region xml:id="seg-r10" anchors="50 51"/>
    <region xml:id="seg-r12" anchors="58 69"/>
    <region xml:id="seg-r13" anchors="69 70"/>
    <region xml:id="seg-r15" anchors="71 73"/>
    <region xml:id="seg-r17" anchors="74 76"/>
    <region xml:id="seg-r19" anchors="77 78"/>
    <region xml:id="seg-r21" anchors="79 86"/>
    <region xml:id="seg-r23" anchors="87 91"/>
    <region xml:id="seg-r25" anchors="92 94"/>
    <region xml:id="seg-r27" anchors="95 98"/>
    <region xml:id="seg-r29" anchors="99 103"/>
    <region xml:id="seg-r31" anchors="104 106"/>
    <region xml:id="seg-r33" anchors="107 108"/>
    <region xml:id="seg-r35" anchors="109 114"/>
    <region xml:id="seg-r37" anchors="115 119"/>
    <region xml:id="seg-r38" anchors="119 120"/>
    <region xml:id="seg-r39" anchors="120 124"/>
    <region xml:id="seg-r41" anchors="131 136"/>
    <region xml:id="seg-r43" anchors="137 144"/>
    <region xml:id="seg-r45" anchors="145 147"/>
    <region xml:id="seg-r47" anchors="148 151"/>
    <region xml:id="seg-r49" anchors="152 160"/>
    <region xml:id="seg-r50" anchors="160 161"/>
    <region xml:id="seg-r52" anchors="162 164"/>
    <region xml:id="seg-r54" anchors="165 168"/>
    <region xml:id="seg-r56" anchors="169 176"/>
    <region xml:id="seg-r58" anchors="177 180"/>
    <region xml:id="seg-r60" anchors="181 186"/>
    <region xml:id="seg-r61" anchors="186 187"/>
    <region xml:id="seg-r63" anchors="188 191"/>
    <region xml:id="seg-r65" anchors="192 198"/>
    <region xml:id="seg-r67" anchors="199 202"/>
    <region xml:id="seg-r69" anchors="209 215"/>
    <region xml:id="seg-r70" anchors="215 216"/>
    <region xml:id="seg-r72" anchors="217 219"/>
    <region xml:id="seg-r73" anchors="219 221"/>
    <region xml:id="seg-r75" anchors="222 226"/>
    <region xml:id="seg-r77" anchors="227 233"/>
    <region xml:id="seg-r79" anchors="234 237"/>
    <region xml:id="seg-r81" anchors="238 241"/>
    <region xml:id="seg-r83" anchors="242 244"/>
    <region xml:id="seg-r85" anchors="245 249"/>
    <region xml:id="seg-r87" anchors="250 254"/>
    <region xml:id="seg-r89" anchors="255 264"/>
    <region xml:id="seg-r91" anchors="265 269"/>
    <region xml:id="seg-r93" anchors="270 273"/>
    <region xml:id="seg-r94" anchors="273 275"/>
    <region xml:id="seg-r96" anchors="282 292"/>
    <region xml:id="seg-r98" anchors="293 295"/>
    <region xml:id="seg-r100" anchors="296 303"/>
    <region xml:id="seg-r101" anchors="303 304"/>
    <region xml:id="seg-r103" anchors="305 307"/>
    <region xml:id="seg-r104" anchors="307 309"/>
    <region xml:id="seg-r106" anchors="310 314"/>
    <region xml:id="seg-r108" anchors="315 321"/>
    <region xml:id="seg-r110" anchors="322 326"/>
    <region xml:id="seg-r112" anchors="327 330"/>
    <region xml:id="seg-r114" anchors="331 333"/>
    <region xml:id="seg-r115" anchors="333 336"/>
    <region xml:id="seg-r116" anchors="336 337"/>
    <region xml:id="seg-r118" anchors="344 347"/>
    <region xml:id="seg-r120" anchors="348 355"/>
    <region xml:id="seg-r122" anchors="356 361"/>
    <region xml:id="seg-r124" anchors="362 366"/>
    <region xml:id="seg-r126" anchors="367 371"/>
    <region xml:id="seg-r128" anchors="372 376"/>
    <region xml:id="seg-r130" anchors="377 379"/>
    <region xml:id="seg-r132" anchors="380 388"/>
    <region xml:id="seg-r134" anchors="389 395"/>
    <region xml:id="seg-r135" anchors="395 396"/>
    <region xml:id="seg-r137" anchors="397 408"/>
    <region xml:id="seg-r139" anchors="409 414"/>
    <region xml:id="seg-r141" anchors="421 431"/>
    <region xml:id="seg-r143" anchors="432 436"/>
    <region xml:id="seg-r145" anchors="437 444"/>
    <region xml:id="seg-r147" anchors="445 450"/>
    <region xml:id="seg-r148" anchors="450 451"/>
    <region xml:id="seg-r150" anchors="452 456"/>
    <region xml:id="seg-r152" anchors="457 458"/>
    <region xml:id="seg-r153" anchors="458 459"/>
    <region xml:id="seg-r154" anchors="459 461"/>
    <region xml:id="seg-r155" anchors="461 462"/>
    <region xml:id="seg-r157" anchors="463 464"/>
    <region xml:id="seg-r159" anchors="465 468"/>
    <region xml:id="seg-r161" anchors="469 475"/>
    <region xml:id="seg-r163" anchors="476 478"/>
    <region xml:id="seg-r165" anchors="479 480"/>
    <region xml:id="seg-r167" anchors="481 487"/>
    <region xml:id="seg-r168" anchors="487 488"/>
    <region xml:id="seg-r170" anchors="489 490"/>
    <region xml:id="seg-r172" anchors="497 503"/>
    <region xml:id="seg-r174" anchors="504 507"/>
    <region xml:id="seg-r176" anchors="508 509"/>
    <region xml:id="seg-r178" anchors="510 514"/>
    <region xml:id="seg-r180" anchors="515 520"/>
    <region xml:id="seg-r181" anchors="520 521"/>
    <region xml:id="seg-r183" anchors="522 529"/>
    <region xml:id="seg-r185" anchors="530 531"/>
    <region xml:id="seg-r187" anchors="532 537"/>
    <region xml:id="seg-r189" anchors="538 542"/>
    <region xml:id="seg-r191" anchors="543 545"/>
    <region xml:id="seg-r193" anchors="546 553"/>
    <region xml:id="seg-r195" anchors="554 557"/>
    <region xml:id="seg-r197" anchors="564 579"/>
    <region xml:id="seg-r199" anchors="580 583"/>
    <region xml:id="seg-r201" anchors="584 588"/>
    <region xml:id="seg-r203" anchors="589 595"/>
    <region xml:id="seg-r205" anchors="596 605"/>
    <region xml:id="seg-r207" anchors="606 608"/>
    <region xml:id="seg-r209" anchors="609 615"/>
    <region xml:id="seg-r211" anchors="616 617"/>
    <region xml:id="seg-r213" anchors="618 629"/>
    <region xml:id="seg-r214" anchors="629 630"/>
    <region xml:id="seg-r216" anchors="637 647"/>
    <region xml:id="seg-r218" anchors="648 651"/>
    <region xml:id="seg-r220" anchors="652 662"/>
    <region xml:id="seg-r222" anchors="663 668"/>
    <region xml:id="seg-r223" anchors="668 669"/>
    <region xml:id="seg-r225" anchors="670 674"/>
    <region xml:id="seg-r227" anchors="675 676"/>
    <region xml:id="seg-r228" anchors="676 677"/>
    <region xml:id="seg-r229" anchors="677 678"/>
    <region xml:id="seg-r230" anchors="678 681"/>
    <region xml:id="seg-r232" anchors="682 694"/>
    <region xml:id="seg-r234" anchors="695 698"/>
    <region xml:id="seg-r236" anchors="699 702"/>
    <region xml:id="seg-r238" anchors="703 704"/>
    <region xml:id="seg-r240" anchors="711 717"/>
    <region xml:id="seg-r242" anchors="718 720"/>
    <region xml:id="seg-r244" anchors="721 722"/>
    <region xml:id="seg-r246" anchors="723 728"/>
    <region xml:id="seg-r247" anchors="728 730"/>
    <region xml:id="seg-r249" anchors="731 735"/>
    <region xml:id="seg-r250" anchors="735 736"/>
    <region xml:id="seg-r251" anchors="736 739"/>
    <region xml:id="seg-r253" anchors="740 744"/>
    <region xml:id="seg-r255" anchors="745 747"/>
    <region xml:id="seg-r257" anchors="748 749"/>
    <region xml:id="seg-r259" anchors="750 755"/>
    <region xml:id="seg-r260" anchors="755 757"/>
    <region xml:id="seg-r262" anchors="758 764"/>
    <region xml:id="seg-r263" anchors="764 765"/>
    <region xml:id="seg-r265" anchors="772 775"/>
    <region xml:id="seg-r267" anchors="776 783"/>
    <region xml:id="seg-r269" anchors="784 786"/>
    <region xml:id="seg-r271" anchors="787 789"/>
    <region xml:id="seg-r273" anchors="790 792"/>
    <region xml:id="seg-r274" anchors="792 793"/>
    <region xml:id="seg-r275" anchors="793 798"/>
    <region xml:id="seg-r277" anchors="799 804"/>
    <region xml:id="seg-r279" anchors="805 814"/>
    <region xml:id="seg-r281" anchors="815 817"/>
    <region xml:id="seg-r283" anchors="818 824"/>
    <region xml:id="seg-r284" anchors="824 825"/>
    <region xml:id="seg-r285" anchors="825 832"/>
    <region xml:id="seg-r287" anchors="833 841"/>
    <region xml:id="seg-r289" anchors="848 854"/>
    <region xml:id="seg-r291" anchors="855 859"/>
    <region xml:id="seg-r293" anchors="860 868"/>
    <region xml:id="seg-r295" anchors="869 882"/>
    <region xml:id="seg-r297" anchors="883 885"/>
    <region xml:id="seg-r299" anchors="886 889"/>
    <region xml:id="seg-r300" anchors="889 890"/>
    <region xml:id="seg-r301" anchors="890 892"/>
    <region xml:id="seg-r302" anchors="892 893"/>
    <region xml:id="seg-r303" anchors="893 896"/>
    <region xml:id="seg-r305" anchors="897 900"/>
    <region xml:id="seg-r307" anchors="901 907"/>
    <region xml:id="seg-r309" anchors="908 911"/>
    <region xml:id="seg-r311" anchors="912 915"/>
    <region xml:id="seg-r313" anchors="922 929"/>
    <region xml:id="seg-r315" anchors="930 937"/>
    <region xml:id="seg-r317" anchors="938 941"/>
    <region xml:id="seg-r319" anchors="942 946"/>
    <region xml:id="seg-r321" anchors="947 950"/>
    <region xml:id="seg-r323" anchors="951 955"/>
    <region xml:id="seg-r324" anchors="955 956"/>
    <region xml:id="seg-r326" anchors="957 964"/>
    <region xml:id="seg-r328" anchors="965 970"/>
    <region xml:id="seg-r330" anchors="971 975"/>
    <region xml:id="seg-r332" anchors="976 980"/>
    <region xml:id="seg-r334" anchors="981 984"/>
    <region xml:id="seg-r336" anchors="985 987"/>
    <region xml:id="seg-r338" anchors="988 990"/>
    <region xml:id="seg-r339" anchors="990 991"/>
    <region xml:id="seg-r340" anchors="991 992"/>
    <region xml:id="seg-r342" anchors="999 1006"/>
    <region xml:id="seg-r344" anchors="1007 1013"/>
    <region xml:id="seg-r346" anchors="1014 1025"/>
    <region xml:id="seg-r348" anchors="1026 1028"/>
    <region xml:id="seg-r350" anchors="1029 1031"/>
    <region xml:id="seg-r351" anchors="1031 1032"/>
    <region xml:id="seg-r352" anchors="1032 1033"/>
    <region xml:id="seg-r354" anchors="1034 1037"/>
    <region xml:id="seg-r356" anchors="1038 1048"/>
    <region xml:id="seg-r358" anchors="1049 1057"/>
    <region xml:id="seg-r360" anchors="1058 1060"/>
    <region xml:id="seg-r362" anchors="1061 1063"/>
    <region xml:id="seg-r363" anchors="1063 1064"/>
    <region xml:id="seg-r364" anchors="1064 1065"/>
    <region xml:id="seg-r366" anchors="1072 1080"/>
    <region xml:id="seg-r368" anchors="1081 1087"/>
    <region xml:id="seg-r370" anchors="1088 1099"/>
    <region xml:id="seg-r371" anchors="1099 1100"/>
    <region xml:id="seg-r373" anchors="1101 1104"/>
    <region xml:id="seg-r375" anchors="1105 1113"/>
    <region xml:id="seg-r377" anchors="1114 1123"/>
    <region xml:id="seg-r379" anchors="1124 1128"/>
    <region xml:id="seg-r381" anchors="1129 1135"/>
    <region xml:id="seg-r383" anchors="1136 1139"/>
    <region xml:id="seg-r385" anchors="1146 1153"/>
    <region xml:id="seg-r386" anchors="1153 1154"/>
    <region xml:id="seg-r388" anchors="1161 1165"/>
    <region xml:id="seg-r390" anchors="1166 1168"/>
    <region xml:id="seg-r392" anchors="1169 1177"/>
    <region xml:id="seg-r394" anchors="1178 1183"/>
    <region xml:id="seg-r396" anchors="1184 1188"/>
    <region xml:id="seg-r398" anchors="1189 1192"/>
    <region xml:id="seg-r400" anchors="1193 1200"/>
    <region xml:id="seg-r402" anchors="1201 1204"/>
    <region xml:id="seg-r403" anchors="1204 1205"/>
    <region xml:id="seg-r404" anchors="1205 1207"/>
    <region xml:id="seg-r405" anchors="1207 1208"/>
    <region xml:id="seg-r406" anchors="1208 1211"/>
    <region xml:id="seg-r408" anchors="1212 1221"/>
    <region xml:id="seg-r410" anchors="1222 1229"/>
    <region xml:id="seg-r412" anchors="1236 1241"/>
    <region xml:id="seg-r414" anchors="1242 1248"/>
    <region xml:id="seg-r416" anchors="1249 1254"/>
    <region xml:id="seg-r417" anchors="1254 1255"/>
    <region xml:id="seg-r419" anchors="1256 1261"/>
    <region xml:id="seg-r420" anchors="1261 1262"/>
    <region xml:id="seg-r422" anchors="1263 1265"/>
    <region xml:id="seg-r424" anchors="1266 1269"/>
    <region xml:id="seg-r426" anchors="1270 1278"/>
    <region xml:id="seg-r428" anchors="1279 1282"/>
    <region xml:id="seg-r430" anchors="1283 1286"/>
    <region xml:id="seg-r432" anchors="1287 1298"/>
    <region xml:id="seg-r434" anchors="1299 1301"/>
    <region xml:id="seg-r436" anchors="1302 1306"/>
    <region xml:id="seg-r438" anchors="1313 1319"/>
    <region xml:id="seg-r440" anchors="1320 1321"/>
    <region xml:id="seg-r442" anchors="1322 1326"/>
    <region xml:id="seg-r443" anchors="1326 1327"/>
    <region xml:id="seg-r445" anchors="1328 1330"/>
    <region xml:id="seg-r447" anchors="1331 1343"/>
    <region xml:id="seg-r449" anchors="1344 1345"/>
    <region xml:id="seg-r450" anchors="1345 1346"/>
    <region xml:id="seg-r451" anchors="1346 1347"/>
    <region xml:id="seg-r452" anchors="1347 1350"/>
    <region xml:id="seg-r454" anchors="1351 1354"/>
    <region xml:id="seg-r456" anchors="1355 1358"/>
    <region xml:id="seg-r458" anchors="1359 1366"/>
    <region xml:id="seg-r460" anchors="1367 1370"/>
    <region xml:id="seg-r462" anchors="1371 1376"/>
    <region xml:id="seg-r464" anchors="1377 1380"/>
    <region xml:id="seg-r466" anchors="1381 1384"/>
    <region xml:id="seg-r468" anchors="1391 1395"/>
    <region xml:id="seg-r469" anchors="1395 1396"/>
    <region xml:id="seg-r471" anchors="1397 1401"/>
    <region xml:id="seg-r473" anchors="1402 1407"/>
    <region xml:id="seg-r475" anchors="1408 1417"/>
    <region xml:id="seg-r477" anchors="1418 1421"/>
    <region xml:id="seg-r479" anchors="1422 1436"/>
    <region xml:id="seg-r481" anchors="1437 1441"/>
    <region xml:id="seg-r483" anchors="1442 1449"/>
    <region xml:id="seg-r485" anchors="1450 1453"/>
    <region xml:id="seg-r487" anchors="1454 1462"/>
    <region xml:id="seg-r489" anchors="1469 1472"/>
    <region xml:id="seg-r491" anchors="1473 1484"/>
    <region xml:id="seg-r493" anchors="1485 1487"/>
    <region xml:id="seg-r495" anchors="1488 1497"/>
    <region xml:id="seg-r497" anchors="1498 1511"/>
    <region xml:id="seg-r498" anchors="1511 1512"/>
    <region xml:id="seg-r500" anchors="1513 1517"/>
    <region xml:id="seg-r502" anchors="1518 1526"/>
    <region xml:id="seg-r504" anchors="1527 1528"/>
    <region xml:id="seg-r506" anchors="1529 1538"/>
    <region xml:id="seg-r508" anchors="1545 1554"/>
    <region xml:id="seg-r510" anchors="1555 1562"/>
    <region xml:id="seg-r511" anchors="1562 1563"/>
    <region xml:id="seg-r513" anchors="1564 1575"/>
    <region xml:id="seg-r514" anchors="1575 1576"/>
    <region xml:id="seg-r516" anchors="1577 1585"/>
    <region xml:id="seg-r518" anchors="1586 1589"/>
    <region xml:id="seg-r520" anchors="1590 1597"/>
    <region xml:id="seg-r522" anchors="1598 1609"/>
    <region xml:id="seg-r524" anchors="1610 1613"/>
    <region xml:id="seg-r526" anchors="1620 1627"/>
    <region xml:id="seg-r528" anchors="1628 1630"/>
    <region xml:id="seg-r530" anchors="1631 1632"/>
    <region xml:id="seg-r532" anchors="1633 1645"/>
    <region xml:id="seg-r534" anchors="1646 1651"/>
    <region xml:id="seg-r535" anchors="1651 1652"/>
    <region xml:id="seg-r537" anchors="1659 1661"/>
    <region xml:id="seg-r539" anchors="1662 1663"/>
    <region xml:id="seg-r541" anchors="1664 1674"/>
    <region xml:id="seg-r543" anchors="1675 1678"/>
    <region xml:id="seg-r545" anchors="1679 1683"/>
    <region xml:id="seg-r547" anchors="1684 1691"/>
    <region xml:id="seg-r549" anchors="1692 1693"/>
    <region xml:id="seg-r551" anchors="1694 1705"/>
    <region xml:id="seg-r553" anchors="1706 1708"/>
    <region xml:id="seg-r555" anchors="1709 1710"/>
    <region xml:id="seg-r556" anchors="1710 1714"/>
    <region xml:id="seg-r558" anchors="1715 1720"/>
    <region xml:id="seg-r559" anchors="1720 1721"/>
    <region xml:id="seg-r561" anchors="1722 1725"/>
    <region xml:id="seg-r563" anchors="1726 1728"/>
    <region xml:id="seg-r565" anchors="1735 1745"/>
    <region xml:id="seg-r567" anchors="1746 1748"/>
    <region xml:id="seg-r569" anchors="1749 1750"/>
    <region xml:id="seg-r571" anchors="1751 1761"/>
    <region xml:id="seg-r573" anchors="1762 1764"/>
    <region xml:id="seg-r575" anchors="1765 1766"/>
    <region xml:id="seg-r577" anchors="1767 1773"/>
    <region xml:id="seg-r579" anchors="1774 1776"/>
    <region xml:id="seg-r581" anchors="1777 1780"/>
    <region xml:id="seg-r583" anchors="1781 1784"/>
    <region xml:id="seg-r585" anchors="1785 1792"/>
    <region xml:id="seg-r587" anchors="1793 1799"/>
    <region xml:id="seg-r588" anchors="1799 1800"/>
    <region xml:id="seg-r590" anchors="1801 1803"/>
    <region xml:id="seg-r592" anchors="1804 1807"/>
    <region xml:id="seg-r594" anchors="1814 1820"/>
    <region xml:id="seg-r596" anchors="1821 1831"/>
    <region xml:id="seg-r598" anchors="1832 1835"/>
    <region xml:id="seg-r600" anchors="1836 1842"/>
    <region xml:id="seg-r602" anchors="1843 1849"/>
    <region xml:id="seg-r603" anchors="1849 1850"/>
    <region xml:id="seg-r605" anchors="1857 1862"/>
    <region xml:id="seg-r607" anchors="1863 1866"/>
    <region xml:id="seg-r609" anchors="1867 1874"/>
    <region xml:id="seg-r611" anchors="1875 1881"/>
    <region xml:id="seg-r613" anchors="1882 1886"/>
    <region xml:id="seg-r615" anchors="1887 1888"/>
    <region xml:id="seg-r616" anchors="1888 1889"/>
    <region xml:id="seg-r617" anchors="1889 1892"/>
    <region xml:id="seg-r619" anchors="1893 1898"/>
    <region xml:id="seg-r621" anchors="1899 1901"/>
    <region xml:id="seg-r623" anchors="1902 1909"/>
    <region xml:id="seg-r625" anchors="1910 1917"/>
    <region xml:id="seg-r626" anchors="1917 1918"/>
    <region xml:id="seg-r628" anchors="1919 1922"/>
    <region xml:id="seg-r630" anchors="1923 1926"/>
    <region xml:id="seg-r632" anchors="1933 1937"/>
    <region xml:id="seg-r634" anchors="1938 1942"/>
    <region xml:id="seg-r636" anchors="1943 1949"/>
    <region xml:id="seg-r637" anchors="1949 1950"/>
    <region xml:id="seg-r639" anchors="1951 1955"/>
    <region xml:id="seg-r641" anchors="1956 1959"/>
    <region xml:id="seg-r643" anchors="1960 1964"/>
    <region xml:id="seg-r645" anchors="1965 1973"/>
    <region xml:id="seg-r646" anchors="1973 1974"/>
    <region xml:id="seg-r648" anchors="1975 1979"/>
    <region xml:id="seg-r650" anchors="1980 1983"/>
    <region xml:id="seg-r652" anchors="1984 1989"/>
    <region xml:id="seg-r654" anchors="1990 1993"/>
    <region xml:id="seg-r656" anchors="1994 2003"/>
    <region xml:id="seg-r658" anchors="2010 2017"/>
    <region xml:id="seg-r660" anchors="2018 2021"/>
    <region xml:id="seg-r662" anchors="2022 2023"/>
    <region xml:id="seg-r664" anchors="2024 2027"/>
    <region xml:id="seg-r666" anchors="2028 2034"/>
    <region xml:id="seg-r667" anchors="2034 2035"/>
    <region xml:id="seg-r669" anchors="2036 2043"/>
    <region xml:id="seg-r671" anchors="2044 2047"/>
    <region xml:id="seg-r673" anchors="2048 2058"/>
    <region xml:id="seg-r675" anchors="2059 2062"/>
    <region xml:id="seg-r677" anchors="2063 2072"/>
    <region xml:id="seg-r679" anchors="2073 2078"/>
    <region xml:id="seg-r681" anchors="2079 2083"/>
    <region xml:id="seg-r683" anchors="2090 2092"/>
    <region xml:id="seg-r685" anchors="2093 2097"/>
    <region xml:id="seg-r687" anchors="2098 2110"/>
    <region xml:id="seg-r689" anchors="2111 2118"/>
    <region xml:id="seg-r691" anchors="2119 2122"/>
    <region xml:id="seg-r693" anchors="2123 2130"/>
    <region xml:id="seg-r695" anchors="2131 2133"/>
    <region xml:id="seg-r697" anchors="2134 2137"/>
    <region xml:id="seg-r699" anchors="2138 2141"/>
    <region xml:id="seg-r701" anchors="2142 2149"/>
    <region xml:id="seg-r703" anchors="2150 2155"/>
    <region xml:id="seg-r704" anchors="2155 2156"/>
    <region xml:id="seg-r706" anchors="2163 2164"/>
    <region xml:id="seg-r708" anchors="2165 2174"/>
    <region xml:id="seg-r710" anchors="2175 2178"/>
    <region xml:id="seg-r712" anchors="2179 2181"/>
    <region xml:id="seg-r714" anchors="2182 2186"/>
    <region xml:id="seg-r716" anchors="2187 2189"/>
    <region xml:id="seg-r718" anchors="2190 2192"/>
    <region xml:id="seg-r720" anchors="2193 2203"/>
    <region xml:id="seg-r722" anchors="2204 2208"/>
    <region xml:id="seg-r724" anchors="2209 2219"/>
    <region xml:id="seg-r726" anchors="2220 2229"/>
    <region xml:id="seg-r728" anchors="2230 2232"/>
    <region xml:id="seg-r730" anchors="2239 2243"/>
    <region xml:id="seg-r732" anchors="2244 2256"/>
    <region xml:id="seg-r733" anchors="2256 2257"/>
    <region xml:id="seg-r735" anchors="2264 2273"/>
    <region xml:id="seg-r736" anchors="2273 2274"/>
    <region xml:id="seg-r738" anchors="2281 2283"/>
    <region xml:id="seg-r739" anchors="2283 2284"/>
    <region xml:id="seg-r741" anchors="2285 2290"/>
    <region xml:id="seg-r743" anchors="2291 2296"/>
    <region xml:id="seg-r745" anchors="2297 2303"/>
    <region xml:id="seg-r746" anchors="2303 2304"/>
    <region xml:id="seg-r748" anchors="2305 2308"/>
    <region xml:id="seg-r750" anchors="2309 2315"/>
    <region xml:id="seg-r752" anchors="2316 2317"/>
    <region xml:id="seg-r754" anchors="2318 2325"/>
    <region xml:id="seg-r756" anchors="2326 2328"/>
    <region xml:id="seg-r758" anchors="2329 2331"/>
    <region xml:id="seg-r759" anchors="2331 2332"/>
    <region xml:id="seg-r761" anchors="2333 2337"/>
    <region xml:id="seg-r762" anchors="2337 2339"/>
    <region xml:id="seg-r764" anchors="2340 2346"/>
    <region xml:id="seg-r766" anchors="2353 2362"/>
    <region xml:id="seg-r768" anchors="2363 2368"/>
    <region xml:id="seg-r769" anchors="2368 2369"/>
</graph>
