<?xml version="1.0" encoding="UTF-8"?>
<graph xmlns="http://www.xces.org/ns/GrAF/1.0/">
    <header>
        <tagsDecl>
            <tagUsage gi="nchunk" occurs="75"/>
        </tagsDecl>
        <dependencies>
            <dependsOn type="penn"/>
        </dependencies>
        <annotationSets>
            <annotationSet name="xces" type="http://www.xces.org/schema/2003"/>
        </annotationSets>
    </header>
    <node xml:id="n0"/>
    <a label="nchunk" ref="n0" as="xces"/>
    <node xml:id="n1"/>
    <a label="nchunk" ref="n1" as="xces"/>
    <node xml:id="n10"/>
    <a label="nchunk" ref="n10" as="xces"/>
    <node xml:id="n11"/>
    <a label="nchunk" ref="n11" as="xces"/>
    <node xml:id="n12"/>
    <a label="nchunk" ref="n12" as="xces"/>
    <node xml:id="n13"/>
    <a label="nchunk" ref="n13" as="xces"/>
    <node xml:id="n14"/>
    <a label="nchunk" ref="n14" as="xces"/>
    <node xml:id="n15"/>
    <a label="nchunk" ref="n15" as="xces"/>
    <node xml:id="n16"/>
    <a label="nchunk" ref="n16" as="xces"/>
    <node xml:id="n17"/>
    <a label="nchunk" ref="n17" as="xces"/>
    <node xml:id="n18"/>
    <a label="nchunk" ref="n18" as="xces"/>
    <node xml:id="n19"/>
    <a label="nchunk" ref="n19" as="xces"/>
    <node xml:id="n2"/>
    <a label="nchunk" ref="n2" as="xces"/>
    <node xml:id="n20"/>
    <a label="nchunk" ref="n20" as="xces"/>
    <node xml:id="n21"/>
    <a label="nchunk" ref="n21" as="xces"/>
    <node xml:id="n22"/>
    <a label="nchunk" ref="n22" as="xces"/>
    <node xml:id="n23"/>
    <a label="nchunk" ref="n23" as="xces"/>
    <node xml:id="n24"/>
    <a label="nchunk" ref="n24" as="xces"/>
    <node xml:id="n25"/>
    <a label="nchunk" ref="n25" as="xces"/>
    <node xml:id="n26"/>
    <a label="nchunk" ref="n26" as="xces"/>
    <node xml:id="n27"/>
    <a label="nchunk" ref="n27" as="xces"/>
    <node xml:id="n28"/>
    <a label="nchunk" ref="n28" as="xces"/>
    <node xml:id="n29"/>
    <a label="nchunk" ref="n29" as="xces"/>
    <node xml:id="n3"/>
    <a label="nchunk" ref="n3" as="xces"/>
    <node xml:id="n30"/>
    <a label="nchunk" ref="n30" as="xces"/>
    <node xml:id="n31"/>
    <a label="nchunk" ref="n31" as="xces"/>
    <node xml:id="n32"/>
    <a label="nchunk" ref="n32" as="xces"/>
    <node xml:id="n33"/>
    <a label="nchunk" ref="n33" as="xces"/>
    <node xml:id="n34"/>
    <a label="nchunk" ref="n34" as="xces"/>
    <node xml:id="n35"/>
    <a label="nchunk" ref="n35" as="xces"/>
    <node xml:id="n36"/>
    <a label="nchunk" ref="n36" as="xces"/>
    <node xml:id="n37"/>
    <a label="nchunk" ref="n37" as="xces"/>
    <node xml:id="n38"/>
    <a label="nchunk" ref="n38" as="xces"/>
    <node xml:id="n39"/>
    <a label="nchunk" ref="n39" as="xces"/>
    <node xml:id="n4"/>
    <a label="nchunk" ref="n4" as="xces"/>
    <node xml:id="n40"/>
    <a label="nchunk" ref="n40" as="xces"/>
    <node xml:id="n41"/>
    <a label="nchunk" ref="n41" as="xces"/>
    <node xml:id="n42"/>
    <a label="nchunk" ref="n42" as="xces"/>
    <node xml:id="n43"/>
    <a label="nchunk" ref="n43" as="xces"/>
    <node xml:id="n44"/>
    <a label="nchunk" ref="n44" as="xces"/>
    <node xml:id="n45"/>
    <a label="nchunk" ref="n45" as="xces"/>
    <node xml:id="n46"/>
    <a label="nchunk" ref="n46" as="xces"/>
    <node xml:id="n47"/>
    <a label="nchunk" ref="n47" as="xces"/>
    <node xml:id="n48"/>
    <a label="nchunk" ref="n48" as="xces"/>
    <node xml:id="n49"/>
    <a label="nchunk" ref="n49" as="xces"/>
    <node xml:id="n5"/>
    <a label="nchunk" ref="n5" as="xces"/>
    <node xml:id="n50"/>
    <a label="nchunk" ref="n50" as="xces"/>
    <node xml:id="n51"/>
    <a label="nchunk" ref="n51" as="xces"/>
    <node xml:id="n52"/>
    <a label="nchunk" ref="n52" as="xces"/>
    <node xml:id="n53"/>
    <a label="nchunk" ref="n53" as="xces"/>
    <node xml:id="n54"/>
    <a label="nchunk" ref="n54" as="xces"/>
    <node xml:id="n55"/>
    <a label="nchunk" ref="n55" as="xces"/>
    <node xml:id="n56"/>
    <a label="nchunk" ref="n56" as="xces"/>
    <node xml:id="n57"/>
    <a label="nchunk" ref="n57" as="xces"/>
    <node xml:id="n58"/>
    <a label="nchunk" ref="n58" as="xces"/>
    <node xml:id="n59"/>
    <a label="nchunk" ref="n59" as="xces"/>
    <node xml:id="n6"/>
    <a label="nchunk" ref="n6" as="xces"/>
    <node xml:id="n60"/>
    <a label="nchunk" ref="n60" as="xces"/>
    <node xml:id="n61"/>
    <a label="nchunk" ref="n61" as="xces"/>
    <node xml:id="n62"/>
    <a label="nchunk" ref="n62" as="xces"/>
    <node xml:id="n63"/>
    <a label="nchunk" ref="n63" as="xces"/>
    <node xml:id="n64"/>
    <a label="nchunk" ref="n64" as="xces"/>
    <node xml:id="n65"/>
    <a label="nchunk" ref="n65" as="xces"/>
    <node xml:id="n66"/>
    <a label="nchunk" ref="n66" as="xces"/>
    <node xml:id="n67"/>
    <a label="nchunk" ref="n67" as="xces"/>
    <node xml:id="n68"/>
    <a label="nchunk" ref="n68" as="xces"/>
    <node xml:id="n69"/>
    <a label="nchunk" ref="n69" as="xces"/>
    <node xml:id="n7"/>
    <a label="nchunk" ref="n7" as="xces"/>
    <node xml:id="n70"/>
    <a label="nchunk" ref="n70" as="xces"/>
    <node xml:id="n71"/>
    <a label="nchunk" ref="n71" as="xces"/>
    <node xml:id="n72"/>
    <a label="nchunk" ref="n72" as="xces"/>
    <node xml:id="n73"/>
    <a label="nchunk" ref="n73" as="xces"/>
    <node xml:id="n74"/>
    <a label="nchunk" ref="n74" as="xces"/>
    <node xml:id="n8"/>
    <a label="nchunk" ref="n8" as="xces"/>
    <node xml:id="n9"/>
    <a label="nchunk" ref="n9" as="xces"/>
    <edge xml:id="lnk121" from="n66" to="penn-n245"/>
    <edge xml:id="lnk120" from="n66" to="penn-n244"/>
    <edge xml:id="lnk69" from="n43" to="penn-n146"/>
    <edge xml:id="lnk68" from="n43" to="penn-n145"/>
    <edge xml:id="lnk67" from="n43" to="penn-n144"/>
    <edge xml:id="lnk66" from="n42" to="penn-n142"/>
    <edge xml:id="lnk65" from="n42" to="penn-n141"/>
    <edge xml:id="lnk119" from="n65" to="penn-n242"/>
    <edge xml:id="lnk64" from="n42" to="penn-n140"/>
    <edge xml:id="lnk118" from="n65" to="penn-n241"/>
    <edge xml:id="lnk63" from="n42" to="penn-n139"/>
    <edge xml:id="lnk117" from="n65" to="penn-n240"/>
    <edge xml:id="lnk62" from="n41" to="penn-n135"/>
    <edge xml:id="lnk116" from="n65" to="penn-n239"/>
    <edge xml:id="lnk61" from="n40" to="penn-n134"/>
    <edge xml:id="lnk115" from="n64" to="penn-n231"/>
    <edge xml:id="lnk60" from="n40" to="penn-n133"/>
    <edge xml:id="lnk114" from="n63" to="penn-n227"/>
    <edge xml:id="lnk113" from="n63" to="penn-n226"/>
    <edge xml:id="lnk112" from="n62" to="penn-n224"/>
    <edge xml:id="lnk111" from="n62" to="penn-n223"/>
    <edge xml:id="lnk110" from="n61" to="penn-n219"/>
    <edge xml:id="lnk59" from="n4" to="penn-n15"/>
    <edge xml:id="lnk58" from="n39" to="penn-n131"/>
    <edge xml:id="lnk57" from="n38" to="penn-n129"/>
    <edge xml:id="lnk56" from="n38" to="penn-n128"/>
    <edge xml:id="lnk55" from="n38" to="penn-n127"/>
    <edge xml:id="lnk109" from="n60" to="penn-n216"/>
    <edge xml:id="lnk54" from="n38" to="penn-n126"/>
    <edge xml:id="lnk108" from="n60" to="penn-n215"/>
    <edge xml:id="lnk53" from="n37" to="penn-n124"/>
    <edge xml:id="lnk107" from="n6" to="penn-n20"/>
    <edge xml:id="lnk52" from="n36" to="penn-n119"/>
    <edge xml:id="lnk106" from="n59" to="penn-n213"/>
    <edge xml:id="lnk51" from="n36" to="penn-n118"/>
    <edge xml:id="lnk105" from="n59" to="penn-n212"/>
    <edge xml:id="lnk50" from="n35" to="penn-n116"/>
    <edge xml:id="lnk104" from="n58" to="penn-n208"/>
    <edge xml:id="lnk103" from="n57" to="penn-n206"/>
    <edge xml:id="lnk102" from="n56" to="penn-n204"/>
    <edge xml:id="lnk101" from="n56" to="penn-n203"/>
    <edge xml:id="lnk100" from="n56" to="penn-n202"/>
    <edge xml:id="lnk49" from="n35" to="penn-n115"/>
    <edge xml:id="lnk48" from="n34" to="penn-n114"/>
    <edge xml:id="lnk47" from="n33" to="penn-n112"/>
    <edge xml:id="lnk46" from="n33" to="penn-n111"/>
    <edge xml:id="lnk45" from="n32" to="penn-n107"/>
    <edge xml:id="lnk44" from="n31" to="penn-n106"/>
    <edge xml:id="lnk43" from="n31" to="penn-n105"/>
    <edge xml:id="lnk42" from="n30" to="penn-n98"/>
    <edge xml:id="lnk41" from="n30" to="penn-n97"/>
    <edge xml:id="lnk40" from="n3" to="penn-n10"/>
    <edge xml:id="lnk39" from="n29" to="penn-n96"/>
    <edge xml:id="lnk38" from="n28" to="penn-n93"/>
    <edge xml:id="lnk37" from="n28" to="penn-n92"/>
    <edge xml:id="lnk36" from="n27" to="penn-n87"/>
    <edge xml:id="lnk35" from="n26" to="penn-n85"/>
    <edge xml:id="lnk99" from="n55" to="penn-n200"/>
    <edge xml:id="lnk34" from="n25" to="penn-n84"/>
    <edge xml:id="lnk98" from="n55" to="penn-n199"/>
    <edge xml:id="lnk33" from="n25" to="penn-n83"/>
    <edge xml:id="lnk97" from="n55" to="penn-n198"/>
    <edge xml:id="lnk32" from="n25" to="penn-n82"/>
    <edge xml:id="lnk96" from="n54" to="penn-n196"/>
    <edge xml:id="lnk31" from="n24" to="penn-n80"/>
    <edge xml:id="lnk95" from="n53" to="penn-n193"/>
    <edge xml:id="lnk30" from="n24" to="penn-n79"/>
    <edge xml:id="lnk94" from="n53" to="penn-n192"/>
    <edge xml:id="lnk93" from="n53" to="penn-n191"/>
    <edge xml:id="lnk92" from="n53" to="penn-n190"/>
    <edge xml:id="lnk91" from="n53" to="penn-n189"/>
    <edge xml:id="lnk90" from="n53" to="penn-n188"/>
    <edge xml:id="lnk141" from="n9" to="penn-n30"/>
    <edge xml:id="lnk140" from="n9" to="penn-n29"/>
    <edge xml:id="lnk9" from="n12" to="penn-n43"/>
    <edge xml:id="lnk8" from="n11" to="penn-n39"/>
    <edge xml:id="lnk7" from="n11" to="penn-n38"/>
    <edge xml:id="lnk6" from="n10" to="penn-n35"/>
    <edge xml:id="lnk5" from="n1" to="penn-n6"/>
    <edge xml:id="lnk4" from="n1" to="penn-n5"/>
    <edge xml:id="lnk3" from="n1" to="penn-n4"/>
    <edge xml:id="lnk2" from="n0" to="penn-n2"/>
    <edge xml:id="lnk29" from="n23" to="penn-n77"/>
    <edge xml:id="lnk1" from="n0" to="penn-n1"/>
    <edge xml:id="lnk28" from="n23" to="penn-n76"/>
    <edge xml:id="lnk0" from="n0" to="penn-n0"/>
    <edge xml:id="lnk27" from="n23" to="penn-n75"/>
    <edge xml:id="lnk26" from="n22" to="penn-n71"/>
    <edge xml:id="lnk25" from="n21" to="penn-n70"/>
    <edge xml:id="lnk89" from="n52" to="penn-n186"/>
    <edge xml:id="lnk24" from="n21" to="penn-n69"/>
    <edge xml:id="lnk88" from="n52" to="penn-n185"/>
    <edge xml:id="lnk23" from="n20" to="penn-n67"/>
    <edge xml:id="lnk87" from="n52" to="penn-n184"/>
    <edge xml:id="lnk22" from="n2" to="penn-n8"/>
    <edge xml:id="lnk86" from="n52" to="penn-n183"/>
    <edge xml:id="lnk21" from="n19" to="penn-n64"/>
    <edge xml:id="lnk85" from="n51" to="penn-n180"/>
    <edge xml:id="lnk20" from="n19" to="penn-n63"/>
    <edge xml:id="lnk139" from="n8" to="penn-n27"/>
    <edge xml:id="lnk84" from="n51" to="penn-n179"/>
    <edge xml:id="lnk138" from="n8" to="penn-n26"/>
    <edge xml:id="lnk83" from="n50" to="penn-n176"/>
    <edge xml:id="lnk137" from="n74" to="penn-n275"/>
    <edge xml:id="lnk82" from="n5" to="penn-n17"/>
    <edge xml:id="lnk136" from="n73" to="penn-n273"/>
    <edge xml:id="lnk81" from="n49" to="penn-n174"/>
    <edge xml:id="lnk135" from="n73" to="penn-n272"/>
    <edge xml:id="lnk80" from="n49" to="penn-n173"/>
    <edge xml:id="lnk134" from="n72" to="penn-n269"/>
    <edge xml:id="lnk133" from="n72" to="penn-n268"/>
    <edge xml:id="lnk132" from="n72" to="penn-n267"/>
    <edge xml:id="lnk131" from="n71" to="penn-n265"/>
    <edge xml:id="lnk130" from="n70" to="penn-n258"/>
    <edge xml:id="lnk19" from="n18" to="penn-n60"/>
    <edge xml:id="lnk18" from="n18" to="penn-n59"/>
    <edge xml:id="lnk17" from="n17" to="penn-n57"/>
    <edge xml:id="lnk16" from="n17" to="penn-n56"/>
    <edge xml:id="lnk15" from="n16" to="penn-n54"/>
    <edge xml:id="lnk79" from="n49" to="penn-n172"/>
    <edge xml:id="lnk14" from="n15" to="penn-n51"/>
    <edge xml:id="lnk78" from="n48" to="penn-n167"/>
    <edge xml:id="lnk13" from="n14" to="penn-n49"/>
    <edge xml:id="lnk77" from="n48" to="penn-n166"/>
    <edge xml:id="lnk12" from="n14" to="penn-n48"/>
    <edge xml:id="lnk76" from="n47" to="penn-n160"/>
    <edge xml:id="lnk11" from="n13" to="penn-n46"/>
    <edge xml:id="lnk75" from="n46" to="penn-n157"/>
    <edge xml:id="lnk10" from="n12" to="penn-n44"/>
    <edge xml:id="lnk129" from="n7" to="penn-n24"/>
    <edge xml:id="lnk74" from="n46" to="penn-n156"/>
    <edge xml:id="lnk128" from="n69" to="penn-n256"/>
    <edge xml:id="lnk73" from="n45" to="penn-n152"/>
    <edge xml:id="lnk127" from="n69" to="penn-n255"/>
    <edge xml:id="lnk72" from="n45" to="penn-n151"/>
    <edge xml:id="lnk126" from="n68" to="penn-n252"/>
    <edge xml:id="lnk71" from="n45" to="penn-n150"/>
    <edge xml:id="lnk125" from="n67" to="penn-n250"/>
    <edge xml:id="lnk70" from="n44" to="penn-n148"/>
    <edge xml:id="lnk124" from="n67" to="penn-n249"/>
    <edge xml:id="lnk123" from="n67" to="penn-n248"/>
    <edge xml:id="lnk122" from="n67" to="penn-n247"/>
</graph>
