<?xml version="1.0" encoding="UTF-8"?>
<graph xmlns="http://www.xces.org/ns/GrAF/1.0/">
    <header>
        <tagsDecl>
            <tagUsage gi="nchunk" occurs="175"/>
        </tagsDecl>
        <dependencies>
            <dependsOn type="penn"/>
        </dependencies>
        <annotationSets>
            <annotationSet name="xces" type="http://www.xces.org/schema/2003"/>
        </annotationSets>
    </header>
    <node xml:id="n0"/>
    <a label="nchunk" ref="n0" as="xces"/>
    <node xml:id="n1"/>
    <a label="nchunk" ref="n1" as="xces"/>
    <node xml:id="n10"/>
    <a label="nchunk" ref="n10" as="xces"/>
    <node xml:id="n100"/>
    <a label="nchunk" ref="n100" as="xces"/>
    <node xml:id="n101"/>
    <a label="nchunk" ref="n101" as="xces"/>
    <node xml:id="n102"/>
    <a label="nchunk" ref="n102" as="xces"/>
    <node xml:id="n103"/>
    <a label="nchunk" ref="n103" as="xces"/>
    <node xml:id="n104"/>
    <a label="nchunk" ref="n104" as="xces"/>
    <node xml:id="n105"/>
    <a label="nchunk" ref="n105" as="xces"/>
    <node xml:id="n106"/>
    <a label="nchunk" ref="n106" as="xces"/>
    <node xml:id="n107"/>
    <a label="nchunk" ref="n107" as="xces"/>
    <node xml:id="n108"/>
    <a label="nchunk" ref="n108" as="xces"/>
    <node xml:id="n109"/>
    <a label="nchunk" ref="n109" as="xces"/>
    <node xml:id="n11"/>
    <a label="nchunk" ref="n11" as="xces"/>
    <node xml:id="n110"/>
    <a label="nchunk" ref="n110" as="xces"/>
    <node xml:id="n111"/>
    <a label="nchunk" ref="n111" as="xces"/>
    <node xml:id="n112"/>
    <a label="nchunk" ref="n112" as="xces"/>
    <node xml:id="n113"/>
    <a label="nchunk" ref="n113" as="xces"/>
    <node xml:id="n114"/>
    <a label="nchunk" ref="n114" as="xces"/>
    <node xml:id="n115"/>
    <a label="nchunk" ref="n115" as="xces"/>
    <node xml:id="n116"/>
    <a label="nchunk" ref="n116" as="xces"/>
    <node xml:id="n117"/>
    <a label="nchunk" ref="n117" as="xces"/>
    <node xml:id="n118"/>
    <a label="nchunk" ref="n118" as="xces"/>
    <node xml:id="n119"/>
    <a label="nchunk" ref="n119" as="xces"/>
    <node xml:id="n12"/>
    <a label="nchunk" ref="n12" as="xces"/>
    <node xml:id="n120"/>
    <a label="nchunk" ref="n120" as="xces"/>
    <node xml:id="n121"/>
    <a label="nchunk" ref="n121" as="xces"/>
    <node xml:id="n122"/>
    <a label="nchunk" ref="n122" as="xces"/>
    <node xml:id="n123"/>
    <a label="nchunk" ref="n123" as="xces"/>
    <node xml:id="n124"/>
    <a label="nchunk" ref="n124" as="xces"/>
    <node xml:id="n125"/>
    <a label="nchunk" ref="n125" as="xces"/>
    <node xml:id="n126"/>
    <a label="nchunk" ref="n126" as="xces"/>
    <node xml:id="n127"/>
    <a label="nchunk" ref="n127" as="xces"/>
    <node xml:id="n128"/>
    <a label="nchunk" ref="n128" as="xces"/>
    <node xml:id="n129"/>
    <a label="nchunk" ref="n129" as="xces"/>
    <node xml:id="n13"/>
    <a label="nchunk" ref="n13" as="xces"/>
    <node xml:id="n130"/>
    <a label="nchunk" ref="n130" as="xces"/>
    <node xml:id="n131"/>
    <a label="nchunk" ref="n131" as="xces"/>
    <node xml:id="n132"/>
    <a label="nchunk" ref="n132" as="xces"/>
    <node xml:id="n133"/>
    <a label="nchunk" ref="n133" as="xces"/>
    <node xml:id="n134"/>
    <a label="nchunk" ref="n134" as="xces"/>
    <node xml:id="n135"/>
    <a label="nchunk" ref="n135" as="xces"/>
    <node xml:id="n136"/>
    <a label="nchunk" ref="n136" as="xces"/>
    <node xml:id="n137"/>
    <a label="nchunk" ref="n137" as="xces"/>
    <node xml:id="n138"/>
    <a label="nchunk" ref="n138" as="xces"/>
    <node xml:id="n139"/>
    <a label="nchunk" ref="n139" as="xces"/>
    <node xml:id="n14"/>
    <a label="nchunk" ref="n14" as="xces"/>
    <node xml:id="n140"/>
    <a label="nchunk" ref="n140" as="xces"/>
    <node xml:id="n141"/>
    <a label="nchunk" ref="n141" as="xces"/>
    <node xml:id="n142"/>
    <a label="nchunk" ref="n142" as="xces"/>
    <node xml:id="n143"/>
    <a label="nchunk" ref="n143" as="xces"/>
    <node xml:id="n144"/>
    <a label="nchunk" ref="n144" as="xces"/>
    <node xml:id="n145"/>
    <a label="nchunk" ref="n145" as="xces"/>
    <node xml:id="n146"/>
    <a label="nchunk" ref="n146" as="xces"/>
    <node xml:id="n147"/>
    <a label="nchunk" ref="n147" as="xces"/>
    <node xml:id="n148"/>
    <a label="nchunk" ref="n148" as="xces"/>
    <node xml:id="n149"/>
    <a label="nchunk" ref="n149" as="xces"/>
    <node xml:id="n15"/>
    <a label="nchunk" ref="n15" as="xces"/>
    <node xml:id="n150"/>
    <a label="nchunk" ref="n150" as="xces"/>
    <node xml:id="n151"/>
    <a label="nchunk" ref="n151" as="xces"/>
    <node xml:id="n152"/>
    <a label="nchunk" ref="n152" as="xces"/>
    <node xml:id="n153"/>
    <a label="nchunk" ref="n153" as="xces"/>
    <node xml:id="n154"/>
    <a label="nchunk" ref="n154" as="xces"/>
    <node xml:id="n155"/>
    <a label="nchunk" ref="n155" as="xces"/>
    <node xml:id="n156"/>
    <a label="nchunk" ref="n156" as="xces"/>
    <node xml:id="n157"/>
    <a label="nchunk" ref="n157" as="xces"/>
    <node xml:id="n158"/>
    <a label="nchunk" ref="n158" as="xces"/>
    <node xml:id="n159"/>
    <a label="nchunk" ref="n159" as="xces"/>
    <node xml:id="n16"/>
    <a label="nchunk" ref="n16" as="xces"/>
    <node xml:id="n160"/>
    <a label="nchunk" ref="n160" as="xces"/>
    <node xml:id="n161"/>
    <a label="nchunk" ref="n161" as="xces"/>
    <node xml:id="n162"/>
    <a label="nchunk" ref="n162" as="xces"/>
    <node xml:id="n163"/>
    <a label="nchunk" ref="n163" as="xces"/>
    <node xml:id="n164"/>
    <a label="nchunk" ref="n164" as="xces"/>
    <node xml:id="n165"/>
    <a label="nchunk" ref="n165" as="xces"/>
    <node xml:id="n166"/>
    <a label="nchunk" ref="n166" as="xces"/>
    <node xml:id="n167"/>
    <a label="nchunk" ref="n167" as="xces"/>
    <node xml:id="n168"/>
    <a label="nchunk" ref="n168" as="xces"/>
    <node xml:id="n169"/>
    <a label="nchunk" ref="n169" as="xces"/>
    <node xml:id="n17"/>
    <a label="nchunk" ref="n17" as="xces"/>
    <node xml:id="n170"/>
    <a label="nchunk" ref="n170" as="xces"/>
    <node xml:id="n171"/>
    <a label="nchunk" ref="n171" as="xces"/>
    <node xml:id="n172"/>
    <a label="nchunk" ref="n172" as="xces"/>
    <node xml:id="n173"/>
    <a label="nchunk" ref="n173" as="xces"/>
    <node xml:id="n174"/>
    <a label="nchunk" ref="n174" as="xces"/>
    <node xml:id="n18"/>
    <a label="nchunk" ref="n18" as="xces"/>
    <node xml:id="n19"/>
    <a label="nchunk" ref="n19" as="xces"/>
    <node xml:id="n2"/>
    <a label="nchunk" ref="n2" as="xces"/>
    <node xml:id="n20"/>
    <a label="nchunk" ref="n20" as="xces"/>
    <node xml:id="n21"/>
    <a label="nchunk" ref="n21" as="xces"/>
    <node xml:id="n22"/>
    <a label="nchunk" ref="n22" as="xces"/>
    <node xml:id="n23"/>
    <a label="nchunk" ref="n23" as="xces"/>
    <node xml:id="n24"/>
    <a label="nchunk" ref="n24" as="xces"/>
    <node xml:id="n25"/>
    <a label="nchunk" ref="n25" as="xces"/>
    <node xml:id="n26"/>
    <a label="nchunk" ref="n26" as="xces"/>
    <node xml:id="n27"/>
    <a label="nchunk" ref="n27" as="xces"/>
    <node xml:id="n28"/>
    <a label="nchunk" ref="n28" as="xces"/>
    <node xml:id="n29"/>
    <a label="nchunk" ref="n29" as="xces"/>
    <node xml:id="n3"/>
    <a label="nchunk" ref="n3" as="xces"/>
    <node xml:id="n30"/>
    <a label="nchunk" ref="n30" as="xces"/>
    <node xml:id="n31"/>
    <a label="nchunk" ref="n31" as="xces"/>
    <node xml:id="n32"/>
    <a label="nchunk" ref="n32" as="xces"/>
    <node xml:id="n33"/>
    <a label="nchunk" ref="n33" as="xces"/>
    <node xml:id="n34"/>
    <a label="nchunk" ref="n34" as="xces"/>
    <node xml:id="n35"/>
    <a label="nchunk" ref="n35" as="xces"/>
    <node xml:id="n36"/>
    <a label="nchunk" ref="n36" as="xces"/>
    <node xml:id="n37"/>
    <a label="nchunk" ref="n37" as="xces"/>
    <node xml:id="n38"/>
    <a label="nchunk" ref="n38" as="xces"/>
    <node xml:id="n39"/>
    <a label="nchunk" ref="n39" as="xces"/>
    <node xml:id="n4"/>
    <a label="nchunk" ref="n4" as="xces"/>
    <node xml:id="n40"/>
    <a label="nchunk" ref="n40" as="xces"/>
    <node xml:id="n41"/>
    <a label="nchunk" ref="n41" as="xces"/>
    <node xml:id="n42"/>
    <a label="nchunk" ref="n42" as="xces"/>
    <node xml:id="n43"/>
    <a label="nchunk" ref="n43" as="xces"/>
    <node xml:id="n44"/>
    <a label="nchunk" ref="n44" as="xces"/>
    <node xml:id="n45"/>
    <a label="nchunk" ref="n45" as="xces"/>
    <node xml:id="n46"/>
    <a label="nchunk" ref="n46" as="xces"/>
    <node xml:id="n47"/>
    <a label="nchunk" ref="n47" as="xces"/>
    <node xml:id="n48"/>
    <a label="nchunk" ref="n48" as="xces"/>
    <node xml:id="n49"/>
    <a label="nchunk" ref="n49" as="xces"/>
    <node xml:id="n5"/>
    <a label="nchunk" ref="n5" as="xces"/>
    <node xml:id="n50"/>
    <a label="nchunk" ref="n50" as="xces"/>
    <node xml:id="n51"/>
    <a label="nchunk" ref="n51" as="xces"/>
    <node xml:id="n52"/>
    <a label="nchunk" ref="n52" as="xces"/>
    <node xml:id="n53"/>
    <a label="nchunk" ref="n53" as="xces"/>
    <node xml:id="n54"/>
    <a label="nchunk" ref="n54" as="xces"/>
    <node xml:id="n55"/>
    <a label="nchunk" ref="n55" as="xces"/>
    <node xml:id="n56"/>
    <a label="nchunk" ref="n56" as="xces"/>
    <node xml:id="n57"/>
    <a label="nchunk" ref="n57" as="xces"/>
    <node xml:id="n58"/>
    <a label="nchunk" ref="n58" as="xces"/>
    <node xml:id="n59"/>
    <a label="nchunk" ref="n59" as="xces"/>
    <node xml:id="n6"/>
    <a label="nchunk" ref="n6" as="xces"/>
    <node xml:id="n60"/>
    <a label="nchunk" ref="n60" as="xces"/>
    <node xml:id="n61"/>
    <a label="nchunk" ref="n61" as="xces"/>
    <node xml:id="n62"/>
    <a label="nchunk" ref="n62" as="xces"/>
    <node xml:id="n63"/>
    <a label="nchunk" ref="n63" as="xces"/>
    <node xml:id="n64"/>
    <a label="nchunk" ref="n64" as="xces"/>
    <node xml:id="n65"/>
    <a label="nchunk" ref="n65" as="xces"/>
    <node xml:id="n66"/>
    <a label="nchunk" ref="n66" as="xces"/>
    <node xml:id="n67"/>
    <a label="nchunk" ref="n67" as="xces"/>
    <node xml:id="n68"/>
    <a label="nchunk" ref="n68" as="xces"/>
    <node xml:id="n69"/>
    <a label="nchunk" ref="n69" as="xces"/>
    <node xml:id="n7"/>
    <a label="nchunk" ref="n7" as="xces"/>
    <node xml:id="n70"/>
    <a label="nchunk" ref="n70" as="xces"/>
    <node xml:id="n71"/>
    <a label="nchunk" ref="n71" as="xces"/>
    <node xml:id="n72"/>
    <a label="nchunk" ref="n72" as="xces"/>
    <node xml:id="n73"/>
    <a label="nchunk" ref="n73" as="xces"/>
    <node xml:id="n74"/>
    <a label="nchunk" ref="n74" as="xces"/>
    <node xml:id="n75"/>
    <a label="nchunk" ref="n75" as="xces"/>
    <node xml:id="n76"/>
    <a label="nchunk" ref="n76" as="xces"/>
    <node xml:id="n77"/>
    <a label="nchunk" ref="n77" as="xces"/>
    <node xml:id="n78"/>
    <a label="nchunk" ref="n78" as="xces"/>
    <node xml:id="n79"/>
    <a label="nchunk" ref="n79" as="xces"/>
    <node xml:id="n8"/>
    <a label="nchunk" ref="n8" as="xces"/>
    <node xml:id="n80"/>
    <a label="nchunk" ref="n80" as="xces"/>
    <node xml:id="n81"/>
    <a label="nchunk" ref="n81" as="xces"/>
    <node xml:id="n82"/>
    <a label="nchunk" ref="n82" as="xces"/>
    <node xml:id="n83"/>
    <a label="nchunk" ref="n83" as="xces"/>
    <node xml:id="n84"/>
    <a label="nchunk" ref="n84" as="xces"/>
    <node xml:id="n85"/>
    <a label="nchunk" ref="n85" as="xces"/>
    <node xml:id="n86"/>
    <a label="nchunk" ref="n86" as="xces"/>
    <node xml:id="n87"/>
    <a label="nchunk" ref="n87" as="xces"/>
    <node xml:id="n88"/>
    <a label="nchunk" ref="n88" as="xces"/>
    <node xml:id="n89"/>
    <a label="nchunk" ref="n89" as="xces"/>
    <node xml:id="n9"/>
    <a label="nchunk" ref="n9" as="xces"/>
    <node xml:id="n90"/>
    <a label="nchunk" ref="n90" as="xces"/>
    <node xml:id="n91"/>
    <a label="nchunk" ref="n91" as="xces"/>
    <node xml:id="n92"/>
    <a label="nchunk" ref="n92" as="xces"/>
    <node xml:id="n93"/>
    <a label="nchunk" ref="n93" as="xces"/>
    <node xml:id="n94"/>
    <a label="nchunk" ref="n94" as="xces"/>
    <node xml:id="n95"/>
    <a label="nchunk" ref="n95" as="xces"/>
    <node xml:id="n96"/>
    <a label="nchunk" ref="n96" as="xces"/>
    <node xml:id="n97"/>
    <a label="nchunk" ref="n97" as="xces"/>
    <node xml:id="n98"/>
    <a label="nchunk" ref="n98" as="xces"/>
    <node xml:id="n99"/>
    <a label="nchunk" ref="n99" as="xces"/>
    <edge xml:id="lnk385" from="n99" to="penn-n396"/>
    <edge xml:id="lnk384" from="n98" to="penn-n393"/>
    <edge xml:id="lnk383" from="n98" to="penn-n392"/>
    <edge xml:id="lnk382" from="n98" to="penn-n391"/>
    <edge xml:id="lnk381" from="n98" to="penn-n390"/>
    <edge xml:id="lnk380" from="n97" to="penn-n389"/>
    <edge xml:id="lnk379" from="n96" to="penn-n386"/>
    <edge xml:id="lnk378" from="n96" to="penn-n385"/>
    <edge xml:id="lnk377" from="n96" to="penn-n384"/>
    <edge xml:id="lnk376" from="n96" to="penn-n383"/>
    <edge xml:id="lnk375" from="n95" to="penn-n378"/>
    <edge xml:id="lnk374" from="n94" to="penn-n376"/>
    <edge xml:id="lnk373" from="n94" to="penn-n375"/>
    <edge xml:id="lnk372" from="n94" to="penn-n374"/>
    <edge xml:id="lnk371" from="n94" to="penn-n373"/>
    <edge xml:id="lnk370" from="n93" to="penn-n370"/>
    <edge xml:id="lnk369" from="n92" to="penn-n356"/>
    <edge xml:id="lnk368" from="n91" to="penn-n353"/>
    <edge xml:id="lnk367" from="n90" to="penn-n351"/>
    <edge xml:id="lnk366" from="n90" to="penn-n350"/>
    <edge xml:id="lnk365" from="n9" to="penn-n33"/>
    <edge xml:id="lnk364" from="n89" to="penn-n348"/>
    <edge xml:id="lnk363" from="n88" to="penn-n345"/>
    <edge xml:id="lnk362" from="n88" to="penn-n344"/>
    <edge xml:id="lnk361" from="n88" to="penn-n343"/>
    <edge xml:id="lnk360" from="n87" to="penn-n341"/>
    <edge xml:id="lnk359" from="n86" to="penn-n339"/>
    <edge xml:id="lnk358" from="n86" to="penn-n338"/>
    <edge xml:id="lnk357" from="n85" to="penn-n336"/>
    <edge xml:id="lnk356" from="n84" to="penn-n331"/>
    <edge xml:id="lnk355" from="n84" to="penn-n330"/>
    <edge xml:id="lnk354" from="n84" to="penn-n329"/>
    <edge xml:id="lnk353" from="n83" to="penn-n327"/>
    <edge xml:id="lnk352" from="n83" to="penn-n326"/>
    <edge xml:id="lnk351" from="n82" to="penn-n318"/>
    <edge xml:id="lnk350" from="n81" to="penn-n315"/>
    <edge xml:id="lnk349" from="n80" to="penn-n313"/>
    <edge xml:id="lnk348" from="n80" to="penn-n312"/>
    <edge xml:id="lnk347" from="n8" to="penn-n31"/>
    <edge xml:id="lnk346" from="n8" to="penn-n30"/>
    <edge xml:id="lnk345" from="n8" to="penn-n29"/>
    <edge xml:id="lnk344" from="n79" to="penn-n309"/>
    <edge xml:id="lnk343" from="n78" to="penn-n307"/>
    <edge xml:id="lnk342" from="n77" to="penn-n305"/>
    <edge xml:id="lnk341" from="n76" to="penn-n302"/>
    <edge xml:id="lnk340" from="n75" to="penn-n300"/>
    <edge xml:id="lnk339" from="n75" to="penn-n299"/>
    <edge xml:id="lnk338" from="n74" to="penn-n297"/>
    <edge xml:id="lnk337" from="n73" to="penn-n291"/>
    <edge xml:id="lnk336" from="n72" to="penn-n285"/>
    <edge xml:id="lnk335" from="n71" to="penn-n283"/>
    <edge xml:id="lnk334" from="n70" to="penn-n281"/>
    <edge xml:id="lnk333" from="n7" to="penn-n27"/>
    <edge xml:id="lnk332" from="n69" to="penn-n278"/>
    <edge xml:id="lnk331" from="n68" to="penn-n276"/>
    <edge xml:id="lnk299" from="n56" to="penn-n228"/>
    <edge xml:id="lnk330" from="n67" to="penn-n274"/>
    <edge xml:id="lnk298" from="n56" to="penn-n227"/>
    <edge xml:id="lnk297" from="n55" to="penn-n225"/>
    <edge xml:id="lnk296" from="n55" to="penn-n224"/>
    <edge xml:id="lnk295" from="n54" to="penn-n222"/>
    <edge xml:id="lnk294" from="n54" to="penn-n221"/>
    <edge xml:id="lnk293" from="n54" to="penn-n220"/>
    <edge xml:id="lnk292" from="n53" to="penn-n217"/>
    <edge xml:id="lnk291" from="n53" to="penn-n216"/>
    <edge xml:id="lnk290" from="n53" to="penn-n215"/>
    <edge xml:id="lnk329" from="n67" to="penn-n273"/>
    <edge xml:id="lnk328" from="n67" to="penn-n272"/>
    <edge xml:id="lnk327" from="n66" to="penn-n268"/>
    <edge xml:id="lnk326" from="n65" to="penn-n265"/>
    <edge xml:id="lnk325" from="n65" to="penn-n264"/>
    <edge xml:id="lnk324" from="n65" to="penn-n263"/>
    <edge xml:id="lnk323" from="n65" to="penn-n262"/>
    <edge xml:id="lnk322" from="n64" to="penn-n260"/>
    <edge xml:id="lnk321" from="n64" to="penn-n259"/>
    <edge xml:id="lnk289" from="n52" to="penn-n213"/>
    <edge xml:id="lnk320" from="n63" to="penn-n255"/>
    <edge xml:id="lnk288" from="n52" to="penn-n212"/>
    <edge xml:id="lnk287" from="n52" to="penn-n211"/>
    <edge xml:id="lnk286" from="n51" to="penn-n209"/>
    <edge xml:id="lnk285" from="n50" to="penn-n208"/>
    <edge xml:id="lnk284" from="n5" to="penn-n22"/>
    <edge xml:id="lnk283" from="n5" to="penn-n21"/>
    <edge xml:id="lnk282" from="n49" to="penn-n204"/>
    <edge xml:id="lnk281" from="n48" to="penn-n202"/>
    <edge xml:id="lnk280" from="n48" to="penn-n201"/>
    <edge xml:id="lnk319" from="n63" to="penn-n254"/>
    <edge xml:id="lnk318" from="n63" to="penn-n253"/>
    <edge xml:id="lnk317" from="n62" to="penn-n250"/>
    <edge xml:id="lnk316" from="n62" to="penn-n249"/>
    <edge xml:id="lnk315" from="n62" to="penn-n248"/>
    <edge xml:id="lnk314" from="n62" to="penn-n247"/>
    <edge xml:id="lnk313" from="n61" to="penn-n246"/>
    <edge xml:id="lnk312" from="n61" to="penn-n245"/>
    <edge xml:id="lnk311" from="n61" to="penn-n244"/>
    <edge xml:id="lnk279" from="n48" to="penn-n200"/>
    <edge xml:id="lnk310" from="n61" to="penn-n243"/>
    <edge xml:id="lnk278" from="n48" to="penn-n199"/>
    <edge xml:id="lnk277" from="n47" to="penn-n197"/>
    <edge xml:id="lnk276" from="n47" to="penn-n196"/>
    <edge xml:id="lnk275" from="n47" to="penn-n195"/>
    <edge xml:id="lnk274" from="n46" to="penn-n193"/>
    <edge xml:id="lnk273" from="n46" to="penn-n192"/>
    <edge xml:id="lnk272" from="n46" to="penn-n191"/>
    <edge xml:id="lnk271" from="n45" to="penn-n185"/>
    <edge xml:id="lnk270" from="n44" to="penn-n179"/>
    <edge xml:id="lnk309" from="n61" to="penn-n242"/>
    <edge xml:id="lnk308" from="n60" to="penn-n240"/>
    <edge xml:id="lnk307" from="n60" to="penn-n239"/>
    <edge xml:id="lnk306" from="n6" to="penn-n23"/>
    <edge xml:id="lnk305" from="n59" to="penn-n237"/>
    <edge xml:id="lnk304" from="n59" to="penn-n236"/>
    <edge xml:id="lnk303" from="n58" to="penn-n234"/>
    <edge xml:id="lnk302" from="n58" to="penn-n233"/>
    <edge xml:id="lnk301" from="n57" to="penn-n231"/>
    <edge xml:id="lnk269" from="n44" to="penn-n178"/>
    <edge xml:id="lnk300" from="n57" to="penn-n230"/>
    <edge xml:id="lnk268" from="n44" to="penn-n177"/>
    <edge xml:id="lnk267" from="n43" to="penn-n175"/>
    <edge xml:id="lnk266" from="n43" to="penn-n174"/>
    <edge xml:id="lnk265" from="n43" to="penn-n173"/>
    <edge xml:id="lnk264" from="n43" to="penn-n172"/>
    <edge xml:id="lnk263" from="n42" to="penn-n168"/>
    <edge xml:id="lnk262" from="n42" to="penn-n167"/>
    <edge xml:id="lnk261" from="n42" to="penn-n166"/>
    <edge xml:id="lnk260" from="n41" to="penn-n163"/>
    <edge xml:id="lnk259" from="n40" to="penn-n160"/>
    <edge xml:id="lnk258" from="n40" to="penn-n159"/>
    <edge xml:id="lnk257" from="n4" to="penn-n18"/>
    <edge xml:id="lnk256" from="n4" to="penn-n17"/>
    <edge xml:id="lnk255" from="n4" to="penn-n16"/>
    <edge xml:id="lnk254" from="n39" to="penn-n158"/>
    <edge xml:id="lnk253" from="n38" to="penn-n151"/>
    <edge xml:id="lnk252" from="n38" to="penn-n150"/>
    <edge xml:id="lnk251" from="n38" to="penn-n149"/>
    <edge xml:id="lnk250" from="n37" to="penn-n147"/>
    <edge xml:id="lnk249" from="n36" to="penn-n144"/>
    <edge xml:id="lnk248" from="n35" to="penn-n142"/>
    <edge xml:id="lnk247" from="n35" to="penn-n141"/>
    <edge xml:id="lnk246" from="n34" to="penn-n138"/>
    <edge xml:id="lnk245" from="n34" to="penn-n137"/>
    <edge xml:id="lnk244" from="n34" to="penn-n136"/>
    <edge xml:id="lnk243" from="n33" to="penn-n134"/>
    <edge xml:id="lnk242" from="n33" to="penn-n133"/>
    <edge xml:id="lnk241" from="n32" to="penn-n131"/>
    <edge xml:id="lnk240" from="n31" to="penn-n126"/>
    <edge xml:id="lnk239" from="n30" to="penn-n124"/>
    <edge xml:id="lnk238" from="n3" to="penn-n14"/>
    <edge xml:id="lnk99" from="n136" to="penn-n560"/>
    <edge xml:id="lnk237" from="n3" to="penn-n13"/>
    <edge xml:id="lnk98" from="n136" to="penn-n559"/>
    <edge xml:id="lnk236" from="n29" to="penn-n118"/>
    <edge xml:id="lnk97" from="n136" to="penn-n558"/>
    <edge xml:id="lnk235" from="n29" to="penn-n117"/>
    <edge xml:id="lnk96" from="n136" to="penn-n557"/>
    <edge xml:id="lnk234" from="n29" to="penn-n116"/>
    <edge xml:id="lnk95" from="n136" to="penn-n556"/>
    <edge xml:id="lnk233" from="n28" to="penn-n114"/>
    <edge xml:id="lnk94" from="n136" to="penn-n555"/>
    <edge xml:id="lnk232" from="n27" to="penn-n113"/>
    <edge xml:id="lnk93" from="n136" to="penn-n554"/>
    <edge xml:id="lnk199" from="n171" to="penn-n720"/>
    <edge xml:id="lnk231" from="n26" to="penn-n110"/>
    <edge xml:id="lnk92" from="n136" to="penn-n553"/>
    <edge xml:id="lnk198" from="n171" to="penn-n719"/>
    <edge xml:id="lnk230" from="n26" to="penn-n109"/>
    <edge xml:id="lnk91" from="n136" to="penn-n552"/>
    <edge xml:id="lnk197" from="n170" to="penn-n717"/>
    <edge xml:id="lnk90" from="n136" to="penn-n551"/>
    <edge xml:id="lnk196" from="n170" to="penn-n716"/>
    <edge xml:id="lnk195" from="n170" to="penn-n715"/>
    <edge xml:id="lnk194" from="n17" to="penn-n77"/>
    <edge xml:id="lnk193" from="n17" to="penn-n76"/>
    <edge xml:id="lnk192" from="n169" to="penn-n712"/>
    <edge xml:id="lnk191" from="n169" to="penn-n711"/>
    <edge xml:id="lnk190" from="n169" to="penn-n710"/>
    <edge xml:id="lnk229" from="n25" to="penn-n105"/>
    <edge xml:id="lnk228" from="n24" to="penn-n103"/>
    <edge xml:id="lnk89" from="n135" to="penn-n545"/>
    <edge xml:id="lnk227" from="n24" to="penn-n102"/>
    <edge xml:id="lnk88" from="n135" to="penn-n544"/>
    <edge xml:id="lnk226" from="n23" to="penn-n100"/>
    <edge xml:id="lnk87" from="n135" to="penn-n543"/>
    <edge xml:id="lnk225" from="n23" to="penn-n99"/>
    <edge xml:id="lnk86" from="n135" to="penn-n542"/>
    <edge xml:id="lnk224" from="n22" to="penn-n97"/>
    <edge xml:id="lnk85" from="n134" to="penn-n540"/>
    <edge xml:id="lnk223" from="n22" to="penn-n96"/>
    <edge xml:id="lnk84" from="n133" to="penn-n535"/>
    <edge xml:id="lnk222" from="n21" to="penn-n94"/>
    <edge xml:id="lnk83" from="n133" to="penn-n534"/>
    <edge xml:id="lnk189" from="n168" to="penn-n704"/>
    <edge xml:id="lnk221" from="n21" to="penn-n93"/>
    <edge xml:id="lnk82" from="n132" to="penn-n533"/>
    <edge xml:id="lnk188" from="n167" to="penn-n702"/>
    <edge xml:id="lnk220" from="n20" to="penn-n89"/>
    <edge xml:id="lnk81" from="n132" to="penn-n532"/>
    <edge xml:id="lnk187" from="n167" to="penn-n701"/>
    <edge xml:id="lnk80" from="n131" to="penn-n530"/>
    <edge xml:id="lnk186" from="n167" to="penn-n700"/>
    <edge xml:id="lnk185" from="n166" to="penn-n697"/>
    <edge xml:id="lnk184" from="n165" to="penn-n695"/>
    <edge xml:id="lnk183" from="n165" to="penn-n694"/>
    <edge xml:id="lnk182" from="n165" to="penn-n693"/>
    <edge xml:id="lnk181" from="n165" to="penn-n692"/>
    <edge xml:id="lnk180" from="n164" to="penn-n690"/>
    <edge xml:id="lnk219" from="n2" to="penn-n11"/>
    <edge xml:id="lnk218" from="n2" to="penn-n10"/>
    <edge xml:id="lnk79" from="n131" to="penn-n529"/>
    <edge xml:id="lnk217" from="n2" to="penn-n9"/>
    <edge xml:id="lnk78" from="n131" to="penn-n528"/>
    <edge xml:id="lnk216" from="n2" to="penn-n8"/>
    <edge xml:id="lnk77" from="n130" to="penn-n526"/>
    <edge xml:id="lnk215" from="n19" to="penn-n88"/>
    <edge xml:id="lnk76" from="n13" to="penn-n56"/>
    <edge xml:id="lnk214" from="n19" to="penn-n87"/>
    <edge xml:id="lnk75" from="n129" to="penn-n524"/>
    <edge xml:id="lnk213" from="n18" to="penn-n80"/>
    <edge xml:id="lnk74" from="n129" to="penn-n523"/>
    <edge xml:id="lnk212" from="n18" to="penn-n79"/>
    <edge xml:id="lnk73" from="n128" to="penn-n521"/>
    <edge xml:id="lnk179" from="n164" to="penn-n689"/>
    <edge xml:id="lnk211" from="n174" to="penn-n736"/>
    <edge xml:id="lnk72" from="n128" to="penn-n520"/>
    <edge xml:id="lnk178" from="n164" to="penn-n688"/>
    <edge xml:id="lnk210" from="n174" to="penn-n735"/>
    <edge xml:id="lnk71" from="n128" to="penn-n519"/>
    <edge xml:id="lnk177" from="n163" to="penn-n686"/>
    <edge xml:id="lnk70" from="n128" to="penn-n518"/>
    <edge xml:id="lnk176" from="n163" to="penn-n685"/>
    <edge xml:id="lnk175" from="n163" to="penn-n684"/>
    <edge xml:id="lnk174" from="n163" to="penn-n683"/>
    <edge xml:id="lnk173" from="n163" to="penn-n682"/>
    <edge xml:id="lnk172" from="n163" to="penn-n681"/>
    <edge xml:id="lnk171" from="n163" to="penn-n680"/>
    <edge xml:id="lnk170" from="n162" to="penn-n676"/>
    <edge xml:id="lnk209" from="n174" to="penn-n734"/>
    <edge xml:id="lnk208" from="n173" to="penn-n732"/>
    <edge xml:id="lnk69" from="n127" to="penn-n515"/>
    <edge xml:id="lnk207" from="n173" to="penn-n731"/>
    <edge xml:id="lnk68" from="n127" to="penn-n514"/>
    <edge xml:id="lnk206" from="n173" to="penn-n730"/>
    <edge xml:id="lnk67" from="n126" to="penn-n512"/>
    <edge xml:id="lnk205" from="n173" to="penn-n729"/>
    <edge xml:id="lnk66" from="n126" to="penn-n511"/>
    <edge xml:id="lnk204" from="n173" to="penn-n728"/>
    <edge xml:id="lnk65" from="n125" to="penn-n506"/>
    <edge xml:id="lnk203" from="n173" to="penn-n727"/>
    <edge xml:id="lnk64" from="n125" to="penn-n505"/>
    <edge xml:id="lnk202" from="n172" to="penn-n725"/>
    <edge xml:id="lnk63" from="n124" to="penn-n497"/>
    <edge xml:id="lnk169" from="n161" to="penn-n674"/>
    <edge xml:id="lnk201" from="n171" to="penn-n722"/>
    <edge xml:id="lnk62" from="n123" to="penn-n495"/>
    <edge xml:id="lnk168" from="n161" to="penn-n673"/>
    <edge xml:id="lnk200" from="n171" to="penn-n721"/>
    <edge xml:id="lnk61" from="n123" to="penn-n494"/>
    <edge xml:id="lnk167" from="n160" to="penn-n671"/>
    <edge xml:id="lnk60" from="n122" to="penn-n486"/>
    <edge xml:id="lnk166" from="n160" to="penn-n670"/>
    <edge xml:id="lnk165" from="n160" to="penn-n669"/>
    <edge xml:id="lnk164" from="n16" to="penn-n73"/>
    <edge xml:id="lnk163" from="n16" to="penn-n72"/>
    <edge xml:id="lnk162" from="n159" to="penn-n665"/>
    <edge xml:id="lnk161" from="n159" to="penn-n664"/>
    <edge xml:id="lnk160" from="n158" to="penn-n661"/>
    <edge xml:id="lnk59" from="n122" to="penn-n485"/>
    <edge xml:id="lnk58" from="n121" to="penn-n483"/>
    <edge xml:id="lnk57" from="n121" to="penn-n482"/>
    <edge xml:id="lnk56" from="n120" to="penn-n479"/>
    <edge xml:id="lnk55" from="n12" to="penn-n53"/>
    <edge xml:id="lnk54" from="n12" to="penn-n52"/>
    <edge xml:id="lnk53" from="n119" to="penn-n475"/>
    <edge xml:id="lnk159" from="n157" to="penn-n659"/>
    <edge xml:id="lnk52" from="n118" to="penn-n472"/>
    <edge xml:id="lnk158" from="n157" to="penn-n658"/>
    <edge xml:id="lnk51" from="n118" to="penn-n471"/>
    <edge xml:id="lnk157" from="n156" to="penn-n655"/>
    <edge xml:id="lnk50" from="n118" to="penn-n470"/>
    <edge xml:id="lnk156" from="n155" to="penn-n653"/>
    <edge xml:id="lnk155" from="n155" to="penn-n652"/>
    <edge xml:id="lnk154" from="n155" to="penn-n651"/>
    <edge xml:id="lnk153" from="n155" to="penn-n650"/>
    <edge xml:id="lnk152" from="n154" to="penn-n649"/>
    <edge xml:id="lnk151" from="n154" to="penn-n648"/>
    <edge xml:id="lnk150" from="n154" to="penn-n647"/>
    <edge xml:id="lnk49" from="n117" to="penn-n466"/>
    <edge xml:id="lnk48" from="n116" to="penn-n465"/>
    <edge xml:id="lnk47" from="n116" to="penn-n464"/>
    <edge xml:id="lnk46" from="n115" to="penn-n462"/>
    <edge xml:id="lnk45" from="n115" to="penn-n461"/>
    <edge xml:id="lnk44" from="n115" to="penn-n460"/>
    <edge xml:id="lnk43" from="n114" to="penn-n456"/>
    <edge xml:id="lnk149" from="n153" to="penn-n646"/>
    <edge xml:id="lnk42" from="n113" to="penn-n455"/>
    <edge xml:id="lnk148" from="n153" to="penn-n645"/>
    <edge xml:id="lnk41" from="n112" to="penn-n453"/>
    <edge xml:id="lnk147" from="n153" to="penn-n644"/>
    <edge xml:id="lnk40" from="n112" to="penn-n452"/>
    <edge xml:id="lnk146" from="n153" to="penn-n643"/>
    <edge xml:id="lnk145" from="n152" to="penn-n639"/>
    <edge xml:id="lnk144" from="n152" to="penn-n638"/>
    <edge xml:id="lnk143" from="n152" to="penn-n637"/>
    <edge xml:id="lnk142" from="n152" to="penn-n636"/>
    <edge xml:id="lnk141" from="n152" to="penn-n635"/>
    <edge xml:id="lnk140" from="n152" to="penn-n634"/>
    <edge xml:id="lnk39" from="n111" to="penn-n450"/>
    <edge xml:id="lnk38" from="n111" to="penn-n449"/>
    <edge xml:id="lnk37" from="n111" to="penn-n448"/>
    <edge xml:id="lnk36" from="n110" to="penn-n446"/>
    <edge xml:id="lnk35" from="n11" to="penn-n48"/>
    <edge xml:id="lnk34" from="n109" to="penn-n443"/>
    <edge xml:id="lnk33" from="n109" to="penn-n442"/>
    <edge xml:id="lnk139" from="n151" to="penn-n630"/>
    <edge xml:id="lnk32" from="n109" to="penn-n441"/>
    <edge xml:id="lnk138" from="n150" to="penn-n627"/>
    <edge xml:id="lnk31" from="n108" to="penn-n437"/>
    <edge xml:id="lnk137" from="n150" to="penn-n626"/>
    <edge xml:id="lnk30" from="n108" to="penn-n436"/>
    <edge xml:id="lnk136" from="n15" to="penn-n68"/>
    <edge xml:id="lnk135" from="n15" to="penn-n67"/>
    <edge xml:id="lnk134" from="n149" to="penn-n622"/>
    <edge xml:id="lnk133" from="n149" to="penn-n621"/>
    <edge xml:id="lnk132" from="n149" to="penn-n620"/>
    <edge xml:id="lnk131" from="n149" to="penn-n619"/>
    <edge xml:id="lnk130" from="n149" to="penn-n618"/>
    <edge xml:id="lnk29" from="n108" to="penn-n435"/>
    <edge xml:id="lnk28" from="n107" to="penn-n431"/>
    <edge xml:id="lnk27" from="n107" to="penn-n430"/>
    <edge xml:id="lnk26" from="n107" to="penn-n429"/>
    <edge xml:id="lnk25" from="n106" to="penn-n427"/>
    <edge xml:id="lnk24" from="n105" to="penn-n425"/>
    <edge xml:id="lnk23" from="n105" to="penn-n424"/>
    <edge xml:id="lnk129" from="n149" to="penn-n617"/>
    <edge xml:id="lnk22" from="n104" to="penn-n419"/>
    <edge xml:id="lnk128" from="n148" to="penn-n615"/>
    <edge xml:id="lnk21" from="n104" to="penn-n418"/>
    <edge xml:id="lnk127" from="n147" to="penn-n611"/>
    <edge xml:id="lnk20" from="n104" to="penn-n417"/>
    <edge xml:id="lnk126" from="n147" to="penn-n610"/>
    <edge xml:id="lnk125" from="n147" to="penn-n609"/>
    <edge xml:id="lnk124" from="n147" to="penn-n608"/>
    <edge xml:id="lnk123" from="n146" to="penn-n600"/>
    <edge xml:id="lnk122" from="n145" to="penn-n597"/>
    <edge xml:id="lnk121" from="n144" to="penn-n595"/>
    <edge xml:id="lnk120" from="n144" to="penn-n594"/>
    <edge xml:id="lnk19" from="n103" to="penn-n411"/>
    <edge xml:id="lnk18" from="n103" to="penn-n410"/>
    <edge xml:id="lnk17" from="n102" to="penn-n407"/>
    <edge xml:id="lnk16" from="n102" to="penn-n406"/>
    <edge xml:id="lnk15" from="n102" to="penn-n405"/>
    <edge xml:id="lnk14" from="n101" to="penn-n403"/>
    <edge xml:id="lnk13" from="n101" to="penn-n402"/>
    <edge xml:id="lnk119" from="n143" to="penn-n592"/>
    <edge xml:id="lnk12" from="n101" to="penn-n401"/>
    <edge xml:id="lnk118" from="n143" to="penn-n591"/>
    <edge xml:id="lnk11" from="n100" to="penn-n399"/>
    <edge xml:id="lnk117" from="n143" to="penn-n590"/>
    <edge xml:id="lnk10" from="n100" to="penn-n398"/>
    <edge xml:id="lnk116" from="n142" to="penn-n588"/>
    <edge xml:id="lnk115" from="n141" to="penn-n586"/>
    <edge xml:id="lnk114" from="n141" to="penn-n585"/>
    <edge xml:id="lnk113" from="n140" to="penn-n583"/>
    <edge xml:id="lnk112" from="n140" to="penn-n582"/>
    <edge xml:id="lnk111" from="n140" to="penn-n581"/>
    <edge xml:id="lnk110" from="n14" to="penn-n58"/>
    <edge xml:id="lnk9" from="n10" to="penn-n42"/>
    <edge xml:id="lnk8" from="n10" to="penn-n41"/>
    <edge xml:id="lnk7" from="n1" to="penn-n7"/>
    <edge xml:id="lnk6" from="n1" to="penn-n6"/>
    <edge xml:id="lnk5" from="n1" to="penn-n5"/>
    <edge xml:id="lnk4" from="n1" to="penn-n4"/>
    <edge xml:id="lnk3" from="n0" to="penn-n3"/>
    <edge xml:id="lnk109" from="n139" to="penn-n578"/>
    <edge xml:id="lnk2" from="n0" to="penn-n2"/>
    <edge xml:id="lnk108" from="n139" to="penn-n577"/>
    <edge xml:id="lnk1" from="n0" to="penn-n1"/>
    <edge xml:id="lnk107" from="n138" to="penn-n574"/>
    <edge xml:id="lnk0" from="n0" to="penn-n0"/>
    <edge xml:id="lnk106" from="n138" to="penn-n573"/>
    <edge xml:id="lnk105" from="n137" to="penn-n571"/>
    <edge xml:id="lnk104" from="n137" to="penn-n570"/>
    <edge xml:id="lnk103" from="n137" to="penn-n569"/>
    <edge xml:id="lnk102" from="n137" to="penn-n568"/>
    <edge xml:id="lnk101" from="n137" to="penn-n567"/>
    <edge xml:id="lnk100" from="n136" to="penn-n561"/>
</graph>
