<?xml version="1.0" encoding="UTF-8"?>
<graph xmlns="http://www.xces.org/ns/GrAF/1.0/">
    <header>
        <tagsDecl>
            <tagUsage gi="nchunk" occurs="73"/>
        </tagsDecl>
        <dependencies>
            <dependsOn type="penn"/>
        </dependencies>
        <annotationSets>
            <annotationSet name="xces" type="http://www.xces.org/schema/2003"/>
        </annotationSets>
    </header>
    <node xml:id="nc-n0"/>
    <a label="nchunk" ref="nc-n0" as="xces">
        <fs>
            <f name="graf:set" value="xces"/>
            <f name="graf:id" value="nc-n0"/>
        </fs>
    </a>
    <node xml:id="nc-n1"/>
    <a label="nchunk" ref="nc-n1" as="xces">
        <fs>
            <f name="graf:set" value="xces"/>
            <f name="graf:id" value="nc-n1"/>
        </fs>
    </a>
    <node xml:id="nc-n10"/>
    <a label="nchunk" ref="nc-n10" as="xces">
        <fs>
            <f name="graf:set" value="xces"/>
            <f name="graf:id" value="nc-n10"/>
        </fs>
    </a>
    <node xml:id="nc-n11"/>
    <a label="nchunk" ref="nc-n11" as="xces"/>
    <node xml:id="nc-n12"/>
    <a label="nchunk" ref="nc-n12" as="xces"/>
    <node xml:id="nc-n13"/>
    <a label="nchunk" ref="nc-n13" as="xces">
        <fs>
            <f name="graf:set" value="xces"/>
            <f name="graf:id" value="nc-n12"/>
        </fs>
    </a>
    <node xml:id="nc-n14"/>
    <a label="nchunk" ref="nc-n14" as="xces">
        <fs>
            <f name="graf:set" value="xces"/>
            <f name="graf:id" value="nc-n13"/>
        </fs>
    </a>
    <node xml:id="nc-n15"/>
    <a label="nchunk" ref="nc-n15" as="xces">
        <fs>
            <f name="graf:set" value="xces"/>
            <f name="graf:id" value="nc-n14"/>
        </fs>
    </a>
    <node xml:id="nc-n16"/>
    <a label="nchunk" ref="nc-n16" as="xces">
        <fs>
            <f name="graf:set" value="xces"/>
            <f name="graf:id" value="nc-n15"/>
        </fs>
    </a>
    <node xml:id="nc-n17"/>
    <a label="nchunk" ref="nc-n17" as="xces">
        <fs>
            <f name="graf:set" value="xces"/>
            <f name="graf:id" value="nc-n16"/>
        </fs>
    </a>
    <node xml:id="nc-n18"/>
    <a label="nchunk" ref="nc-n18" as="xces">
        <fs>
            <f name="graf:set" value="xces"/>
            <f name="graf:id" value="nc-n17"/>
        </fs>
    </a>
    <node xml:id="nc-n19"/>
    <a label="nchunk" ref="nc-n19" as="xces">
        <fs>
            <f name="graf:set" value="xces"/>
            <f name="graf:id" value="nc-n18"/>
        </fs>
    </a>
    <node xml:id="nc-n2"/>
    <a label="nchunk" ref="nc-n2" as="xces">
        <fs>
            <f name="graf:set" value="xces"/>
            <f name="graf:id" value="nc-n2"/>
        </fs>
    </a>
    <node xml:id="nc-n20"/>
    <a label="nchunk" ref="nc-n20" as="xces">
        <fs>
            <f name="graf:set" value="xces"/>
            <f name="graf:id" value="nc-n19"/>
        </fs>
    </a>
    <node xml:id="nc-n21"/>
    <a label="nchunk" ref="nc-n21" as="xces"/>
    <node xml:id="nc-n22"/>
    <a label="nchunk" ref="nc-n22" as="xces"/>
    <node xml:id="nc-n23"/>
    <a label="nchunk" ref="nc-n23" as="xces"/>
    <node xml:id="nc-n24"/>
    <a label="nchunk" ref="nc-n24" as="xces"/>
    <node xml:id="nc-n25"/>
    <a label="nchunk" ref="nc-n25" as="xces">
        <fs>
            <f name="graf:set" value="xces"/>
            <f name="graf:id" value="nc-n21"/>
        </fs>
    </a>
    <node xml:id="nc-n26"/>
    <a label="nchunk" ref="nc-n26" as="xces">
        <fs>
            <f name="graf:set" value="xces"/>
            <f name="graf:id" value="nc-n22"/>
        </fs>
    </a>
    <node xml:id="nc-n27"/>
    <a label="nchunk" ref="nc-n27" as="xces">
        <fs>
            <f name="graf:set" value="xces"/>
            <f name="graf:id" value="nc-n23"/>
        </fs>
    </a>
    <node xml:id="nc-n28"/>
    <a label="nchunk" ref="nc-n28" as="xces">
        <fs>
            <f name="graf:set" value="xces"/>
            <f name="graf:id" value="nc-n24"/>
        </fs>
    </a>
    <node xml:id="nc-n29"/>
    <a label="nchunk" ref="nc-n29" as="xces">
        <fs>
            <f name="graf:set" value="xces"/>
            <f name="graf:id" value="nc-n25"/>
        </fs>
    </a>
    <node xml:id="nc-n3"/>
    <a label="nchunk" ref="nc-n3" as="xces">
        <fs>
            <f name="graf:set" value="xces"/>
            <f name="graf:id" value="nc-n3"/>
        </fs>
    </a>
    <node xml:id="nc-n30"/>
    <a label="nchunk" ref="nc-n30" as="xces">
        <fs>
            <f name="graf:set" value="xces"/>
            <f name="graf:id" value="nc-n26"/>
        </fs>
    </a>
    <node xml:id="nc-n31"/>
    <a label="nchunk" ref="nc-n31" as="xces">
        <fs>
            <f name="graf:set" value="xces"/>
            <f name="graf:id" value="nc-n27"/>
        </fs>
    </a>
    <node xml:id="nc-n32"/>
    <a label="nchunk" ref="nc-n32" as="xces">
        <fs>
            <f name="graf:set" value="xces"/>
            <f name="graf:id" value="nc-n28"/>
        </fs>
    </a>
    <node xml:id="nc-n33"/>
    <a label="nchunk" ref="nc-n33" as="xces">
        <fs>
            <f name="graf:set" value="xces"/>
            <f name="graf:id" value="nc-n29"/>
        </fs>
    </a>
    <node xml:id="nc-n34"/>
    <a label="nchunk" ref="nc-n34" as="xces"/>
    <node xml:id="nc-n35"/>
    <a label="nchunk" ref="nc-n35" as="xces"/>
    <node xml:id="nc-n36"/>
    <a label="nchunk" ref="nc-n36" as="xces"/>
    <node xml:id="nc-n37"/>
    <a label="nchunk" ref="nc-n37" as="xces">
        <fs>
            <f name="graf:set" value="xces"/>
            <f name="graf:id" value="nc-n31"/>
        </fs>
    </a>
    <node xml:id="nc-n38"/>
    <a label="nchunk" ref="nc-n38" as="xces">
        <fs>
            <f name="graf:set" value="xces"/>
            <f name="graf:id" value="nc-n32"/>
        </fs>
    </a>
    <node xml:id="nc-n39"/>
    <a label="nchunk" ref="nc-n39" as="xces">
        <fs>
            <f name="graf:set" value="xces"/>
            <f name="graf:id" value="nc-n33"/>
        </fs>
    </a>
    <node xml:id="nc-n4"/>
    <a label="nchunk" ref="nc-n4" as="xces">
        <fs>
            <f name="graf:set" value="xces"/>
            <f name="graf:id" value="nc-n4"/>
        </fs>
    </a>
    <node xml:id="nc-n40"/>
    <a label="nchunk" ref="nc-n40" as="xces">
        <fs>
            <f name="graf:set" value="xces"/>
            <f name="graf:id" value="nc-n34"/>
        </fs>
    </a>
    <node xml:id="nc-n41"/>
    <a label="nchunk" ref="nc-n41" as="xces">
        <fs>
            <f name="graf:set" value="xces"/>
            <f name="graf:id" value="nc-n35"/>
        </fs>
    </a>
    <node xml:id="nc-n42"/>
    <a label="nchunk" ref="nc-n42" as="xces">
        <fs>
            <f name="graf:set" value="xces"/>
            <f name="graf:id" value="nc-n36"/>
        </fs>
    </a>
    <node xml:id="nc-n43"/>
    <a label="nchunk" ref="nc-n43" as="xces">
        <fs>
            <f name="graf:set" value="xces"/>
            <f name="graf:id" value="nc-n37"/>
        </fs>
    </a>
    <node xml:id="nc-n44"/>
    <a label="nchunk" ref="nc-n44" as="xces">
        <fs>
            <f name="graf:set" value="xces"/>
            <f name="graf:id" value="nc-n38"/>
        </fs>
    </a>
    <node xml:id="nc-n45"/>
    <a label="nchunk" ref="nc-n45" as="xces">
        <fs>
            <f name="graf:set" value="xces"/>
            <f name="graf:id" value="nc-n39"/>
        </fs>
    </a>
    <node xml:id="nc-n46"/>
    <a label="nchunk" ref="nc-n46" as="xces"/>
    <node xml:id="nc-n47"/>
    <a label="nchunk" ref="nc-n47" as="xces"/>
    <node xml:id="nc-n48"/>
    <a label="nchunk" ref="nc-n48" as="xces"/>
    <node xml:id="nc-n49"/>
    <a label="nchunk" ref="nc-n49" as="xces"/>
    <node xml:id="nc-n5"/>
    <a label="nchunk" ref="nc-n5" as="xces">
        <fs>
            <f name="graf:set" value="xces"/>
            <f name="graf:id" value="nc-n5"/>
        </fs>
    </a>
    <node xml:id="nc-n50"/>
    <a label="nchunk" ref="nc-n50" as="xces"/>
    <node xml:id="nc-n51"/>
    <a label="nchunk" ref="nc-n51" as="xces"/>
    <node xml:id="nc-n52"/>
    <a label="nchunk" ref="nc-n52" as="xces"/>
    <node xml:id="nc-n53"/>
    <a label="nchunk" ref="nc-n53" as="xces">
        <fs>
            <f name="graf:set" value="xces"/>
            <f name="graf:id" value="nc-n45"/>
        </fs>
    </a>
    <node xml:id="nc-n54"/>
    <a label="nchunk" ref="nc-n54" as="xces">
        <fs>
            <f name="graf:set" value="xces"/>
            <f name="graf:id" value="nc-n46"/>
        </fs>
    </a>
    <node xml:id="nc-n55"/>
    <a label="nchunk" ref="nc-n55" as="xces">
        <fs>
            <f name="graf:set" value="xces"/>
            <f name="graf:id" value="nc-n47"/>
        </fs>
    </a>
    <node xml:id="nc-n56"/>
    <a label="nchunk" ref="nc-n56" as="xces">
        <fs>
            <f name="graf:set" value="xces"/>
            <f name="graf:id" value="nc-n48"/>
        </fs>
    </a>
    <node xml:id="nc-n57"/>
    <a label="nchunk" ref="nc-n57" as="xces">
        <fs>
            <f name="graf:set" value="xces"/>
            <f name="graf:id" value="nc-n49"/>
        </fs>
    </a>
    <node xml:id="nc-n58"/>
    <a label="nchunk" ref="nc-n58" as="xces">
        <fs>
            <f name="graf:set" value="xces"/>
            <f name="graf:id" value="nc-n50"/>
        </fs>
    </a>
    <node xml:id="nc-n59"/>
    <a label="nchunk" ref="nc-n59" as="xces">
        <fs>
            <f name="graf:set" value="xces"/>
            <f name="graf:id" value="nc-n51"/>
        </fs>
    </a>
    <node xml:id="nc-n6"/>
    <a label="nchunk" ref="nc-n6" as="xces">
        <fs>
            <f name="graf:set" value="xces"/>
            <f name="graf:id" value="nc-n6"/>
        </fs>
    </a>
    <node xml:id="nc-n60"/>
    <a label="nchunk" ref="nc-n60" as="xces">
        <fs>
            <f name="graf:set" value="xces"/>
            <f name="graf:id" value="nc-n52"/>
        </fs>
    </a>
    <node xml:id="nc-n61"/>
    <a label="nchunk" ref="nc-n61" as="xces">
        <fs>
            <f name="graf:set" value="xces"/>
            <f name="graf:id" value="nc-n53"/>
        </fs>
    </a>
    <node xml:id="nc-n62"/>
    <a label="nchunk" ref="nc-n62" as="xces">
        <fs>
            <f name="graf:set" value="xces"/>
            <f name="graf:id" value="nc-n54"/>
        </fs>
    </a>
    <node xml:id="nc-n63"/>
    <a label="nchunk" ref="nc-n63" as="xces">
        <fs>
            <f name="graf:set" value="xces"/>
            <f name="graf:id" value="nc-n55"/>
        </fs>
    </a>
    <node xml:id="nc-n64"/>
    <a label="nchunk" ref="nc-n64" as="xces">
        <fs>
            <f name="graf:set" value="xces"/>
            <f name="graf:id" value="nc-n56"/>
        </fs>
    </a>
    <node xml:id="nc-n65"/>
    <a label="nchunk" ref="nc-n65" as="xces"/>
    <node xml:id="nc-n66"/>
    <a label="nchunk" ref="nc-n66" as="xces"/>
    <node xml:id="nc-n67"/>
    <a label="nchunk" ref="nc-n67" as="xces">
        <fs>
            <f name="graf:set" value="xces"/>
            <f name="graf:id" value="nc-n58"/>
        </fs>
    </a>
    <node xml:id="nc-n68"/>
    <a label="nchunk" ref="nc-n68" as="xces">
        <fs>
            <f name="graf:set" value="xces"/>
            <f name="graf:id" value="nc-n59"/>
        </fs>
    </a>
    <node xml:id="nc-n69"/>
    <a label="nchunk" ref="nc-n69" as="xces">
        <fs>
            <f name="graf:set" value="xces"/>
            <f name="graf:id" value="nc-n60"/>
        </fs>
    </a>
    <node xml:id="nc-n7"/>
    <a label="nchunk" ref="nc-n7" as="xces">
        <fs>
            <f name="graf:set" value="xces"/>
            <f name="graf:id" value="nc-n7"/>
        </fs>
    </a>
    <node xml:id="nc-n70"/>
    <a label="nchunk" ref="nc-n70" as="xces">
        <fs>
            <f name="graf:set" value="xces"/>
            <f name="graf:id" value="nc-n61"/>
        </fs>
    </a>
    <node xml:id="nc-n71"/>
    <a label="nchunk" ref="nc-n71" as="xces"/>
    <node xml:id="nc-n72"/>
    <a label="nchunk" ref="nc-n72" as="xces"/>
    <node xml:id="nc-n8"/>
    <a label="nchunk" ref="nc-n8" as="xces">
        <fs>
            <f name="graf:set" value="xces"/>
            <f name="graf:id" value="nc-n8"/>
        </fs>
    </a>
    <node xml:id="nc-n9"/>
    <a label="nchunk" ref="nc-n9" as="xces">
        <fs>
            <f name="graf:set" value="xces"/>
            <f name="graf:id" value="nc-n9"/>
        </fs>
    </a>
    <edge xml:id="lnk109" from="nc-n56" to="penn-n206"/>
    <edge xml:id="lnk108" from="nc-n56" to="penn-n205"/>
    <edge xml:id="lnk107" from="nc-n55" to="penn-n202"/>
    <edge xml:id="lnk106" from="nc-n54" to="penn-n200"/>
    <edge xml:id="lnk105" from="nc-n54" to="penn-n199"/>
    <edge xml:id="lnk104" from="nc-n54" to="penn-n198"/>
    <edge xml:id="lnk103" from="nc-n54" to="penn-n197"/>
    <edge xml:id="lnk102" from="nc-n53" to="penn-n195"/>
    <edge xml:id="lnk101" from="nc-n53" to="penn-n194"/>
    <edge xml:id="lnk100" from="nc-n52" to="penn-n191"/>
    <edge xml:id="lnk99" from="nc-n51" to="penn-n190"/>
    <edge xml:id="lnk98" from="nc-n51" to="penn-n189"/>
    <edge xml:id="lnk97" from="nc-n50" to="penn-n184"/>
    <edge xml:id="lnk96" from="nc-n50" to="penn-n183"/>
    <edge xml:id="lnk95" from="nc-n49" to="penn-n181"/>
    <edge xml:id="lnk94" from="nc-n49" to="penn-n180"/>
    <edge xml:id="lnk93" from="nc-n48" to="penn-n178"/>
    <edge xml:id="lnk92" from="nc-n48" to="penn-n177"/>
    <edge xml:id="lnk91" from="nc-n47" to="penn-n170"/>
    <edge xml:id="lnk90" from="nc-n47" to="penn-n169"/>
    <edge xml:id="lnk89" from="nc-n46" to="penn-n167"/>
    <edge xml:id="lnk88" from="nc-n46" to="penn-n166"/>
    <edge xml:id="lnk87" from="nc-n45" to="penn-n161"/>
    <edge xml:id="lnk86" from="nc-n44" to="penn-n158"/>
    <edge xml:id="lnk85" from="nc-n43" to="penn-n156"/>
    <edge xml:id="lnk84" from="nc-n43" to="penn-n155"/>
    <edge xml:id="lnk83" from="nc-n42" to="penn-n153"/>
    <edge xml:id="lnk82" from="nc-n42" to="penn-n152"/>
    <edge xml:id="lnk81" from="nc-n41" to="penn-n150"/>
    <edge xml:id="lnk80" from="nc-n41" to="penn-n149"/>
    <edge xml:id="lnk79" from="nc-n40" to="penn-n147"/>
    <edge xml:id="lnk78" from="nc-n40" to="penn-n146"/>
    <edge xml:id="lnk77" from="nc-n39" to="penn-n142"/>
    <edge xml:id="lnk76" from="nc-n38" to="penn-n138"/>
    <edge xml:id="lnk75" from="nc-n38" to="penn-n137"/>
    <edge xml:id="lnk74" from="nc-n37" to="penn-n135"/>
    <edge xml:id="lnk73" from="nc-n37" to="penn-n134"/>
    <edge xml:id="lnk72" from="nc-n36" to="penn-n130"/>
    <edge xml:id="lnk71" from="nc-n36" to="penn-n129"/>
    <edge xml:id="lnk70" from="nc-n35" to="penn-n127"/>
    <edge xml:id="lnk69" from="nc-n34" to="penn-n125"/>
    <edge xml:id="lnk68" from="nc-n33" to="penn-n123"/>
    <edge xml:id="lnk67" from="nc-n33" to="penn-n122"/>
    <edge xml:id="lnk66" from="nc-n32" to="penn-n117"/>
    <edge xml:id="lnk65" from="nc-n31" to="penn-n115"/>
    <edge xml:id="lnk64" from="nc-n31" to="penn-n114"/>
    <edge xml:id="lnk63" from="nc-n30" to="penn-n111"/>
    <edge xml:id="lnk62" from="nc-n30" to="penn-n110"/>
    <edge xml:id="lnk61" from="nc-n29" to="penn-n108"/>
    <edge xml:id="lnk60" from="nc-n29" to="penn-n107"/>
    <edge xml:id="lnk59" from="nc-n29" to="penn-n106"/>
    <edge xml:id="lnk58" from="nc-n28" to="penn-n104"/>
    <edge xml:id="lnk57" from="nc-n27" to="penn-n102"/>
    <edge xml:id="lnk56" from="nc-n26" to="penn-n99"/>
    <edge xml:id="lnk55" from="nc-n25" to="penn-n97"/>
    <edge xml:id="lnk54" from="nc-n24" to="penn-n95"/>
    <edge xml:id="lnk53" from="nc-n23" to="penn-n93"/>
    <edge xml:id="lnk52" from="nc-n22" to="penn-n91"/>
    <edge xml:id="lnk51" from="nc-n21" to="penn-n89"/>
    <edge xml:id="lnk50" from="nc-n20" to="penn-n86"/>
    <edge xml:id="lnk49" from="nc-n19" to="penn-n84"/>
    <edge xml:id="lnk48" from="nc-n19" to="penn-n83"/>
    <edge xml:id="lnk47" from="nc-n19" to="penn-n82"/>
    <edge xml:id="lnk46" from="nc-n18" to="penn-n77"/>
    <edge xml:id="lnk45" from="nc-n18" to="penn-n76"/>
    <edge xml:id="lnk44" from="nc-n18" to="penn-n75"/>
    <edge xml:id="lnk43" from="nc-n18" to="penn-n74"/>
    <edge xml:id="lnk42" from="nc-n17" to="penn-n69"/>
    <edge xml:id="lnk41" from="nc-n17" to="penn-n68"/>
    <edge xml:id="lnk40" from="nc-n16" to="penn-n66"/>
    <edge xml:id="lnk9" from="nc-n3" to="penn-n11"/>
    <edge xml:id="lnk8" from="nc-n2" to="penn-n9"/>
    <edge xml:id="lnk7" from="nc-n2" to="penn-n8"/>
    <edge xml:id="lnk6" from="nc-n1" to="penn-n6"/>
    <edge xml:id="lnk5" from="nc-n1" to="penn-n5"/>
    <edge xml:id="lnk4" from="nc-n1" to="penn-n4"/>
    <edge xml:id="lnk3" from="nc-n0" to="penn-n3"/>
    <edge xml:id="lnk2" from="nc-n0" to="penn-n2"/>
    <edge xml:id="lnk1" from="nc-n0" to="penn-n1"/>
    <edge xml:id="lnk0" from="nc-n0" to="penn-n0"/>
    <edge xml:id="lnk39" from="nc-n16" to="penn-n65"/>
    <edge xml:id="lnk38" from="nc-n15" to="penn-n63"/>
    <edge xml:id="lnk37" from="nc-n14" to="penn-n60"/>
    <edge xml:id="lnk36" from="nc-n14" to="penn-n59"/>
    <edge xml:id="lnk35" from="nc-n14" to="penn-n58"/>
    <edge xml:id="lnk34" from="nc-n14" to="penn-n57"/>
    <edge xml:id="lnk33" from="nc-n14" to="penn-n56"/>
    <edge xml:id="lnk32" from="nc-n13" to="penn-n54"/>
    <edge xml:id="lnk31" from="nc-n13" to="penn-n53"/>
    <edge xml:id="lnk30" from="nc-n12" to="penn-n50"/>
    <edge xml:id="lnk145" from="nc-n72" to="penn-n263"/>
    <edge xml:id="lnk144" from="nc-n72" to="penn-n262"/>
    <edge xml:id="lnk143" from="nc-n71" to="penn-n260"/>
    <edge xml:id="lnk29" from="nc-n11" to="penn-n48"/>
    <edge xml:id="lnk28" from="nc-n11" to="penn-n47"/>
    <edge xml:id="lnk142" from="nc-n70" to="penn-n259"/>
    <edge xml:id="lnk27" from="nc-n10" to="penn-n41"/>
    <edge xml:id="lnk141" from="nc-n70" to="penn-n258"/>
    <edge xml:id="lnk26" from="nc-n9" to="penn-n39"/>
    <edge xml:id="lnk140" from="nc-n70" to="penn-n257"/>
    <edge xml:id="lnk25" from="nc-n8" to="penn-n34"/>
    <edge xml:id="lnk24" from="nc-n8" to="penn-n33"/>
    <edge xml:id="lnk23" from="nc-n7" to="penn-n31"/>
    <edge xml:id="lnk22" from="nc-n7" to="penn-n30"/>
    <edge xml:id="lnk21" from="nc-n6" to="penn-n28"/>
    <edge xml:id="lnk20" from="nc-n6" to="penn-n27"/>
    <edge xml:id="lnk139" from="nc-n69" to="penn-n256"/>
    <edge xml:id="lnk138" from="nc-n69" to="penn-n255"/>
    <edge xml:id="lnk137" from="nc-n69" to="penn-n254"/>
    <edge xml:id="lnk136" from="nc-n69" to="penn-n253"/>
    <edge xml:id="lnk135" from="nc-n69" to="penn-n252"/>
    <edge xml:id="lnk134" from="nc-n69" to="penn-n251"/>
    <edge xml:id="lnk19" from="nc-n6" to="penn-n26"/>
    <edge xml:id="lnk133" from="nc-n69" to="penn-n250"/>
    <edge xml:id="lnk18" from="nc-n6" to="penn-n25"/>
    <edge xml:id="lnk132" from="nc-n68" to="penn-n246"/>
    <edge xml:id="lnk17" from="nc-n5" to="penn-n22"/>
    <edge xml:id="lnk131" from="nc-n67" to="penn-n243"/>
    <edge xml:id="lnk16" from="nc-n5" to="penn-n21"/>
    <edge xml:id="lnk130" from="nc-n67" to="penn-n242"/>
    <edge xml:id="lnk15" from="nc-n4" to="penn-n18"/>
    <edge xml:id="lnk14" from="nc-n4" to="penn-n17"/>
    <edge xml:id="lnk13" from="nc-n4" to="penn-n16"/>
    <edge xml:id="lnk12" from="nc-n4" to="penn-n15"/>
    <edge xml:id="lnk11" from="nc-n4" to="penn-n14"/>
    <edge xml:id="lnk10" from="nc-n4" to="penn-n13"/>
    <edge xml:id="lnk129" from="nc-n67" to="penn-n241"/>
    <edge xml:id="lnk128" from="nc-n67" to="penn-n240"/>
    <edge xml:id="lnk127" from="nc-n66" to="penn-n238"/>
    <edge xml:id="lnk126" from="nc-n65" to="penn-n236"/>
    <edge xml:id="lnk125" from="nc-n65" to="penn-n235"/>
    <edge xml:id="lnk124" from="nc-n64" to="penn-n230"/>
    <edge xml:id="lnk123" from="nc-n64" to="penn-n229"/>
    <edge xml:id="lnk122" from="nc-n63" to="penn-n227"/>
    <edge xml:id="lnk121" from="nc-n63" to="penn-n226"/>
    <edge xml:id="lnk120" from="nc-n63" to="penn-n225"/>
    <edge xml:id="lnk119" from="nc-n62" to="penn-n223"/>
    <edge xml:id="lnk118" from="nc-n61" to="penn-n222"/>
    <edge xml:id="lnk117" from="nc-n60" to="penn-n221"/>
    <edge xml:id="lnk116" from="nc-n60" to="penn-n220"/>
    <edge xml:id="lnk115" from="nc-n59" to="penn-n218"/>
    <edge xml:id="lnk114" from="nc-n59" to="penn-n217"/>
    <edge xml:id="lnk113" from="nc-n58" to="penn-n212"/>
    <edge xml:id="lnk112" from="nc-n57" to="penn-n210"/>
    <edge xml:id="lnk111" from="nc-n57" to="penn-n209"/>
    <edge xml:id="lnk110" from="nc-n56" to="penn-n207"/>
</graph>
