<?xml version="1.0" encoding="UTF-8"?>
<graph xmlns="http://www.xces.org/ns/GrAF/1.0/">
    <header>
        <tagsDecl>
            <tagUsage gi="s" occurs="13"/>
        </tagsDecl>
        <annotationSets>
            <annotationSet name="xces" type="http://www.xces.org/schema/2003"/>
        </annotationSets>
    </header>
    <region xml:id="s-r0" anchors="9 43"/>
    <region xml:id="s-r1" anchors="47 65"/>
    <region xml:id="s-r2" anchors="66 253"/>
    <region xml:id="s-r3" anchors="257 462"/>
    <region xml:id="s-r4" anchors="466 657"/>
    <region xml:id="s-r5" anchors="662 840"/>
    <region xml:id="s-r6" anchors="844 984"/>
    <region xml:id="s-r7" anchors="985 1240"/>
    <region xml:id="s-r8" anchors="1244 1347"/>
    <region xml:id="s-r9" anchors="1351 1507"/>
    <region xml:id="s-r10" anchors="1508 1579"/>
    <region xml:id="s-r11" anchors="1583 1631"/>
    <region xml:id="s-r12" anchors="1632 1735"/>
    <node xml:id="s-n0">
        <link targets="s-r0"/>
    </node>
    <a label="s" ref="s-n0" as="xces">
        <fs>
            <f name="annotator" value="CC"/>
            <f name="confidence" value="HIGH"/>
            <f name="id" value="s0.1"/>
        </fs>
    </a>
    <node xml:id="s-n1">
        <link targets="s-r1"/>
    </node>
    <a label="s" ref="s-n1" as="xces">
        <fs>
            <f name="annotator" value="CC"/>
            <f name="confidence" value="MED"/>
            <f name="id" value="s0.2"/>
        </fs>
    </a>
    <node xml:id="s-n10">
        <link targets="s-r10"/>
    </node>
    <a label="s" ref="s-n10" as="xces">
        <fs>
            <f name="id" value="p8s2"/>
        </fs>
    </a>
    <node xml:id="s-n11">
        <link targets="s-r11"/>
    </node>
    <a label="s" ref="s-n11" as="xces">
        <fs>
            <f name="id" value="p9s1"/>
        </fs>
    </a>
    <node xml:id="s-n12">
        <link targets="s-r12"/>
    </node>
    <a label="s" ref="s-n12" as="xces">
        <fs>
            <f name="id" value="p9s2"/>
        </fs>
    </a>
    <node xml:id="s-n2">
        <link targets="s-r2"/>
    </node>
    <a label="s" ref="s-n2" as="xces">
        <fs>
            <f name="annotator" value="CC"/>
            <f name="confidence" value="HIGH"/>
            <f name="id" value="s0.3"/>
        </fs>
    </a>
    <node xml:id="s-n3">
        <link targets="s-r3"/>
    </node>
    <a label="s" ref="s-n3" as="xces">
        <fs>
            <f name="id" value="p3s1"/>
        </fs>
    </a>
    <node xml:id="s-n4">
        <link targets="s-r4"/>
    </node>
    <a label="s" ref="s-n4" as="xces">
        <fs>
            <f name="id" value="p4s1"/>
        </fs>
    </a>
    <node xml:id="s-n5">
        <link targets="s-r5"/>
    </node>
    <a label="s" ref="s-n5" as="xces">
        <fs>
            <f name="id" value="p5s1"/>
        </fs>
    </a>
    <node xml:id="s-n6">
        <link targets="s-r6"/>
    </node>
    <a label="s" ref="s-n6" as="xces">
        <fs>
            <f name="id" value="p6s1"/>
        </fs>
    </a>
    <node xml:id="s-n7">
        <link targets="s-r7"/>
    </node>
    <a label="s" ref="s-n7" as="xces">
        <fs>
            <f name="id" value="p6s2"/>
        </fs>
    </a>
    <node xml:id="s-n8">
        <link targets="s-r8"/>
    </node>
    <a label="s" ref="s-n8" as="xces">
        <fs>
            <f name="id" value="p7s1"/>
        </fs>
    </a>
    <node xml:id="s-n9">
        <link targets="s-r9"/>
    </node>
    <a label="s" ref="s-n9" as="xces">
        <fs>
            <f name="id" value="p8s1"/>
        </fs>
    </a>
</graph>
