<?xml version="1.0" encoding="UTF-8"?>
<graph xmlns="http://www.xces.org/ns/GrAF/1.0/">
    <header>
        <tagsDecl>
        </tagsDecl>
    </header>
    <region xml:id="seg-r0" anchors="9 17"/>
    <region xml:id="seg-r2" anchors="18 25"/>
    <region xml:id="seg-r4" anchors="26 29"/>
    <region xml:id="seg-r6" anchors="30 38"/>
    <region xml:id="seg-r8" anchors="39 45"/>
    <region xml:id="seg-r10" anchors="49 51"/>
    <region xml:id="seg-r12" anchors="52 58"/>
    <region xml:id="seg-r14" anchors="59 69"/>
    <region xml:id="seg-r15" anchors="69 70"/>
    <region xml:id="seg-r17" anchors="71 81"/>
    <region xml:id="seg-r19" anchors="82 87"/>
    <region xml:id="seg-r21" anchors="88 94"/>
    <region xml:id="seg-r23" anchors="95 100"/>
    <region xml:id="seg-r24" anchors="100 101"/>
    <region xml:id="seg-r26" anchors="102 106"/>
    <region xml:id="seg-r28" anchors="107 108"/>
    <region xml:id="seg-r29" anchors="108 110"/>
    <region xml:id="seg-r30" anchors="110 111"/>
    <region xml:id="seg-r32" anchors="115 116"/>
    <region xml:id="seg-r34" anchors="117 118"/>
    <region xml:id="seg-r35" anchors="118 119"/>
    <region xml:id="seg-r36" anchors="119 120"/>
    <region xml:id="seg-r37" anchors="120 121"/>
    <region xml:id="seg-r39" anchors="122 130"/>
    <region xml:id="seg-r41" anchors="131 140"/>
    <region xml:id="seg-r43" anchors="141 144"/>
    <region xml:id="seg-r45" anchors="145 151"/>
    <region xml:id="seg-r47" anchors="152 154"/>
    <region xml:id="seg-r49" anchors="155 156"/>
    <region xml:id="seg-r50" anchors="156 157"/>
    <region xml:id="seg-r51" anchors="157 158"/>
    <region xml:id="seg-r52" anchors="158 159"/>
    <region xml:id="seg-r54" anchors="160 169"/>
    <region xml:id="seg-r56" anchors="170 172"/>
    <region xml:id="seg-r58" anchors="173 177"/>
    <region xml:id="seg-r60" anchors="178 182"/>
    <region xml:id="seg-r62" anchors="187 196"/>
    <region xml:id="seg-r64" anchors="197 199"/>
    <region xml:id="seg-r66" anchors="200 202"/>
    <region xml:id="seg-r68" anchors="203 212"/>
    <region xml:id="seg-r70" anchors="213 216"/>
    <region xml:id="seg-r72" anchors="217 221"/>
    <region xml:id="seg-r74" anchors="222 224"/>
    <region xml:id="seg-r76" anchors="225 230"/>
    <region xml:id="seg-r78" anchors="231 238"/>
    <region xml:id="seg-r80" anchors="239 241"/>
    <region xml:id="seg-r82" anchors="242 246"/>
    <region xml:id="seg-r84" anchors="247 249"/>
    <region xml:id="seg-r86" anchors="250 252"/>
    <region xml:id="seg-r87" anchors="252 253"/>
    <region xml:id="seg-r89" anchors="258 265"/>
    <region xml:id="seg-r91" anchors="266 268"/>
    <region xml:id="seg-r93" anchors="269 273"/>
    <region xml:id="seg-r95" anchors="274 285"/>
    <region xml:id="seg-r97" anchors="286 289"/>
    <region xml:id="seg-r99" anchors="290 294"/>
    <region xml:id="seg-r101" anchors="295 297"/>
    <region xml:id="seg-r103" anchors="298 300"/>
    <region xml:id="seg-r105" anchors="301 305"/>
    <region xml:id="seg-r107" anchors="306 308"/>
    <region xml:id="seg-r109" anchors="309 313"/>
    <region xml:id="seg-r111" anchors="314 317"/>
    <region xml:id="seg-r113" anchors="318 327"/>
    <region xml:id="seg-r115" anchors="328 330"/>
    <region xml:id="seg-r117" anchors="335 343"/>
    <region xml:id="seg-r119" anchors="344 350"/>
    <region xml:id="seg-r120" anchors="350 351"/>
    <region xml:id="seg-r122" anchors="355 358"/>
    <region xml:id="seg-r123" anchors="358 359"/>
    <region xml:id="seg-r125" anchors="360 364"/>
    <region xml:id="seg-r127" anchors="365 369"/>
    <region xml:id="seg-r128" anchors="369 370"/>
    <region xml:id="seg-r130" anchors="371 372"/>
    <region xml:id="seg-r131" anchors="372 373"/>
    <region xml:id="seg-r132" anchors="373 377"/>
    <region xml:id="seg-r133" anchors="377 378"/>
    <region xml:id="seg-r135" anchors="379 382"/>
    <region xml:id="seg-r137" anchors="383 386"/>
    <region xml:id="seg-r139" anchors="387 391"/>
    <region xml:id="seg-r141" anchors="392 395"/>
    <region xml:id="seg-r143" anchors="396 397"/>
    <region xml:id="seg-r145" anchors="398 405"/>
    <region xml:id="seg-r147" anchors="406 408"/>
    <region xml:id="seg-r149" anchors="409 418"/>
    <region xml:id="seg-r151" anchors="419 426"/>
    <region xml:id="seg-r153" anchors="431 433"/>
    <region xml:id="seg-r155" anchors="434 438"/>
    <region xml:id="seg-r157" anchors="439 442"/>
    <region xml:id="seg-r159" anchors="443 446"/>
    <region xml:id="seg-r161" anchors="447 451"/>
    <region xml:id="seg-r163" anchors="452 460"/>
    <region xml:id="seg-r165" anchors="461 463"/>
    <region xml:id="seg-r167" anchors="464 470"/>
    <region xml:id="seg-r168" anchors="470 471"/>
    <region xml:id="seg-r170" anchors="472 475"/>
    <region xml:id="seg-r172" anchors="476 480"/>
    <region xml:id="seg-r174" anchors="481 484"/>
    <region xml:id="seg-r176" anchors="485 491"/>
    <region xml:id="seg-r178" anchors="492 499"/>
    <region xml:id="seg-r180" anchors="504 510"/>
    <region xml:id="seg-r182" anchors="511 515"/>
    <region xml:id="seg-r184" anchors="516 520"/>
    <region xml:id="seg-r186" anchors="521 525"/>
    <region xml:id="seg-r188" anchors="526 535"/>
    <region xml:id="seg-r190" anchors="536 538"/>
    <region xml:id="seg-r192" anchors="539 542"/>
    <region xml:id="seg-r194" anchors="543 547"/>
    <region xml:id="seg-r196" anchors="548 556"/>
    <region xml:id="seg-r198" anchors="557 563"/>
    <region xml:id="seg-r199" anchors="563 564"/>
    <region xml:id="seg-r201" anchors="568 569"/>
    <region xml:id="seg-r202" anchors="569 571"/>
    <region xml:id="seg-r204" anchors="572 575"/>
    <region xml:id="seg-r206" anchors="576 580"/>
    <region xml:id="seg-r207" anchors="580 581"/>
    <region xml:id="seg-r209" anchors="582 586"/>
    <region xml:id="seg-r211" anchors="587 596"/>
    <region xml:id="seg-r212" anchors="596 597"/>
    <region xml:id="seg-r214" anchors="598 600"/>
    <region xml:id="seg-r216" anchors="601 607"/>
    <region xml:id="seg-r218" anchors="608 612"/>
    <region xml:id="seg-r220" anchors="613 615"/>
    <region xml:id="seg-r222" anchors="616 619"/>
    <region xml:id="seg-r224" anchors="620 626"/>
    <region xml:id="seg-r226" anchors="627 629"/>
    <region xml:id="seg-r228" anchors="630 637"/>
    <region xml:id="seg-r230" anchors="642 644"/>
    <region xml:id="seg-r232" anchors="645 649"/>
    <region xml:id="seg-r234" anchors="650 661"/>
    <region xml:id="seg-r236" anchors="662 664"/>
    <region xml:id="seg-r238" anchors="665 669"/>
    <region xml:id="seg-r240" anchors="670 671"/>
    <region xml:id="seg-r241" anchors="671 673"/>
    <region xml:id="seg-r243" anchors="674 677"/>
    <region xml:id="seg-r244" anchors="677 680"/>
    <region xml:id="seg-r246" anchors="681 684"/>
    <region xml:id="seg-r248" anchors="685 687"/>
    <region xml:id="seg-r250" anchors="688 694"/>
    <region xml:id="seg-r252" anchors="695 699"/>
    <region xml:id="seg-r254" anchors="700 702"/>
    <region xml:id="seg-r256" anchors="703 708"/>
    <region xml:id="seg-r258" anchors="713 722"/>
    <region xml:id="seg-r259" anchors="722 723"/>
    <region xml:id="seg-r260" anchors="723 724"/>
    <region xml:id="seg-r262" anchors="725 727"/>
    <region xml:id="seg-r264" anchors="728 732"/>
    <region xml:id="seg-r266" anchors="733 743"/>
    <region xml:id="seg-r268" anchors="744 749"/>
    <region xml:id="seg-r270" anchors="750 760"/>
    <region xml:id="seg-r272" anchors="761 765"/>
    <region xml:id="seg-r273" anchors="765 766"/>
    <region xml:id="seg-r275" anchors="770 773"/>
    <region xml:id="seg-r277" anchors="774 776"/>
    <region xml:id="seg-r279" anchors="777 785"/>
    <region xml:id="seg-r281" anchors="786 789"/>
    <region xml:id="seg-r283" anchors="790 803"/>
    <region xml:id="seg-r285" anchors="804 813"/>
    <region xml:id="seg-r287" anchors="814 817"/>
    <region xml:id="seg-r289" anchors="818 820"/>
    <region xml:id="seg-r291" anchors="821 822"/>
    <region xml:id="seg-r293" anchors="823 827"/>
    <region xml:id="seg-r295" anchors="828 834"/>
    <region xml:id="seg-r297" anchors="835 838"/>
    <region xml:id="seg-r299" anchors="839 841"/>
    <region xml:id="seg-r301" anchors="846 853"/>
    <region xml:id="seg-r303" anchors="854 858"/>
    <region xml:id="seg-r305" anchors="859 863"/>
    <region xml:id="seg-r307" anchors="864 868"/>
    <region xml:id="seg-r309" anchors="869 872"/>
    <region xml:id="seg-r311" anchors="873 881"/>
    <region xml:id="seg-r313" anchors="882 885"/>
    <region xml:id="seg-r315" anchors="886 892"/>
    <region xml:id="seg-r317" anchors="893 901"/>
    <region xml:id="seg-r318" anchors="901 902"/>
    <region xml:id="seg-r320" anchors="906 909"/>
    <region xml:id="seg-r322" anchors="910 913"/>
    <region xml:id="seg-r324" anchors="914 919"/>
    <region xml:id="seg-r326" anchors="920 922"/>
    <region xml:id="seg-r328" anchors="923 925"/>
    <region xml:id="seg-r330" anchors="926 931"/>
    <region xml:id="seg-r332" anchors="932 934"/>
    <region xml:id="seg-r334" anchors="935 938"/>
    <region xml:id="seg-r336" anchors="939 943"/>
    <region xml:id="seg-r338" anchors="944 946"/>
    <region xml:id="seg-r340" anchors="947 953"/>
    <region xml:id="seg-r342" anchors="954 962"/>
    <region xml:id="seg-r344" anchors="963 966"/>
    <region xml:id="seg-r346" anchors="967 972"/>
    <region xml:id="seg-r348" anchors="977 983"/>
    <region xml:id="seg-r350" anchors="984 995"/>
    <region xml:id="seg-r352" anchors="996 998"/>
    <region xml:id="seg-r354" anchors="999 1002"/>
    <region xml:id="seg-r356" anchors="1003 1010"/>
    <region xml:id="seg-r358" anchors="1011 1016"/>
    <region xml:id="seg-r360" anchors="1017 1018"/>
    <region xml:id="seg-r362" anchors="1019 1020"/>
    <region xml:id="seg-r363" anchors="1020 1021"/>
    <region xml:id="seg-r364" anchors="1021 1022"/>
    <region xml:id="seg-r365" anchors="1022 1023"/>
    <region xml:id="seg-r367" anchors="1024 1036"/>
    <region xml:id="seg-r369" anchors="1037 1044"/>
    <region xml:id="seg-r370" anchors="1044 1045"/>
    <region xml:id="seg-r372" anchors="1046 1048"/>
    <region xml:id="seg-r374" anchors="1053 1057"/>
    <region xml:id="seg-r375" anchors="1057 1058"/>
    <region xml:id="seg-r377" anchors="1062 1066"/>
    <region xml:id="seg-r379" anchors="1067 1071"/>
    <region xml:id="seg-r381" anchors="1072 1075"/>
    <region xml:id="seg-r383" anchors="1076 1082"/>
    <region xml:id="seg-r385" anchors="1083 1089"/>
    <region xml:id="seg-r387" anchors="1090 1093"/>
    <region xml:id="seg-r389" anchors="1094 1101"/>
    <region xml:id="seg-r391" anchors="1102 1106"/>
    <region xml:id="seg-r393" anchors="1107 1109"/>
    <region xml:id="seg-r395" anchors="1110 1118"/>
    <region xml:id="seg-r397" anchors="1119 1121"/>
    <region xml:id="seg-r399" anchors="1122 1128"/>
    <region xml:id="seg-r401" anchors="1133 1141"/>
    <region xml:id="seg-r402" anchors="1141 1142"/>
    <region xml:id="seg-r404" anchors="1143 1148"/>
    <region xml:id="seg-r406" anchors="1149 1154"/>
    <region xml:id="seg-r408" anchors="1155 1160"/>
    <region xml:id="seg-r410" anchors="1161 1163"/>
    <region xml:id="seg-r412" anchors="1164 1167"/>
    <region xml:id="seg-r414" anchors="1168 1174"/>
    <region xml:id="seg-r416" anchors="1175 1182"/>
    <region xml:id="seg-r417" anchors="1182 1183"/>
    <region xml:id="seg-r419" anchors="1184 1187"/>
    <region xml:id="seg-r421" anchors="1188 1189"/>
    <region xml:id="seg-r422" anchors="1189 1190"/>
    <region xml:id="seg-r423" anchors="1190 1191"/>
    <region xml:id="seg-r424" anchors="1191 1192"/>
    <region xml:id="seg-r426" anchors="1193 1203"/>
    <region xml:id="seg-r428" anchors="1208 1212"/>
    <region xml:id="seg-r430" anchors="1213 1215"/>
    <region xml:id="seg-r432" anchors="1216 1221"/>
    <region xml:id="seg-r434" anchors="1222 1224"/>
    <region xml:id="seg-r436" anchors="1225 1231"/>
    <region xml:id="seg-r438" anchors="1232 1236"/>
    <region xml:id="seg-r440" anchors="1237 1241"/>
    <region xml:id="seg-r442" anchors="1242 1244"/>
    <region xml:id="seg-r444" anchors="1245 1248"/>
    <region xml:id="seg-r446" anchors="1249 1255"/>
    <region xml:id="seg-r448" anchors="1256 1261"/>
    <region xml:id="seg-r450" anchors="1262 1266"/>
    <region xml:id="seg-r452" anchors="1267 1273"/>
    <region xml:id="seg-r454" anchors="1274 1276"/>
    <region xml:id="seg-r456" anchors="1277 1279"/>
    <region xml:id="seg-r458" anchors="1284 1296"/>
    <region xml:id="seg-r460" anchors="1297 1299"/>
    <region xml:id="seg-r462" anchors="1300 1306"/>
    <region xml:id="seg-r464" anchors="1307 1310"/>
    <region xml:id="seg-r466" anchors="1311 1315"/>
    <region xml:id="seg-r468" anchors="1316 1321"/>
    <region xml:id="seg-r470" anchors="1322 1324"/>
    <region xml:id="seg-r472" anchors="1325 1329"/>
    <region xml:id="seg-r474" anchors="1330 1333"/>
    <region xml:id="seg-r476" anchors="1334 1340"/>
    <region xml:id="seg-r478" anchors="1341 1348"/>
    <region xml:id="seg-r479" anchors="1348 1349"/>
</graph>
