<?xml version="1.0" encoding="UTF-8"?>
<graph xmlns="http://www.xces.org/ns/GrAF/1.0/">
    <header>
        <tagsDecl>
            <tagUsage gi="objective-speech-event" occurs="15"/>
            <tagUsage gi="attitude" occurs="4"/>
            <tagUsage gi="inside" occurs="12"/>
            <tagUsage gi="target" occurs="4"/>
            <tagUsage gi="split" occurs="16"/>
            <tagUsage gi="expressive-subjectivity" occurs="1"/>
            <tagUsage gi="direct-subjective" occurs="5"/>
            <tagUsage gi="agent" occurs="10"/>
        </tagsDecl>
        <annotationSets>
            <annotationSet name="mpqa" type="http://www.cs.pitt.edu/mpqa/"/>
        </annotationSets>
    </header>
    <region xml:id="r1" anchors="9 66"/>
    <region xml:id="r3" anchors="9 9"/>
    <region xml:id="r11" anchors="67 280"/>
    <region xml:id="r9" anchors="67 67"/>
    <region xml:id="r13" anchors="67 67"/>
    <region xml:id="r15" anchors="81 101"/>
    <region xml:id="r17" anchors="102 112"/>
    <region xml:id="r20" anchors="113 171"/>
    <region xml:id="r22" anchors="120 139"/>
    <region xml:id="r24" anchors="175 181"/>
    <region xml:id="r27" anchors="182 252"/>
    <region xml:id="r29" anchors="254 267"/>
    <region xml:id="r31" anchors="268 272"/>
    <region xml:id="r33" anchors="279 280"/>
    <region xml:id="r37" anchors="284 564"/>
    <region xml:id="r39" anchors="284 303"/>
    <region xml:id="r41" anchors="284 284"/>
    <region xml:id="r35" anchors="284 284"/>
    <region xml:id="r43" anchors="458 476"/>
    <region xml:id="r46" anchors="477 563"/>
    <region xml:id="r48" anchors="563 564"/>
    <region xml:id="r52" anchors="568 743"/>
    <region xml:id="r54" anchors="568 568"/>
    <region xml:id="r50" anchors="568 568"/>
    <region xml:id="r56" anchors="628 633"/>
    <region xml:id="r58" anchors="634 638"/>
    <region xml:id="r60" anchors="643 646"/>
    <region xml:id="r62" anchors="647 742"/>
    <region xml:id="r64" anchors="742 743"/>
    <region xml:id="r68" anchors="747 883"/>
    <region xml:id="r70" anchors="747 747"/>
    <region xml:id="r66" anchors="747 747"/>
    <region xml:id="r72" anchors="828 840"/>
    <region xml:id="r74" anchors="843 882"/>
    <region xml:id="r76" anchors="882 883"/>
    <region xml:id="r78" anchors="888 984"/>
    <region xml:id="r80" anchors="888 888"/>
    <region xml:id="r82" anchors="896 903"/>
    <region xml:id="r84" anchors="904 909"/>
    <region xml:id="r86" anchors="981 984"/>
    <region xml:id="r90" anchors="988 1100"/>
    <region xml:id="r92" anchors="988 988"/>
    <region xml:id="r88" anchors="988 988"/>
    <region xml:id="r94" anchors="1073 1085"/>
    <region xml:id="r96" anchors="1086 1099"/>
    <region xml:id="r98" anchors="1099 1100"/>
    <region xml:id="r100" anchors="1101 1237"/>
    <region xml:id="r102" anchors="1101 1101"/>
    <region xml:id="r104" anchors="1236 1237"/>
    <region xml:id="r106" anchors="1241 1336"/>
    <region xml:id="r108" anchors="1335 1336"/>
    <region xml:id="r110" anchors="1337 1373"/>
    <region xml:id="r112" anchors="1337 1337"/>
    <region xml:id="r114" anchors="1372 1373"/>
    <region xml:id="r116" anchors="1374 1422"/>
    <region xml:id="r118" anchors="1374 1374"/>
    <region xml:id="r120" anchors="1421 1422"/>
    <region xml:id="r124" anchors="1426 1455"/>
    <region xml:id="r126" anchors="1426 1426"/>
    <region xml:id="r122" anchors="1426 1426"/>
    <node xml:id="n0">
        <link targets="r1"/>
    </node>
    <a label="inside" ref="n0" as="mpqa">
        <fs>
            <f name="nested-source" value="w"/>
        </fs>
    </a>
    <node xml:id="n1">
        <link targets="r3"/>
    </node>
    <a label="agent" ref="n1" as="mpqa">
        <fs>
            <f name="id" value="w"/>
        </fs>
    </a>
    <a label="agent" ref="n1" as="mpqa">
        <fs>
            <f name="id" value="implicit"/>
        </fs>
    </a>
    <a label="expressive-subjectivity" ref="n1" as="mpqa"/>
    <a label="direct-subjective" ref="n1" as="mpqa"/>
    <a label="objective-speech-event" ref="n1" as="mpqa">
        <fs>
            <f name="implicit" value="true"/>
            <f name="nested-source" value="w"/>
        </fs>
    </a>
    <node xml:id="n10">
        <link targets="r27"/>
    </node>
    <a label="target" ref="n10" as="mpqa">
        <fs>
            <f name="id" value="crisis"/>
        </fs>
    </a>
    <node xml:id="n11">
        <link targets="r29"/>
    </node>
    <a label="agent" ref="n11" as="mpqa">
        <fs>
            <f name="id" value="hoffice"/>
            <f name="nested-source" value="w,hoffice"/>
        </fs>
    </a>
    <node xml:id="n12">
        <link targets="r31"/>
    </node>
    <a label="objective-speech-event" ref="n12" as="mpqa">
        <fs>
            <f name="nested-source" value="w,hoffice"/>
        </fs>
    </a>
    <node xml:id="n13">
        <link targets="r33"/>
    </node>
    <a label="split" ref="n13" as="mpqa"/>
    <node xml:id="n14">
        <link targets="r35"/>
    </node>
    <a label="split" ref="n14" as="mpqa"/>
    <node xml:id="n15">
        <link targets="r37"/>
    </node>
    <a label="inside" ref="n15" as="mpqa">
        <fs>
            <f name="nested-source" value="w"/>
        </fs>
    </a>
    <node xml:id="n16">
        <link targets="r39"/>
    </node>
    <a label="agent" ref="n16" as="mpqa">
        <fs>
            <f name="id" value=""/>
            <f name="nested-source" value="w,hall"/>
        </fs>
    </a>
    <node xml:id="n17">
        <link targets="r41"/>
    </node>
    <a label="objective-speech-event" ref="n17" as="mpqa">
        <fs>
            <f name="implicit" value="true"/>
            <f name="nested-source" value="w"/>
        </fs>
    </a>
    <node xml:id="n18">
        <link targets="r43"/>
    </node>
    <a label="direct-subjective" ref="n18" as="mpqa">
        <fs>
            <f name="nested-source" value="w,hall"/>
            <f name="attitude-link" value="seekunder"/>
            <f name="insubstantial" value="c1"/>
            <f name="expression-intensity" value="low"/>
            <f name="intensity" value="low"/>
        </fs>
    </a>
    <a label="attitude" ref="n18" as="mpqa">
        <fs>
            <f name="id" value="seekunder"/>
            <f name="intensity" value="low"/>
            <f name="target-link" value="whyineff"/>
            <f name="attitude-type" value="other-attitude"/>
        </fs>
    </a>
    <node xml:id="n19">
        <link targets="r46"/>
    </node>
    <a label="target" ref="n19" as="mpqa">
        <fs>
            <f name="id" value="whyineff"/>
        </fs>
    </a>
    <node xml:id="n2">
        <link targets="r9"/>
    </node>
    <a label="split" ref="n2" as="mpqa"/>
    <node xml:id="n20">
        <link targets="r48"/>
    </node>
    <a label="split" ref="n20" as="mpqa"/>
    <node xml:id="n21">
        <link targets="r50"/>
    </node>
    <a label="split" ref="n21" as="mpqa"/>
    <node xml:id="n22">
        <link targets="r52"/>
    </node>
    <a label="inside" ref="n22" as="mpqa">
        <fs>
            <f name="nested-source" value="w"/>
        </fs>
    </a>
    <node xml:id="n23">
        <link targets="r54"/>
    </node>
    <a label="objective-speech-event" ref="n23" as="mpqa">
        <fs>
            <f name="implicit" value="true"/>
            <f name="nested-source" value="w"/>
        </fs>
    </a>
    <node xml:id="n24">
        <link targets="r56"/>
    </node>
    <a label="target" ref="n24" as="mpqa">
        <fs>
            <f name="id" value="sanctions"/>
        </fs>
    </a>
    <node xml:id="n25">
        <link targets="r58"/>
    </node>
    <a label="agent" ref="n25" as="mpqa">
        <fs>
            <f name="id" value="some"/>
            <f name="nested-source" value="w,some"/>
        </fs>
    </a>
    <node xml:id="n26">
        <link targets="r60"/>
    </node>
    <a label="direct-subjective" ref="n26" as="mpqa">
        <fs>
            <f name="expression-intensity" value="neutral"/>
            <f name="intensity" value="medium"/>
            <f name="attitude-link" value="havethwarted"/>
            <f name="nested-source" value="w,some"/>
        </fs>
    </a>
    <node xml:id="n27">
        <link targets="r62"/>
    </node>
    <a label="attitude" ref="n27" as="mpqa">
        <fs>
            <f name="id" value="havethwarted"/>
            <f name="target-link" value="sanctions"/>
            <f name="intensity" value="low-medium"/>
            <f name="attitude-type" value="arguing-pos"/>
        </fs>
    </a>
    <node xml:id="n28">
        <link targets="r64"/>
    </node>
    <a label="split" ref="n28" as="mpqa"/>
    <node xml:id="n29">
        <link targets="r66"/>
    </node>
    <a label="split" ref="n29" as="mpqa"/>
    <node xml:id="n3">
        <link targets="r11"/>
    </node>
    <a label="inside" ref="n3" as="mpqa">
        <fs>
            <f name="nested-source" value="w"/>
        </fs>
    </a>
    <node xml:id="n30">
        <link targets="r68"/>
    </node>
    <a label="inside" ref="n30" as="mpqa">
        <fs>
            <f name="nested-source" value="w"/>
        </fs>
    </a>
    <node xml:id="n31">
        <link targets="r70"/>
    </node>
    <a label="objective-speech-event" ref="n31" as="mpqa">
        <fs>
            <f name="implicit" value="true"/>
            <f name="nested-source" value="w"/>
        </fs>
    </a>
    <node xml:id="n32">
        <link targets="r72"/>
    </node>
    <a label="objective-speech-event" ref="n32" as="mpqa">
        <fs>
            <f name="nested-source" value="w,whoreport"/>
        </fs>
    </a>
    <node xml:id="n33">
        <link targets="r74"/>
    </node>
    <a label="agent" ref="n33" as="mpqa">
        <fs>
            <f name="id" value="whoreport"/>
            <f name="nested-source" value="w,whoreport"/>
        </fs>
    </a>
    <node xml:id="n34">
        <link targets="r76"/>
    </node>
    <a label="split" ref="n34" as="mpqa"/>
    <node xml:id="n35">
        <link targets="r78"/>
    </node>
    <a label="inside" ref="n35" as="mpqa">
        <fs>
            <f name="nested-source" value="w"/>
        </fs>
    </a>
    <node xml:id="n36">
        <link targets="r80"/>
    </node>
    <a label="objective-speech-event" ref="n36" as="mpqa">
        <fs>
            <f name="implicit" value="true"/>
            <f name="nested-source" value="w"/>
        </fs>
    </a>
    <node xml:id="n37">
        <link targets="r82"/>
    </node>
    <a label="agent" ref="n37" as="mpqa">
        <fs>
            <f name="id" value="who"/>
            <f name="nested-source" value="w,who"/>
        </fs>
    </a>
    <node xml:id="n38">
        <link targets="r84"/>
    </node>
    <a label="objective-speech-event" ref="n38" as="mpqa">
        <fs>
            <f name="nested-source" value="w,who"/>
        </fs>
    </a>
    <node xml:id="n39">
        <link targets="r86"/>
    </node>
    <a label="split" ref="n39" as="mpqa"/>
    <node xml:id="n4">
        <link targets="r13"/>
    </node>
    <a label="objective-speech-event" ref="n4" as="mpqa">
        <fs>
            <f name="implicit" value="true"/>
            <f name="nested-source" value="w"/>
        </fs>
    </a>
    <node xml:id="n40">
        <link targets="r88"/>
    </node>
    <a label="split" ref="n40" as="mpqa"/>
    <node xml:id="n41">
        <link targets="r90"/>
    </node>
    <a label="inside" ref="n41" as="mpqa">
        <fs>
            <f name="nested-source" value="w"/>
        </fs>
    </a>
    <node xml:id="n42">
        <link targets="r92"/>
    </node>
    <a label="objective-speech-event" ref="n42" as="mpqa">
        <fs>
            <f name="implicit" value="true"/>
            <f name="nested-source" value="w"/>
        </fs>
    </a>
    <node xml:id="n43">
        <link targets="r94"/>
    </node>
    <a label="objective-speech-event" ref="n43" as="mpqa">
        <fs>
            <f name="nested-source" value="w,hoffice"/>
        </fs>
    </a>
    <node xml:id="n44">
        <link targets="r96"/>
    </node>
    <a label="agent" ref="n44" as="mpqa">
        <fs>
            <f name="nested-source" value="w,hoffice"/>
        </fs>
    </a>
    <node xml:id="n45">
        <link targets="r98"/>
    </node>
    <a label="split" ref="n45" as="mpqa"/>
    <node xml:id="n46">
        <link targets="r100"/>
    </node>
    <a label="inside" ref="n46" as="mpqa">
        <fs>
            <f name="nested-source" value="w"/>
        </fs>
    </a>
    <node xml:id="n47">
        <link targets="r102"/>
    </node>
    <a label="objective-speech-event" ref="n47" as="mpqa">
        <fs>
            <f name="implicit" value="true"/>
            <f name="nested-source" value="w"/>
        </fs>
    </a>
    <node xml:id="n48">
        <link targets="r104"/>
    </node>
    <a label="split" ref="n48" as="mpqa"/>
    <node xml:id="n49">
        <link targets="r106"/>
    </node>
    <a label="inside" ref="n49" as="mpqa">
        <fs>
            <f name="nested-source" value="w"/>
        </fs>
    </a>
    <node xml:id="n5">
        <link targets="r15"/>
    </node>
    <a label="agent" ref="n5" as="mpqa">
        <fs>
            <f name="id" value="ig"/>
            <f name="nested-source" value="w,ig"/>
        </fs>
    </a>
    <node xml:id="n50">
        <link targets="r108"/>
    </node>
    <a label="split" ref="n50" as="mpqa"/>
    <node xml:id="n51">
        <link targets="r110"/>
    </node>
    <a label="inside" ref="n51" as="mpqa">
        <fs>
            <f name="nested-source" value="w"/>
        </fs>
    </a>
    <node xml:id="n52">
        <link targets="r112"/>
    </node>
    <a label="objective-speech-event" ref="n52" as="mpqa">
        <fs>
            <f name="implicit" value="true"/>
            <f name="nested-source" value="w"/>
        </fs>
    </a>
    <node xml:id="n53">
        <link targets="r114"/>
    </node>
    <a label="split" ref="n53" as="mpqa"/>
    <node xml:id="n54">
        <link targets="r116"/>
    </node>
    <a label="inside" ref="n54" as="mpqa">
        <fs>
            <f name="nested-source" value="w"/>
        </fs>
    </a>
    <node xml:id="n55">
        <link targets="r118"/>
    </node>
    <a label="objective-speech-event" ref="n55" as="mpqa">
        <fs>
            <f name="implicit" value="true"/>
            <f name="nested-source" value="w"/>
        </fs>
    </a>
    <node xml:id="n56">
        <link targets="r120"/>
    </node>
    <a label="split" ref="n56" as="mpqa"/>
    <node xml:id="n57">
        <link targets="r122"/>
    </node>
    <a label="split" ref="n57" as="mpqa"/>
    <node xml:id="n58">
        <link targets="r124"/>
    </node>
    <a label="inside" ref="n58" as="mpqa">
        <fs>
            <f name="nested-source" value="w"/>
        </fs>
    </a>
    <node xml:id="n59">
        <link targets="r126"/>
    </node>
    <a label="objective-speech-event" ref="n59" as="mpqa">
        <fs>
            <f name="implicit" value="true"/>
            <f name="nested-source" value="w"/>
        </fs>
    </a>
    <node xml:id="n6">
        <link targets="r17"/>
    </node>
    <a label="attitude" ref="n6" as="mpqa">
        <fs>
            <f name="id" value="agreeal"/>
            <f name="target-link" value="letvisit"/>
            <f name="intensity" value="low"/>
            <f name="attitude-type" value="agree-pos"/>
        </fs>
    </a>
    <a label="direct-subjective" ref="n6" as="mpqa">
        <fs>
            <f name="nested-source" value="w,hoffice,ig"/>
            <f name="polarity" value="positive"/>
            <f name="attitude-link" value="agreeal"/>
            <f name="expression-intensity" value="low"/>
            <f name="intensity" value="low"/>
        </fs>
    </a>
    <node xml:id="n7">
        <link targets="r20"/>
    </node>
    <a label="target" ref="n7" as="mpqa">
        <fs>
            <f name="id" value="letvisit"/>
        </fs>
    </a>
    <node xml:id="n8">
        <link targets="r22"/>
    </node>
    <a label="agent" ref="n8" as="mpqa">
        <fs>
            <f name="id" value="hall"/>
            <f name="nested-source" value="w,hoffice,ig,hall"/>
        </fs>
    </a>
    <node xml:id="n9">
        <link targets="r24"/>
    </node>
    <a label="direct-subjective" ref="n9" as="mpqa">
        <fs>
            <f name="nested-source" value="w,hoffice,ig,hall"/>
            <f name="insubstantial" value="c1"/>
            <f name="attitude-link" value="assessment"/>
            <f name="annotation-uncertain" value="somewhat-uncertain"/>
            <f name="intensity" value="low"/>
            <f name="expression-intensity" value="low"/>
        </fs>
    </a>
    <a label="attitude" ref="n9" as="mpqa">
        <fs>
            <f name="id" value="assessment"/>
            <f name="intensity" value="medium"/>
            <f name="target-link" value="crisis"/>
            <f name="attitude-type" value="other-attitude"/>
        </fs>
    </a>
</graph>
