<?xml version="1.0" encoding="UTF-8"?>
<graph xmlns="http://www.xces.org/ns/GrAF/1.0/">
    <header>
        <tagsDecl>
            <tagUsage gi="tok" occurs="304"/>
        </tagsDecl>
        <dependencies>
            <dependsOn type="seg"/>
        </dependencies>
        <annotationSets>
            <annotationSet name="FrameNet" type="http://framenet.icsi.berkeley.edu"/>
        </annotationSets>
    </header>
    <node xml:id="fn-n11">
        <link targets="seg-r10"/>
    </node>
    <a label="tok" ref="fn-n11" as="FrameNet">
        <fs>
            <f name="msd" value="NP"/>
        </fs>
    </a>
    <node xml:id="fn-n114">
        <link targets="seg-r91"/>
    </node>
    <a label="tok" ref="fn-n114" as="FrameNet">
        <fs>
            <f name="msd" value="NP"/>
        </fs>
    </a>
    <node xml:id="fn-n115">
        <link targets="seg-r92"/>
    </node>
    <a label="tok" ref="fn-n115" as="FrameNet">
        <fs>
            <f name="msd" value=","/>
        </fs>
    </a>
    <node xml:id="fn-n116">
        <link targets="seg-r94"/>
    </node>
    <a label="tok" ref="fn-n116" as="FrameNet">
        <fs>
            <f name="msd" value="dt"/>
        </fs>
    </a>
    <node xml:id="fn-n117">
        <link targets="seg-r96"/>
    </node>
    <a label="tok" ref="fn-n117" as="FrameNet">
        <fs>
            <f name="msd" value="NP"/>
        </fs>
    </a>
    <node xml:id="fn-n118">
        <link targets="seg-r98"/>
    </node>
    <a label="tok" ref="fn-n118" as="FrameNet">
        <fs>
            <f name="msd" value="NP"/>
        </fs>
    </a>
    <node xml:id="fn-n119">
        <link targets="seg-r100"/>
    </node>
    <a label="tok" ref="fn-n119" as="FrameNet">
        <fs>
            <f name="msd" value="cc"/>
        </fs>
    </a>
    <node xml:id="fn-n12">
        <link targets="seg-r11"/>
    </node>
    <a label="tok" ref="fn-n12" as="FrameNet">
        <fs>
            <f name="msd" value=","/>
        </fs>
    </a>
    <node xml:id="fn-n120">
        <link targets="seg-r102"/>
    </node>
    <a label="tok" ref="fn-n120" as="FrameNet">
        <fs>
            <f name="msd" value="cd"/>
        </fs>
    </a>
    <node xml:id="fn-n121">
        <link targets="seg-r104"/>
    </node>
    <a label="tok" ref="fn-n121" as="FrameNet">
        <fs>
            <f name="msd" value="in"/>
        </fs>
    </a>
    <node xml:id="fn-n122">
        <link targets="seg-r106"/>
    </node>
    <a label="tok" ref="fn-n122" as="FrameNet">
        <fs>
            <f name="msd" value="rb"/>
        </fs>
    </a>
    <node xml:id="fn-n123">
        <link targets="seg-r108"/>
    </node>
    <a label="tok" ref="fn-n123" as="FrameNet">
        <fs>
            <f name="msd" value="jj"/>
        </fs>
    </a>
    <node xml:id="fn-n124">
        <link targets="seg-r110 seg-r111 seg-r112 seg-r113"/>
    </node>
    <a label="tok" ref="fn-n124" as="FrameNet">
        <fs>
            <f name="msd" value="NP"/>
        </fs>
    </a>
    <node xml:id="fn-n125">
        <link targets="seg-r115"/>
    </node>
    <a label="tok" ref="fn-n125" as="FrameNet">
        <fs>
            <f name="msd" value="nns"/>
        </fs>
    </a>
    <node xml:id="fn-n126">
        <link targets="seg-r117"/>
    </node>
    <a label="tok" ref="fn-n126" as="FrameNet">
        <fs>
            <f name="msd" value="to"/>
        </fs>
    </a>
    <node xml:id="fn-n127">
        <link targets="seg-r119"/>
    </node>
    <a label="tok" ref="fn-n127" as="FrameNet">
        <fs>
            <f name="msd" value="VV"/>
        </fs>
    </a>
    <node xml:id="fn-n128">
        <link targets="seg-r121"/>
    </node>
    <a label="tok" ref="fn-n128" as="FrameNet">
        <fs>
            <f name="msd" value="NP"/>
        </fs>
    </a>
    <node xml:id="fn-n129">
        <link targets="seg-r123"/>
    </node>
    <a label="tok" ref="fn-n129" as="FrameNet">
        <fs>
            <f name="msd" value="in"/>
        </fs>
    </a>
    <node xml:id="fn-n13">
        <link targets="seg-r13"/>
    </node>
    <a label="tok" ref="fn-n13" as="FrameNet">
        <fs>
            <f name="msd" value="NP"/>
        </fs>
    </a>
    <node xml:id="fn-n130">
        <link targets="seg-r125"/>
    </node>
    <a label="tok" ref="fn-n130" as="FrameNet">
        <fs>
            <f name="msd" value="dt"/>
        </fs>
    </a>
    <node xml:id="fn-n131">
        <link targets="seg-r127"/>
    </node>
    <a label="tok" ref="fn-n131" as="FrameNet">
        <fs>
            <f name="msd" value="cd"/>
        </fs>
    </a>
    <node xml:id="fn-n132">
        <link targets="seg-r129"/>
    </node>
    <a label="tok" ref="fn-n132" as="FrameNet">
        <fs>
            <f name="msd" value="NP"/>
        </fs>
    </a>
    <node xml:id="fn-n133">
        <link targets="seg-r131"/>
    </node>
    <a label="tok" ref="fn-n133" as="FrameNet">
        <fs>
            <f name="msd" value="NP"/>
        </fs>
    </a>
    <node xml:id="fn-n134">
        <link targets="seg-r133"/>
    </node>
    <a label="tok" ref="fn-n134" as="FrameNet">
        <fs>
            <f name="msd" value="in"/>
        </fs>
    </a>
    <node xml:id="fn-n135">
        <link targets="seg-r135"/>
    </node>
    <a label="tok" ref="fn-n135" as="FrameNet">
        <fs>
            <f name="msd" value="NP"/>
        </fs>
    </a>
    <node xml:id="fn-n136">
        <link targets="seg-r136"/>
    </node>
    <a label="tok" ref="fn-n136" as="FrameNet">
        <fs>
            <f name="msd" value=","/>
        </fs>
    </a>
    <node xml:id="fn-n137">
        <link targets="seg-r138"/>
    </node>
    <a label="tok" ref="fn-n137" as="FrameNet">
        <fs>
            <f name="msd" value="VBZ"/>
        </fs>
    </a>
    <node xml:id="fn-n138">
        <link targets="seg-r140"/>
    </node>
    <a label="tok" ref="fn-n138" as="FrameNet">
        <fs>
            <f name="msd" value="VVN"/>
        </fs>
    </a>
    <node xml:id="fn-n139">
        <link targets="seg-r142"/>
    </node>
    <a label="tok" ref="fn-n139" as="FrameNet">
        <fs>
            <f name="msd" value="to"/>
        </fs>
    </a>
    <node xml:id="fn-n14">
        <link targets="seg-r15"/>
    </node>
    <a label="tok" ref="fn-n14" as="FrameNet">
        <fs>
            <f name="msd" value="("/>
        </fs>
    </a>
    <node xml:id="fn-n140">
        <link targets="seg-r144"/>
    </node>
    <a label="tok" ref="fn-n140" as="FrameNet">
        <fs>
            <f name="msd" value="VV"/>
        </fs>
    </a>
    <node xml:id="fn-n141">
        <link targets="seg-r146"/>
    </node>
    <a label="tok" ref="fn-n141" as="FrameNet">
        <fs>
            <f name="msd" value="NP"/>
        </fs>
    </a>
    <node xml:id="fn-n142">
        <link targets="seg-r148"/>
    </node>
    <a label="tok" ref="fn-n142" as="FrameNet">
        <fs>
            <f name="msd" value="dt"/>
        </fs>
    </a>
    <node xml:id="fn-n143">
        <link targets="seg-r150 seg-r151 seg-r152"/>
    </node>
    <a label="tok" ref="fn-n143" as="FrameNet">
        <fs>
            <f name="msd" value="nn"/>
        </fs>
    </a>
    <node xml:id="fn-n144">
        <link targets="seg-r154"/>
    </node>
    <a label="tok" ref="fn-n144" as="FrameNet">
        <fs>
            <f name="msd" value="jj"/>
        </fs>
    </a>
    <node xml:id="fn-n145">
        <link targets="seg-r156"/>
    </node>
    <a label="tok" ref="fn-n145" as="FrameNet">
        <fs>
            <f name="msd" value="nn"/>
        </fs>
    </a>
    <node xml:id="fn-n146">
        <link targets="seg-r158"/>
    </node>
    <a label="tok" ref="fn-n146" as="FrameNet">
        <fs>
            <f name="msd" value="to"/>
        </fs>
    </a>
    <node xml:id="fn-n147">
        <link targets="seg-r160"/>
    </node>
    <a label="tok" ref="fn-n147" as="FrameNet">
        <fs>
            <f name="msd" value="dt"/>
        </fs>
    </a>
    <node xml:id="fn-n148">
        <link targets="seg-r162"/>
    </node>
    <a label="tok" ref="fn-n148" as="FrameNet">
        <fs>
            <f name="msd" value="jj"/>
        </fs>
    </a>
    <node xml:id="fn-n149">
        <link targets="seg-r164"/>
    </node>
    <a label="tok" ref="fn-n149" as="FrameNet">
        <fs>
            <f name="msd" value="nn"/>
        </fs>
    </a>
    <node xml:id="fn-n15">
        <link targets="seg-r16"/>
    </node>
    <a label="tok" ref="fn-n15" as="FrameNet">
        <fs>
            <f name="msd" value="NP"/>
        </fs>
    </a>
    <node xml:id="fn-n150">
        <link targets="seg-r165"/>
    </node>
    <a label="tok" ref="fn-n150" as="FrameNet">
        <fs>
            <f name="msd" value=","/>
        </fs>
    </a>
    <node xml:id="fn-n151">
        <link targets="seg-r167"/>
    </node>
    <a label="tok" ref="fn-n151" as="FrameNet">
        <fs>
            <f name="msd" value="NP"/>
        </fs>
    </a>
    <node xml:id="fn-n152">
        <link targets="seg-r168"/>
    </node>
    <a label="tok" ref="fn-n152" as="FrameNet">
        <fs>
            <f name="msd" value="sent"/>
        </fs>
    </a>
    <node xml:id="fn-n16">
        <link targets="seg-r17"/>
    </node>
    <a label="tok" ref="fn-n16" as="FrameNet">
        <fs>
            <f name="msd" value=")"/>
        </fs>
    </a>
    <node xml:id="fn-n17">
        <link targets="seg-r19 seg-r20 seg-r21 seg-r22"/>
    </node>
    <a label="tok" ref="fn-n17" as="FrameNet">
        <fs>
            <f name="msd" value="NP"/>
        </fs>
    </a>
    <node xml:id="fn-n18">
        <link targets="seg-r24"/>
    </node>
    <a label="tok" ref="fn-n18" as="FrameNet">
        <fs>
            <f name="msd" value="NP"/>
        </fs>
    </a>
    <node xml:id="fn-n19">
        <link targets="seg-r26"/>
    </node>
    <a label="tok" ref="fn-n19" as="FrameNet">
        <fs>
            <f name="msd" value="NP"/>
        </fs>
    </a>
    <node xml:id="fn-n2">
        <link targets="seg-r0"/>
    </node>
    <a label="tok" ref="fn-n2" as="FrameNet">
        <fs>
            <f name="msd" value="NP"/>
        </fs>
    </a>
    <node xml:id="fn-n20">
        <link targets="seg-r28"/>
    </node>
    <a label="tok" ref="fn-n20" as="FrameNet">
        <fs>
            <f name="msd" value="NP"/>
        </fs>
    </a>
    <node xml:id="fn-n21">
        <link targets="seg-r30"/>
    </node>
    <a label="tok" ref="fn-n21" as="FrameNet">
        <fs>
            <f name="msd" value="VVD"/>
        </fs>
    </a>
    <node xml:id="fn-n22">
        <link targets="seg-r32"/>
    </node>
    <a label="tok" ref="fn-n22" as="FrameNet">
        <fs>
            <f name="msd" value="in"/>
        </fs>
    </a>
    <node xml:id="fn-n226">
        <link targets="seg-r170"/>
    </node>
    <a label="tok" ref="fn-n226" as="FrameNet">
        <fs>
            <f name="msd" value="PP"/>
        </fs>
    </a>
    <node xml:id="fn-n227">
        <link targets="seg-r172"/>
    </node>
    <a label="tok" ref="fn-n227" as="FrameNet">
        <fs>
            <f name="msd" value="VVD"/>
        </fs>
    </a>
    <node xml:id="fn-n228">
        <link targets="seg-r174"/>
    </node>
    <a label="tok" ref="fn-n228" as="FrameNet">
        <fs>
            <f name="msd" value="rb"/>
        </fs>
    </a>
    <node xml:id="fn-n229">
        <link targets="seg-r176"/>
    </node>
    <a label="tok" ref="fn-n229" as="FrameNet">
        <fs>
            <f name="msd" value="VV"/>
        </fs>
    </a>
    <node xml:id="fn-n23">
        <link targets="seg-r34"/>
    </node>
    <a label="tok" ref="fn-n23" as="FrameNet">
        <fs>
            <f name="msd" value="NP"/>
        </fs>
    </a>
    <node xml:id="fn-n230">
        <link targets="seg-r178"/>
    </node>
    <a label="tok" ref="fn-n230" as="FrameNet">
        <fs>
            <f name="msd" value="to"/>
        </fs>
    </a>
    <node xml:id="fn-n231">
        <link targets="seg-r180"/>
    </node>
    <a label="tok" ref="fn-n231" as="FrameNet">
        <fs>
            <f name="msd" value="nns"/>
        </fs>
    </a>
    <node xml:id="fn-n232">
        <link targets="seg-r182"/>
    </node>
    <a label="tok" ref="fn-n232" as="FrameNet">
        <fs>
            <f name="msd" value="in"/>
        </fs>
    </a>
    <node xml:id="fn-n233">
        <link targets="seg-r184"/>
    </node>
    <a label="tok" ref="fn-n233" as="FrameNet">
        <fs>
            <f name="msd" value="NP"/>
        </fs>
    </a>
    <node xml:id="fn-n234">
        <link targets="seg-r185"/>
    </node>
    <a label="tok" ref="fn-n234" as="FrameNet">
        <fs>
            <f name="msd" value=","/>
        </fs>
    </a>
    <node xml:id="fn-n235">
        <link targets="seg-r187"/>
    </node>
    <a label="tok" ref="fn-n235" as="FrameNet">
        <fs>
            <f name="msd" value="cc"/>
        </fs>
    </a>
    <node xml:id="fn-n236">
        <link targets="seg-r189"/>
    </node>
    <a label="tok" ref="fn-n236" as="FrameNet">
        <fs>
            <f name="msd" value="PP"/>
        </fs>
    </a>
    <node xml:id="fn-n237">
        <link targets="seg-r191"/>
    </node>
    <a label="tok" ref="fn-n237" as="FrameNet">
        <fs>
            <f name="msd" value="VVD"/>
        </fs>
    </a>
    <node xml:id="fn-n238">
        <link targets="seg-r193"/>
    </node>
    <a label="tok" ref="fn-n238" as="FrameNet">
        <fs>
            <f name="msd" value="dt"/>
        </fs>
    </a>
    <node xml:id="fn-n239">
        <link targets="seg-r195"/>
    </node>
    <a label="tok" ref="fn-n239" as="FrameNet">
        <fs>
            <f name="msd" value="NP"/>
        </fs>
    </a>
    <node xml:id="fn-n24">
        <link targets="seg-r36"/>
    </node>
    <a label="tok" ref="fn-n24" as="FrameNet">
        <fs>
            <f name="msd" value="in"/>
        </fs>
    </a>
    <node xml:id="fn-n240">
        <link targets="seg-r197"/>
    </node>
    <a label="tok" ref="fn-n240" as="FrameNet">
        <fs>
            <f name="msd" value="NP"/>
        </fs>
    </a>
    <node xml:id="fn-n241">
        <link targets="seg-r199"/>
    </node>
    <a label="tok" ref="fn-n241" as="FrameNet">
        <fs>
            <f name="msd" value="in"/>
        </fs>
    </a>
    <node xml:id="fn-n242">
        <link targets="seg-r201"/>
    </node>
    <a label="tok" ref="fn-n242" as="FrameNet">
        <fs>
            <f name="msd" value="VVG"/>
        </fs>
    </a>
    <node xml:id="fn-n243">
        <link targets="seg-r203"/>
    </node>
    <a label="tok" ref="fn-n243" as="FrameNet">
        <fs>
            <f name="msd" value="dt"/>
        </fs>
    </a>
    <node xml:id="fn-n244">
        <link targets="seg-r205"/>
    </node>
    <a label="tok" ref="fn-n244" as="FrameNet">
        <fs>
            <f name="msd" value="NP"/>
        </fs>
    </a>
    <node xml:id="fn-n245">
        <link targets="seg-r207"/>
    </node>
    <a label="tok" ref="fn-n245" as="FrameNet">
        <fs>
            <f name="msd" value="NPS"/>
        </fs>
    </a>
    <node xml:id="fn-n246">
        <link targets="seg-r209"/>
    </node>
    <a label="tok" ref="fn-n246" as="FrameNet">
        <fs>
            <f name="msd" value="in"/>
        </fs>
    </a>
    <node xml:id="fn-n247">
        <link targets="seg-r211"/>
    </node>
    <a label="tok" ref="fn-n247" as="FrameNet">
        <fs>
            <f name="msd" value="PP"/>
        </fs>
    </a>
    <node xml:id="fn-n248">
        <link targets="seg-r213"/>
    </node>
    <a label="tok" ref="fn-n248" as="FrameNet">
        <fs>
            <f name="msd" value="VVZ"/>
        </fs>
    </a>
    <node xml:id="fn-n249">
        <link targets="seg-r215"/>
    </node>
    <a label="tok" ref="fn-n249" as="FrameNet">
        <fs>
            <f name="msd" value="to"/>
        </fs>
    </a>
    <node xml:id="fn-n25">
        <link targets="seg-r38"/>
    </node>
    <a label="tok" ref="fn-n25" as="FrameNet">
        <fs>
            <f name="msd" value="NP"/>
        </fs>
    </a>
    <node xml:id="fn-n250">
        <link targets="seg-r217"/>
    </node>
    <a label="tok" ref="fn-n250" as="FrameNet">
        <fs>
            <f name="msd" value="``"/>
        </fs>
    </a>
    <node xml:id="fn-n251">
        <link targets="seg-r218"/>
    </node>
    <a label="tok" ref="fn-n251" as="FrameNet">
        <fs>
            <f name="msd" value="VV"/>
        </fs>
    </a>
    <node xml:id="fn-n252">
        <link targets="seg-r220"/>
    </node>
    <a label="tok" ref="fn-n252" as="FrameNet">
        <fs>
            <f name="msd" value="dt"/>
        </fs>
    </a>
    <node xml:id="fn-n253">
        <link targets="seg-r222"/>
    </node>
    <a label="tok" ref="fn-n253" as="FrameNet">
        <fs>
            <f name="msd" value="jj"/>
        </fs>
    </a>
    <node xml:id="fn-n254">
        <link targets="seg-r224"/>
    </node>
    <a label="tok" ref="fn-n254" as="FrameNet">
        <fs>
            <f name="msd" value="nn"/>
        </fs>
    </a>
    <node xml:id="fn-n255">
        <link targets="seg-r226"/>
    </node>
    <a label="tok" ref="fn-n255" as="FrameNet">
        <fs>
            <f name="msd" value="in"/>
        </fs>
    </a>
    <node xml:id="fn-n256">
        <link targets="seg-r228"/>
    </node>
    <a label="tok" ref="fn-n256" as="FrameNet">
        <fs>
            <f name="msd" value="dt"/>
        </fs>
    </a>
    <node xml:id="fn-n257">
        <link targets="seg-r230"/>
    </node>
    <a label="tok" ref="fn-n257" as="FrameNet">
        <fs>
            <f name="msd" value="jj"/>
        </fs>
    </a>
    <node xml:id="fn-n258">
        <link targets="seg-r232"/>
    </node>
    <a label="tok" ref="fn-n258" as="FrameNet">
        <fs>
            <f name="msd" value="nns"/>
        </fs>
    </a>
    <node xml:id="fn-n259">
        <link targets="seg-r233"/>
    </node>
    <a label="tok" ref="fn-n259" as="FrameNet">
        <fs>
            <f name="msd" value="sent"/>
        </fs>
    </a>
    <node xml:id="fn-n26">
        <link targets="seg-r40"/>
    </node>
    <a label="tok" ref="fn-n26" as="FrameNet">
        <fs>
            <f name="msd" value="in"/>
        </fs>
    </a>
    <node xml:id="fn-n260">
        <link targets="seg-r234"/>
    </node>
    <a label="tok" ref="fn-n260" as="FrameNet">
        <fs>
            <f name="msd" value="''"/>
        </fs>
    </a>
    <node xml:id="fn-n27">
        <link targets="seg-r42"/>
    </node>
    <a label="tok" ref="fn-n27" as="FrameNet">
        <fs>
            <f name="msd" value="nn"/>
        </fs>
    </a>
    <node xml:id="fn-n28">
        <link targets="seg-r44"/>
    </node>
    <a label="tok" ref="fn-n28" as="FrameNet">
        <fs>
            <f name="msd" value="to"/>
        </fs>
    </a>
    <node xml:id="fn-n29">
        <link targets="seg-r46"/>
    </node>
    <a label="tok" ref="fn-n29" as="FrameNet">
        <fs>
            <f name="msd" value="NP"/>
        </fs>
    </a>
    <node xml:id="fn-n3">
        <link targets="seg-r2"/>
    </node>
    <a label="tok" ref="fn-n3" as="FrameNet">
        <fs>
            <f name="msd" value="NP"/>
        </fs>
    </a>
    <node xml:id="fn-n30">
        <link targets="seg-r47"/>
    </node>
    <a label="tok" ref="fn-n30" as="FrameNet">
        <fs>
            <f name="msd" value=","/>
        </fs>
    </a>
    <node xml:id="fn-n307">
        <link targets="seg-r236"/>
    </node>
    <a label="tok" ref="fn-n307" as="FrameNet">
        <fs>
            <f name="msd" value="in"/>
        </fs>
    </a>
    <node xml:id="fn-n308">
        <link targets="seg-r238"/>
    </node>
    <a label="tok" ref="fn-n308" as="FrameNet">
        <fs>
            <f name="msd" value="PP$"/>
        </fs>
    </a>
    <node xml:id="fn-n309">
        <link targets="seg-r240"/>
    </node>
    <a label="tok" ref="fn-n309" as="FrameNet">
        <fs>
            <f name="msd" value="cd"/>
        </fs>
    </a>
    <node xml:id="fn-n31">
        <link targets="seg-r49"/>
    </node>
    <a label="tok" ref="fn-n31" as="FrameNet">
        <fs>
            <f name="msd" value="wrb"/>
        </fs>
    </a>
    <node xml:id="fn-n310">
        <link targets="seg-r242"/>
    </node>
    <a label="tok" ref="fn-n310" as="FrameNet">
        <fs>
            <f name="msd" value="nns"/>
        </fs>
    </a>
    <node xml:id="fn-n311">
        <link targets="seg-r244"/>
    </node>
    <a label="tok" ref="fn-n311" as="FrameNet">
        <fs>
            <f name="msd" value="in"/>
        </fs>
    </a>
    <node xml:id="fn-n312">
        <link targets="seg-r246"/>
    </node>
    <a label="tok" ref="fn-n312" as="FrameNet">
        <fs>
            <f name="msd" value="NP"/>
        </fs>
    </a>
    <node xml:id="fn-n313">
        <link targets="seg-r247"/>
    </node>
    <a label="tok" ref="fn-n313" as="FrameNet">
        <fs>
            <f name="msd" value=","/>
        </fs>
    </a>
    <node xml:id="fn-n314">
        <link targets="seg-r249"/>
    </node>
    <a label="tok" ref="fn-n314" as="FrameNet">
        <fs>
            <f name="msd" value="NP"/>
        </fs>
    </a>
    <node xml:id="fn-n315">
        <link targets="seg-r251"/>
    </node>
    <a label="tok" ref="fn-n315" as="FrameNet">
        <fs>
            <f name="msd" value="VVD"/>
        </fs>
    </a>
    <node xml:id="fn-n316">
        <link targets="seg-r253"/>
    </node>
    <a label="tok" ref="fn-n316" as="FrameNet">
        <fs>
            <f name="msd" value="PP"/>
        </fs>
    </a>
    <node xml:id="fn-n317">
        <link targets="seg-r255"/>
    </node>
    <a label="tok" ref="fn-n317" as="FrameNet">
        <fs>
            <f name="msd" value="VVD"/>
        </fs>
    </a>
    <node xml:id="fn-n318">
        <link targets="seg-r257"/>
    </node>
    <a label="tok" ref="fn-n318" as="FrameNet">
        <fs>
            <f name="msd" value="to"/>
        </fs>
    </a>
    <node xml:id="fn-n319">
        <link targets="seg-r259"/>
    </node>
    <a label="tok" ref="fn-n319" as="FrameNet">
        <fs>
            <f name="msd" value="VV"/>
        </fs>
    </a>
    <node xml:id="fn-n32">
        <link targets="seg-r51"/>
    </node>
    <a label="tok" ref="fn-n32" as="FrameNet">
        <fs>
            <f name="msd" value="PP"/>
        </fs>
    </a>
    <node xml:id="fn-n320">
        <link targets="seg-r261"/>
    </node>
    <a label="tok" ref="fn-n320" as="FrameNet">
        <fs>
            <f name="msd" value="nns"/>
        </fs>
    </a>
    <node xml:id="fn-n321">
        <link targets="seg-r263"/>
    </node>
    <a label="tok" ref="fn-n321" as="FrameNet">
        <fs>
            <f name="msd" value="in"/>
        </fs>
    </a>
    <node xml:id="fn-n322">
        <link targets="seg-r265"/>
    </node>
    <a label="tok" ref="fn-n322" as="FrameNet">
        <fs>
            <f name="msd" value="nn"/>
        </fs>
    </a>
    <node xml:id="fn-n323">
        <link targets="seg-r267"/>
    </node>
    <a label="tok" ref="fn-n323" as="FrameNet">
        <fs>
            <f name="msd" value="nns"/>
        </fs>
    </a>
    <node xml:id="fn-n324">
        <link targets="seg-r269"/>
    </node>
    <a label="tok" ref="fn-n324" as="FrameNet">
        <fs>
            <f name="msd" value="in"/>
        </fs>
    </a>
    <node xml:id="fn-n325">
        <link targets="seg-r271"/>
    </node>
    <a label="tok" ref="fn-n325" as="FrameNet">
        <fs>
            <f name="msd" value="dt"/>
        </fs>
    </a>
    <node xml:id="fn-n326">
        <link targets="seg-r273"/>
    </node>
    <a label="tok" ref="fn-n326" as="FrameNet">
        <fs>
            <f name="msd" value="nn"/>
        </fs>
    </a>
    <node xml:id="fn-n327">
        <link targets="seg-r275"/>
    </node>
    <a label="tok" ref="fn-n327" as="FrameNet">
        <fs>
            <f name="msd" value="in"/>
        </fs>
    </a>
    <node xml:id="fn-n328">
        <link targets="seg-r277"/>
    </node>
    <a label="tok" ref="fn-n328" as="FrameNet">
        <fs>
            <f name="msd" value="jj"/>
        </fs>
    </a>
    <node xml:id="fn-n329">
        <link targets="seg-r279"/>
    </node>
    <a label="tok" ref="fn-n329" as="FrameNet">
        <fs>
            <f name="msd" value="nns"/>
        </fs>
    </a>
    <node xml:id="fn-n33">
        <link targets="seg-r53"/>
    </node>
    <a label="tok" ref="fn-n33" as="FrameNet">
        <fs>
            <f name="msd" value="VBZ"/>
        </fs>
    </a>
    <node xml:id="fn-n330">
        <link targets="seg-r281"/>
    </node>
    <a label="tok" ref="fn-n330" as="FrameNet">
        <fs>
            <f name="msd" value="md"/>
        </fs>
    </a>
    <node xml:id="fn-n331">
        <link targets="seg-r283"/>
    </node>
    <a label="tok" ref="fn-n331" as="FrameNet">
        <fs>
            <f name="msd" value="vb"/>
        </fs>
    </a>
    <node xml:id="fn-n332">
        <link targets="seg-r285"/>
    </node>
    <a label="tok" ref="fn-n332" as="FrameNet">
        <fs>
            <f name="msd" value="VVG"/>
        </fs>
    </a>
    <node xml:id="fn-n333">
        <link targets="seg-r287"/>
    </node>
    <a label="tok" ref="fn-n333" as="FrameNet">
        <fs>
            <f name="msd" value="in"/>
        </fs>
    </a>
    <node xml:id="fn-n334">
        <link targets="seg-r289"/>
    </node>
    <a label="tok" ref="fn-n334" as="FrameNet">
        <fs>
            <f name="msd" value="jj"/>
        </fs>
    </a>
    <node xml:id="fn-n335">
        <link targets="seg-r291"/>
    </node>
    <a label="tok" ref="fn-n335" as="FrameNet">
        <fs>
            <f name="msd" value="nn"/>
        </fs>
    </a>
    <node xml:id="fn-n336">
        <link targets="seg-r292"/>
    </node>
    <a label="tok" ref="fn-n336" as="FrameNet">
        <fs>
            <f name="msd" value="sent"/>
        </fs>
    </a>
    <node xml:id="fn-n34">
        <link targets="seg-r55"/>
    </node>
    <a label="tok" ref="fn-n34" as="FrameNet">
        <fs>
            <f name="msd" value="VVN"/>
        </fs>
    </a>
    <node xml:id="fn-n35">
        <link targets="seg-r57"/>
    </node>
    <a label="tok" ref="fn-n35" as="FrameNet">
        <fs>
            <f name="msd" value="to"/>
        </fs>
    </a>
    <node xml:id="fn-n36">
        <link targets="seg-r59"/>
    </node>
    <a label="tok" ref="fn-n36" as="FrameNet">
        <fs>
            <f name="msd" value="VV"/>
        </fs>
    </a>
    <node xml:id="fn-n37">
        <link targets="seg-r61"/>
    </node>
    <a label="tok" ref="fn-n37" as="FrameNet">
        <fs>
            <f name="msd" value="in"/>
        </fs>
    </a>
    <node xml:id="fn-n38">
        <link targets="seg-r63"/>
    </node>
    <a label="tok" ref="fn-n38" as="FrameNet">
        <fs>
            <f name="msd" value="dt"/>
        </fs>
    </a>
    <node xml:id="fn-n39">
        <link targets="seg-r65"/>
    </node>
    <a label="tok" ref="fn-n39" as="FrameNet">
        <fs>
            <f name="msd" value="nn"/>
        </fs>
    </a>
    <node xml:id="fn-n4">
        <link targets="seg-r4"/>
    </node>
    <a label="tok" ref="fn-n4" as="FrameNet">
        <fs>
            <f name="msd" value="VVZ"/>
        </fs>
    </a>
    <node xml:id="fn-n40">
        <link targets="seg-r67"/>
    </node>
    <a label="tok" ref="fn-n40" as="FrameNet">
        <fs>
            <f name="msd" value="in"/>
        </fs>
    </a>
    <node xml:id="fn-n407">
        <link targets="seg-r294"/>
    </node>
    <a label="tok" ref="fn-n407" as="FrameNet">
        <fs>
            <f name="msd" value="PP"/>
        </fs>
    </a>
    <node xml:id="fn-n408">
        <link targets="seg-r296"/>
    </node>
    <a label="tok" ref="fn-n408" as="FrameNet">
        <fs>
            <f name="msd" value="VVD"/>
        </fs>
    </a>
    <node xml:id="fn-n409">
        <link targets="seg-r298"/>
    </node>
    <a label="tok" ref="fn-n409" as="FrameNet">
        <fs>
            <f name="msd" value="PP"/>
        </fs>
    </a>
    <node xml:id="fn-n41">
        <link targets="seg-r69"/>
    </node>
    <a label="tok" ref="fn-n41" as="FrameNet">
        <fs>
            <f name="msd" value="nns"/>
        </fs>
    </a>
    <node xml:id="fn-n410">
        <link targets="seg-r300"/>
    </node>
    <a label="tok" ref="fn-n410" as="FrameNet">
        <fs>
            <f name="msd" value="md"/>
        </fs>
    </a>
    <node xml:id="fn-n411">
        <link targets="seg-r302"/>
    </node>
    <a label="tok" ref="fn-n411" as="FrameNet">
        <fs>
            <f name="msd" value="VV"/>
        </fs>
    </a>
    <node xml:id="fn-n412">
        <link targets="seg-r304"/>
    </node>
    <a label="tok" ref="fn-n412" as="FrameNet">
        <fs>
            <f name="msd" value="jj"/>
        </fs>
    </a>
    <node xml:id="fn-n413">
        <link targets="seg-r306"/>
    </node>
    <a label="tok" ref="fn-n413" as="FrameNet">
        <fs>
            <f name="msd" value="nn"/>
        </fs>
    </a>
    <node xml:id="fn-n414">
        <link targets="seg-r308"/>
    </node>
    <a label="tok" ref="fn-n414" as="FrameNet">
        <fs>
            <f name="msd" value="to"/>
        </fs>
    </a>
    <node xml:id="fn-n415">
        <link targets="seg-r310"/>
    </node>
    <a label="tok" ref="fn-n415" as="FrameNet">
        <fs>
            <f name="msd" value="wp"/>
        </fs>
    </a>
    <node xml:id="fn-n416">
        <link targets="seg-r312"/>
    </node>
    <a label="tok" ref="fn-n416" as="FrameNet">
        <fs>
            <f name="msd" value="VVZ"/>
        </fs>
    </a>
    <node xml:id="fn-n417">
        <link targets="seg-r314"/>
    </node>
    <a label="tok" ref="fn-n417" as="FrameNet">
        <fs>
            <f name="msd" value="to"/>
        </fs>
    </a>
    <node xml:id="fn-n418">
        <link targets="seg-r316"/>
    </node>
    <a label="tok" ref="fn-n418" as="FrameNet">
        <fs>
            <f name="msd" value="nn"/>
        </fs>
    </a>
    <node xml:id="fn-n419">
        <link targets="seg-r318"/>
    </node>
    <a label="tok" ref="fn-n419" as="FrameNet">
        <fs>
            <f name="msd" value="cc"/>
        </fs>
    </a>
    <node xml:id="fn-n42">
        <link targets="seg-r71"/>
    </node>
    <a label="tok" ref="fn-n42" as="FrameNet">
        <fs>
            <f name="msd" value="in"/>
        </fs>
    </a>
    <node xml:id="fn-n420">
        <link targets="seg-r320"/>
    </node>
    <a label="tok" ref="fn-n420" as="FrameNet">
        <fs>
            <f name="msd" value="nn"/>
        </fs>
    </a>
    <node xml:id="fn-n421">
        <link targets="seg-r322"/>
    </node>
    <a label="tok" ref="fn-n421" as="FrameNet">
        <fs>
            <f name="msd" value="VVG"/>
        </fs>
    </a>
    <node xml:id="fn-n422">
        <link targets="seg-r324"/>
    </node>
    <a label="tok" ref="fn-n422" as="FrameNet">
        <fs>
            <f name="msd" value="dt"/>
        </fs>
    </a>
    <node xml:id="fn-n423">
        <link targets="seg-r326"/>
    </node>
    <a label="tok" ref="fn-n423" as="FrameNet">
        <fs>
            <f name="msd" value="nn"/>
        </fs>
    </a>
    <node xml:id="fn-n424">
        <link targets="seg-r328"/>
    </node>
    <a label="tok" ref="fn-n424" as="FrameNet">
        <fs>
            <f name="msd" value="in"/>
        </fs>
    </a>
    <node xml:id="fn-n425">
        <link targets="seg-r330"/>
    </node>
    <a label="tok" ref="fn-n425" as="FrameNet">
        <fs>
            <f name="msd" value="dt"/>
        </fs>
    </a>
    <node xml:id="fn-n426">
        <link targets="seg-r332 seg-r333 seg-r334 seg-r335"/>
    </node>
    <a label="tok" ref="fn-n426" as="FrameNet">
        <fs>
            <f name="msd" value="NP"/>
        </fs>
    </a>
    <node xml:id="fn-n427">
        <link targets="seg-r337 seg-r338 seg-r339 seg-r340 seg-r341"/>
    </node>
    <a label="tok" ref="fn-n427" as="FrameNet">
        <fs>
            <f name="msd" value="nn"/>
        </fs>
    </a>
    <node xml:id="fn-n428">
        <link targets="seg-r343"/>
    </node>
    <a label="tok" ref="fn-n428" as="FrameNet">
        <fs>
            <f name="msd" value="nn"/>
        </fs>
    </a>
    <node xml:id="fn-n429">
        <link targets="seg-r344"/>
    </node>
    <a label="tok" ref="fn-n429" as="FrameNet">
        <fs>
            <f name="msd" value="sent"/>
        </fs>
    </a>
    <node xml:id="fn-n43">
        <link targets="seg-r73"/>
    </node>
    <a label="tok" ref="fn-n43" as="FrameNet">
        <fs>
            <f name="msd" value="rb"/>
        </fs>
    </a>
    <node xml:id="fn-n44">
        <link targets="seg-r75"/>
    </node>
    <a label="tok" ref="fn-n44" as="FrameNet">
        <fs>
            <f name="msd" value="cd"/>
        </fs>
    </a>
    <node xml:id="fn-n45">
        <link targets="seg-r77"/>
    </node>
    <a label="tok" ref="fn-n45" as="FrameNet">
        <fs>
            <f name="msd" value="nns"/>
        </fs>
    </a>
    <node xml:id="fn-n46">
        <link targets="seg-r79"/>
    </node>
    <a label="tok" ref="fn-n46" as="FrameNet">
        <fs>
            <f name="msd" value="in"/>
        </fs>
    </a>
    <node xml:id="fn-n467">
        <link targets="seg-r346"/>
    </node>
    <a label="tok" ref="fn-n467" as="FrameNet">
        <fs>
            <f name="msd" value="in"/>
        </fs>
    </a>
    <node xml:id="fn-n468">
        <link targets="seg-r348"/>
    </node>
    <a label="tok" ref="fn-n468" as="FrameNet">
        <fs>
            <f name="msd" value="nns"/>
        </fs>
    </a>
    <node xml:id="fn-n469">
        <link targets="seg-r350"/>
    </node>
    <a label="tok" ref="fn-n469" as="FrameNet">
        <fs>
            <f name="msd" value="vbp"/>
        </fs>
    </a>
    <node xml:id="fn-n47">
        <link targets="seg-r81 seg-r82 seg-r83 seg-r84"/>
    </node>
    <a label="tok" ref="fn-n47" as="FrameNet">
        <fs>
            <f name="msd" value="NP"/>
        </fs>
    </a>
    <node xml:id="fn-n470">
        <link targets="seg-r352"/>
    </node>
    <a label="tok" ref="fn-n470" as="FrameNet">
        <fs>
            <f name="msd" value="rb"/>
        </fs>
    </a>
    <node xml:id="fn-n471">
        <link targets="seg-r354"/>
    </node>
    <a label="tok" ref="fn-n471" as="FrameNet">
        <fs>
            <f name="msd" value="VVG"/>
        </fs>
    </a>
    <node xml:id="fn-n472">
        <link targets="seg-r356"/>
    </node>
    <a label="tok" ref="fn-n472" as="FrameNet">
        <fs>
            <f name="msd" value="dt"/>
        </fs>
    </a>
    <node xml:id="fn-n473">
        <link targets="seg-r358"/>
    </node>
    <a label="tok" ref="fn-n473" as="FrameNet">
        <fs>
            <f name="msd" value="nns"/>
        </fs>
    </a>
    <node xml:id="fn-n474">
        <link targets="seg-r360"/>
    </node>
    <a label="tok" ref="fn-n474" as="FrameNet">
        <fs>
            <f name="msd" value="wp"/>
        </fs>
    </a>
    <node xml:id="fn-n475">
        <link targets="seg-r362"/>
    </node>
    <a label="tok" ref="fn-n475" as="FrameNet">
        <fs>
            <f name="msd" value="VVP"/>
        </fs>
    </a>
    <node xml:id="fn-n476">
        <link targets="seg-r364"/>
    </node>
    <a label="tok" ref="fn-n476" as="FrameNet">
        <fs>
            <f name="msd" value="PP"/>
        </fs>
    </a>
    <node xml:id="fn-n477">
        <link targets="seg-r365"/>
    </node>
    <a label="tok" ref="fn-n477" as="FrameNet">
        <fs>
            <f name="msd" value=","/>
        </fs>
    </a>
    <node xml:id="fn-n478">
        <link targets="seg-r367"/>
    </node>
    <a label="tok" ref="fn-n478" as="FrameNet">
        <fs>
            <f name="msd" value="NP"/>
        </fs>
    </a>
    <node xml:id="fn-n479">
        <link targets="seg-r369"/>
    </node>
    <a label="tok" ref="fn-n479" as="FrameNet">
        <fs>
            <f name="msd" value="VVD"/>
        </fs>
    </a>
    <node xml:id="fn-n48">
        <link targets="seg-r86"/>
    </node>
    <a label="tok" ref="fn-n48" as="FrameNet">
        <fs>
            <f name="msd" value="nn"/>
        </fs>
    </a>
    <node xml:id="fn-n480">
        <link targets="seg-r370"/>
    </node>
    <a label="tok" ref="fn-n480" as="FrameNet">
        <fs>
            <f name="msd" value=","/>
        </fs>
    </a>
    <node xml:id="fn-n481">
        <link targets="seg-r372"/>
    </node>
    <a label="tok" ref="fn-n481" as="FrameNet">
        <fs>
            <f name="msd" value="PP"/>
        </fs>
    </a>
    <node xml:id="fn-n482">
        <link targets="seg-r374"/>
    </node>
    <a label="tok" ref="fn-n482" as="FrameNet">
        <fs>
            <f name="msd" value="VVD"/>
        </fs>
    </a>
    <node xml:id="fn-n483">
        <link targets="seg-r376"/>
    </node>
    <a label="tok" ref="fn-n483" as="FrameNet">
        <fs>
            <f name="msd" value="to"/>
        </fs>
    </a>
    <node xml:id="fn-n484">
        <link targets="seg-r378"/>
    </node>
    <a label="tok" ref="fn-n484" as="FrameNet">
        <fs>
            <f name="msd" value="VV"/>
        </fs>
    </a>
    <node xml:id="fn-n485">
        <link targets="seg-r380"/>
    </node>
    <a label="tok" ref="fn-n485" as="FrameNet">
        <fs>
            <f name="msd" value="rp"/>
        </fs>
    </a>
    <node xml:id="fn-n486">
        <link targets="seg-r382"/>
    </node>
    <a label="tok" ref="fn-n486" as="FrameNet">
        <fs>
            <f name="msd" value="in"/>
        </fs>
    </a>
    <node xml:id="fn-n487">
        <link targets="seg-r384"/>
    </node>
    <a label="tok" ref="fn-n487" as="FrameNet">
        <fs>
            <f name="msd" value="dt"/>
        </fs>
    </a>
    <node xml:id="fn-n488">
        <link targets="seg-r386"/>
    </node>
    <a label="tok" ref="fn-n488" as="FrameNet">
        <fs>
            <f name="msd" value="NP"/>
        </fs>
    </a>
    <node xml:id="fn-n489">
        <link targets="seg-r388"/>
    </node>
    <a label="tok" ref="fn-n489" as="FrameNet">
        <fs>
            <f name="msd" value="NPS"/>
        </fs>
    </a>
    <node xml:id="fn-n49">
        <link targets="seg-r88"/>
    </node>
    <a label="tok" ref="fn-n49" as="FrameNet">
        <fs>
            <f name="msd" value="nns"/>
        </fs>
    </a>
    <node xml:id="fn-n490">
        <link targets="seg-r390"/>
    </node>
    <a label="tok" ref="fn-n490" as="FrameNet">
        <fs>
            <f name="msd" value="cc"/>
        </fs>
    </a>
    <node xml:id="fn-n491">
        <link targets="seg-r392"/>
    </node>
    <a label="tok" ref="fn-n491" as="FrameNet">
        <fs>
            <f name="msd" value="nn"/>
        </fs>
    </a>
    <node xml:id="fn-n492">
        <link targets="seg-r394"/>
    </node>
    <a label="tok" ref="fn-n492" as="FrameNet">
        <fs>
            <f name="msd" value="nns"/>
        </fs>
    </a>
    <node xml:id="fn-n493">
        <link targets="seg-r396"/>
    </node>
    <a label="tok" ref="fn-n493" as="FrameNet">
        <fs>
            <f name="msd" value="VVN"/>
        </fs>
    </a>
    <node xml:id="fn-n494">
        <link targets="seg-r398"/>
    </node>
    <a label="tok" ref="fn-n494" as="FrameNet">
        <fs>
            <f name="msd" value="to"/>
        </fs>
    </a>
    <node xml:id="fn-n495">
        <link targets="seg-r400"/>
    </node>
    <a label="tok" ref="fn-n495" as="FrameNet">
        <fs>
            <f name="msd" value="VV"/>
        </fs>
    </a>
    <node xml:id="fn-n496">
        <link targets="seg-r402"/>
    </node>
    <a label="tok" ref="fn-n496" as="FrameNet">
        <fs>
            <f name="msd" value="nns"/>
        </fs>
    </a>
    <node xml:id="fn-n497">
        <link targets="seg-r404"/>
    </node>
    <a label="tok" ref="fn-n497" as="FrameNet">
        <fs>
            <f name="msd" value="rb"/>
        </fs>
    </a>
    <node xml:id="fn-n498">
        <link targets="seg-r405"/>
    </node>
    <a label="tok" ref="fn-n498" as="FrameNet">
        <fs>
            <f name="msd" value=","/>
        </fs>
    </a>
    <node xml:id="fn-n499">
        <link targets="seg-r407"/>
    </node>
    <a label="tok" ref="fn-n499" as="FrameNet">
        <fs>
            <f name="msd" value="cc"/>
        </fs>
    </a>
    <node xml:id="fn-n5">
        <link targets="seg-r6"/>
    </node>
    <a label="tok" ref="fn-n5" as="FrameNet">
        <fs>
            <f name="msd" value="in"/>
        </fs>
    </a>
    <node xml:id="fn-n50">
        <link targets="seg-r89"/>
    </node>
    <a label="tok" ref="fn-n50" as="FrameNet">
        <fs>
            <f name="msd" value="sent"/>
        </fs>
    </a>
    <node xml:id="fn-n500">
        <link targets="seg-r409"/>
    </node>
    <a label="tok" ref="fn-n500" as="FrameNet">
        <fs>
            <f name="msd" value="in"/>
        </fs>
    </a>
    <node xml:id="fn-n501">
        <link targets="seg-r411"/>
    </node>
    <a label="tok" ref="fn-n501" as="FrameNet">
        <fs>
            <f name="msd" value="``"/>
        </fs>
    </a>
    <node xml:id="fn-n502">
        <link targets="seg-r412"/>
    </node>
    <a label="tok" ref="fn-n502" as="FrameNet">
        <fs>
            <f name="msd" value="NP"/>
        </fs>
    </a>
    <node xml:id="fn-n503">
        <link targets="seg-r414"/>
    </node>
    <a label="tok" ref="fn-n503" as="FrameNet">
        <fs>
            <f name="msd" value="VVZ"/>
        </fs>
    </a>
    <node xml:id="fn-n504">
        <link targets="seg-r416"/>
    </node>
    <a label="tok" ref="fn-n504" as="FrameNet">
        <fs>
            <f name="msd" value="to"/>
        </fs>
    </a>
    <node xml:id="fn-n505">
        <link targets="seg-r418"/>
    </node>
    <a label="tok" ref="fn-n505" as="FrameNet">
        <fs>
            <f name="msd" value="VV"/>
        </fs>
    </a>
    <node xml:id="fn-n506">
        <link targets="seg-r420"/>
    </node>
    <a label="tok" ref="fn-n506" as="FrameNet">
        <fs>
            <f name="msd" value="rp"/>
        </fs>
    </a>
    <node xml:id="fn-n507">
        <link targets="seg-r422"/>
    </node>
    <a label="tok" ref="fn-n507" as="FrameNet">
        <fs>
            <f name="msd" value="in"/>
        </fs>
    </a>
    <node xml:id="fn-n508">
        <link targets="seg-r424"/>
    </node>
    <a label="tok" ref="fn-n508" as="FrameNet">
        <fs>
            <f name="msd" value="dt"/>
        </fs>
    </a>
    <node xml:id="fn-n509">
        <link targets="seg-r426"/>
    </node>
    <a label="tok" ref="fn-n509" as="FrameNet">
        <fs>
            <f name="msd" value="nn"/>
        </fs>
    </a>
    <node xml:id="fn-n510">
        <link targets="seg-r428"/>
    </node>
    <a label="tok" ref="fn-n510" as="FrameNet">
        <fs>
            <f name="msd" value="cc"/>
        </fs>
    </a>
    <node xml:id="fn-n511">
        <link targets="seg-r430"/>
    </node>
    <a label="tok" ref="fn-n511" as="FrameNet">
        <fs>
            <f name="msd" value="VV"/>
        </fs>
    </a>
    <node xml:id="fn-n512">
        <link targets="seg-r432"/>
    </node>
    <a label="tok" ref="fn-n512" as="FrameNet">
        <fs>
            <f name="msd" value="PP"/>
        </fs>
    </a>
    <node xml:id="fn-n513">
        <link targets="seg-r434"/>
    </node>
    <a label="tok" ref="fn-n513" as="FrameNet">
        <fs>
            <f name="msd" value="VV"/>
        </fs>
    </a>
    <node xml:id="fn-n514">
        <link targets="seg-r436"/>
    </node>
    <a label="tok" ref="fn-n514" as="FrameNet">
        <fs>
            <f name="msd" value="dt"/>
        </fs>
    </a>
    <node xml:id="fn-n515">
        <link targets="seg-r438"/>
    </node>
    <a label="tok" ref="fn-n515" as="FrameNet">
        <fs>
            <f name="msd" value="nn"/>
        </fs>
    </a>
    <node xml:id="fn-n516">
        <link targets="seg-r439"/>
    </node>
    <a label="tok" ref="fn-n516" as="FrameNet">
        <fs>
            <f name="msd" value="sent"/>
        </fs>
    </a>
    <node xml:id="fn-n517">
        <link targets="seg-r440"/>
    </node>
    <a label="tok" ref="fn-n517" as="FrameNet">
        <fs>
            <f name="msd" value="''"/>
        </fs>
    </a>
    <node xml:id="fn-n585">
        <link targets="seg-r442"/>
    </node>
    <a label="tok" ref="fn-n585" as="FrameNet">
        <fs>
            <f name="msd" value="dt"/>
        </fs>
    </a>
    <node xml:id="fn-n586">
        <link targets="seg-r444"/>
    </node>
    <a label="tok" ref="fn-n586" as="FrameNet">
        <fs>
            <f name="msd" value="jj"/>
        </fs>
    </a>
    <node xml:id="fn-n587">
        <link targets="seg-r446"/>
    </node>
    <a label="tok" ref="fn-n587" as="FrameNet">
        <fs>
            <f name="msd" value="nn"/>
        </fs>
    </a>
    <node xml:id="fn-n588">
        <link targets="seg-r448"/>
    </node>
    <a label="tok" ref="fn-n588" as="FrameNet">
        <fs>
            <f name="msd" value="VVZ"/>
        </fs>
    </a>
    <node xml:id="fn-n589">
        <link targets="seg-r450"/>
    </node>
    <a label="tok" ref="fn-n589" as="FrameNet">
        <fs>
            <f name="msd" value="dt"/>
        </fs>
    </a>
    <node xml:id="fn-n590">
        <link targets="seg-r452"/>
    </node>
    <a label="tok" ref="fn-n590" as="FrameNet">
        <fs>
            <f name="msd" value="nn"/>
        </fs>
    </a>
    <node xml:id="fn-n591">
        <link targets="seg-r454"/>
    </node>
    <a label="tok" ref="fn-n591" as="FrameNet">
        <fs>
            <f name="msd" value="in"/>
        </fs>
    </a>
    <node xml:id="fn-n592">
        <link targets="seg-r456"/>
    </node>
    <a label="tok" ref="fn-n592" as="FrameNet">
        <fs>
            <f name="msd" value="dt"/>
        </fs>
    </a>
    <node xml:id="fn-n593">
        <link targets="seg-r458"/>
    </node>
    <a label="tok" ref="fn-n593" as="FrameNet">
        <fs>
            <f name="msd" value="nn"/>
        </fs>
    </a>
    <node xml:id="fn-n594">
        <link targets="seg-r459"/>
    </node>
    <a label="tok" ref="fn-n594" as="FrameNet">
        <fs>
            <f name="msd" value=","/>
        </fs>
    </a>
    <node xml:id="fn-n595">
        <link targets="seg-r461"/>
    </node>
    <a label="tok" ref="fn-n595" as="FrameNet">
        <fs>
            <f name="msd" value="jj"/>
        </fs>
    </a>
    <node xml:id="fn-n596">
        <link targets="seg-r463"/>
    </node>
    <a label="tok" ref="fn-n596" as="FrameNet">
        <fs>
            <f name="msd" value="nn"/>
        </fs>
    </a>
    <node xml:id="fn-n597">
        <link targets="seg-r465"/>
    </node>
    <a label="tok" ref="fn-n597" as="FrameNet">
        <fs>
            <f name="msd" value="cc"/>
        </fs>
    </a>
    <node xml:id="fn-n598">
        <link targets="seg-r467"/>
    </node>
    <a label="tok" ref="fn-n598" as="FrameNet">
        <fs>
            <f name="msd" value="jj"/>
        </fs>
    </a>
    <node xml:id="fn-n599">
        <link targets="seg-r469"/>
    </node>
    <a label="tok" ref="fn-n599" as="FrameNet">
        <fs>
            <f name="msd" value="nns"/>
        </fs>
    </a>
    <node xml:id="fn-n6">
        <link targets="seg-r8"/>
    </node>
    <a label="tok" ref="fn-n6" as="FrameNet">
        <fs>
            <f name="msd" value="NP"/>
        </fs>
    </a>
    <node xml:id="fn-n600">
        <link targets="seg-r470"/>
    </node>
    <a label="tok" ref="fn-n600" as="FrameNet">
        <fs>
            <f name="msd" value="sent"/>
        </fs>
    </a>
    <node xml:id="fn-n628">
        <link targets="seg-r472"/>
    </node>
    <a label="tok" ref="fn-n628" as="FrameNet">
        <fs>
            <f name="msd" value="dt"/>
        </fs>
    </a>
    <node xml:id="fn-n629">
        <link targets="seg-r474"/>
    </node>
    <a label="tok" ref="fn-n629" as="FrameNet">
        <fs>
            <f name="msd" value="nns"/>
        </fs>
    </a>
    <node xml:id="fn-n630">
        <link targets="seg-r476"/>
    </node>
    <a label="tok" ref="fn-n630" as="FrameNet">
        <fs>
            <f name="msd" value="md"/>
        </fs>
    </a>
    <node xml:id="fn-n631">
        <link targets="seg-r477"/>
    </node>
    <a label="tok" ref="fn-n631" as="FrameNet">
        <fs>
            <f name="msd" value="rb"/>
        </fs>
    </a>
    <node xml:id="fn-n632">
        <link targets="seg-r479"/>
    </node>
    <a label="tok" ref="fn-n632" as="FrameNet">
        <fs>
            <f name="msd" value="vb"/>
        </fs>
    </a>
    <node xml:id="fn-n633">
        <link targets="seg-r481"/>
    </node>
    <a label="tok" ref="fn-n633" as="FrameNet">
        <fs>
            <f name="msd" value="VVN"/>
        </fs>
    </a>
    <node xml:id="fn-n634">
        <link targets="seg-r483"/>
    </node>
    <a label="tok" ref="fn-n634" as="FrameNet">
        <fs>
            <f name="msd" value="in"/>
        </fs>
    </a>
    <node xml:id="fn-n635">
        <link targets="seg-r485 seg-r486 seg-r487 seg-r488"/>
    </node>
    <a label="tok" ref="fn-n635" as="FrameNet">
        <fs>
            <f name="msd" value="NP"/>
        </fs>
    </a>
    <node xml:id="fn-n636">
        <link targets="seg-r490"/>
    </node>
    <a label="tok" ref="fn-n636" as="FrameNet">
        <fs>
            <f name="msd" value="nns"/>
        </fs>
    </a>
    <node xml:id="fn-n637">
        <link targets="seg-r492"/>
    </node>
    <a label="tok" ref="fn-n637" as="FrameNet">
        <fs>
            <f name="msd" value="VV"/>
        </fs>
    </a>
    <node xml:id="fn-n638">
        <link targets="seg-r494"/>
    </node>
    <a label="tok" ref="fn-n638" as="FrameNet">
        <fs>
            <f name="msd" value="in"/>
        </fs>
    </a>
    <node xml:id="fn-n639">
        <link targets="seg-r496"/>
    </node>
    <a label="tok" ref="fn-n639" as="FrameNet">
        <fs>
            <f name="msd" value="NP"/>
        </fs>
    </a>
    <node xml:id="fn-n640">
        <link targets="seg-r498"/>
    </node>
    <a label="tok" ref="fn-n640" as="FrameNet">
        <fs>
            <f name="msd" value="VHZ"/>
        </fs>
    </a>
    <node xml:id="fn-n641">
        <link targets="seg-r500"/>
    </node>
    <a label="tok" ref="fn-n641" as="FrameNet">
        <fs>
            <f name="msd" value="VVN"/>
        </fs>
    </a>
    <node xml:id="fn-n642">
        <link targets="seg-r502"/>
    </node>
    <a label="tok" ref="fn-n642" as="FrameNet">
        <fs>
            <f name="msd" value="PP$"/>
        </fs>
    </a>
    <node xml:id="fn-n643">
        <link targets="seg-r504"/>
    </node>
    <a label="tok" ref="fn-n643" as="FrameNet">
        <fs>
            <f name="msd" value="nns"/>
        </fs>
    </a>
    <node xml:id="fn-n644">
        <link targets="seg-r506"/>
    </node>
    <a label="tok" ref="fn-n644" as="FrameNet">
        <fs>
            <f name="msd" value="in"/>
        </fs>
    </a>
    <node xml:id="fn-n645">
        <link targets="seg-r508"/>
    </node>
    <a label="tok" ref="fn-n645" as="FrameNet">
        <fs>
            <f name="msd" value="jj"/>
        </fs>
    </a>
    <node xml:id="fn-n646">
        <link targets="seg-r510"/>
    </node>
    <a label="tok" ref="fn-n646" as="FrameNet">
        <fs>
            <f name="msd" value="nn"/>
        </fs>
    </a>
    <node xml:id="fn-n647">
        <link targets="seg-r512"/>
    </node>
    <a label="tok" ref="fn-n647" as="FrameNet">
        <fs>
            <f name="msd" value="cc"/>
        </fs>
    </a>
    <node xml:id="fn-n648">
        <link targets="seg-r514"/>
    </node>
    <a label="tok" ref="fn-n648" as="FrameNet">
        <fs>
            <f name="msd" value="dt"/>
        </fs>
    </a>
    <node xml:id="fn-n649">
        <link targets="seg-r516"/>
    </node>
    <a label="tok" ref="fn-n649" as="FrameNet">
        <fs>
            <f name="msd" value="VVZ"/>
        </fs>
    </a>
    <node xml:id="fn-n650">
        <link targets="seg-r518"/>
    </node>
    <a label="tok" ref="fn-n650" as="FrameNet">
        <fs>
            <f name="msd" value="to"/>
        </fs>
    </a>
    <node xml:id="fn-n651">
        <link targets="seg-r520"/>
    </node>
    <a label="tok" ref="fn-n651" as="FrameNet">
        <fs>
            <f name="msd" value="VV"/>
        </fs>
    </a>
    <node xml:id="fn-n652">
        <link targets="seg-r522"/>
    </node>
    <a label="tok" ref="fn-n652" as="FrameNet">
        <fs>
            <f name="msd" value="PP"/>
        </fs>
    </a>
    <node xml:id="fn-n653">
        <link targets="seg-r523"/>
    </node>
    <a label="tok" ref="fn-n653" as="FrameNet">
        <fs>
            <f name="msd" value="sent"/>
        </fs>
    </a>
    <node xml:id="fn-n698">
        <link targets="seg-r525"/>
    </node>
    <a label="tok" ref="fn-n698" as="FrameNet">
        <fs>
            <f name="msd" value="NP"/>
        </fs>
    </a>
    <node xml:id="fn-n699">
        <link targets="seg-r527"/>
    </node>
    <a label="tok" ref="fn-n699" as="FrameNet">
        <fs>
            <f name="msd" value="VVZ"/>
        </fs>
    </a>
    <node xml:id="fn-n700">
        <link targets="seg-r529"/>
    </node>
    <a label="tok" ref="fn-n700" as="FrameNet">
        <fs>
            <f name="msd" value="PP"/>
        </fs>
    </a>
    <node xml:id="fn-n701">
        <link targets="seg-r531"/>
    </node>
    <a label="tok" ref="fn-n701" as="FrameNet">
        <fs>
            <f name="msd" value="VHZ"/>
        </fs>
    </a>
    <node xml:id="fn-n702">
        <link targets="seg-r533"/>
    </node>
    <a label="tok" ref="fn-n702" as="FrameNet">
        <fs>
            <f name="msd" value="VVN"/>
        </fs>
    </a>
    <node xml:id="fn-n703">
        <link targets="seg-r535"/>
    </node>
    <a label="tok" ref="fn-n703" as="FrameNet">
        <fs>
            <f name="msd" value="rb"/>
        </fs>
    </a>
    <node xml:id="fn-n704">
        <link targets="seg-r537"/>
    </node>
    <a label="tok" ref="fn-n704" as="FrameNet">
        <fs>
            <f name="msd" value="cc"/>
        </fs>
    </a>
    <node xml:id="fn-n705">
        <link targets="seg-r539"/>
    </node>
    <a label="tok" ref="fn-n705" as="FrameNet">
        <fs>
            <f name="msd" value="VHZ"/>
        </fs>
    </a>
    <node xml:id="fn-n706">
        <link targets="seg-r541"/>
    </node>
    <a label="tok" ref="fn-n706" as="FrameNet">
        <fs>
            <f name="msd" value="VVN"/>
        </fs>
    </a>
    <node xml:id="fn-n707">
        <link targets="seg-r543"/>
    </node>
    <a label="tok" ref="fn-n707" as="FrameNet">
        <fs>
            <f name="msd" value="nns"/>
        </fs>
    </a>
    <node xml:id="fn-n708">
        <link targets="seg-r545"/>
    </node>
    <a label="tok" ref="fn-n708" as="FrameNet">
        <fs>
            <f name="msd" value="in"/>
        </fs>
    </a>
    <node xml:id="fn-n709">
        <link targets="seg-r547"/>
    </node>
    <a label="tok" ref="fn-n709" as="FrameNet">
        <fs>
            <f name="msd" value="jj"/>
        </fs>
    </a>
    <node xml:id="fn-n710">
        <link targets="seg-r549"/>
    </node>
    <a label="tok" ref="fn-n710" as="FrameNet">
        <fs>
            <f name="msd" value="cd"/>
        </fs>
    </a>
    <node xml:id="fn-n711">
        <link targets="seg-r550"/>
    </node>
    <a label="tok" ref="fn-n711" as="FrameNet">
        <fs>
            <f name="msd" value="sent"/>
        </fs>
    </a>
    <node xml:id="fn-n735">
        <link targets="seg-r552"/>
    </node>
    <a label="tok" ref="fn-n735" as="FrameNet">
        <fs>
            <f name="msd" value="in"/>
        </fs>
    </a>
    <node xml:id="fn-n736">
        <link targets="seg-r554"/>
    </node>
    <a label="tok" ref="fn-n736" as="FrameNet">
        <fs>
            <f name="msd" value="jjs"/>
        </fs>
    </a>
    <node xml:id="fn-n737">
        <link targets="seg-r556"/>
    </node>
    <a label="tok" ref="fn-n737" as="FrameNet">
        <fs>
            <f name="msd" value="cd"/>
        </fs>
    </a>
    <node xml:id="fn-n738">
        <link targets="seg-r558"/>
    </node>
    <a label="tok" ref="fn-n738" as="FrameNet">
        <fs>
            <f name="msd" value="jj"/>
        </fs>
    </a>
    <node xml:id="fn-n739">
        <link targets="seg-r560"/>
    </node>
    <a label="tok" ref="fn-n739" as="FrameNet">
        <fs>
            <f name="msd" value="nn"/>
        </fs>
    </a>
    <node xml:id="fn-n740">
        <link targets="seg-r562"/>
    </node>
    <a label="tok" ref="fn-n740" as="FrameNet">
        <fs>
            <f name="msd" value="VHZ"/>
        </fs>
    </a>
    <node xml:id="fn-n741">
        <link targets="seg-r564"/>
    </node>
    <a label="tok" ref="fn-n741" as="FrameNet">
        <fs>
            <f name="msd" value="VVN"/>
        </fs>
    </a>
    <node xml:id="fn-n742">
        <link targets="seg-r566"/>
    </node>
    <a label="tok" ref="fn-n742" as="FrameNet">
        <fs>
            <f name="msd" value="NP"/>
        </fs>
    </a>
    <node xml:id="fn-n743">
        <link targets="seg-r567"/>
    </node>
    <a label="tok" ref="fn-n743" as="FrameNet">
        <fs>
            <f name="msd" value="sent"/>
        </fs>
    </a>
    <node xml:id="fn-n766">
        <link targets="seg-r569"/>
    </node>
    <a label="tok" ref="fn-n766" as="FrameNet">
        <fs>
            <f name="msd" value="NP"/>
        </fs>
    </a>
    <node xml:id="fn-n767">
        <link targets="seg-r571"/>
    </node>
    <a label="tok" ref="fn-n767" as="FrameNet">
        <fs>
            <f name="msd" value="NP"/>
        </fs>
    </a>
    <node xml:id="fn-n768">
        <link targets="seg-r573"/>
    </node>
    <a label="tok" ref="fn-n768" as="FrameNet">
        <fs>
            <f name="msd" value="NP"/>
        </fs>
    </a>
    <node xml:id="fn-n769">
        <link targets="seg-r575"/>
    </node>
    <a label="tok" ref="fn-n769" as="FrameNet">
        <fs>
            <f name="msd" value="NP"/>
        </fs>
    </a>
    <node xml:id="fn-n770">
        <link targets="seg-r577"/>
    </node>
    <a label="tok" ref="fn-n770" as="FrameNet">
        <fs>
            <f name="msd" value="VVD"/>
        </fs>
    </a>
    <node xml:id="fn-n771">
        <link targets="seg-r579"/>
    </node>
    <a label="tok" ref="fn-n771" as="FrameNet">
        <fs>
            <f name="msd" value="to"/>
        </fs>
    </a>
    <node xml:id="fn-n772">
        <link targets="seg-r581"/>
    </node>
    <a label="tok" ref="fn-n772" as="FrameNet">
        <fs>
            <f name="msd" value="NP"/>
        </fs>
    </a>
    <node xml:id="fn-n773">
        <link targets="seg-r583"/>
    </node>
    <a label="tok" ref="fn-n773" as="FrameNet">
        <fs>
            <f name="msd" value="in"/>
        </fs>
    </a>
    <node xml:id="fn-n774">
        <link targets="seg-r585"/>
    </node>
    <a label="tok" ref="fn-n774" as="FrameNet">
        <fs>
            <f name="msd" value="cd"/>
        </fs>
    </a>
    <node xml:id="fn-n775">
        <link targets="seg-r587"/>
    </node>
    <a label="tok" ref="fn-n775" as="FrameNet">
        <fs>
            <f name="msd" value="in"/>
        </fs>
    </a>
    <node xml:id="fn-n776">
        <link targets="seg-r589"/>
    </node>
    <a label="tok" ref="fn-n776" as="FrameNet">
        <fs>
            <f name="msd" value="dt"/>
        </fs>
    </a>
    <node xml:id="fn-n777">
        <link targets="seg-r591"/>
    </node>
    <a label="tok" ref="fn-n777" as="FrameNet">
        <fs>
            <f name="msd" value="nn"/>
        </fs>
    </a>
    <node xml:id="fn-n778">
        <link targets="seg-r593"/>
    </node>
    <a label="tok" ref="fn-n778" as="FrameNet">
        <fs>
            <f name="msd" value="in"/>
        </fs>
    </a>
    <node xml:id="fn-n779">
        <link targets="seg-r595"/>
    </node>
    <a label="tok" ref="fn-n779" as="FrameNet">
        <fs>
            <f name="msd" value="NP"/>
        </fs>
    </a>
    <node xml:id="fn-n780">
        <link targets="seg-r597"/>
    </node>
    <a label="tok" ref="fn-n780" as="FrameNet">
        <fs>
            <f name="msd" value="NP"/>
        </fs>
    </a>
    <node xml:id="fn-n781">
        <link targets="seg-r598"/>
    </node>
    <a label="tok" ref="fn-n781" as="FrameNet">
        <fs>
            <f name="msd" value="sent"/>
        </fs>
    </a>
</graph>
