<?xml version="1.0" encoding="UTF-8"?>
<graph xmlns="http://www.xces.org/ns/GrAF/1.0/">
    <header>
        <tagsDecl>
            <tagUsage gi="UCP" occurs="1"/>
            <tagUsage gi="FRAG" occurs="1"/>
            <tagUsage gi="Trace" occurs="28"/>
            <tagUsage gi="VP" occurs="58"/>
            <tagUsage gi="NML" occurs="6"/>
            <tagUsage gi="PRT" occurs="3"/>
            <tagUsage gi="NP" occurs="104"/>
            <tagUsage gi="SBAR" occurs="13"/>
            <tagUsage gi="PP" occurs="23"/>
            <tagUsage gi="CONJP" occurs="2"/>
            <tagUsage gi="S" occurs="37"/>
            <tagUsage gi="WHNP" occurs="2"/>
            <tagUsage gi="ADJP" occurs="5"/>
        </tagsDecl>
        <roots>
            <root>ptb-n00000</root>
        </roots>
        <dependencies>
            <dependsOn type="ptbtok"/>
        </dependencies>
        <annotationSets>
            <annotationSet name="PTB" type="http://www.cis.upenn.edu/~treebank/"/>
        </annotationSets>
    </header>
    <node xml:id="ptb-n00000"/>
    <node xml:id="ptb-n00219"/>
    <a label="S" ref="ptb-n00219" as="PTB">
        <fs>
            <f name="cat" value="S"/>
        </fs>
    </a>
    <node xml:id="ptb-n00290"/>
    <a label="NP" ref="ptb-n00290" as="PTB">
        <fs>
            <f name="cat" value="NP"/>
            <f name="roles" value="SBJ"/>
        </fs>
    </a>
    <edge xml:id="ptb-e00288" from="ptb-n00290" to="ptb-n00291"/>
    <edge xml:id="ptb-e00289" from="ptb-n00219" to="ptb-n00290"/>
    <edge xml:id="ptb-e00287" from="ptb-n00219" to="ptb-n00289"/>
    <edge xml:id="ptb-e00286" from="ptb-n00219" to="ptb-n00288"/>
    <node xml:id="ptb-n00221"/>
    <a label="S" ref="ptb-n00221" as="PTB">
        <fs>
            <f name="cat" value="S"/>
            <f name="roles" value="TPC"/>
        </fs>
    </a>
    <node xml:id="ptb-n00227"/>
    <a label="VP" ref="ptb-n00227" as="PTB">
        <fs>
            <f name="cat" value="VP"/>
        </fs>
    </a>
    <node xml:id="ptb-n00235"/>
    <a label="S" ref="ptb-n00235" as="PTB">
        <fs>
            <f name="cat" value="S"/>
        </fs>
    </a>
    <node xml:id="ptb-n00238"/>
    <a label="VP" ref="ptb-n00238" as="PTB">
        <fs>
            <f name="cat" value="VP"/>
        </fs>
    </a>
    <node xml:id="ptb-n00240"/>
    <a label="VP" ref="ptb-n00240" as="PTB">
        <fs>
            <f name="cat" value="VP"/>
        </fs>
    </a>
    <node xml:id="ptb-n00244"/>
    <a label="S" ref="ptb-n00244" as="PTB">
        <fs>
            <f name="cat" value="S"/>
        </fs>
    </a>
    <node xml:id="ptb-n00247"/>
    <a label="VP" ref="ptb-n00247" as="PTB">
        <fs>
            <f name="cat" value="VP"/>
        </fs>
    </a>
    <node xml:id="ptb-n00249"/>
    <a label="VP" ref="ptb-n00249" as="PTB">
        <fs>
            <f name="cat" value="VP"/>
        </fs>
    </a>
    <node xml:id="ptb-n00263"/>
    <a label="SBAR" ref="ptb-n00263" as="PTB">
        <fs>
            <f name="cat" value="SBAR"/>
            <f name="roles" value="PRP"/>
        </fs>
    </a>
    <node xml:id="ptb-n00267"/>
    <a label="S" ref="ptb-n00267" as="PTB">
        <fs>
            <f name="cat" value="S"/>
        </fs>
    </a>
    <node xml:id="ptb-n00270"/>
    <a label="VP" ref="ptb-n00270" as="PTB">
        <fs>
            <f name="cat" value="VP"/>
        </fs>
    </a>
    <node xml:id="ptb-n00273"/>
    <a label="VP" ref="ptb-n00273" as="PTB">
        <fs>
            <f name="cat" value="VP"/>
        </fs>
    </a>
    <node xml:id="ptb-n00279"/>
    <a label="VP" ref="ptb-n00279" as="PTB">
        <fs>
            <f name="cat" value="VP"/>
        </fs>
    </a>
    <node xml:id="ptb-n00283"/>
    <a label="PP" ref="ptb-n00283" as="PTB">
        <fs>
            <f name="cat" value="PP"/>
            <f name="roles" value="DIR"/>
        </fs>
    </a>
    <node xml:id="ptb-n00285"/>
    <a label="NP" ref="ptb-n00285" as="PTB">
        <fs>
            <f name="cat" value="NP"/>
        </fs>
    </a>
    <edge xml:id="ptb-e00270" from="ptb-n00285" to="ptb-n00287"/>
    <edge xml:id="ptb-e00269" from="ptb-n00285" to="ptb-n00286"/>
    <edge xml:id="ptb-e00271" from="ptb-n00283" to="ptb-n00285"/>
    <edge xml:id="ptb-e00268" from="ptb-n00283" to="ptb-n00284"/>
    <edge xml:id="ptb-e00272" from="ptb-n00279" to="ptb-n00283"/>
    <node xml:id="ptb-n00281"/>
    <a label="NP" ref="ptb-n00281" as="PTB">
        <fs>
            <f name="cat" value="NP"/>
        </fs>
    </a>
    <edge xml:id="ptb-e00266" from="ptb-n00281" to="ptb-n00282"/>
    <edge xml:id="ptb-e00267" from="ptb-n00279" to="ptb-n00281"/>
    <edge xml:id="ptb-e00265" from="ptb-n00279" to="ptb-n00280"/>
    <edge xml:id="ptb-e00273" from="ptb-n00273" to="ptb-n00279"/>
    <edge xml:id="ptb-e00264" from="ptb-n00273" to="ptb-n00278"/>
    <node xml:id="ptb-n00274"/>
    <a label="VP" ref="ptb-n00274" as="PTB">
        <fs>
            <f name="cat" value="VP"/>
        </fs>
    </a>
    <node xml:id="ptb-n00276"/>
    <a label="NP" ref="ptb-n00276" as="PTB">
        <fs>
            <f name="cat" value="NP"/>
        </fs>
    </a>
    <node xml:id="ptb-n00277"/>
    <a label="Trace" ref="ptb-n00277" as="PTB">
        <fs>
            <f name="cat" value="*?*"/>
        </fs>
    </a>
    <edge xml:id="ptb-e00261" from="ptb-n00276" to="ptb-n00277"/>
    <edge xml:id="ptb-e00262" from="ptb-n00274" to="ptb-n00276"/>
    <edge xml:id="ptb-e00260" from="ptb-n00274" to="ptb-n00275"/>
    <edge xml:id="ptb-e00263" from="ptb-n00273" to="ptb-n00274"/>
    <edge xml:id="ptb-e00274" from="ptb-n00270" to="ptb-n00273"/>
    <edge xml:id="ptb-e00259" from="ptb-n00270" to="ptb-n00272"/>
    <edge xml:id="ptb-e00258" from="ptb-n00270" to="ptb-n00271"/>
    <edge xml:id="ptb-e00275" from="ptb-n00267" to="ptb-n00270"/>
    <node xml:id="ptb-n00268"/>
    <a label="NP" ref="ptb-n00268" as="PTB">
        <fs>
            <f name="cat" value="NP"/>
            <f name="roles" value="SBJ"/>
        </fs>
    </a>
    <edge xml:id="ptb-e00256" from="ptb-n00268" to="ptb-n00269"/>
    <edge xml:id="ptb-e00257" from="ptb-n00267" to="ptb-n00268"/>
    <edge xml:id="ptb-e00276" from="ptb-n00263" to="ptb-n00267"/>
    <edge xml:id="ptb-e00255" from="ptb-n00263" to="ptb-n00266"/>
    <edge xml:id="ptb-e00254" from="ptb-n00263" to="ptb-n00265"/>
    <edge xml:id="ptb-e00253" from="ptb-n00263" to="ptb-n00264"/>
    <edge xml:id="ptb-e00277" from="ptb-n00249" to="ptb-n00263"/>
    <node xml:id="ptb-n00253"/>
    <a label="PP" ref="ptb-n00253" as="PTB">
        <fs>
            <f name="cat" value="PP"/>
            <f name="roles" value="CLR"/>
        </fs>
    </a>
    <node xml:id="ptb-n00255"/>
    <a label="NP" ref="ptb-n00255" as="PTB">
        <fs>
            <f name="cat" value="NP"/>
        </fs>
    </a>
    <node xml:id="ptb-n00258"/>
    <a label="PP" ref="ptb-n00258" as="PTB">
        <fs>
            <f name="cat" value="PP"/>
        </fs>
    </a>
    <node xml:id="ptb-n00260"/>
    <a label="NP" ref="ptb-n00260" as="PTB">
        <fs>
            <f name="cat" value="NP"/>
        </fs>
    </a>
    <edge xml:id="ptb-e00248" from="ptb-n00260" to="ptb-n00262"/>
    <edge xml:id="ptb-e00247" from="ptb-n00260" to="ptb-n00261"/>
    <edge xml:id="ptb-e00249" from="ptb-n00258" to="ptb-n00260"/>
    <edge xml:id="ptb-e00246" from="ptb-n00258" to="ptb-n00259"/>
    <edge xml:id="ptb-e00250" from="ptb-n00255" to="ptb-n00258"/>
    <node xml:id="ptb-n00256"/>
    <a label="NP" ref="ptb-n00256" as="PTB">
        <fs>
            <f name="cat" value="NP"/>
        </fs>
    </a>
    <edge xml:id="ptb-e00244" from="ptb-n00256" to="ptb-n00257"/>
    <edge xml:id="ptb-e00245" from="ptb-n00255" to="ptb-n00256"/>
    <edge xml:id="ptb-e00251" from="ptb-n00253" to="ptb-n00255"/>
    <edge xml:id="ptb-e00243" from="ptb-n00253" to="ptb-n00254"/>
    <edge xml:id="ptb-e00252" from="ptb-n00249" to="ptb-n00253"/>
    <node xml:id="ptb-n00251"/>
    <a label="NP" ref="ptb-n00251" as="PTB">
        <fs>
            <f name="cat" value="NP"/>
        </fs>
    </a>
    <edge xml:id="ptb-e00241" from="ptb-n00251" to="ptb-n00252"/>
    <edge xml:id="ptb-e00242" from="ptb-n00249" to="ptb-n00251"/>
    <edge xml:id="ptb-e00240" from="ptb-n00249" to="ptb-n00250"/>
    <edge xml:id="ptb-e00278" from="ptb-n00247" to="ptb-n00249"/>
    <edge xml:id="ptb-e00239" from="ptb-n00247" to="ptb-n00248"/>
    <edge xml:id="ptb-e00279" from="ptb-n00244" to="ptb-n00247"/>
    <node xml:id="ptb-n00245"/>
    <a label="NP" ref="ptb-n00245" as="PTB">
        <fs>
            <f name="cat" value="NP"/>
            <f name="roles" value="SBJ"/>
        </fs>
    </a>
    <node xml:id="ptb-n00246"/>
    <a label="Trace" ref="ptb-n00246" as="PTB">
        <fs>
            <f name="cat" value="*PRO*"/>
        </fs>
    </a>
    <node xml:id="ptb-n00242"/>
    <a label="NP" ref="ptb-n00242" as="PTB">
        <fs>
            <f name="cat" value="NP"/>
        </fs>
    </a>
    <edge xml:id="ptb-e00234" from="ptb-n00242" to="ptb-n00243"/>
    <edge xml:id="ptb-e00236" from="ptb-n00246" to="ptb-n00242"/>
    <edge xml:id="ptb-e00237" from="ptb-n00245" to="ptb-n00246"/>
    <edge xml:id="ptb-e00238" from="ptb-n00244" to="ptb-n00245"/>
    <edge xml:id="ptb-e00280" from="ptb-n00240" to="ptb-n00244"/>
    <edge xml:id="ptb-e00235" from="ptb-n00240" to="ptb-n00242"/>
    <edge xml:id="ptb-e00233" from="ptb-n00240" to="ptb-n00241"/>
    <edge xml:id="ptb-e00281" from="ptb-n00238" to="ptb-n00240"/>
    <edge xml:id="ptb-e00232" from="ptb-n00238" to="ptb-n00239"/>
    <edge xml:id="ptb-e00282" from="ptb-n00235" to="ptb-n00238"/>
    <node xml:id="ptb-n00236"/>
    <a label="NP" ref="ptb-n00236" as="PTB">
        <fs>
            <f name="cat" value="NP"/>
            <f name="roles" value="SBJ"/>
        </fs>
    </a>
    <node xml:id="ptb-n00237"/>
    <a label="Trace" ref="ptb-n00237" as="PTB">
        <fs>
            <f name="cat" value="*PRO*"/>
        </fs>
    </a>
    <edge xml:id="ptb-e00230" from="ptb-n00236" to="ptb-n00237"/>
    <edge xml:id="ptb-e00231" from="ptb-n00235" to="ptb-n00236"/>
    <edge xml:id="ptb-e00283" from="ptb-n00227" to="ptb-n00235"/>
    <edge xml:id="ptb-e00229" from="ptb-n00227" to="ptb-n00234"/>
    <node xml:id="ptb-n00229"/>
    <a label="ADJP" ref="ptb-n00229" as="PTB">
        <fs>
            <f name="cat" value="ADJP"/>
            <f name="roles" value="PRD"/>
        </fs>
    </a>
    <edge xml:id="ptb-e00227" from="ptb-n00229" to="ptb-n00233"/>
    <edge xml:id="ptb-e00226" from="ptb-n00229" to="ptb-n00232"/>
    <edge xml:id="ptb-e00225" from="ptb-n00229" to="ptb-n00231"/>
    <edge xml:id="ptb-e00224" from="ptb-n00229" to="ptb-n00230"/>
    <edge xml:id="ptb-e00228" from="ptb-n00227" to="ptb-n00229"/>
    <edge xml:id="ptb-e00223" from="ptb-n00227" to="ptb-n00228"/>
    <edge xml:id="ptb-e00284" from="ptb-n00221" to="ptb-n00227"/>
    <node xml:id="ptb-n00222"/>
    <a label="NP" ref="ptb-n00222" as="PTB">
        <fs>
            <f name="cat" value="NP"/>
            <f name="roles" value="SBJ"/>
        </fs>
    </a>
    <node xml:id="ptb-n00225"/>
    <a label="S" ref="ptb-n00225" as="PTB">
        <fs>
            <f name="cat" value="S"/>
        </fs>
    </a>
    <node xml:id="ptb-n00226"/>
    <a label="Trace" ref="ptb-n00226" as="PTB">
        <fs>
            <f name="cat" value="*EXP*"/>
        </fs>
    </a>
    <node xml:id="ptb-n00205"/>
    <a label="SBAR" ref="ptb-n00205" as="PTB">
        <fs>
            <f name="cat" value="SBAR"/>
        </fs>
    </a>
    <edge xml:id="ptb-e00195" from="ptb-n00205" to="ptb-n00206"/>
    <node xml:id="ptb-n00207"/>
    <a label="S" ref="ptb-n00207" as="PTB">
        <fs>
            <f name="cat" value="S"/>
        </fs>
    </a>
    <node xml:id="ptb-n00208"/>
    <a label="NP" ref="ptb-n00208" as="PTB">
        <fs>
            <f name="cat" value="NP"/>
            <f name="roles" value="SBJ"/>
        </fs>
    </a>
    <edge xml:id="ptb-e00196" from="ptb-n00208" to="ptb-n00209"/>
    <edge xml:id="ptb-e00197" from="ptb-n00207" to="ptb-n00208"/>
    <node xml:id="ptb-n00210"/>
    <a label="VP" ref="ptb-n00210" as="PTB">
        <fs>
            <f name="cat" value="VP"/>
        </fs>
    </a>
    <edge xml:id="ptb-e00199" from="ptb-n00210" to="ptb-n00212"/>
    <edge xml:id="ptb-e00198" from="ptb-n00210" to="ptb-n00211"/>
    <node xml:id="ptb-n00213"/>
    <a label="VP" ref="ptb-n00213" as="PTB">
        <fs>
            <f name="cat" value="VP"/>
        </fs>
    </a>
    <node xml:id="ptb-n00215"/>
    <a label="NP" ref="ptb-n00215" as="PTB">
        <fs>
            <f name="cat" value="NP"/>
        </fs>
    </a>
    <edge xml:id="ptb-e00202" from="ptb-n00215" to="ptb-n00217"/>
    <edge xml:id="ptb-e00201" from="ptb-n00215" to="ptb-n00216"/>
    <edge xml:id="ptb-e00203" from="ptb-n00213" to="ptb-n00215"/>
    <edge xml:id="ptb-e00200" from="ptb-n00213" to="ptb-n00214"/>
    <edge xml:id="ptb-e00204" from="ptb-n00210" to="ptb-n00213"/>
    <edge xml:id="ptb-e00205" from="ptb-n00207" to="ptb-n00210"/>
    <edge xml:id="ptb-e00206" from="ptb-n00205" to="ptb-n00207"/>
    <edge xml:id="ptb-e00219" from="ptb-n00226" to="ptb-n00205"/>
    <edge xml:id="ptb-e00220" from="ptb-n00225" to="ptb-n00226"/>
    <edge xml:id="ptb-e00221" from="ptb-n00222" to="ptb-n00225"/>
    <node xml:id="ptb-n00223"/>
    <a label="NP" ref="ptb-n00223" as="PTB">
        <fs>
            <f name="cat" value="NP"/>
        </fs>
    </a>
    <edge xml:id="ptb-e00217" from="ptb-n00223" to="ptb-n00224"/>
    <edge xml:id="ptb-e00218" from="ptb-n00222" to="ptb-n00223"/>
    <edge xml:id="ptb-e00222" from="ptb-n00221" to="ptb-n00222"/>
    <edge xml:id="ptb-e00285" from="ptb-n00219" to="ptb-n00221"/>
    <edge xml:id="ptb-e00301" from="ptb-n00219" to="ptb-n00302"/>
    <node xml:id="ptb-n00292"/>
    <a label="VP" ref="ptb-n00292" as="PTB">
        <fs>
            <f name="cat" value="VP"/>
        </fs>
    </a>
    <node xml:id="ptb-n00300"/>
    <a label="S" ref="ptb-n00300" as="PTB">
        <fs>
            <f name="cat" value="S"/>
        </fs>
    </a>
    <node xml:id="ptb-n00301"/>
    <a label="Trace" ref="ptb-n00301" as="PTB">
        <fs>
            <f name="cat" value="*T*"/>
        </fs>
    </a>
    <edge xml:id="ptb-e00297" from="ptb-n00301" to="ptb-n00221"/>
    <edge xml:id="ptb-e00298" from="ptb-n00300" to="ptb-n00301"/>
    <edge xml:id="ptb-e00299" from="ptb-n00292" to="ptb-n00300"/>
    <node xml:id="ptb-n00294"/>
    <a label="NP" ref="ptb-n00294" as="PTB">
        <fs>
            <f name="cat" value="NP"/>
        </fs>
    </a>
    <edge xml:id="ptb-e00295" from="ptb-n00294" to="ptb-n00299"/>
    <edge xml:id="ptb-e00294" from="ptb-n00294" to="ptb-n00298"/>
    <node xml:id="ptb-n00295"/>
    <a label="NML" ref="ptb-n00295" as="PTB">
        <fs>
            <f name="cat" value="NML"/>
        </fs>
    </a>
    <edge xml:id="ptb-e00292" from="ptb-n00295" to="ptb-n00297"/>
    <edge xml:id="ptb-e00291" from="ptb-n00295" to="ptb-n00296"/>
    <edge xml:id="ptb-e00293" from="ptb-n00294" to="ptb-n00295"/>
    <edge xml:id="ptb-e00296" from="ptb-n00292" to="ptb-n00294"/>
    <edge xml:id="ptb-e00290" from="ptb-n00292" to="ptb-n00293"/>
    <edge xml:id="ptb-e00300" from="ptb-n00219" to="ptb-n00292"/>
    <edge xml:id="ptb-e00216" from="ptb-n00219" to="ptb-n00220"/>
    <edge xml:id="e307" from="ptb-n00000" to="ptb-n00219"/>
    <node xml:id="ptb-n00023"/>
    <a label="FRAG" ref="ptb-n00023" as="PTB">
        <fs>
            <f name="cat" value="FRAG"/>
        </fs>
    </a>
    <edge xml:id="ptb-e00029" from="ptb-n00023" to="ptb-n00033"/>
    <node xml:id="ptb-n00031"/>
    <a label="NP" ref="ptb-n00031" as="PTB">
        <fs>
            <f name="cat" value="NP"/>
        </fs>
    </a>
    <edge xml:id="ptb-e00027" from="ptb-n00031" to="ptb-n00032"/>
    <edge xml:id="ptb-e00028" from="ptb-n00023" to="ptb-n00031"/>
    <edge xml:id="ptb-e00026" from="ptb-n00023" to="ptb-n00030"/>
    <node xml:id="ptb-n00024"/>
    <a label="NP" ref="ptb-n00024" as="PTB">
        <fs>
            <f name="cat" value="NP"/>
            <f name="roles" value="LOC"/>
        </fs>
    </a>
    <node xml:id="ptb-n00028"/>
    <a label="NP" ref="ptb-n00028" as="PTB">
        <fs>
            <f name="cat" value="NP"/>
        </fs>
    </a>
    <edge xml:id="ptb-e00023" from="ptb-n00028" to="ptb-n00029"/>
    <edge xml:id="ptb-e00024" from="ptb-n00024" to="ptb-n00028"/>
    <edge xml:id="ptb-e00022" from="ptb-n00024" to="ptb-n00027"/>
    <node xml:id="ptb-n00025"/>
    <a label="NP" ref="ptb-n00025" as="PTB">
        <fs>
            <f name="cat" value="NP"/>
        </fs>
    </a>
    <edge xml:id="ptb-e00020" from="ptb-n00025" to="ptb-n00026"/>
    <edge xml:id="ptb-e00021" from="ptb-n00024" to="ptb-n00025"/>
    <edge xml:id="ptb-e00025" from="ptb-n00023" to="ptb-n00024"/>
    <edge xml:id="e32" from="ptb-n00000" to="ptb-n00023"/>
    <node xml:id="ptb-n00132"/>
    <a label="S" ref="ptb-n00132" as="PTB">
        <fs>
            <f name="cat" value="S"/>
        </fs>
    </a>
    <edge xml:id="ptb-e00215" from="ptb-n00132" to="ptb-n00218"/>
    <node xml:id="ptb-n00146"/>
    <a label="VP" ref="ptb-n00146" as="PTB">
        <fs>
            <f name="cat" value="VP"/>
        </fs>
    </a>
    <node xml:id="ptb-n00184"/>
    <a label="VP" ref="ptb-n00184" as="PTB">
        <fs>
            <f name="cat" value="VP"/>
        </fs>
    </a>
    <node xml:id="ptb-n00186"/>
    <a label="SBAR" ref="ptb-n00186" as="PTB">
        <fs>
            <f name="cat" value="SBAR"/>
        </fs>
    </a>
    <node xml:id="ptb-n00187"/>
    <a label="Trace" ref="ptb-n00187" as="PTB">
        <fs>
            <f name="cat" value="0"/>
        </fs>
    </a>
    <edge xml:id="ptb-e00180" from="ptb-n00186" to="ptb-n00187"/>
    <node xml:id="ptb-n00188"/>
    <a label="S" ref="ptb-n00188" as="PTB">
        <fs>
            <f name="cat" value="S"/>
        </fs>
    </a>
    <node xml:id="ptb-n00189"/>
    <a label="NP" ref="ptb-n00189" as="PTB">
        <fs>
            <f name="cat" value="NP"/>
            <f name="roles" value="SBJ"/>
        </fs>
    </a>
    <edge xml:id="ptb-e00183" from="ptb-n00189" to="ptb-n00192"/>
    <edge xml:id="ptb-e00182" from="ptb-n00189" to="ptb-n00191"/>
    <edge xml:id="ptb-e00181" from="ptb-n00189" to="ptb-n00190"/>
    <edge xml:id="ptb-e00184" from="ptb-n00188" to="ptb-n00189"/>
    <node xml:id="ptb-n00193"/>
    <a label="VP" ref="ptb-n00193" as="PTB">
        <fs>
            <f name="cat" value="VP"/>
        </fs>
    </a>
    <edge xml:id="ptb-e00185" from="ptb-n00193" to="ptb-n00194"/>
    <node xml:id="ptb-n00195"/>
    <a label="VP" ref="ptb-n00195" as="PTB">
        <fs>
            <f name="cat" value="VP"/>
        </fs>
    </a>
    <edge xml:id="ptb-e00186" from="ptb-n00195" to="ptb-n00196"/>
    <node xml:id="ptb-n00197"/>
    <a label="S" ref="ptb-n00197" as="PTB">
        <fs>
            <f name="cat" value="S"/>
        </fs>
    </a>
    <node xml:id="ptb-n00203"/>
    <a label="ADJP" ref="ptb-n00203" as="PTB">
        <fs>
            <f name="cat" value="ADJP"/>
            <f name="roles" value="PRD"/>
        </fs>
    </a>
    <edge xml:id="ptb-e00193" from="ptb-n00203" to="ptb-n00204"/>
    <edge xml:id="ptb-e00194" from="ptb-n00197" to="ptb-n00203"/>
    <node xml:id="ptb-n00198"/>
    <a label="NP" ref="ptb-n00198" as="PTB">
        <fs>
            <f name="cat" value="NP"/>
            <f name="roles" value="SBJ"/>
        </fs>
    </a>
    <node xml:id="ptb-n00201"/>
    <a label="SBAR" ref="ptb-n00201" as="PTB">
        <fs>
            <f name="cat" value="SBAR"/>
        </fs>
    </a>
    <node xml:id="ptb-n00202"/>
    <a label="Trace" ref="ptb-n00202" as="PTB">
        <fs>
            <f name="cat" value="*EXP*"/>
        </fs>
    </a>
    <node xml:id="ptb-n00075"/>
    <a label="S" ref="ptb-n00075" as="PTB">
        <fs>
            <f name="cat" value="S"/>
        </fs>
    </a>
    <node xml:id="ptb-n00078"/>
    <a label="VP" ref="ptb-n00078" as="PTB">
        <fs>
            <f name="cat" value="VP"/>
        </fs>
    </a>
    <node xml:id="ptb-n00106"/>
    <a label="CONJP" ref="ptb-n00106" as="PTB">
        <fs>
            <f name="cat" value="CONJP"/>
        </fs>
    </a>
    <edge xml:id="ptb-e00098" from="ptb-n00106" to="ptb-n00108"/>
    <edge xml:id="ptb-e00097" from="ptb-n00106" to="ptb-n00107"/>
    <edge xml:id="ptb-e00099" from="ptb-n00078" to="ptb-n00106"/>
    <node xml:id="ptb-n00082"/>
    <a label="VP" ref="ptb-n00082" as="PTB">
        <fs>
            <f name="cat" value="VP"/>
        </fs>
    </a>
    <node xml:id="ptb-n00084"/>
    <a label="VP" ref="ptb-n00084" as="PTB">
        <fs>
            <f name="cat" value="VP"/>
        </fs>
    </a>
    <node xml:id="ptb-n00088"/>
    <a label="S" ref="ptb-n00088" as="PTB">
        <fs>
            <f name="cat" value="S"/>
        </fs>
    </a>
    <node xml:id="ptb-n00091"/>
    <a label="VP" ref="ptb-n00091" as="PTB">
        <fs>
            <f name="cat" value="VP"/>
        </fs>
    </a>
    <node xml:id="ptb-n00093"/>
    <a label="VP" ref="ptb-n00093" as="PTB">
        <fs>
            <f name="cat" value="VP"/>
        </fs>
    </a>
    <node xml:id="ptb-n00097"/>
    <a label="NP" ref="ptb-n00097" as="PTB">
        <fs>
            <f name="cat" value="NP"/>
        </fs>
    </a>
    <node xml:id="ptb-n00101"/>
    <a label="PP" ref="ptb-n00101" as="PTB">
        <fs>
            <f name="cat" value="PP"/>
        </fs>
    </a>
    <node xml:id="ptb-n00103"/>
    <a label="NP" ref="ptb-n00103" as="PTB">
        <fs>
            <f name="cat" value="NP"/>
        </fs>
    </a>
    <edge xml:id="ptb-e00088" from="ptb-n00103" to="ptb-n00105"/>
    <edge xml:id="ptb-e00087" from="ptb-n00103" to="ptb-n00104"/>
    <edge xml:id="ptb-e00089" from="ptb-n00101" to="ptb-n00103"/>
    <edge xml:id="ptb-e00086" from="ptb-n00101" to="ptb-n00102"/>
    <edge xml:id="ptb-e00090" from="ptb-n00097" to="ptb-n00101"/>
    <node xml:id="ptb-n00098"/>
    <a label="NP" ref="ptb-n00098" as="PTB">
        <fs>
            <f name="cat" value="NP"/>
        </fs>
    </a>
    <edge xml:id="ptb-e00084" from="ptb-n00098" to="ptb-n00100"/>
    <edge xml:id="ptb-e00083" from="ptb-n00098" to="ptb-n00099"/>
    <edge xml:id="ptb-e00085" from="ptb-n00097" to="ptb-n00098"/>
    <edge xml:id="ptb-e00091" from="ptb-n00093" to="ptb-n00097"/>
    <node xml:id="ptb-n00095"/>
    <a label="PRT" ref="ptb-n00095" as="PTB">
        <fs>
            <f name="cat" value="PRT"/>
        </fs>
    </a>
    <edge xml:id="ptb-e00081" from="ptb-n00095" to="ptb-n00096"/>
    <edge xml:id="ptb-e00082" from="ptb-n00093" to="ptb-n00095"/>
    <edge xml:id="ptb-e00080" from="ptb-n00093" to="ptb-n00094"/>
    <edge xml:id="ptb-e00092" from="ptb-n00091" to="ptb-n00093"/>
    <edge xml:id="ptb-e00079" from="ptb-n00091" to="ptb-n00092"/>
    <edge xml:id="ptb-e00093" from="ptb-n00088" to="ptb-n00091"/>
    <node xml:id="ptb-n00089"/>
    <a label="NP" ref="ptb-n00089" as="PTB">
        <fs>
            <f name="cat" value="NP"/>
            <f name="roles" value="SBJ"/>
        </fs>
    </a>
    <node xml:id="ptb-n00090"/>
    <a label="Trace" ref="ptb-n00090" as="PTB">
        <fs>
            <f name="cat" value="*PRO*"/>
        </fs>
    </a>
    <node xml:id="ptb-n00086"/>
    <a label="NP" ref="ptb-n00086" as="PTB">
        <fs>
            <f name="cat" value="NP"/>
        </fs>
    </a>
    <edge xml:id="ptb-e00074" from="ptb-n00086" to="ptb-n00087"/>
    <edge xml:id="ptb-e00076" from="ptb-n00090" to="ptb-n00086"/>
    <edge xml:id="ptb-e00077" from="ptb-n00089" to="ptb-n00090"/>
    <edge xml:id="ptb-e00078" from="ptb-n00088" to="ptb-n00089"/>
    <edge xml:id="ptb-e00094" from="ptb-n00084" to="ptb-n00088"/>
    <edge xml:id="ptb-e00075" from="ptb-n00084" to="ptb-n00086"/>
    <edge xml:id="ptb-e00073" from="ptb-n00084" to="ptb-n00085"/>
    <edge xml:id="ptb-e00095" from="ptb-n00082" to="ptb-n00084"/>
    <edge xml:id="ptb-e00072" from="ptb-n00082" to="ptb-n00083"/>
    <edge xml:id="ptb-e00096" from="ptb-n00078" to="ptb-n00082"/>
    <node xml:id="ptb-n00109"/>
    <a label="VP" ref="ptb-n00109" as="PTB">
        <fs>
            <f name="cat" value="VP"/>
        </fs>
    </a>
    <node xml:id="ptb-n00111"/>
    <a label="VP" ref="ptb-n00111" as="PTB">
        <fs>
            <f name="cat" value="VP"/>
        </fs>
    </a>
    <node xml:id="ptb-n00115"/>
    <a label="S" ref="ptb-n00115" as="PTB">
        <fs>
            <f name="cat" value="S"/>
            <f name="roles" value="PRP"/>
        </fs>
    </a>
    <node xml:id="ptb-n00118"/>
    <a label="VP" ref="ptb-n00118" as="PTB">
        <fs>
            <f name="cat" value="VP"/>
        </fs>
    </a>
    <node xml:id="ptb-n00120"/>
    <a label="VP" ref="ptb-n00120" as="PTB">
        <fs>
            <f name="cat" value="VP"/>
        </fs>
    </a>
    <node xml:id="ptb-n00122"/>
    <a label="NP" ref="ptb-n00122" as="PTB">
        <fs>
            <f name="cat" value="NP"/>
        </fs>
    </a>
    <node xml:id="ptb-n00126"/>
    <a label="PP" ref="ptb-n00126" as="PTB">
        <fs>
            <f name="cat" value="PP"/>
        </fs>
    </a>
    <node xml:id="ptb-n00128"/>
    <a label="NP" ref="ptb-n00128" as="PTB">
        <fs>
            <f name="cat" value="NP"/>
        </fs>
    </a>
    <edge xml:id="ptb-e00113" from="ptb-n00128" to="ptb-n00130"/>
    <edge xml:id="ptb-e00112" from="ptb-n00128" to="ptb-n00129"/>
    <edge xml:id="ptb-e00114" from="ptb-n00126" to="ptb-n00128"/>
    <edge xml:id="ptb-e00111" from="ptb-n00126" to="ptb-n00127"/>
    <edge xml:id="ptb-e00115" from="ptb-n00122" to="ptb-n00126"/>
    <node xml:id="ptb-n00123"/>
    <a label="NP" ref="ptb-n00123" as="PTB">
        <fs>
            <f name="cat" value="NP"/>
        </fs>
    </a>
    <edge xml:id="ptb-e00109" from="ptb-n00123" to="ptb-n00125"/>
    <edge xml:id="ptb-e00108" from="ptb-n00123" to="ptb-n00124"/>
    <edge xml:id="ptb-e00110" from="ptb-n00122" to="ptb-n00123"/>
    <edge xml:id="ptb-e00116" from="ptb-n00120" to="ptb-n00122"/>
    <edge xml:id="ptb-e00107" from="ptb-n00120" to="ptb-n00121"/>
    <edge xml:id="ptb-e00117" from="ptb-n00118" to="ptb-n00120"/>
    <edge xml:id="ptb-e00106" from="ptb-n00118" to="ptb-n00119"/>
    <edge xml:id="ptb-e00118" from="ptb-n00115" to="ptb-n00118"/>
    <node xml:id="ptb-n00116"/>
    <a label="NP" ref="ptb-n00116" as="PTB">
        <fs>
            <f name="cat" value="NP"/>
            <f name="roles" value="SBJ"/>
        </fs>
    </a>
    <node xml:id="ptb-n00117"/>
    <a label="Trace" ref="ptb-n00117" as="PTB">
        <fs>
            <f name="cat" value="*PRO*"/>
        </fs>
    </a>
    <edge xml:id="ptb-e00104" from="ptb-n00116" to="ptb-n00117"/>
    <edge xml:id="ptb-e00105" from="ptb-n00115" to="ptb-n00116"/>
    <edge xml:id="ptb-e00119" from="ptb-n00111" to="ptb-n00115"/>
    <node xml:id="ptb-n00113"/>
    <a label="NP" ref="ptb-n00113" as="PTB">
        <fs>
            <f name="cat" value="NP"/>
        </fs>
    </a>
    <edge xml:id="ptb-e00102" from="ptb-n00113" to="ptb-n00114"/>
    <edge xml:id="ptb-e00103" from="ptb-n00111" to="ptb-n00113"/>
    <edge xml:id="ptb-e00101" from="ptb-n00111" to="ptb-n00112"/>
    <edge xml:id="ptb-e00120" from="ptb-n00109" to="ptb-n00111"/>
    <edge xml:id="ptb-e00100" from="ptb-n00109" to="ptb-n00110"/>
    <edge xml:id="ptb-e00121" from="ptb-n00078" to="ptb-n00109"/>
    <node xml:id="ptb-n00079"/>
    <a label="CONJP" ref="ptb-n00079" as="PTB">
        <fs>
            <f name="cat" value="CONJP"/>
        </fs>
    </a>
    <edge xml:id="ptb-e00070" from="ptb-n00079" to="ptb-n00081"/>
    <edge xml:id="ptb-e00069" from="ptb-n00079" to="ptb-n00080"/>
    <edge xml:id="ptb-e00071" from="ptb-n00078" to="ptb-n00079"/>
    <edge xml:id="ptb-e00122" from="ptb-n00075" to="ptb-n00078"/>
    <node xml:id="ptb-n00076"/>
    <a label="NP" ref="ptb-n00076" as="PTB">
        <fs>
            <f name="cat" value="NP"/>
            <f name="roles" value="SBJ"/>
        </fs>
    </a>
    <node xml:id="ptb-n00077"/>
    <a label="Trace" ref="ptb-n00077" as="PTB">
        <fs>
            <f name="cat" value="*PRO*"/>
        </fs>
    </a>
    <edge xml:id="ptb-e00067" from="ptb-n00076" to="ptb-n00077"/>
    <edge xml:id="ptb-e00068" from="ptb-n00075" to="ptb-n00076"/>
    <edge xml:id="ptb-e00189" from="ptb-n00202" to="ptb-n00075"/>
    <edge xml:id="ptb-e00190" from="ptb-n00201" to="ptb-n00202"/>
    <edge xml:id="ptb-e00191" from="ptb-n00198" to="ptb-n00201"/>
    <node xml:id="ptb-n00199"/>
    <a label="NP" ref="ptb-n00199" as="PTB">
        <fs>
            <f name="cat" value="NP"/>
        </fs>
    </a>
    <node xml:id="ptb-n00200"/>
    <a label="Trace" ref="ptb-n00200" as="PTB">
        <fs>
            <f name="cat" value="*PRO*"/>
        </fs>
    </a>
    <edge xml:id="ptb-e00187" from="ptb-n00199" to="ptb-n00200"/>
    <edge xml:id="ptb-e00188" from="ptb-n00198" to="ptb-n00199"/>
    <edge xml:id="ptb-e00192" from="ptb-n00197" to="ptb-n00198"/>
    <edge xml:id="ptb-e00207" from="ptb-n00197" to="ptb-n00205"/>
    <edge xml:id="ptb-e00208" from="ptb-n00195" to="ptb-n00197"/>
    <edge xml:id="ptb-e00209" from="ptb-n00193" to="ptb-n00195"/>
    <edge xml:id="ptb-e00210" from="ptb-n00188" to="ptb-n00193"/>
    <edge xml:id="ptb-e00211" from="ptb-n00186" to="ptb-n00188"/>
    <edge xml:id="ptb-e00212" from="ptb-n00184" to="ptb-n00186"/>
    <edge xml:id="ptb-e00179" from="ptb-n00184" to="ptb-n00185"/>
    <edge xml:id="ptb-e00213" from="ptb-n00146" to="ptb-n00184"/>
    <edge xml:id="ptb-e00178" from="ptb-n00146" to="ptb-n00183"/>
    <edge xml:id="ptb-e00177" from="ptb-n00146" to="ptb-n00182"/>
    <node xml:id="ptb-n00147"/>
    <a label="VP" ref="ptb-n00147" as="PTB">
        <fs>
            <f name="cat" value="VP"/>
        </fs>
    </a>
    <node xml:id="ptb-n00150"/>
    <a label="VP" ref="ptb-n00150" as="PTB">
        <fs>
            <f name="cat" value="VP"/>
        </fs>
    </a>
    <node xml:id="ptb-n00152"/>
    <a label="PP" ref="ptb-n00152" as="PTB">
        <fs>
            <f name="cat" value="PP"/>
            <f name="roles" value="CLR"/>
        </fs>
    </a>
    <node xml:id="ptb-n00154"/>
    <a label="NP" ref="ptb-n00154" as="PTB">
        <fs>
            <f name="cat" value="NP"/>
        </fs>
    </a>
    <node xml:id="ptb-n00158"/>
    <a label="PP" ref="ptb-n00158" as="PTB">
        <fs>
            <f name="cat" value="PP"/>
        </fs>
    </a>
    <node xml:id="ptb-n00160"/>
    <a label="NP" ref="ptb-n00160" as="PTB">
        <fs>
            <f name="cat" value="NP"/>
        </fs>
    </a>
    <node xml:id="ptb-n00163"/>
    <a label="VP" ref="ptb-n00163" as="PTB">
        <fs>
            <f name="cat" value="VP"/>
        </fs>
    </a>
    <node xml:id="ptb-n00171"/>
    <a label="PP" ref="ptb-n00171" as="PTB">
        <fs>
            <f name="cat" value="PP"/>
            <f name="roles" value="PRP"/>
        </fs>
    </a>
    <node xml:id="ptb-n00173"/>
    <a label="NP" ref="ptb-n00173" as="PTB">
        <fs>
            <f name="cat" value="NP"/>
        </fs>
    </a>
    <node xml:id="ptb-n00178"/>
    <a label="PP" ref="ptb-n00178" as="PTB">
        <fs>
            <f name="cat" value="PP"/>
        </fs>
    </a>
    <node xml:id="ptb-n00180"/>
    <a label="NP" ref="ptb-n00180" as="PTB">
        <fs>
            <f name="cat" value="NP"/>
        </fs>
    </a>
    <edge xml:id="ptb-e00165" from="ptb-n00180" to="ptb-n00181"/>
    <edge xml:id="ptb-e00166" from="ptb-n00178" to="ptb-n00180"/>
    <edge xml:id="ptb-e00164" from="ptb-n00178" to="ptb-n00179"/>
    <edge xml:id="ptb-e00167" from="ptb-n00173" to="ptb-n00178"/>
    <node xml:id="ptb-n00174"/>
    <a label="NP" ref="ptb-n00174" as="PTB">
        <fs>
            <f name="cat" value="NP"/>
        </fs>
    </a>
    <edge xml:id="ptb-e00162" from="ptb-n00174" to="ptb-n00177"/>
    <edge xml:id="ptb-e00161" from="ptb-n00174" to="ptb-n00176"/>
    <edge xml:id="ptb-e00160" from="ptb-n00174" to="ptb-n00175"/>
    <edge xml:id="ptb-e00163" from="ptb-n00173" to="ptb-n00174"/>
    <edge xml:id="ptb-e00168" from="ptb-n00171" to="ptb-n00173"/>
    <edge xml:id="ptb-e00159" from="ptb-n00171" to="ptb-n00172"/>
    <edge xml:id="ptb-e00169" from="ptb-n00163" to="ptb-n00171"/>
    <node xml:id="ptb-n00167"/>
    <a label="PP" ref="ptb-n00167" as="PTB">
        <fs>
            <f name="cat" value="PP"/>
            <f name="roles" value="CLR"/>
        </fs>
    </a>
    <node xml:id="ptb-n00169"/>
    <a label="NP" ref="ptb-n00169" as="PTB">
        <fs>
            <f name="cat" value="NP"/>
        </fs>
    </a>
    <edge xml:id="ptb-e00156" from="ptb-n00169" to="ptb-n00170"/>
    <edge xml:id="ptb-e00157" from="ptb-n00167" to="ptb-n00169"/>
    <edge xml:id="ptb-e00155" from="ptb-n00167" to="ptb-n00168"/>
    <edge xml:id="ptb-e00158" from="ptb-n00163" to="ptb-n00167"/>
    <node xml:id="ptb-n00165"/>
    <a label="NP" ref="ptb-n00165" as="PTB">
        <fs>
            <f name="cat" value="NP"/>
        </fs>
    </a>
    <node xml:id="ptb-n00166"/>
    <a label="Trace" ref="ptb-n00166" as="PTB">
        <fs>
            <f name="cat" value="*"/>
        </fs>
    </a>
    <edge xml:id="ptb-e00153" from="ptb-n00165" to="ptb-n00166"/>
    <edge xml:id="ptb-e00154" from="ptb-n00163" to="ptb-n00165"/>
    <edge xml:id="ptb-e00152" from="ptb-n00163" to="ptb-n00164"/>
    <edge xml:id="ptb-e00170" from="ptb-n00160" to="ptb-n00163"/>
    <node xml:id="ptb-n00161"/>
    <a label="NP" ref="ptb-n00161" as="PTB">
        <fs>
            <f name="cat" value="NP"/>
        </fs>
    </a>
    <edge xml:id="ptb-e00150" from="ptb-n00161" to="ptb-n00162"/>
    <edge xml:id="ptb-e00151" from="ptb-n00160" to="ptb-n00161"/>
    <edge xml:id="ptb-e00171" from="ptb-n00158" to="ptb-n00160"/>
    <edge xml:id="ptb-e00149" from="ptb-n00158" to="ptb-n00159"/>
    <edge xml:id="ptb-e00172" from="ptb-n00154" to="ptb-n00158"/>
    <node xml:id="ptb-n00155"/>
    <a label="NP" ref="ptb-n00155" as="PTB">
        <fs>
            <f name="cat" value="NP"/>
        </fs>
    </a>
    <edge xml:id="ptb-e00147" from="ptb-n00155" to="ptb-n00157"/>
    <edge xml:id="ptb-e00146" from="ptb-n00155" to="ptb-n00156"/>
    <edge xml:id="ptb-e00148" from="ptb-n00154" to="ptb-n00155"/>
    <edge xml:id="ptb-e00173" from="ptb-n00152" to="ptb-n00154"/>
    <edge xml:id="ptb-e00145" from="ptb-n00152" to="ptb-n00153"/>
    <edge xml:id="ptb-e00174" from="ptb-n00150" to="ptb-n00152"/>
    <edge xml:id="ptb-e00144" from="ptb-n00150" to="ptb-n00151"/>
    <edge xml:id="ptb-e00175" from="ptb-n00147" to="ptb-n00150"/>
    <edge xml:id="ptb-e00143" from="ptb-n00147" to="ptb-n00149"/>
    <edge xml:id="ptb-e00142" from="ptb-n00147" to="ptb-n00148"/>
    <edge xml:id="ptb-e00176" from="ptb-n00146" to="ptb-n00147"/>
    <edge xml:id="ptb-e00214" from="ptb-n00132" to="ptb-n00146"/>
    <edge xml:id="ptb-e00141" from="ptb-n00132" to="ptb-n00145"/>
    <node xml:id="ptb-n00133"/>
    <a label="NP" ref="ptb-n00133" as="PTB">
        <fs>
            <f name="cat" value="NP"/>
            <f name="roles" value="SBJ"/>
        </fs>
    </a>
    <node xml:id="ptb-n00139"/>
    <a label="NP" ref="ptb-n00139" as="PTB">
        <fs>
            <f name="cat" value="NP"/>
        </fs>
    </a>
    <node xml:id="ptb-n00143"/>
    <a label="NP" ref="ptb-n00143" as="PTB">
        <fs>
            <f name="cat" value="NP"/>
            <f name="roles" value="LOC"/>
        </fs>
    </a>
    <edge xml:id="ptb-e00137" from="ptb-n00143" to="ptb-n00144"/>
    <edge xml:id="ptb-e00138" from="ptb-n00139" to="ptb-n00143"/>
    <edge xml:id="ptb-e00136" from="ptb-n00139" to="ptb-n00142"/>
    <node xml:id="ptb-n00140"/>
    <a label="NP" ref="ptb-n00140" as="PTB">
        <fs>
            <f name="cat" value="NP"/>
        </fs>
    </a>
    <edge xml:id="ptb-e00134" from="ptb-n00140" to="ptb-n00141"/>
    <edge xml:id="ptb-e00135" from="ptb-n00139" to="ptb-n00140"/>
    <edge xml:id="ptb-e00139" from="ptb-n00133" to="ptb-n00139"/>
    <edge xml:id="ptb-e00133" from="ptb-n00133" to="ptb-n00138"/>
    <node xml:id="ptb-n00134"/>
    <a label="NP" ref="ptb-n00134" as="PTB">
        <fs>
            <f name="cat" value="NP"/>
        </fs>
    </a>
    <edge xml:id="ptb-e00131" from="ptb-n00134" to="ptb-n00137"/>
    <edge xml:id="ptb-e00130" from="ptb-n00134" to="ptb-n00136"/>
    <edge xml:id="ptb-e00129" from="ptb-n00134" to="ptb-n00135"/>
    <edge xml:id="ptb-e00132" from="ptb-n00133" to="ptb-n00134"/>
    <edge xml:id="ptb-e00140" from="ptb-n00132" to="ptb-n00133"/>
    <edge xml:id="e220" from="ptb-n00000" to="ptb-n00132"/>
    <node xml:id="ptb-n00011"/>
    <a label="PP" ref="ptb-n00011" as="PTB">
        <fs>
            <f name="cat" value="PP"/>
        </fs>
    </a>
    <node xml:id="ptb-n00013"/>
    <a label="NP" ref="ptb-n00013" as="PTB">
        <fs>
            <f name="cat" value="NP"/>
        </fs>
    </a>
    <node xml:id="ptb-n00018"/>
    <a label="NP" ref="ptb-n00018" as="PTB">
        <fs>
            <f name="cat" value="NP"/>
        </fs>
    </a>
    <edge xml:id="ptb-e00017" from="ptb-n00018" to="ptb-n00022"/>
    <node xml:id="ptb-n00019"/>
    <a label="NML" ref="ptb-n00019" as="PTB">
        <fs>
            <f name="cat" value="NML"/>
        </fs>
    </a>
    <edge xml:id="ptb-e00015" from="ptb-n00019" to="ptb-n00021"/>
    <edge xml:id="ptb-e00014" from="ptb-n00019" to="ptb-n00020"/>
    <edge xml:id="ptb-e00016" from="ptb-n00018" to="ptb-n00019"/>
    <edge xml:id="ptb-e00018" from="ptb-n00013" to="ptb-n00018"/>
    <edge xml:id="ptb-e00013" from="ptb-n00013" to="ptb-n00017"/>
    <node xml:id="ptb-n00014"/>
    <a label="NP" ref="ptb-n00014" as="PTB">
        <fs>
            <f name="cat" value="NP"/>
        </fs>
    </a>
    <edge xml:id="ptb-e00011" from="ptb-n00014" to="ptb-n00016"/>
    <edge xml:id="ptb-e00010" from="ptb-n00014" to="ptb-n00015"/>
    <edge xml:id="ptb-e00012" from="ptb-n00013" to="ptb-n00014"/>
    <edge xml:id="ptb-e00019" from="ptb-n00011" to="ptb-n00013"/>
    <edge xml:id="ptb-e00009" from="ptb-n00011" to="ptb-n00012"/>
    <edge xml:id="e21" from="ptb-n00000" to="ptb-n00011"/>
    <node xml:id="ptb-n00451"/>
    <a label="S" ref="ptb-n00451" as="PTB">
        <fs>
            <f name="cat" value="S"/>
        </fs>
    </a>
    <edge xml:id="ptb-e00535" from="ptb-n00451" to="ptb-n00533"/>
    <node xml:id="ptb-n00458"/>
    <a label="VP" ref="ptb-n00458" as="PTB">
        <fs>
            <f name="cat" value="VP"/>
        </fs>
    </a>
    <node xml:id="ptb-n00460"/>
    <a label="SBAR" ref="ptb-n00460" as="PTB">
        <fs>
            <f name="cat" value="SBAR"/>
        </fs>
    </a>
    <node xml:id="ptb-n00462"/>
    <a label="S" ref="ptb-n00462" as="PTB">
        <fs>
            <f name="cat" value="S"/>
        </fs>
    </a>
    <node xml:id="ptb-n00465"/>
    <a label="VP" ref="ptb-n00465" as="PTB">
        <fs>
            <f name="cat" value="VP"/>
        </fs>
    </a>
    <node xml:id="ptb-n00467"/>
    <a label="S" ref="ptb-n00467" as="PTB">
        <fs>
            <f name="cat" value="S"/>
        </fs>
    </a>
    <node xml:id="ptb-n00470"/>
    <a label="VP" ref="ptb-n00470" as="PTB">
        <fs>
            <f name="cat" value="VP"/>
        </fs>
    </a>
    <node xml:id="ptb-n00472"/>
    <a label="VP" ref="ptb-n00472" as="PTB">
        <fs>
            <f name="cat" value="VP"/>
        </fs>
    </a>
    <node xml:id="ptb-n00474"/>
    <a label="SBAR" ref="ptb-n00474" as="PTB">
        <fs>
            <f name="cat" value="SBAR"/>
        </fs>
    </a>
    <node xml:id="ptb-n00476"/>
    <a label="S" ref="ptb-n00476" as="PTB">
        <fs>
            <f name="cat" value="S"/>
        </fs>
    </a>
    <node xml:id="ptb-n00479"/>
    <a label="VP" ref="ptb-n00479" as="PTB">
        <fs>
            <f name="cat" value="VP"/>
        </fs>
    </a>
    <node xml:id="ptb-n00482"/>
    <a label="VP" ref="ptb-n00482" as="PTB">
        <fs>
            <f name="cat" value="VP"/>
        </fs>
    </a>
    <node xml:id="ptb-n00484"/>
    <a label="NP" ref="ptb-n00484" as="PTB">
        <fs>
            <f name="cat" value="NP"/>
        </fs>
    </a>
    <node xml:id="ptb-n00487"/>
    <a label="SBAR" ref="ptb-n00487" as="PTB">
        <fs>
            <f name="cat" value="SBAR"/>
        </fs>
    </a>
    <edge xml:id="ptb-e00496" from="ptb-n00487" to="ptb-n00509"/>
    <node xml:id="ptb-n00488"/>
    <a label="SBAR" ref="ptb-n00488" as="PTB">
        <fs>
            <f name="cat" value="SBAR"/>
        </fs>
    </a>
    <node xml:id="ptb-n00491"/>
    <a label="S" ref="ptb-n00491" as="PTB">
        <fs>
            <f name="cat" value="S"/>
        </fs>
    </a>
    <node xml:id="ptb-n00494"/>
    <a label="VP" ref="ptb-n00494" as="PTB">
        <fs>
            <f name="cat" value="VP"/>
        </fs>
    </a>
    <node xml:id="ptb-n00496"/>
    <a label="S" ref="ptb-n00496" as="PTB">
        <fs>
            <f name="cat" value="S"/>
        </fs>
    </a>
    <node xml:id="ptb-n00499"/>
    <a label="VP" ref="ptb-n00499" as="PTB">
        <fs>
            <f name="cat" value="VP"/>
        </fs>
    </a>
    <node xml:id="ptb-n00501"/>
    <a label="VP" ref="ptb-n00501" as="PTB">
        <fs>
            <f name="cat" value="VP"/>
        </fs>
    </a>
    <node xml:id="ptb-n00503"/>
    <a label="ADJP" ref="ptb-n00503" as="PTB">
        <fs>
            <f name="cat" value="ADJP"/>
            <f name="roles" value="PRD"/>
        </fs>
    </a>
    <node xml:id="ptb-n00505"/>
    <a label="PP" ref="ptb-n00505" as="PTB">
        <fs>
            <f name="cat" value="PP"/>
        </fs>
    </a>
    <node xml:id="ptb-n00507"/>
    <a label="NP" ref="ptb-n00507" as="PTB">
        <fs>
            <f name="cat" value="NP"/>
        </fs>
    </a>
    <edge xml:id="ptb-e00486" from="ptb-n00507" to="ptb-n00508"/>
    <edge xml:id="ptb-e00487" from="ptb-n00505" to="ptb-n00507"/>
    <edge xml:id="ptb-e00485" from="ptb-n00505" to="ptb-n00506"/>
    <edge xml:id="ptb-e00488" from="ptb-n00503" to="ptb-n00505"/>
    <edge xml:id="ptb-e00484" from="ptb-n00503" to="ptb-n00504"/>
    <edge xml:id="ptb-e00489" from="ptb-n00501" to="ptb-n00503"/>
    <edge xml:id="ptb-e00483" from="ptb-n00501" to="ptb-n00502"/>
    <edge xml:id="ptb-e00490" from="ptb-n00499" to="ptb-n00501"/>
    <edge xml:id="ptb-e00482" from="ptb-n00499" to="ptb-n00500"/>
    <edge xml:id="ptb-e00491" from="ptb-n00496" to="ptb-n00499"/>
    <node xml:id="ptb-n00497"/>
    <a label="NP" ref="ptb-n00497" as="PTB">
        <fs>
            <f name="cat" value="NP"/>
            <f name="roles" value="SBJ"/>
        </fs>
    </a>
    <node xml:id="ptb-n00498"/>
    <a label="Trace" ref="ptb-n00498" as="PTB">
        <fs>
            <f name="cat" value="*"/>
        </fs>
    </a>
    <node xml:id="ptb-n00492"/>
    <a label="NP" ref="ptb-n00492" as="PTB">
        <fs>
            <f name="cat" value="NP"/>
            <f name="roles" value="SBJ"/>
        </fs>
    </a>
    <node xml:id="ptb-n00493"/>
    <a label="Trace" ref="ptb-n00493" as="PTB">
        <fs>
            <f name="cat" value="*T*"/>
        </fs>
    </a>
    <node xml:id="ptb-n00489"/>
    <a label="WHNP" ref="ptb-n00489" as="PTB">
        <fs>
            <f name="cat" value="WHNP"/>
        </fs>
    </a>
    <edge xml:id="ptb-e00473" from="ptb-n00489" to="ptb-n00490"/>
    <edge xml:id="ptb-e00475" from="ptb-n00493" to="ptb-n00489"/>
    <edge xml:id="ptb-e00476" from="ptb-n00492" to="ptb-n00493"/>
    <edge xml:id="ptb-e00479" from="ptb-n00498" to="ptb-n00492"/>
    <edge xml:id="ptb-e00480" from="ptb-n00497" to="ptb-n00498"/>
    <edge xml:id="ptb-e00481" from="ptb-n00496" to="ptb-n00497"/>
    <edge xml:id="ptb-e00492" from="ptb-n00494" to="ptb-n00496"/>
    <edge xml:id="ptb-e00478" from="ptb-n00494" to="ptb-n00495"/>
    <edge xml:id="ptb-e00493" from="ptb-n00491" to="ptb-n00494"/>
    <edge xml:id="ptb-e00477" from="ptb-n00491" to="ptb-n00492"/>
    <edge xml:id="ptb-e00494" from="ptb-n00488" to="ptb-n00491"/>
    <edge xml:id="ptb-e00474" from="ptb-n00488" to="ptb-n00489"/>
    <edge xml:id="ptb-e00495" from="ptb-n00487" to="ptb-n00488"/>
    <node xml:id="ptb-n00510"/>
    <a label="SBAR" ref="ptb-n00510" as="PTB">
        <fs>
            <f name="cat" value="SBAR"/>
        </fs>
    </a>
    <node xml:id="ptb-n00511"/>
    <a label="WHNP" ref="ptb-n00511" as="PTB">
        <fs>
            <f name="cat" value="WHNP"/>
        </fs>
    </a>
    <edge xml:id="ptb-e00497" from="ptb-n00511" to="ptb-n00512"/>
    <edge xml:id="ptb-e00498" from="ptb-n00510" to="ptb-n00511"/>
    <node xml:id="ptb-n00513"/>
    <a label="S" ref="ptb-n00513" as="PTB">
        <fs>
            <f name="cat" value="S"/>
        </fs>
    </a>
    <node xml:id="ptb-n00516"/>
    <a label="VP" ref="ptb-n00516" as="PTB">
        <fs>
            <f name="cat" value="VP"/>
        </fs>
    </a>
    <node xml:id="ptb-n00518"/>
    <a label="VP" ref="ptb-n00518" as="PTB">
        <fs>
            <f name="cat" value="VP"/>
        </fs>
    </a>
    <node xml:id="ptb-n00520"/>
    <a label="VP" ref="ptb-n00520" as="PTB">
        <fs>
            <f name="cat" value="VP"/>
        </fs>
    </a>
    <node xml:id="ptb-n00524"/>
    <a label="PP" ref="ptb-n00524" as="PTB">
        <fs>
            <f name="cat" value="PP"/>
            <f name="roles" value="CLR"/>
        </fs>
    </a>
    <node xml:id="ptb-n00526"/>
    <a label="S" ref="ptb-n00526" as="PTB">
        <fs>
            <f name="cat" value="S"/>
            <f name="roles" value="NOM"/>
        </fs>
    </a>
    <node xml:id="ptb-n00529"/>
    <a label="VP" ref="ptb-n00529" as="PTB">
        <fs>
            <f name="cat" value="VP"/>
        </fs>
    </a>
    <node xml:id="ptb-n00531"/>
    <a label="NP" ref="ptb-n00531" as="PTB">
        <fs>
            <f name="cat" value="NP"/>
        </fs>
    </a>
    <edge xml:id="ptb-e00512" from="ptb-n00531" to="ptb-n00532"/>
    <edge xml:id="ptb-e00513" from="ptb-n00529" to="ptb-n00531"/>
    <edge xml:id="ptb-e00511" from="ptb-n00529" to="ptb-n00530"/>
    <edge xml:id="ptb-e00514" from="ptb-n00526" to="ptb-n00529"/>
    <node xml:id="ptb-n00527"/>
    <a label="NP" ref="ptb-n00527" as="PTB">
        <fs>
            <f name="cat" value="NP"/>
            <f name="roles" value="SBJ"/>
        </fs>
    </a>
    <node xml:id="ptb-n00528"/>
    <a label="Trace" ref="ptb-n00528" as="PTB">
        <fs>
            <f name="cat" value="*PRO*"/>
        </fs>
    </a>
    <edge xml:id="ptb-e00509" from="ptb-n00527" to="ptb-n00528"/>
    <edge xml:id="ptb-e00510" from="ptb-n00526" to="ptb-n00527"/>
    <edge xml:id="ptb-e00515" from="ptb-n00524" to="ptb-n00526"/>
    <edge xml:id="ptb-e00508" from="ptb-n00524" to="ptb-n00525"/>
    <edge xml:id="ptb-e00516" from="ptb-n00520" to="ptb-n00524"/>
    <node xml:id="ptb-n00522"/>
    <a label="NP" ref="ptb-n00522" as="PTB">
        <fs>
            <f name="cat" value="NP"/>
        </fs>
    </a>
    <node xml:id="ptb-n00523"/>
    <a label="Trace" ref="ptb-n00523" as="PTB">
        <fs>
            <f name="cat" value="*"/>
        </fs>
    </a>
    <node xml:id="ptb-n00514"/>
    <a label="NP" ref="ptb-n00514" as="PTB">
        <fs>
            <f name="cat" value="NP"/>
            <f name="roles" value="SBJ"/>
        </fs>
    </a>
    <node xml:id="ptb-n00515"/>
    <a label="Trace" ref="ptb-n00515" as="PTB">
        <fs>
            <f name="cat" value="*T*"/>
        </fs>
    </a>
    <edge xml:id="ptb-e00499" from="ptb-n00515" to="ptb-n00511"/>
    <edge xml:id="ptb-e00500" from="ptb-n00514" to="ptb-n00515"/>
    <edge xml:id="ptb-e00505" from="ptb-n00523" to="ptb-n00514"/>
    <edge xml:id="ptb-e00506" from="ptb-n00522" to="ptb-n00523"/>
    <edge xml:id="ptb-e00507" from="ptb-n00520" to="ptb-n00522"/>
    <edge xml:id="ptb-e00504" from="ptb-n00520" to="ptb-n00521"/>
    <edge xml:id="ptb-e00517" from="ptb-n00518" to="ptb-n00520"/>
    <edge xml:id="ptb-e00503" from="ptb-n00518" to="ptb-n00519"/>
    <edge xml:id="ptb-e00518" from="ptb-n00516" to="ptb-n00518"/>
    <edge xml:id="ptb-e00502" from="ptb-n00516" to="ptb-n00517"/>
    <edge xml:id="ptb-e00519" from="ptb-n00513" to="ptb-n00516"/>
    <edge xml:id="ptb-e00501" from="ptb-n00513" to="ptb-n00514"/>
    <edge xml:id="ptb-e00520" from="ptb-n00510" to="ptb-n00513"/>
    <edge xml:id="ptb-e00521" from="ptb-n00487" to="ptb-n00510"/>
    <edge xml:id="ptb-e00522" from="ptb-n00484" to="ptb-n00487"/>
    <node xml:id="ptb-n00485"/>
    <a label="NP" ref="ptb-n00485" as="PTB">
        <fs>
            <f name="cat" value="NP"/>
        </fs>
    </a>
    <edge xml:id="ptb-e00471" from="ptb-n00485" to="ptb-n00486"/>
    <edge xml:id="ptb-e00472" from="ptb-n00484" to="ptb-n00485"/>
    <edge xml:id="ptb-e00523" from="ptb-n00482" to="ptb-n00484"/>
    <edge xml:id="ptb-e00470" from="ptb-n00482" to="ptb-n00483"/>
    <edge xml:id="ptb-e00524" from="ptb-n00479" to="ptb-n00482"/>
    <edge xml:id="ptb-e00469" from="ptb-n00479" to="ptb-n00481"/>
    <edge xml:id="ptb-e00468" from="ptb-n00479" to="ptb-n00480"/>
    <edge xml:id="ptb-e00525" from="ptb-n00476" to="ptb-n00479"/>
    <node xml:id="ptb-n00477"/>
    <a label="NP" ref="ptb-n00477" as="PTB">
        <fs>
            <f name="cat" value="NP"/>
            <f name="roles" value="SBJ"/>
        </fs>
    </a>
    <edge xml:id="ptb-e00466" from="ptb-n00477" to="ptb-n00478"/>
    <edge xml:id="ptb-e00467" from="ptb-n00476" to="ptb-n00477"/>
    <edge xml:id="ptb-e00526" from="ptb-n00474" to="ptb-n00476"/>
    <edge xml:id="ptb-e00465" from="ptb-n00474" to="ptb-n00475"/>
    <edge xml:id="ptb-e00527" from="ptb-n00472" to="ptb-n00474"/>
    <edge xml:id="ptb-e00464" from="ptb-n00472" to="ptb-n00473"/>
    <edge xml:id="ptb-e00528" from="ptb-n00470" to="ptb-n00472"/>
    <edge xml:id="ptb-e00463" from="ptb-n00470" to="ptb-n00471"/>
    <edge xml:id="ptb-e00529" from="ptb-n00467" to="ptb-n00470"/>
    <node xml:id="ptb-n00468"/>
    <a label="NP" ref="ptb-n00468" as="PTB">
        <fs>
            <f name="cat" value="NP"/>
            <f name="roles" value="SBJ"/>
        </fs>
    </a>
    <node xml:id="ptb-n00469"/>
    <a label="Trace" ref="ptb-n00469" as="PTB">
        <fs>
            <f name="cat" value="*PRO*"/>
        </fs>
    </a>
    <node xml:id="ptb-n00463"/>
    <a label="NP" ref="ptb-n00463" as="PTB">
        <fs>
            <f name="cat" value="NP"/>
            <f name="roles" value="SBJ"/>
        </fs>
    </a>
    <edge xml:id="ptb-e00457" from="ptb-n00463" to="ptb-n00464"/>
    <edge xml:id="ptb-e00460" from="ptb-n00469" to="ptb-n00463"/>
    <edge xml:id="ptb-e00461" from="ptb-n00468" to="ptb-n00469"/>
    <edge xml:id="ptb-e00462" from="ptb-n00467" to="ptb-n00468"/>
    <edge xml:id="ptb-e00530" from="ptb-n00465" to="ptb-n00467"/>
    <edge xml:id="ptb-e00459" from="ptb-n00465" to="ptb-n00466"/>
    <edge xml:id="ptb-e00531" from="ptb-n00462" to="ptb-n00465"/>
    <edge xml:id="ptb-e00458" from="ptb-n00462" to="ptb-n00463"/>
    <edge xml:id="ptb-e00532" from="ptb-n00460" to="ptb-n00462"/>
    <node xml:id="ptb-n00461"/>
    <a label="Trace" ref="ptb-n00461" as="PTB">
        <fs>
            <f name="cat" value="0"/>
        </fs>
    </a>
    <edge xml:id="ptb-e00456" from="ptb-n00460" to="ptb-n00461"/>
    <edge xml:id="ptb-e00533" from="ptb-n00458" to="ptb-n00460"/>
    <edge xml:id="ptb-e00455" from="ptb-n00458" to="ptb-n00459"/>
    <edge xml:id="ptb-e00534" from="ptb-n00451" to="ptb-n00458"/>
    <node xml:id="ptb-n00452"/>
    <a label="NP" ref="ptb-n00452" as="PTB">
        <fs>
            <f name="cat" value="NP"/>
            <f name="roles" value="SBJ"/>
        </fs>
    </a>
    <edge xml:id="ptb-e00449" from="ptb-n00452" to="ptb-n00453"/>
    <edge xml:id="ptb-e00453" from="ptb-n00452" to="ptb-n00457"/>
    <node xml:id="ptb-n00454"/>
    <a label="NML" ref="ptb-n00454" as="PTB">
        <fs>
            <f name="cat" value="NML"/>
        </fs>
    </a>
    <edge xml:id="ptb-e00451" from="ptb-n00454" to="ptb-n00456"/>
    <edge xml:id="ptb-e00450" from="ptb-n00454" to="ptb-n00455"/>
    <edge xml:id="ptb-e00452" from="ptb-n00452" to="ptb-n00454"/>
    <edge xml:id="ptb-e00454" from="ptb-n00451" to="ptb-n00452"/>
    <edge xml:id="e545" from="ptb-n00000" to="ptb-n00451"/>
    <node xml:id="ptb-n00034"/>
    <a label="S" ref="ptb-n00034" as="PTB">
        <fs>
            <f name="cat" value="S"/>
        </fs>
    </a>
    <edge xml:id="ptb-e00128" from="ptb-n00034" to="ptb-n00131"/>
    <node xml:id="ptb-n00059"/>
    <a label="VP" ref="ptb-n00059" as="PTB">
        <fs>
            <f name="cat" value="VP"/>
        </fs>
    </a>
    <node xml:id="ptb-n00063"/>
    <a label="SBAR" ref="ptb-n00063" as="PTB">
        <fs>
            <f name="cat" value="SBAR"/>
        </fs>
    </a>
    <node xml:id="ptb-n00065"/>
    <a label="S" ref="ptb-n00065" as="PTB">
        <fs>
            <f name="cat" value="S"/>
        </fs>
    </a>
    <node xml:id="ptb-n00071"/>
    <a label="VP" ref="ptb-n00071" as="PTB">
        <fs>
            <f name="cat" value="VP"/>
        </fs>
    </a>
    <edge xml:id="ptb-e00123" from="ptb-n00071" to="ptb-n00075"/>
    <node xml:id="ptb-n00073"/>
    <a label="ADJP" ref="ptb-n00073" as="PTB">
        <fs>
            <f name="cat" value="ADJP"/>
            <f name="roles" value="PRD"/>
        </fs>
    </a>
    <edge xml:id="ptb-e00065" from="ptb-n00073" to="ptb-n00074"/>
    <edge xml:id="ptb-e00066" from="ptb-n00071" to="ptb-n00073"/>
    <edge xml:id="ptb-e00064" from="ptb-n00071" to="ptb-n00072"/>
    <edge xml:id="ptb-e00124" from="ptb-n00065" to="ptb-n00071"/>
    <node xml:id="ptb-n00066"/>
    <a label="NP" ref="ptb-n00066" as="PTB">
        <fs>
            <f name="cat" value="NP"/>
            <f name="roles" value="SBJ"/>
        </fs>
    </a>
    <node xml:id="ptb-n00069"/>
    <a label="S" ref="ptb-n00069" as="PTB">
        <fs>
            <f name="cat" value="S"/>
        </fs>
    </a>
    <node xml:id="ptb-n00070"/>
    <a label="Trace" ref="ptb-n00070" as="PTB">
        <fs>
            <f name="cat" value="*EXP*"/>
        </fs>
    </a>
    <edge xml:id="ptb-e00060" from="ptb-n00070" to="ptb-n00513"/>
    <edge xml:id="ptb-e00061" from="ptb-n00069" to="ptb-n00070"/>
    <edge xml:id="ptb-e00062" from="ptb-n00066" to="ptb-n00069"/>
    <node xml:id="ptb-n00067"/>
    <a label="NP" ref="ptb-n00067" as="PTB">
        <fs>
            <f name="cat" value="NP"/>
        </fs>
    </a>
    <edge xml:id="ptb-e00058" from="ptb-n00067" to="ptb-n00068"/>
    <edge xml:id="ptb-e00059" from="ptb-n00066" to="ptb-n00067"/>
    <edge xml:id="ptb-e00063" from="ptb-n00065" to="ptb-n00066"/>
    <edge xml:id="ptb-e00125" from="ptb-n00063" to="ptb-n00065"/>
    <node xml:id="ptb-n00064"/>
    <a label="Trace" ref="ptb-n00064" as="PTB">
        <fs>
            <f name="cat" value="0"/>
        </fs>
    </a>
    <edge xml:id="ptb-e00057" from="ptb-n00063" to="ptb-n00064"/>
    <edge xml:id="ptb-e00126" from="ptb-n00059" to="ptb-n00063"/>
    <node xml:id="ptb-n00061"/>
    <a label="NP" ref="ptb-n00061" as="PTB">
        <fs>
            <f name="cat" value="NP"/>
            <f name="roles" value="TMP"/>
        </fs>
    </a>
    <edge xml:id="ptb-e00055" from="ptb-n00061" to="ptb-n00062"/>
    <edge xml:id="ptb-e00056" from="ptb-n00059" to="ptb-n00061"/>
    <edge xml:id="ptb-e00054" from="ptb-n00059" to="ptb-n00060"/>
    <edge xml:id="ptb-e00127" from="ptb-n00034" to="ptb-n00059"/>
    <node xml:id="ptb-n00035"/>
    <a label="NP" ref="ptb-n00035" as="PTB">
        <fs>
            <f name="cat" value="NP"/>
            <f name="roles" value="SBJ"/>
        </fs>
    </a>
    <node xml:id="ptb-n00036"/>
    <a label="NP" ref="ptb-n00036" as="PTB">
        <fs>
            <f name="cat" value="NP"/>
        </fs>
    </a>
    <edge xml:id="ptb-e00034" from="ptb-n00036" to="ptb-n00041"/>
    <node xml:id="ptb-n00038"/>
    <a label="NML" ref="ptb-n00038" as="PTB">
        <fs>
            <f name="cat" value="NML"/>
        </fs>
    </a>
    <edge xml:id="ptb-e00032" from="ptb-n00038" to="ptb-n00040"/>
    <edge xml:id="ptb-e00031" from="ptb-n00038" to="ptb-n00039"/>
    <edge xml:id="ptb-e00033" from="ptb-n00036" to="ptb-n00038"/>
    <edge xml:id="ptb-e00030" from="ptb-n00036" to="ptb-n00037"/>
    <edge xml:id="ptb-e00035" from="ptb-n00035" to="ptb-n00036"/>
    <node xml:id="ptb-n00042"/>
    <a label="VP" ref="ptb-n00042" as="PTB">
        <fs>
            <f name="cat" value="VP"/>
        </fs>
    </a>
    <edge xml:id="ptb-e00036" from="ptb-n00042" to="ptb-n00043"/>
    <node xml:id="ptb-n00044"/>
    <a label="NP" ref="ptb-n00044" as="PTB">
        <fs>
            <f name="cat" value="NP"/>
        </fs>
    </a>
    <node xml:id="ptb-n00048"/>
    <a label="PP" ref="ptb-n00048" as="PTB">
        <fs>
            <f name="cat" value="PP"/>
        </fs>
    </a>
    <node xml:id="ptb-n00050"/>
    <a label="NP" ref="ptb-n00050" as="PTB">
        <fs>
            <f name="cat" value="NP"/>
        </fs>
    </a>
    <edge xml:id="ptb-e00044" from="ptb-n00050" to="ptb-n00054"/>
    <node xml:id="ptb-n00051"/>
    <a label="NML" ref="ptb-n00051" as="PTB">
        <fs>
            <f name="cat" value="NML"/>
        </fs>
    </a>
    <edge xml:id="ptb-e00042" from="ptb-n00051" to="ptb-n00053"/>
    <edge xml:id="ptb-e00041" from="ptb-n00051" to="ptb-n00052"/>
    <edge xml:id="ptb-e00043" from="ptb-n00050" to="ptb-n00051"/>
    <edge xml:id="ptb-e00045" from="ptb-n00048" to="ptb-n00050"/>
    <edge xml:id="ptb-e00040" from="ptb-n00048" to="ptb-n00049"/>
    <edge xml:id="ptb-e00046" from="ptb-n00044" to="ptb-n00048"/>
    <node xml:id="ptb-n00045"/>
    <a label="NP" ref="ptb-n00045" as="PTB">
        <fs>
            <f name="cat" value="NP"/>
        </fs>
    </a>
    <edge xml:id="ptb-e00038" from="ptb-n00045" to="ptb-n00047"/>
    <edge xml:id="ptb-e00037" from="ptb-n00045" to="ptb-n00046"/>
    <edge xml:id="ptb-e00039" from="ptb-n00044" to="ptb-n00045"/>
    <node xml:id="ptb-n00055"/>
    <a label="PP" ref="ptb-n00055" as="PTB">
        <fs>
            <f name="cat" value="PP"/>
        </fs>
    </a>
    <node xml:id="ptb-n00057"/>
    <a label="NP" ref="ptb-n00057" as="PTB">
        <fs>
            <f name="cat" value="NP"/>
        </fs>
    </a>
    <edge xml:id="ptb-e00048" from="ptb-n00057" to="ptb-n00058"/>
    <edge xml:id="ptb-e00049" from="ptb-n00055" to="ptb-n00057"/>
    <edge xml:id="ptb-e00047" from="ptb-n00055" to="ptb-n00056"/>
    <edge xml:id="ptb-e00050" from="ptb-n00044" to="ptb-n00055"/>
    <edge xml:id="ptb-e00051" from="ptb-n00042" to="ptb-n00044"/>
    <edge xml:id="ptb-e00052" from="ptb-n00035" to="ptb-n00042"/>
    <edge xml:id="ptb-e00053" from="ptb-n00034" to="ptb-n00035"/>
    <edge xml:id="e132" from="ptb-n00000" to="ptb-n00034"/>
    <node xml:id="ptb-n00406"/>
    <a label="S" ref="ptb-n00406" as="PTB">
        <fs>
            <f name="cat" value="S"/>
        </fs>
    </a>
    <edge xml:id="ptb-e00448" from="ptb-n00406" to="ptb-n00450"/>
    <node xml:id="ptb-n00409"/>
    <a label="VP" ref="ptb-n00409" as="PTB">
        <fs>
            <f name="cat" value="VP"/>
        </fs>
    </a>
    <node xml:id="ptb-n00411"/>
    <a label="SBAR" ref="ptb-n00411" as="PTB">
        <fs>
            <f name="cat" value="SBAR"/>
        </fs>
    </a>
    <node xml:id="ptb-n00413"/>
    <a label="S" ref="ptb-n00413" as="PTB">
        <fs>
            <f name="cat" value="S"/>
        </fs>
    </a>
    <node xml:id="ptb-n00422"/>
    <a label="VP" ref="ptb-n00422" as="PTB">
        <fs>
            <f name="cat" value="VP"/>
        </fs>
    </a>
    <node xml:id="ptb-n00435"/>
    <a label="S" ref="ptb-n00435" as="PTB">
        <fs>
            <f name="cat" value="S"/>
            <f name="roles" value="ADV"/>
        </fs>
    </a>
    <node xml:id="ptb-n00438"/>
    <a label="VP" ref="ptb-n00438" as="PTB">
        <fs>
            <f name="cat" value="VP"/>
        </fs>
    </a>
    <node xml:id="ptb-n00440"/>
    <a label="NP" ref="ptb-n00440" as="PTB">
        <fs>
            <f name="cat" value="NP"/>
        </fs>
    </a>
    <node xml:id="ptb-n00444"/>
    <a label="PP" ref="ptb-n00444" as="PTB">
        <fs>
            <f name="cat" value="PP"/>
            <f name="roles" value="LOC"/>
        </fs>
    </a>
    <node xml:id="ptb-n00446"/>
    <a label="NP" ref="ptb-n00446" as="PTB">
        <fs>
            <f name="cat" value="NP"/>
        </fs>
    </a>
    <edge xml:id="ptb-e00438" from="ptb-n00446" to="ptb-n00449"/>
    <edge xml:id="ptb-e00437" from="ptb-n00446" to="ptb-n00448"/>
    <edge xml:id="ptb-e00436" from="ptb-n00446" to="ptb-n00447"/>
    <edge xml:id="ptb-e00439" from="ptb-n00444" to="ptb-n00446"/>
    <edge xml:id="ptb-e00435" from="ptb-n00444" to="ptb-n00445"/>
    <edge xml:id="ptb-e00440" from="ptb-n00440" to="ptb-n00444"/>
    <node xml:id="ptb-n00441"/>
    <a label="NP" ref="ptb-n00441" as="PTB">
        <fs>
            <f name="cat" value="NP"/>
        </fs>
    </a>
    <edge xml:id="ptb-e00433" from="ptb-n00441" to="ptb-n00443"/>
    <edge xml:id="ptb-e00432" from="ptb-n00441" to="ptb-n00442"/>
    <edge xml:id="ptb-e00434" from="ptb-n00440" to="ptb-n00441"/>
    <edge xml:id="ptb-e00441" from="ptb-n00438" to="ptb-n00440"/>
    <edge xml:id="ptb-e00431" from="ptb-n00438" to="ptb-n00439"/>
    <edge xml:id="ptb-e00442" from="ptb-n00435" to="ptb-n00438"/>
    <node xml:id="ptb-n00436"/>
    <a label="NP" ref="ptb-n00436" as="PTB">
        <fs>
            <f name="cat" value="NP"/>
            <f name="roles" value="SBJ"/>
        </fs>
    </a>
    <node xml:id="ptb-n00437"/>
    <a label="Trace" ref="ptb-n00437" as="PTB">
        <fs>
            <f name="cat" value="*PRO*"/>
        </fs>
    </a>
    <node xml:id="ptb-n00414"/>
    <a label="NP" ref="ptb-n00414" as="PTB">
        <fs>
            <f name="cat" value="NP"/>
            <f name="roles" value="SBJ"/>
        </fs>
    </a>
    <node xml:id="ptb-n00420"/>
    <a label="NP" ref="ptb-n00420" as="PTB">
        <fs>
            <f name="cat" value="NP"/>
        </fs>
    </a>
    <edge xml:id="ptb-e00413" from="ptb-n00420" to="ptb-n00421"/>
    <edge xml:id="ptb-e00414" from="ptb-n00414" to="ptb-n00420"/>
    <edge xml:id="ptb-e00412" from="ptb-n00414" to="ptb-n00419"/>
    <node xml:id="ptb-n00415"/>
    <a label="NP" ref="ptb-n00415" as="PTB">
        <fs>
            <f name="cat" value="NP"/>
        </fs>
    </a>
    <edge xml:id="ptb-e00410" from="ptb-n00415" to="ptb-n00418"/>
    <edge xml:id="ptb-e00409" from="ptb-n00415" to="ptb-n00417"/>
    <edge xml:id="ptb-e00408" from="ptb-n00415" to="ptb-n00416"/>
    <edge xml:id="ptb-e00411" from="ptb-n00414" to="ptb-n00415"/>
    <edge xml:id="ptb-e00428" from="ptb-n00437" to="ptb-n00414"/>
    <edge xml:id="ptb-e00429" from="ptb-n00436" to="ptb-n00437"/>
    <edge xml:id="ptb-e00430" from="ptb-n00435" to="ptb-n00436"/>
    <edge xml:id="ptb-e00443" from="ptb-n00422" to="ptb-n00435"/>
    <edge xml:id="ptb-e00427" from="ptb-n00422" to="ptb-n00434"/>
    <node xml:id="ptb-n00426"/>
    <a label="NP" ref="ptb-n00426" as="PTB">
        <fs>
            <f name="cat" value="NP"/>
        </fs>
    </a>
    <node xml:id="ptb-n00429"/>
    <a label="PP" ref="ptb-n00429" as="PTB">
        <fs>
            <f name="cat" value="PP"/>
        </fs>
    </a>
    <node xml:id="ptb-n00431"/>
    <a label="NP" ref="ptb-n00431" as="PTB">
        <fs>
            <f name="cat" value="NP"/>
        </fs>
    </a>
    <edge xml:id="ptb-e00423" from="ptb-n00431" to="ptb-n00433"/>
    <edge xml:id="ptb-e00422" from="ptb-n00431" to="ptb-n00432"/>
    <edge xml:id="ptb-e00424" from="ptb-n00429" to="ptb-n00431"/>
    <edge xml:id="ptb-e00421" from="ptb-n00429" to="ptb-n00430"/>
    <edge xml:id="ptb-e00425" from="ptb-n00426" to="ptb-n00429"/>
    <node xml:id="ptb-n00427"/>
    <a label="NP" ref="ptb-n00427" as="PTB">
        <fs>
            <f name="cat" value="NP"/>
        </fs>
    </a>
    <edge xml:id="ptb-e00419" from="ptb-n00427" to="ptb-n00428"/>
    <edge xml:id="ptb-e00420" from="ptb-n00426" to="ptb-n00427"/>
    <edge xml:id="ptb-e00426" from="ptb-n00422" to="ptb-n00426"/>
    <node xml:id="ptb-n00424"/>
    <a label="PRT" ref="ptb-n00424" as="PTB">
        <fs>
            <f name="cat" value="PRT"/>
        </fs>
    </a>
    <edge xml:id="ptb-e00417" from="ptb-n00424" to="ptb-n00425"/>
    <edge xml:id="ptb-e00418" from="ptb-n00422" to="ptb-n00424"/>
    <edge xml:id="ptb-e00416" from="ptb-n00422" to="ptb-n00423"/>
    <edge xml:id="ptb-e00444" from="ptb-n00413" to="ptb-n00422"/>
    <edge xml:id="ptb-e00415" from="ptb-n00413" to="ptb-n00414"/>
    <edge xml:id="ptb-e00445" from="ptb-n00411" to="ptb-n00413"/>
    <node xml:id="ptb-n00412"/>
    <a label="Trace" ref="ptb-n00412" as="PTB">
        <fs>
            <f name="cat" value="0"/>
        </fs>
    </a>
    <edge xml:id="ptb-e00407" from="ptb-n00411" to="ptb-n00412"/>
    <edge xml:id="ptb-e00446" from="ptb-n00409" to="ptb-n00411"/>
    <edge xml:id="ptb-e00406" from="ptb-n00409" to="ptb-n00410"/>
    <edge xml:id="ptb-e00447" from="ptb-n00406" to="ptb-n00409"/>
    <node xml:id="ptb-n00407"/>
    <a label="NP" ref="ptb-n00407" as="PTB">
        <fs>
            <f name="cat" value="NP"/>
            <f name="roles" value="SBJ"/>
        </fs>
    </a>
    <edge xml:id="ptb-e00404" from="ptb-n00407" to="ptb-n00408"/>
    <edge xml:id="ptb-e00405" from="ptb-n00406" to="ptb-n00407"/>
    <edge xml:id="e457" from="ptb-n00000" to="ptb-n00406"/>
    <node xml:id="ptb-n00001"/>
    <a label="S" ref="ptb-n00001" as="PTB">
        <fs>
            <f name="cat" value="S"/>
            <f name="roles" value="HLN"/>
        </fs>
    </a>
    <node xml:id="ptb-n00004"/>
    <a label="VP" ref="ptb-n00004" as="PTB">
        <fs>
            <f name="cat" value="VP"/>
        </fs>
    </a>
    <node xml:id="ptb-n00006"/>
    <a label="PP" ref="ptb-n00006" as="PTB">
        <fs>
            <f name="cat" value="PP"/>
            <f name="roles" value="CLR"/>
        </fs>
    </a>
    <node xml:id="ptb-n00008"/>
    <a label="NP" ref="ptb-n00008" as="PTB">
        <fs>
            <f name="cat" value="NP"/>
        </fs>
    </a>
    <edge xml:id="ptb-e00005" from="ptb-n00008" to="ptb-n00010"/>
    <edge xml:id="ptb-e00004" from="ptb-n00008" to="ptb-n00009"/>
    <edge xml:id="ptb-e00006" from="ptb-n00006" to="ptb-n00008"/>
    <edge xml:id="ptb-e00003" from="ptb-n00006" to="ptb-n00007"/>
    <edge xml:id="ptb-e00007" from="ptb-n00004" to="ptb-n00006"/>
    <edge xml:id="ptb-e00002" from="ptb-n00004" to="ptb-n00005"/>
    <edge xml:id="ptb-e00008" from="ptb-n00001" to="ptb-n00004"/>
    <node xml:id="ptb-n00002"/>
    <a label="NP" ref="ptb-n00002" as="PTB">
        <fs>
            <f name="cat" value="NP"/>
            <f name="roles" value="SBJ"/>
        </fs>
    </a>
    <edge xml:id="ptb-e00000" from="ptb-n00002" to="ptb-n00003"/>
    <edge xml:id="ptb-e00001" from="ptb-n00001" to="ptb-n00002"/>
    <edge xml:id="e9" from="ptb-n00000" to="ptb-n00001"/>
    <node xml:id="ptb-n00349"/>
    <a label="S" ref="ptb-n00349" as="PTB">
        <fs>
            <f name="cat" value="S"/>
        </fs>
    </a>
    <node xml:id="ptb-n00397"/>
    <a label="NP" ref="ptb-n00397" as="PTB">
        <fs>
            <f name="cat" value="NP"/>
            <f name="roles" value="SBJ"/>
        </fs>
    </a>
    <edge xml:id="ptb-e00394" from="ptb-n00397" to="ptb-n00398"/>
    <edge xml:id="ptb-e00395" from="ptb-n00349" to="ptb-n00397"/>
    <edge xml:id="ptb-e00393" from="ptb-n00349" to="ptb-n00396"/>
    <node xml:id="ptb-n00350"/>
    <a label="S" ref="ptb-n00350" as="PTB">
        <fs>
            <f name="cat" value="S"/>
            <f name="roles" value="TPC"/>
        </fs>
    </a>
    <node xml:id="ptb-n00354"/>
    <a label="VP" ref="ptb-n00354" as="PTB">
        <fs>
            <f name="cat" value="VP"/>
        </fs>
    </a>
    <node xml:id="ptb-n00356"/>
    <a label="VP" ref="ptb-n00356" as="PTB">
        <fs>
            <f name="cat" value="VP"/>
        </fs>
    </a>
    <node xml:id="ptb-n00358"/>
    <a label="S" ref="ptb-n00358" as="PTB">
        <fs>
            <f name="cat" value="S"/>
            <f name="roles" value="PRD"/>
        </fs>
    </a>
    <node xml:id="ptb-n00361"/>
    <a label="VP" ref="ptb-n00361" as="PTB">
        <fs>
            <f name="cat" value="VP"/>
        </fs>
    </a>
    <node xml:id="ptb-n00363"/>
    <a label="VP" ref="ptb-n00363" as="PTB">
        <fs>
            <f name="cat" value="VP"/>
        </fs>
    </a>
    <node xml:id="ptb-n00387"/>
    <a label="PP" ref="ptb-n00387" as="PTB">
        <fs>
            <f name="cat" value="PP"/>
            <f name="roles" value="LOC"/>
        </fs>
    </a>
    <node xml:id="ptb-n00389"/>
    <a label="NP" ref="ptb-n00389" as="PTB">
        <fs>
            <f name="cat" value="NP"/>
        </fs>
    </a>
    <edge xml:id="ptb-e00384" from="ptb-n00389" to="ptb-n00395"/>
    <edge xml:id="ptb-e00383" from="ptb-n00389" to="ptb-n00394"/>
    <node xml:id="ptb-n00391"/>
    <a label="NML" ref="ptb-n00391" as="PTB">
        <fs>
            <f name="cat" value="NML"/>
        </fs>
    </a>
    <edge xml:id="ptb-e00381" from="ptb-n00391" to="ptb-n00393"/>
    <edge xml:id="ptb-e00380" from="ptb-n00391" to="ptb-n00392"/>
    <edge xml:id="ptb-e00382" from="ptb-n00389" to="ptb-n00391"/>
    <edge xml:id="ptb-e00379" from="ptb-n00389" to="ptb-n00390"/>
    <edge xml:id="ptb-e00385" from="ptb-n00387" to="ptb-n00389"/>
    <edge xml:id="ptb-e00378" from="ptb-n00387" to="ptb-n00388"/>
    <edge xml:id="ptb-e00386" from="ptb-n00363" to="ptb-n00387"/>
    <node xml:id="ptb-n00367"/>
    <a label="NP" ref="ptb-n00367" as="PTB">
        <fs>
            <f name="cat" value="NP"/>
        </fs>
    </a>
    <node xml:id="ptb-n00382"/>
    <a label="PP" ref="ptb-n00382" as="PTB">
        <fs>
            <f name="cat" value="PP"/>
            <f name="roles" value="DIR"/>
        </fs>
    </a>
    <node xml:id="ptb-n00384"/>
    <a label="NP" ref="ptb-n00384" as="PTB">
        <fs>
            <f name="cat" value="NP"/>
        </fs>
    </a>
    <edge xml:id="ptb-e00374" from="ptb-n00384" to="ptb-n00386"/>
    <edge xml:id="ptb-e00373" from="ptb-n00384" to="ptb-n00385"/>
    <edge xml:id="ptb-e00375" from="ptb-n00382" to="ptb-n00384"/>
    <edge xml:id="ptb-e00372" from="ptb-n00382" to="ptb-n00383"/>
    <edge xml:id="ptb-e00376" from="ptb-n00367" to="ptb-n00382"/>
    <node xml:id="ptb-n00371"/>
    <a label="PP" ref="ptb-n00371" as="PTB">
        <fs>
            <f name="cat" value="PP"/>
        </fs>
    </a>
    <node xml:id="ptb-n00373"/>
    <a label="NP" ref="ptb-n00373" as="PTB">
        <fs>
            <f name="cat" value="NP"/>
        </fs>
    </a>
    <node xml:id="ptb-n00378"/>
    <a label="NP" ref="ptb-n00378" as="PTB">
        <fs>
            <f name="cat" value="NP"/>
        </fs>
    </a>
    <edge xml:id="ptb-e00368" from="ptb-n00378" to="ptb-n00381"/>
    <edge xml:id="ptb-e00367" from="ptb-n00378" to="ptb-n00380"/>
    <edge xml:id="ptb-e00366" from="ptb-n00378" to="ptb-n00379"/>
    <edge xml:id="ptb-e00369" from="ptb-n00373" to="ptb-n00378"/>
    <edge xml:id="ptb-e00365" from="ptb-n00373" to="ptb-n00377"/>
    <node xml:id="ptb-n00374"/>
    <a label="NP" ref="ptb-n00374" as="PTB">
        <fs>
            <f name="cat" value="NP"/>
        </fs>
    </a>
    <edge xml:id="ptb-e00363" from="ptb-n00374" to="ptb-n00376"/>
    <edge xml:id="ptb-e00362" from="ptb-n00374" to="ptb-n00375"/>
    <edge xml:id="ptb-e00364" from="ptb-n00373" to="ptb-n00374"/>
    <edge xml:id="ptb-e00370" from="ptb-n00371" to="ptb-n00373"/>
    <edge xml:id="ptb-e00361" from="ptb-n00371" to="ptb-n00372"/>
    <edge xml:id="ptb-e00371" from="ptb-n00367" to="ptb-n00371"/>
    <node xml:id="ptb-n00368"/>
    <a label="NP" ref="ptb-n00368" as="PTB">
        <fs>
            <f name="cat" value="NP"/>
        </fs>
    </a>
    <edge xml:id="ptb-e00359" from="ptb-n00368" to="ptb-n00370"/>
    <edge xml:id="ptb-e00358" from="ptb-n00368" to="ptb-n00369"/>
    <edge xml:id="ptb-e00360" from="ptb-n00367" to="ptb-n00368"/>
    <edge xml:id="ptb-e00377" from="ptb-n00363" to="ptb-n00367"/>
    <node xml:id="ptb-n00365"/>
    <a label="PRT" ref="ptb-n00365" as="PTB">
        <fs>
            <f name="cat" value="PRT"/>
        </fs>
    </a>
    <edge xml:id="ptb-e00356" from="ptb-n00365" to="ptb-n00366"/>
    <edge xml:id="ptb-e00357" from="ptb-n00363" to="ptb-n00365"/>
    <edge xml:id="ptb-e00355" from="ptb-n00363" to="ptb-n00364"/>
    <edge xml:id="ptb-e00387" from="ptb-n00361" to="ptb-n00363"/>
    <edge xml:id="ptb-e00354" from="ptb-n00361" to="ptb-n00362"/>
    <edge xml:id="ptb-e00388" from="ptb-n00358" to="ptb-n00361"/>
    <node xml:id="ptb-n00359"/>
    <a label="NP" ref="ptb-n00359" as="PTB">
        <fs>
            <f name="cat" value="NP"/>
            <f name="roles" value="SBJ"/>
        </fs>
    </a>
    <node xml:id="ptb-n00360"/>
    <a label="Trace" ref="ptb-n00360" as="PTB">
        <fs>
            <f name="cat" value="*PRO*"/>
        </fs>
    </a>
    <edge xml:id="ptb-e00352" from="ptb-n00359" to="ptb-n00360"/>
    <edge xml:id="ptb-e00353" from="ptb-n00358" to="ptb-n00359"/>
    <edge xml:id="ptb-e00389" from="ptb-n00356" to="ptb-n00358"/>
    <edge xml:id="ptb-e00351" from="ptb-n00356" to="ptb-n00357"/>
    <edge xml:id="ptb-e00390" from="ptb-n00354" to="ptb-n00356"/>
    <edge xml:id="ptb-e00350" from="ptb-n00354" to="ptb-n00355"/>
    <edge xml:id="ptb-e00391" from="ptb-n00350" to="ptb-n00354"/>
    <node xml:id="ptb-n00351"/>
    <a label="NP" ref="ptb-n00351" as="PTB">
        <fs>
            <f name="cat" value="NP"/>
            <f name="roles" value="SBJ"/>
        </fs>
    </a>
    <edge xml:id="ptb-e00348" from="ptb-n00351" to="ptb-n00353"/>
    <edge xml:id="ptb-e00347" from="ptb-n00351" to="ptb-n00352"/>
    <edge xml:id="ptb-e00349" from="ptb-n00350" to="ptb-n00351"/>
    <edge xml:id="ptb-e00392" from="ptb-n00349" to="ptb-n00350"/>
    <edge xml:id="ptb-e00403" from="ptb-n00349" to="ptb-n00405"/>
    <node xml:id="ptb-n00399"/>
    <a label="VP" ref="ptb-n00399" as="PTB">
        <fs>
            <f name="cat" value="VP"/>
        </fs>
    </a>
    <edge xml:id="ptb-e00396" from="ptb-n00399" to="ptb-n00400"/>
    <node xml:id="ptb-n00401"/>
    <a label="SBAR" ref="ptb-n00401" as="PTB">
        <fs>
            <f name="cat" value="SBAR"/>
        </fs>
    </a>
    <node xml:id="ptb-n00402"/>
    <a label="Trace" ref="ptb-n00402" as="PTB">
        <fs>
            <f name="cat" value="0"/>
        </fs>
    </a>
    <edge xml:id="ptb-e00397" from="ptb-n00401" to="ptb-n00402"/>
    <node xml:id="ptb-n00403"/>
    <a label="S" ref="ptb-n00403" as="PTB">
        <fs>
            <f name="cat" value="S"/>
        </fs>
    </a>
    <node xml:id="ptb-n00404"/>
    <a label="Trace" ref="ptb-n00404" as="PTB">
        <fs>
            <f name="cat" value="*T*"/>
        </fs>
    </a>
    <edge xml:id="ptb-e00398" from="ptb-n00404" to="ptb-n00350"/>
    <edge xml:id="ptb-e00399" from="ptb-n00403" to="ptb-n00404"/>
    <edge xml:id="ptb-e00400" from="ptb-n00401" to="ptb-n00403"/>
    <edge xml:id="ptb-e00401" from="ptb-n00399" to="ptb-n00401"/>
    <edge xml:id="ptb-e00402" from="ptb-n00349" to="ptb-n00399"/>
    <edge xml:id="e411" from="ptb-n00000" to="ptb-n00349"/>
    <node xml:id="ptb-n00303"/>
    <a label="S" ref="ptb-n00303" as="PTB">
        <fs>
            <f name="cat" value="S"/>
        </fs>
    </a>
    <edge xml:id="ptb-e00346" from="ptb-n00303" to="ptb-n00348"/>
    <node xml:id="ptb-n00307"/>
    <a label="VP" ref="ptb-n00307" as="PTB">
        <fs>
            <f name="cat" value="VP"/>
        </fs>
    </a>
    <node xml:id="ptb-n00309"/>
    <a label="SBAR" ref="ptb-n00309" as="PTB">
        <fs>
            <f name="cat" value="SBAR"/>
        </fs>
    </a>
    <node xml:id="ptb-n00311"/>
    <a label="S" ref="ptb-n00311" as="PTB">
        <fs>
            <f name="cat" value="S"/>
        </fs>
    </a>
    <node xml:id="ptb-n00316"/>
    <a label="VP" ref="ptb-n00316" as="PTB">
        <fs>
            <f name="cat" value="VP"/>
        </fs>
    </a>
    <node xml:id="ptb-n00318"/>
    <a label="VP" ref="ptb-n00318" as="PTB">
        <fs>
            <f name="cat" value="VP"/>
        </fs>
    </a>
    <node xml:id="ptb-n00320"/>
    <a label="NP" ref="ptb-n00320" as="PTB">
        <fs>
            <f name="cat" value="NP"/>
        </fs>
    </a>
    <node xml:id="ptb-n00327"/>
    <a label="PP" ref="ptb-n00327" as="PTB">
        <fs>
            <f name="cat" value="PP"/>
        </fs>
    </a>
    <node xml:id="ptb-n00329"/>
    <a label="S" ref="ptb-n00329" as="PTB">
        <fs>
            <f name="cat" value="S"/>
            <f name="roles" value="NOM"/>
        </fs>
    </a>
    <node xml:id="ptb-n00332"/>
    <a label="VP" ref="ptb-n00332" as="PTB">
        <fs>
            <f name="cat" value="VP"/>
        </fs>
    </a>
    <node xml:id="ptb-n00334"/>
    <a label="S" ref="ptb-n00334" as="PTB">
        <fs>
            <f name="cat" value="S"/>
        </fs>
    </a>
    <node xml:id="ptb-n00337"/>
    <a label="VP" ref="ptb-n00337" as="PTB">
        <fs>
            <f name="cat" value="VP"/>
        </fs>
    </a>
    <node xml:id="ptb-n00339"/>
    <a label="PP" ref="ptb-n00339" as="PTB">
        <fs>
            <f name="cat" value="PP"/>
            <f name="roles" value="CLR"/>
        </fs>
    </a>
    <node xml:id="ptb-n00341"/>
    <a label="NP" ref="ptb-n00341" as="PTB">
        <fs>
            <f name="cat" value="NP"/>
        </fs>
    </a>
    <edge xml:id="ptb-e00332" from="ptb-n00341" to="ptb-n00347"/>
    <node xml:id="ptb-n00343"/>
    <a label="UCP" ref="ptb-n00343" as="PTB">
        <fs>
            <f name="cat" value="UCP"/>
        </fs>
    </a>
    <edge xml:id="ptb-e00330" from="ptb-n00343" to="ptb-n00346"/>
    <edge xml:id="ptb-e00329" from="ptb-n00343" to="ptb-n00345"/>
    <edge xml:id="ptb-e00328" from="ptb-n00343" to="ptb-n00344"/>
    <edge xml:id="ptb-e00331" from="ptb-n00341" to="ptb-n00343"/>
    <edge xml:id="ptb-e00327" from="ptb-n00341" to="ptb-n00342"/>
    <edge xml:id="ptb-e00333" from="ptb-n00339" to="ptb-n00341"/>
    <edge xml:id="ptb-e00326" from="ptb-n00339" to="ptb-n00340"/>
    <edge xml:id="ptb-e00334" from="ptb-n00337" to="ptb-n00339"/>
    <edge xml:id="ptb-e00325" from="ptb-n00337" to="ptb-n00338"/>
    <edge xml:id="ptb-e00335" from="ptb-n00334" to="ptb-n00337"/>
    <node xml:id="ptb-n00335"/>
    <a label="NP" ref="ptb-n00335" as="PTB">
        <fs>
            <f name="cat" value="NP"/>
            <f name="roles" value="SBJ"/>
        </fs>
    </a>
    <edge xml:id="ptb-e00323" from="ptb-n00335" to="ptb-n00336"/>
    <edge xml:id="ptb-e00324" from="ptb-n00334" to="ptb-n00335"/>
    <edge xml:id="ptb-e00336" from="ptb-n00332" to="ptb-n00334"/>
    <edge xml:id="ptb-e00322" from="ptb-n00332" to="ptb-n00333"/>
    <edge xml:id="ptb-e00337" from="ptb-n00329" to="ptb-n00332"/>
    <node xml:id="ptb-n00330"/>
    <a label="NP" ref="ptb-n00330" as="PTB">
        <fs>
            <f name="cat" value="NP"/>
            <f name="roles" value="SBJ"/>
        </fs>
    </a>
    <node xml:id="ptb-n00331"/>
    <a label="Trace" ref="ptb-n00331" as="PTB">
        <fs>
            <f name="cat" value="*PRO*"/>
        </fs>
    </a>
    <edge xml:id="ptb-e00320" from="ptb-n00330" to="ptb-n00331"/>
    <edge xml:id="ptb-e00321" from="ptb-n00329" to="ptb-n00330"/>
    <edge xml:id="ptb-e00338" from="ptb-n00327" to="ptb-n00329"/>
    <edge xml:id="ptb-e00319" from="ptb-n00327" to="ptb-n00328"/>
    <edge xml:id="ptb-e00339" from="ptb-n00320" to="ptb-n00327"/>
    <node xml:id="ptb-n00321"/>
    <a label="NP" ref="ptb-n00321" as="PTB">
        <fs>
            <f name="cat" value="NP"/>
        </fs>
    </a>
    <edge xml:id="ptb-e00317" from="ptb-n00321" to="ptb-n00326"/>
    <node xml:id="ptb-n00323"/>
    <a label="ADJP" ref="ptb-n00323" as="PTB">
        <fs>
            <f name="cat" value="ADJP"/>
        </fs>
    </a>
    <edge xml:id="ptb-e00315" from="ptb-n00323" to="ptb-n00325"/>
    <edge xml:id="ptb-e00314" from="ptb-n00323" to="ptb-n00324"/>
    <edge xml:id="ptb-e00316" from="ptb-n00321" to="ptb-n00323"/>
    <edge xml:id="ptb-e00313" from="ptb-n00321" to="ptb-n00322"/>
    <edge xml:id="ptb-e00318" from="ptb-n00320" to="ptb-n00321"/>
    <edge xml:id="ptb-e00340" from="ptb-n00318" to="ptb-n00320"/>
    <edge xml:id="ptb-e00312" from="ptb-n00318" to="ptb-n00319"/>
    <edge xml:id="ptb-e00341" from="ptb-n00316" to="ptb-n00318"/>
    <edge xml:id="ptb-e00311" from="ptb-n00316" to="ptb-n00317"/>
    <edge xml:id="ptb-e00342" from="ptb-n00311" to="ptb-n00316"/>
    <node xml:id="ptb-n00312"/>
    <a label="NP" ref="ptb-n00312" as="PTB">
        <fs>
            <f name="cat" value="NP"/>
            <f name="roles" value="SBJ"/>
        </fs>
    </a>
    <edge xml:id="ptb-e00309" from="ptb-n00312" to="ptb-n00315"/>
    <edge xml:id="ptb-e00308" from="ptb-n00312" to="ptb-n00314"/>
    <edge xml:id="ptb-e00307" from="ptb-n00312" to="ptb-n00313"/>
    <edge xml:id="ptb-e00310" from="ptb-n00311" to="ptb-n00312"/>
    <edge xml:id="ptb-e00343" from="ptb-n00309" to="ptb-n00311"/>
    <node xml:id="ptb-n00310"/>
    <a label="Trace" ref="ptb-n00310" as="PTB">
        <fs>
            <f name="cat" value="0"/>
        </fs>
    </a>
    <edge xml:id="ptb-e00306" from="ptb-n00309" to="ptb-n00310"/>
    <edge xml:id="ptb-e00344" from="ptb-n00307" to="ptb-n00309"/>
    <edge xml:id="ptb-e00305" from="ptb-n00307" to="ptb-n00308"/>
    <edge xml:id="ptb-e00345" from="ptb-n00303" to="ptb-n00307"/>
    <node xml:id="ptb-n00305"/>
    <a label="NP" ref="ptb-n00305" as="PTB">
        <fs>
            <f name="cat" value="NP"/>
            <f name="roles" value="SBJ"/>
        </fs>
    </a>
    <edge xml:id="ptb-e00303" from="ptb-n00305" to="ptb-n00306"/>
    <edge xml:id="ptb-e00304" from="ptb-n00303" to="ptb-n00305"/>
    <edge xml:id="ptb-e00302" from="ptb-n00303" to="ptb-n00304"/>
    <edge xml:id="e353" from="ptb-n00000" to="ptb-n00303"/>
</graph>
