<?xml version="1.0" encoding="UTF-8"?>
<graph xmlns="http://www.xces.org/ns/GrAF/1.0/">
    <header>
        <tagsDecl>
            <tagUsage gi="person" occurs="2"/>
            <tagUsage gi="location" occurs="5"/>
            <tagUsage gi="org" occurs="2"/>
        </tagsDecl>
        <dependencies>
            <dependsOn type="penn"/>
        </dependencies>
        <annotationSets>
            <annotationSet name="xces" type="http://www.xces.org/schema/2003"/>
        </annotationSets>
    </header>
    <node xml:id="ne-n0"/>
    <a label="location" ref="ne-n0" as="xces">
        <fs>
            <f name="type" value="country"/>
        </fs>
    </a>
    <node xml:id="ne-n1"/>
    <a label="location" ref="ne-n1" as="xces">
        <fs>
            <f name="type" value="city"/>
        </fs>
    </a>
    <node xml:id="ne-n2"/>
    <a label="person" ref="ne-n2" as="xces">
        <fs>
            <f name="sex" value="male"/>
        </fs>
    </a>
    <node xml:id="ne-n3"/>
    <a label="location" ref="ne-n3" as="xces">
        <fs>
            <f name="type" value="province"/>
        </fs>
    </a>
    <node xml:id="ne-n4"/>
    <a label="org" ref="ne-n4" as="xces">
        <fs>
            <f name="type" value="government"/>
        </fs>
    </a>
    <node xml:id="ne-n5"/>
    <a label="location" ref="ne-n5" as="xces">
        <fs>
            <f name="type" value="country"/>
        </fs>
    </a>
    <node xml:id="ne-n6"/>
    <a label="location" ref="ne-n6" as="xces">
        <fs>
            <f name="type" value="country"/>
        </fs>
    </a>
    <node xml:id="ne-n7"/>
    <a label="org" ref="ne-n7" as="xces">
        <fs>
            <f name="type" value="government"/>
        </fs>
    </a>
    <node xml:id="ne-n8"/>
    <a label="person" ref="ne-n8" as="xces">
        <fs>
            <f name="sex" value="male"/>
        </fs>
    </a>
    <edge xml:id="lnk10" from="ne-n7" to="penn-n40"/>
    <edge xml:id="lnk9" from="ne-n7" to="penn-n39"/>
    <edge xml:id="lnk8" from="ne-n6" to="penn-n36"/>
    <edge xml:id="lnk7" from="ne-n5" to="penn-n25"/>
    <edge xml:id="lnk6" from="ne-n4" to="penn-n14"/>
    <edge xml:id="lnk5" from="ne-n4" to="penn-n13"/>
    <edge xml:id="lnk4" from="ne-n3" to="penn-n10"/>
    <edge xml:id="lnk3" from="ne-n2" to="penn-n7"/>
    <edge xml:id="lnk2" from="ne-n2" to="penn-n6"/>
    <edge xml:id="lnk1" from="ne-n1" to="penn-n2"/>
    <edge xml:id="lnk0" from="ne-n0" to="penn-n0"/>
    <edge xml:id="lnk14" from="ne-n8" to="penn-n54"/>
    <edge xml:id="lnk13" from="ne-n8" to="penn-n53"/>
    <edge xml:id="lnk12" from="ne-n7" to="penn-n42"/>
    <edge xml:id="lnk11" from="ne-n7" to="penn-n41"/>
</graph>
