<?xml version="1.0" encoding="UTF-8"?>
<graph xmlns="http://www.xces.org/ns/GrAF/1.0/">
    <header>
        <tagsDecl>
            <tagUsage gi="person" occurs="2"/>
            <tagUsage gi="location" occurs="15"/>
            <tagUsage gi="org" occurs="9"/>
            <tagUsage gi="date" occurs="2"/>
        </tagsDecl>
        <dependencies>
            <dependsOn type="penn"/>
        </dependencies>
        <annotationSets>
            <annotationSet name="xces" type="http://www.xces.org/schema/2003"/>
        </annotationSets>
    </header>
    <node xml:id="ne-n0"/>
    <a label="person" ref="ne-n0" as="xces">
        <fs>
            <f name="sex" value="male"/>
        </fs>
    </a>
    <node xml:id="ne-n1"/>
    <a label="org" ref="ne-n1" as="xces">
        <fs>
            <f name="type" value="newspaper/media"/>
        </fs>
    </a>
    <node xml:id="ne-n10"/>
    <a label="location" ref="ne-n10" as="xces">
        <fs>
            <f name="type" value="city"/>
        </fs>
    </a>
    <node xml:id="ne-n11"/>
    <a label="person" ref="ne-n11" as="xces">
        <fs>
            <f name="sex" value="male"/>
        </fs>
    </a>
    <node xml:id="ne-n12"/>
    <a label="location" ref="ne-n12" as="xces">
        <fs>
            <f name="type" value="province"/>
        </fs>
    </a>
    <node xml:id="ne-n13"/>
    <a label="location" ref="ne-n13" as="xces">
        <fs>
            <f name="type" value="country"/>
        </fs>
    </a>
    <node xml:id="ne-n14"/>
    <a label="date" ref="ne-n14" as="xces">
        <fs>
            <f name="kind" value="date"/>
        </fs>
    </a>
    <node xml:id="ne-n15"/>
    <a label="location" ref="ne-n15" as="xces">
        <fs>
            <f name="type" value="city"/>
        </fs>
    </a>
    <node xml:id="ne-n16"/>
    <a label="org" ref="ne-n16" as="xces">
        <fs>
            <f name="type" value="government"/>
        </fs>
    </a>
    <node xml:id="ne-n17"/>
    <a label="location" ref="ne-n17" as="xces">
        <fs>
            <f name="type" value="country"/>
        </fs>
    </a>
    <node xml:id="ne-n18"/>
    <a label="org" ref="ne-n18" as="xces">
        <fs>
            <f name="type" value="newspaper/media"/>
        </fs>
    </a>
    <node xml:id="ne-n19"/>
    <a label="location" ref="ne-n19" as="xces">
        <fs>
            <f name="type" value="country"/>
        </fs>
    </a>
    <node xml:id="ne-n2"/>
    <a label="location" ref="ne-n2" as="xces">
        <fs>
            <f name="type" value="city"/>
        </fs>
    </a>
    <node xml:id="ne-n20"/>
    <a label="org" ref="ne-n20" as="xces">
        <fs>
            <f name="type" value="government"/>
        </fs>
    </a>
    <node xml:id="ne-n21"/>
    <a label="location" ref="ne-n21" as="xces">
        <fs>
            <f name="type" value="country"/>
        </fs>
    </a>
    <node xml:id="ne-n22"/>
    <a label="location" ref="ne-n22" as="xces">
        <fs>
            <f name="type" value="country"/>
        </fs>
    </a>
    <node xml:id="ne-n23"/>
    <a label="location" ref="ne-n23" as="xces">
        <fs>
            <f name="type" value="country"/>
        </fs>
    </a>
    <node xml:id="ne-n24"/>
    <a label="org" ref="ne-n24" as="xces">
        <fs>
            <f name="type" value="government"/>
        </fs>
    </a>
    <node xml:id="ne-n25"/>
    <a label="org" ref="ne-n25" as="xces">
        <fs>
            <f name="type" value="government"/>
        </fs>
    </a>
    <node xml:id="ne-n26"/>
    <a label="location" ref="ne-n26" as="xces">
        <fs>
            <f name="type" value="country"/>
        </fs>
    </a>
    <node xml:id="ne-n27"/>
    <a label="location" ref="ne-n27" as="xces">
        <fs>
            <f name="type" value="country"/>
        </fs>
    </a>
    <node xml:id="ne-n3"/>
    <a label="location" ref="ne-n3" as="xces">
        <fs>
            <f name="type" value="country"/>
        </fs>
    </a>
    <node xml:id="ne-n4"/>
    <a label="org" ref="ne-n4" as="xces">
        <fs>
            <f name="type" value="newspaper/media"/>
        </fs>
    </a>
    <node xml:id="ne-n5"/>
    <a label="location" ref="ne-n5" as="xces">
        <fs>
            <f name="type" value="country"/>
        </fs>
    </a>
    <node xml:id="ne-n6"/>
    <a label="org" ref="ne-n6" as="xces">
        <fs>
            <f name="type" value="government"/>
        </fs>
    </a>
    <node xml:id="ne-n7"/>
    <a label="org" ref="ne-n7" as="xces">
        <fs>
            <f name="type" value="government"/>
        </fs>
    </a>
    <node xml:id="ne-n8"/>
    <a label="location" ref="ne-n8" as="xces">
        <fs>
            <f name="type" value="country"/>
        </fs>
    </a>
    <node xml:id="ne-n9"/>
    <a label="date" ref="ne-n9" as="xces">
        <fs>
            <f name="kind" value="date"/>
        </fs>
    </a>
    <edge xml:id="lnk35" from="ne-n19" to="penn-n161"/>
    <edge xml:id="lnk34" from="ne-n18" to="penn-n145"/>
    <edge xml:id="lnk33" from="ne-n18" to="penn-n144"/>
    <edge xml:id="lnk32" from="ne-n18" to="penn-n143"/>
    <edge xml:id="lnk31" from="ne-n18" to="penn-n142"/>
    <edge xml:id="lnk30" from="ne-n17" to="penn-n117"/>
    <edge xml:id="lnk9" from="ne-n6" to="penn-n21"/>
    <edge xml:id="lnk8" from="ne-n6" to="penn-n20"/>
    <edge xml:id="lnk7" from="ne-n6" to="penn-n19"/>
    <edge xml:id="lnk6" from="ne-n4" to="penn-n16"/>
    <edge xml:id="lnk5" from="ne-n3" to="penn-n14"/>
    <edge xml:id="lnk4" from="ne-n2" to="penn-n12"/>
    <edge xml:id="lnk3" from="ne-n1" to="penn-n10"/>
    <edge xml:id="lnk2" from="ne-n1" to="penn-n9"/>
    <edge xml:id="lnk1" from="ne-n0" to="penn-n7"/>
    <edge xml:id="lnk0" from="ne-n0" to="penn-n6"/>
    <edge xml:id="lnk29" from="ne-n16" to="penn-n95"/>
    <edge xml:id="lnk28" from="ne-n16" to="penn-n94"/>
    <edge xml:id="lnk27" from="ne-n15" to="penn-n89"/>
    <edge xml:id="lnk26" from="ne-n14" to="penn-n86"/>
    <edge xml:id="lnk25" from="ne-n13" to="penn-n83"/>
    <edge xml:id="lnk24" from="ne-n12" to="penn-n72"/>
    <edge xml:id="lnk55" from="ne-n27" to="penn-n235"/>
    <edge xml:id="lnk23" from="ne-n11" to="penn-n69"/>
    <edge xml:id="lnk54" from="ne-n26" to="penn-n227"/>
    <edge xml:id="lnk22" from="ne-n11" to="penn-n68"/>
    <edge xml:id="lnk53" from="ne-n26" to="penn-n226"/>
    <edge xml:id="lnk21" from="ne-n10" to="penn-n44"/>
    <edge xml:id="lnk52" from="ne-n26" to="penn-n225"/>
    <edge xml:id="lnk20" from="ne-n9" to="penn-n36"/>
    <edge xml:id="lnk51" from="ne-n26" to="penn-n224"/>
    <edge xml:id="lnk50" from="ne-n25" to="penn-n228"/>
    <edge xml:id="lnk19" from="ne-n8" to="penn-n34"/>
    <edge xml:id="lnk18" from="ne-n7" to="penn-n31"/>
    <edge xml:id="lnk49" from="ne-n25" to="penn-n227"/>
    <edge xml:id="lnk17" from="ne-n7" to="penn-n30"/>
    <edge xml:id="lnk48" from="ne-n25" to="penn-n226"/>
    <edge xml:id="lnk16" from="ne-n7" to="penn-n29"/>
    <edge xml:id="lnk47" from="ne-n25" to="penn-n225"/>
    <edge xml:id="lnk15" from="ne-n7" to="penn-n28"/>
    <edge xml:id="lnk46" from="ne-n25" to="penn-n224"/>
    <edge xml:id="lnk14" from="ne-n5" to="penn-n22"/>
    <edge xml:id="lnk45" from="ne-n24" to="penn-n221"/>
    <edge xml:id="lnk13" from="ne-n5" to="penn-n21"/>
    <edge xml:id="lnk44" from="ne-n24" to="penn-n220"/>
    <edge xml:id="lnk12" from="ne-n5" to="penn-n20"/>
    <edge xml:id="lnk43" from="ne-n23" to="penn-n207"/>
    <edge xml:id="lnk11" from="ne-n5" to="penn-n19"/>
    <edge xml:id="lnk42" from="ne-n22" to="penn-n205"/>
    <edge xml:id="lnk10" from="ne-n6" to="penn-n22"/>
    <edge xml:id="lnk41" from="ne-n22" to="penn-n204"/>
    <edge xml:id="lnk40" from="ne-n21" to="penn-n201"/>
    <edge xml:id="lnk39" from="ne-n20" to="penn-n194"/>
    <edge xml:id="lnk38" from="ne-n20" to="penn-n193"/>
    <edge xml:id="lnk37" from="ne-n20" to="penn-n192"/>
    <edge xml:id="lnk36" from="ne-n20" to="penn-n191"/>
</graph>
