0,0.5923,b'2014-06-20'
1,0.9858,b'2014-03-30'
2,0.6873,b'2014-12-15'
3,0.1905,b'2014-02-05'
4,0.2465,b'2014-12-01'
5,0.5299,b'2014-08-26'
6,0.8017,b'2014-06-08'
7,0.6740,b'2014-09-09'
8,0.7696,b'2014-07-04'
9,0.7708,b'2014-06-28'
10,0.5783,b'2014-09-06'
11,0.0600,b'2014-01-05'
12,0.7313,b'2014-06-16'
13,0.5562,b'2014-08-21'
14,0.0600,b'2014-05-29'
15,0.8498,b'2014-02-22'
16,0.5915,b'2014-01-13'
17,0.6904,b'2014-05-04'
18,0.9493,b'2014-10-21'
19,0.8929,b'2014-03-10'
20,0.2119,b'2014-11-24'
21,0.8541,b'2014-04-20'
22,0.7309,b'2014-09-23'
23,0.8763,b'2014-03-18'
24,0.6120,b'2014-05-02'
25,0.2667,b'2014-03-22'
26,0.3128,b'2014-04-25'
27,0.0056,b'2014-08-25'
28,0.8809,b'2014-04-29'
29,0.4415,b'2014-01-19'
30,0.4544,b'2014-07-04'
31,0.3525,b'2014-03-14'
32,0.5990,b'2014-05-09'
33,0.2037,b'2014-05-30'
34,0.4708,b'2014-05-12'
35,0.7247,b'2014-07-15'
36,0.0215,b'2014-06-18'
37,0.6305,b'2014-09-15'
38,0.4772,b'2014-06-28'
39,0.7761,b'2014-04-17'
40,0.7775,b'2014-07-03'
41,0.1321,b'2014-05-05'
42,0.1143,b'2014-09-18'
43,0.5275,b'2014-10-02'
44,0.1289,b'2014-08-07'
45,0.1065,b'2014-01-28'
46,0.2425,b'2014-07-11'
47,0.4864,b'2014-07-27'
48,0.1740,b'2014-02-28'
49,0.5505,b'2014-03-03'
50,0.7155,b'2014-10-26'
51,0.6529,b'2014-01-30'
52,0.7803,b'2014-02-24'
53,0.9491,b'2014-05-03'
54,0.0156,b'2014-08-18'
55,0.9908,b'2014-08-25'
56,0.9620,b'2014-12-04'
57,0.1213,b'2014-11-26'
58,0.7128,b'2014-08-28'
59,0.2695,b'2014-11-05'
60,0.8272,b'2014-07-12'
61,0.7135,b'2014-03-24'
62,0.7570,b'2014-12-17'
63,0.4551,b'2014-08-09'
64,0.6790,b'2014-06-19'
65,0.0916,b'2014-01-03'
66,0.4115,b'2014-10-23'
67,0.9145,b'2014-05-21'
68,0.4814,b'2014-08-25'
69,0.3551,b'2014-05-25'
70,0.4871,b'2014-12-15'
71,0.7439,b'2014-04-29'
72,0.5348,b'2014-01-29'
73,0.3729,b'2014-02-11'
74,0.3886,b'2014-06-20'
75,0.8297,b'2014-03-29'
76,0.0100,b'2014-01-18'
77,0.0022,b'2014-04-16'
78,0.2749,b'2014-11-19'
79,0.7624,b'2014-05-01'
80,0.7626,b'2014-08-20'
81,0.0311,b'2014-10-02'
82,0.6510,b'2014-10-09'
83,0.2174,b'2014-08-01'
84,0.1559,b'2014-07-05'
85,0.8480,b'2014-11-28'
86,0.0349,b'2014-04-08'
87,0.3290,b'2014-01-07'
88,0.1602,b'2014-08-18'
89,0.4339,b'2014-09-14'
90,0.4820,b'2014-03-10'
91,0.9208,b'2014-01-09'
92,0.1012,b'2014-01-30'
93,0.4196,b'2014-08-19'
94,0.0227,b'2015-01-01'
95,0.3738,b'2014-01-14'
96,0.8878,b'2014-09-08'
97,0.3182,b'2014-11-24'
98,0.6145,b'2014-05-15'
99,0.1717,b'2014-12-09'
100,0.7295,b'2014-12-20'
101,0.9267,b'2014-05-06'
102,0.4280,b'2014-04-01'
103,0.0153,b'2014-07-07'
104,0.3656,b'2014-04-28'
105,0.1269,b'2014-05-31'
106,0.1377,b'2014-11-15'
107,0.6061,b'2014-11-17'
108,0.3135,b'2014-02-11'
109,0.7484,b'2014-09-16'
110,0.3792,b'2014-06-12'
111,0.3222,b'2014-01-02'
112,0.1792,b'2014-05-27'
113,0.9118,b'2014-09-12'
114,0.4149,b'2014-01-23'
115,0.6201,b'2014-05-17'
116,0.4563,b'2014-08-30'
117,0.4071,b'2014-08-28'
118,0.1585,b'2014-08-03'
119,0.3834,b'2014-11-06'
120,0.8162,b'2014-05-24'
121,0.1184,b'2014-09-04'
122,0.0852,b'2014-10-07'
123,0.2835,b'2014-08-14'
124,0.8309,b'2014-07-08'
125,0.7265,b'2014-12-27'
126,0.6594,b'2014-04-11'
127,0.0846,b'2014-09-12'
128,0.6540,b'2014-05-30'
129,0.7591,b'2014-07-09'
130,0.9808,b'2014-09-06'
131,0.1635,b'2014-04-23'
132,0.1086,b'2014-02-27'
133,0.5094,b'2014-06-25'
134,0.6166,b'2014-12-04'
135,0.1442,b'2014-12-20'
136,0.4811,b'2014-08-25'
137,0.9763,b'2014-07-12'
138,0.3172,b'2014-07-11'
139,0.1396,b'2014-09-10'
140,0.6079,b'2014-10-23'
141,0.4132,b'2014-07-29'
142,0.4733,b'2014-04-02'
143,0.7600,b'2014-12-08'
144,0.5094,b'2014-07-01'
145,0.8753,b'2014-12-15'
146,0.2858,b'2014-04-23'
147,0.3019,b'2014-09-27'
148,0.3733,b'2014-09-25'
149,0.9834,b'2014-05-18'
150,0.0351,b'2014-07-02'
151,0.5046,b'2014-12-07'
152,0.9819,b'2014-09-21'
153,0.5418,b'2014-11-23'
154,0.1081,b'2014-06-17'
155,0.5034,b'2014-03-02'
156,0.1065,b'2014-07-18'
157,0.0205,b'2014-07-06'
158,0.5107,b'2014-02-07'
159,0.3443,b'2014-12-30'
160,0.1830,b'2014-10-02'
161,0.9377,b'2014-10-07'
162,0.0621,b'2014-11-15'
163,0.1796,b'2014-09-06'
164,0.4002,b'2014-08-30'
165,0.4765,b'2014-08-03'
166,0.3819,b'2014-07-24'
167,0.2286,b'2014-08-06'
168,0.7870,b'2014-12-16'
169,0.3821,b'2015-01-01'
170,0.9890,b'2014-03-04'
171,0.0120,b'2014-05-07'
172,0.3775,b'2014-10-25'
173,0.0956,b'2014-03-27'
174,0.9274,b'2014-04-05'
175,0.1765,b'2014-12-06'
176,0.9768,b'2014-02-15'
177,0.6012,b'2014-11-08'
178,0.0267,b'2014-05-21'
179,0.5957,b'2014-08-01'
180,0.3889,b'2014-06-12'
181,0.3709,b'2014-09-01'
182,0.3421,b'2014-07-21'
183,0.3380,b'2014-11-29'
184,0.9313,b'2014-05-21'
185,0.3206,b'2014-09-15'
186,0.7490,b'2014-07-27'
187,0.9242,b'2014-05-27'
188,0.7762,b'2014-08-13'
189,0.3561,b'2014-04-25'
190,0.0074,b'2014-01-31'
191,0.4175,b'2014-09-10'
192,0.1468,b'2014-12-14'
193,0.4421,b'2014-11-20'
194,0.3875,b'2014-01-26'
195,0.0908,b'2014-05-31'
196,0.2009,b'2014-10-21'
197,0.7004,b'2014-04-13'
198,0.8125,b'2014-02-09'
199,0.4719,b'2014-09-07'
200,0.1029,b'2014-03-20'
201,0.2594,b'2014-03-21'
202,0.5327,b'2014-03-18'
203,0.2958,b'2014-04-19'
204,0.4935,b'2014-01-10'
205,0.8654,b'2014-08-21'
206,0.3647,b'2014-11-19'
207,0.6998,b'2014-12-24'
208,0.6907,b'2014-06-25'
209,0.5856,b'2014-10-01'
210,0.2658,b'2014-06-07'
211,0.4527,b'2014-06-03'
212,0.7014,b'2014-06-21'
213,0.9100,b'2014-10-27'
214,0.3525,b'2014-03-09'
215,0.4362,b'2014-12-26'
216,0.1142,b'2014-05-23'
217,0.6561,b'2014-09-14'
218,0.2169,b'2014-11-02'
219,0.6387,b'2014-03-04'
220,0.2881,b'2014-08-19'
221,0.2948,b'2014-02-03'
222,0.1156,b'2014-05-21'
223,0.6260,b'2014-09-05'
224,0.6262,b'2014-06-18'
225,0.1543,b'2014-08-02'
226,0.0039,b'2014-01-26'
227,0.8133,b'2014-02-05'
228,0.5152,b'2014-12-21'
229,0.2352,b'2014-09-05'
230,0.9412,b'2014-12-18'
231,0.3319,b'2014-06-24'
232,0.0972,b'2014-02-07'
233,0.2975,b'2014-07-15'
234,0.6364,b'2014-04-21'
235,0.8308,b'2014-11-09'
236,0.4463,b'2014-08-04'
237,0.0016,b'2014-12-10'
238,0.8289,b'2014-03-13'
239,0.8422,b'2014-01-22'
240,0.7933,b'2014-09-29'
241,0.7813,b'2014-04-27'
242,0.4425,b'2014-12-02'
243,0.4775,b'2014-08-19'
244,0.9317,b'2014-01-13'
245,0.2911,b'2014-11-29'
246,0.7257,b'2014-09-25'
247,0.2934,b'2014-02-23'
248,0.8543,b'2014-01-19'
249,0.8484,b'2014-10-10'
250,0.4743,b'2014-07-21'
251,0.4149,b'2014-12-02'
252,0.1935,b'2014-10-01'
253,0.4897,b'2014-02-14'
254,0.8471,b'2014-12-13'
255,0.6000,b'2014-09-06'
256,0.9739,b'2014-06-20'
257,0.9091,b'2014-08-24'
258,0.0379,b'2014-07-30'
259,0.9440,b'2014-03-09'
260,0.8355,b'2014-03-02'
261,0.6455,b'2014-01-13'
262,0.6926,b'2014-01-12'
263,0.7730,b'2014-03-12'
264,0.0947,b'2014-04-30'
265,0.9202,b'2014-06-08'
266,0.5224,b'2014-05-20'
267,0.7481,b'2014-02-12'
268,0.3399,b'2014-05-06'
269,0.7437,b'2014-04-28'
270,0.6194,b'2014-03-01'
271,0.9097,b'2014-05-25'
272,0.8397,b'2014-12-12'
273,0.2683,b'2014-08-01'
274,0.6410,b'2014-05-20'
275,0.6574,b'2014-08-03'
276,0.2852,b'2014-01-17'
277,0.5456,b'2014-09-12'
278,0.2371,b'2014-07-22'
279,0.7764,b'2014-07-29'
280,0.9771,b'2014-04-28'
281,0.3010,b'2014-08-13'
282,0.2162,b'2014-06-19'
283,0.0949,b'2014-06-20'
284,0.4946,b'2014-05-09'
285,0.3857,b'2014-03-24'
286,0.4734,b'2014-11-03'
287,0.5172,b'2014-02-02'
288,0.5730,b'2014-12-08'
289,0.4745,b'2014-06-23'
290,0.5811,b'2014-12-12'
291,0.3475,b'2014-12-05'
292,0.9515,b'2014-03-24'
293,0.0642,b'2014-01-01'
294,0.8114,b'2014-07-02'
295,0.1900,b'2014-07-22'
296,0.2078,b'2014-09-11'
297,0.1426,b'2014-01-03'
298,0.8501,b'2014-11-26'
299,0.8071,b'2014-04-13'
300,0.8576,b'2014-12-04'
301,0.6080,b'2014-03-13'
302,0.6474,b'2014-01-31'
303,0.3992,b'2014-02-26'
304,0.1066,b'2014-08-26'
305,0.3209,b'2014-04-21'
306,0.2635,b'2014-03-17'
307,0.5333,b'2014-11-02'
308,0.6137,b'2014-06-03'
309,0.1995,b'2014-02-20'
310,0.5467,b'2014-11-17'
311,0.9248,b'2014-06-19'
312,0.0679,b'2014-08-09'
313,0.8511,b'2014-08-23'
314,0.8632,b'2014-09-17'
315,0.1458,b'2014-03-14'
316,0.8740,b'2014-11-20'
317,0.1777,b'2014-06-16'
318,0.7584,b'2014-04-04'
319,0.9217,b'2014-08-01'
320,0.9901,b'2014-07-01'
321,0.1631,b'2014-03-04'
322,0.6576,b'2014-03-29'
323,0.6096,b'2014-07-20'
324,0.4140,b'2014-06-24'
325,0.4811,b'2014-04-17'
326,0.1504,b'2014-05-24'
327,0.5094,b'2014-01-23'
328,0.5787,b'2014-10-07'
329,0.5150,b'2014-06-25'
330,0.4447,b'2014-12-25'
331,0.6914,b'2014-02-17'
332,0.6122,b'2014-10-17'
333,0.3189,b'2014-11-10'
334,0.6135,b'2014-12-04'
335,0.0317,b'2014-03-29'
336,0.0184,b'2014-12-11'
337,0.3007,b'2014-10-02'
338,0.2610,b'2014-03-20'
339,0.5714,b'2014-06-07'
340,0.2439,b'2014-10-22'
341,0.0266,b'2014-04-24'
342,0.0612,b'2014-04-08'
343,0.5513,b'2014-12-14'
344,0.8525,b'2014-12-02'
345,0.0969,b'2014-08-20'
346,0.8930,b'2014-07-16'
347,0.1145,b'2014-02-19'
348,0.4774,b'2014-02-23'
349,0.8787,b'2014-06-03'
350,0.6712,b'2014-12-30'
351,0.8777,b'2014-02-06'
352,0.6253,b'2014-02-07'
353,0.8140,b'2014-01-04'
354,0.6528,b'2014-08-03'
355,0.3147,b'2014-08-04'
356,0.2194,b'2014-08-14'
357,0.1174,b'2014-11-29'
358,0.9805,b'2014-03-10'
359,0.6551,b'2014-11-24'
360,0.5789,b'2014-04-06'
361,0.1475,b'2014-04-20'
362,0.7152,b'2014-04-16'
363,0.3480,b'2014-09-01'
364,0.2589,b'2014-11-16'
365,0.3948,b'2014-06-09'
366,0.9780,b'2014-09-16'
367,0.2801,b'2014-06-27'
368,0.0124,b'2014-10-02'
369,0.1831,b'2014-05-15'
370,0.9545,b'2014-11-27'
371,0.4223,b'2014-06-05'
372,0.1201,b'2014-02-17'
373,0.3032,b'2014-04-02'
374,0.9454,b'2014-02-03'
375,0.8711,b'2014-07-13'
376,0.4945,b'2014-12-14'
377,0.1907,b'2014-04-25'
378,0.8920,b'2014-08-11'
379,0.5439,b'2014-10-29'
380,0.4001,b'2014-07-05'
381,0.6337,b'2014-04-17'
382,0.5587,b'2014-04-26'
383,0.5640,b'2014-02-19'
384,0.1848,b'2014-05-18'
385,0.1609,b'2014-09-16'
386,0.7012,b'2014-04-13'
387,0.0389,b'2015-01-01'
388,0.6688,b'2014-02-11'
389,0.5792,b'2014-06-30'
390,0.0102,b'2014-02-01'
391,0.8510,b'2014-11-17'
392,0.9907,b'2014-04-02'
393,0.0350,b'2014-05-26'
394,0.5864,b'2014-04-22'
395,0.3753,b'2014-07-03'
396,0.8582,b'2014-11-03'
397,0.2903,b'2014-02-14'
398,0.9623,b'2014-07-25'
399,0.9348,b'2014-01-01'
400,0.3495,b'2014-01-29'
401,0.9639,b'2014-09-26'
402,0.0405,b'2014-03-13'
403,0.2284,b'2014-10-23'
404,0.3327,b'2014-11-30'
405,0.2004,b'2014-04-17'
406,0.4434,b'2014-01-27'
407,0.6527,b'2014-01-30'
408,0.4537,b'2014-05-04'
409,0.7744,b'2014-02-20'
410,0.2107,b'2014-10-29'
411,0.0366,b'2014-10-20'
412,0.1401,b'2014-02-15'
413,0.7984,b'2014-08-16'
414,0.0623,b'2014-05-02'
415,0.1737,b'2014-02-12'
416,0.0365,b'2014-12-23'
417,0.3682,b'2014-02-17'
418,0.2775,b'2014-01-14'
419,0.7100,b'2014-01-08'
420,0.0452,b'2014-03-01'
421,0.7667,b'2014-01-23'
422,0.6151,b'2014-05-03'
423,0.5788,b'2014-08-03'
424,0.7742,b'2014-10-10'
425,0.5565,b'2014-11-07'
426,0.8648,b'2014-07-28'
427,0.9966,b'2014-11-03'
428,0.2016,b'2014-05-06'
429,0.2756,b'2014-09-16'
430,0.9602,b'2014-10-07'
431,0.3652,b'2014-10-20'
432,0.2129,b'2014-03-18'
433,0.2204,b'2014-10-28'
434,0.7717,b'2014-04-19'
435,0.3778,b'2014-03-17'
436,0.2401,b'2014-06-14'
437,0.6107,b'2014-04-12'
438,0.3737,b'2014-07-14'
439,0.9213,b'2014-10-04'
440,0.3322,b'2014-09-13'
441,0.7465,b'2014-07-02'
442,0.8085,b'2014-08-19'
443,0.3641,b'2014-10-05'
444,0.3730,b'2014-04-13'
445,0.1479,b'2014-05-19'
446,0.4939,b'2014-05-13'
447,0.4324,b'2014-07-29'
448,0.0548,b'2014-06-26'
449,0.9833,b'2014-10-02'
450,0.7892,b'2014-11-01'
451,0.0269,b'2014-01-11'
452,0.8977,b'2014-03-17'
453,0.7021,b'2014-05-20'
454,0.7445,b'2014-10-09'
455,0.4132,b'2014-04-05'
456,0.4060,b'2014-06-27'
457,0.8674,b'2014-01-19'
458,0.9090,b'2014-10-04'
459,0.4220,b'2014-12-05'
460,0.2834,b'2014-04-07'
461,0.8751,b'2014-07-22'
462,0.7798,b'2014-04-26'
463,0.0278,b'2014-10-07'
464,0.5123,b'2014-08-02'
465,0.0697,b'2014-07-06'
466,0.3168,b'2015-01-01'
467,0.0465,b'2014-06-03'
468,0.0464,b'2014-01-21'
469,0.1566,b'2014-03-25'
470,0.1304,b'2014-08-14'
471,0.0620,b'2014-05-16'
472,0.1985,b'2014-03-12'
473,0.5767,b'2014-12-06'
474,0.4672,b'2014-02-05'
475,0.4226,b'2014-11-28'
476,0.6512,b'2014-08-11'
477,0.1196,b'2014-01-12'
478,0.7936,b'2014-04-05'
479,0.0120,b'2014-05-30'
480,0.1295,b'2014-12-15'
481,0.4158,b'2014-07-10'
482,0.4299,b'2014-09-24'
483,0.2222,b'2014-01-26'
484,0.0234,b'2014-09-30'
485,0.4391,b'2014-06-16'
486,0.9175,b'2014-06-20'
487,0.1610,b'2014-04-22'
488,0.0686,b'2014-02-02'
489,0.0360,b'2014-05-19'
490,0.1387,b'2014-08-14'
491,0.3993,b'2014-05-18'
492,0.1180,b'2014-10-23'
493,0.7451,b'2014-06-17'
494,0.1712,b'2014-06-15'
495,0.0047,b'2014-05-19'
496,0.8748,b'2014-09-15'
497,0.9591,b'2014-09-03'
498,0.5590,b'2014-06-19'
499,0.4182,b'2014-06-12'
500,0.5250,b'2014-03-01'
501,0.5913,b'2014-12-02'
502,0.2031,b'2014-12-04'
503,0.7244,b'2014-11-28'
504,0.1049,b'2014-11-26'
505,0.3044,b'2014-12-01'
506,0.7356,b'2014-10-31'
507,0.2685,b'2014-03-08'
508,0.8364,b'2014-04-27'
509,0.7644,b'2014-10-28'
510,0.3795,b'2014-10-11'
511,0.2560,b'2014-06-29'
512,0.5750,b'2014-12-01'
513,0.0717,b'2014-10-06'
514,0.4729,b'2014-12-29'
515,0.7470,b'2014-06-16'
516,0.0517,b'2014-05-03'
517,0.5904,b'2014-10-01'
518,0.5963,b'2014-12-09'
519,0.7364,b'2014-01-11'
520,0.3644,b'2014-12-08'
521,0.8312,b'2014-09-20'
522,0.6266,b'2014-12-10'
523,0.7836,b'2014-10-02'
524,0.8069,b'2014-04-08'
525,0.9557,b'2014-05-07'
526,0.6406,b'2014-07-23'
527,0.8002,b'2014-10-06'
528,0.4761,b'2014-05-19'
529,0.2487,b'2014-05-01'
530,0.5087,b'2014-11-17'
531,0.9495,b'2014-11-09'
532,0.1162,b'2014-08-26'
533,0.2275,b'2014-10-05'
534,0.2227,b'2014-06-18'
535,0.2303,b'2014-02-28'
536,0.8388,b'2014-11-05'
537,0.3708,b'2014-10-19'
538,0.6061,b'2014-11-04'
539,0.0630,b'2014-01-22'
540,0.7498,b'2014-11-26'
541,0.7801,b'2014-04-13'
542,0.3887,b'2014-02-27'
543,0.4209,b'2014-08-26'
544,0.2804,b'2014-04-24'
545,0.5767,b'2014-08-25'
546,0.5899,b'2014-05-11'
547,0.3056,b'2014-11-28'
548,0.2689,b'2014-11-01'
549,0.1918,b'2014-12-11'
550,0.2311,b'2014-12-01'
551,0.4884,b'2014-07-26'
552,0.7650,b'2014-01-01'
553,0.0700,b'2014-08-15'
554,0.7651,b'2014-07-28'
555,0.9420,b'2014-05-04'
556,0.0028,b'2014-11-19'
557,0.2277,b'2014-12-12'
558,0.0606,b'2014-03-01'
559,0.8553,b'2014-03-11'
560,0.4019,b'2014-03-06'
561,0.8300,b'2014-02-17'
562,0.1344,b'2014-09-07'
563,0.3494,b'2014-07-14'
564,0.9583,b'2014-06-18'
565,0.1713,b'2014-06-28'
566,0.7265,b'2014-07-03'
567,0.0856,b'2014-10-24'
568,0.8890,b'2014-11-09'
569,0.7242,b'2014-11-02'
570,0.6137,b'2014-01-31'
571,0.1477,b'2014-10-17'
572,0.3481,b'2014-08-14'
573,0.6148,b'2014-05-23'
574,0.5724,b'2014-10-28'
575,0.6659,b'2014-04-15'
576,0.6743,b'2014-01-24'
577,0.2742,b'2014-10-07'
578,0.7118,b'2014-02-06'
579,0.9852,b'2014-05-19'
580,0.9260,b'2014-07-29'
581,0.2637,b'2014-11-20'
582,0.4627,b'2014-06-11'
583,0.9784,b'2014-03-05'
584,0.9446,b'2014-11-27'
585,0.8244,b'2014-03-22'
586,0.5325,b'2014-10-09'
587,0.4303,b'2014-03-15'
588,0.4725,b'2014-01-28'
589,0.6238,b'2014-02-07'
590,0.7925,b'2014-08-26'
591,0.4074,b'2014-01-30'
592,0.4600,b'2014-12-08'
593,0.8716,b'2014-10-21'
594,0.8306,b'2014-05-20'
595,0.2299,b'2014-02-14'
596,0.7487,b'2014-12-06'
597,0.8010,b'2014-04-03'
598,0.9076,b'2014-03-27'
599,0.6100,b'2014-08-28'
600,0.7276,b'2014-11-20'
601,0.6807,b'2014-05-15'
602,0.5209,b'2014-10-17'
603,0.2507,b'2014-04-30'
604,0.3880,b'2014-09-03'
605,0.8784,b'2014-06-16'
606,0.9854,b'2014-12-30'
607,0.2139,b'2014-06-29'
608,0.1265,b'2014-09-07'
609,0.3122,b'2014-09-16'
610,0.9168,b'2014-09-27'
611,0.0431,b'2014-01-24'
612,0.5656,b'2014-12-22'
613,0.5279,b'2014-02-03'
614,0.1755,b'2014-10-12'
615,0.6435,b'2014-03-12'
616,0.3193,b'2014-09-14'
617,0.0666,b'2014-07-26'
618,0.9572,b'2014-03-26'
619,0.9548,b'2015-01-01'
620,0.9174,b'2014-02-08'
621,0.6225,b'2014-10-24'
622,0.3216,b'2014-08-27'
623,0.8600,b'2014-03-14'
624,0.2806,b'2014-12-11'
625,0.8814,b'2014-03-04'
626,0.5991,b'2014-08-29'
627,0.7244,b'2014-06-28'
628,0.1436,b'2014-09-24'
629,0.5394,b'2014-09-23'
630,0.6898,b'2014-05-31'
631,0.5138,b'2014-01-22'
632,0.4663,b'2014-04-16'
633,0.3201,b'2014-04-29'
634,0.1706,b'2014-09-22'
635,0.7960,b'2014-08-13'
636,0.4227,b'2014-02-06'
637,0.3476,b'2014-02-17'
638,0.1336,b'2014-05-11'
639,0.1152,b'2014-04-20'
640,0.3864,b'2014-01-02'
641,0.2758,b'2014-11-05'
642,0.0267,b'2014-06-02'
643,0.1598,b'2014-03-20'
644,0.8468,b'2014-09-24'
645,0.2898,b'2014-01-13'
646,0.8168,b'2014-05-31'
647,0.2976,b'2014-01-28'
648,0.2825,b'2014-04-18'
649,0.7683,b'2014-10-12'
650,0.5002,b'2014-09-15'
651,0.0246,b'2014-05-28'
652,0.5944,b'2014-07-04'
653,0.7274,b'2014-11-20'
654,0.6387,b'2014-02-03'
655,0.0799,b'2014-12-29'
656,0.6548,b'2014-09-20'
657,0.2513,b'2014-02-07'
658,0.1419,b'2014-03-31'
659,0.8374,b'2014-06-16'
660,0.6708,b'2014-01-08'
661,0.0199,b'2014-06-11'
662,0.0320,b'2014-03-27'
663,0.6844,b'2014-06-27'
664,0.8217,b'2014-10-22'
665,0.7124,b'2014-04-11'
666,0.8982,b'2014-10-25'
667,0.9545,b'2014-11-01'
668,0.3071,b'2014-08-25'
669,0.2138,b'2014-10-18'
670,0.8943,b'2014-08-22'
671,0.0311,b'2014-05-15'
672,0.7350,b'2014-06-16'
673,0.5214,b'2014-10-22'
674,0.2456,b'2014-09-24'
675,0.2370,b'2014-01-26'
676,0.9362,b'2014-02-05'
677,0.2122,b'2014-05-28'
678,0.5335,b'2014-05-03'
679,0.1451,b'2014-07-30'
680,0.8202,b'2014-10-13'
681,0.9689,b'2014-06-09'
682,0.4856,b'2014-03-31'
683,0.1890,b'2014-06-10'
684,0.1444,b'2014-10-13'
685,0.9262,b'2014-08-26'
686,0.8017,b'2014-02-12'
687,0.6480,b'2014-09-13'
688,0.3845,b'2014-08-05'
689,0.3955,b'2014-03-29'
690,0.1665,b'2014-02-26'
691,0.3816,b'2014-10-05'
692,0.5312,b'2014-06-05'
693,0.5889,b'2014-03-29'
694,0.1718,b'2014-09-15'
695,0.8367,b'2014-11-20'
696,0.1791,b'2014-10-16'
697,0.9298,b'2014-01-07'
698,0.1708,b'2014-09-14'
699,0.3944,b'2014-11-12'
700,0.5911,b'2014-01-27'
701,0.8792,b'2014-01-21'
702,0.3440,b'2014-06-10'
703,0.7762,b'2014-12-09'
704,0.5631,b'2014-01-02'
705,0.9203,b'2014-11-07'
706,0.2853,b'2014-07-12'
707,0.4676,b'2014-08-10'
708,0.0386,b'2014-09-19'
709,0.1818,b'2014-12-10'
710,0.7442,b'2014-02-18'
711,0.5733,b'2014-02-06'
712,0.2198,b'2014-09-17'
713,0.1381,b'2014-11-05'
714,0.7986,b'2014-03-02'
715,0.5323,b'2014-04-24'
716,0.5087,b'2014-05-13'
717,0.1153,b'2014-10-11'
718,0.4545,b'2014-08-04'
719,0.8836,b'2014-07-25'
720,0.4109,b'2014-10-29'
721,0.8618,b'2014-06-01'
722,0.5579,b'2014-09-17'
723,0.5533,b'2014-01-07'
724,0.8875,b'2014-10-31'
725,0.3851,b'2014-04-27'
726,0.7534,b'2014-01-30'
727,0.5002,b'2014-03-02'
728,0.2922,b'2014-10-04'
729,0.8738,b'2014-08-01'
730,0.4237,b'2014-06-19'
731,0.1839,b'2014-08-25'
732,0.1640,b'2014-05-17'
733,0.2997,b'2014-02-11'
734,0.4997,b'2014-12-13'
735,0.4041,b'2014-11-29'
736,0.2192,b'2014-05-16'
737,0.4599,b'2014-08-02'
738,0.1625,b'2014-02-15'
739,0.6504,b'2014-08-19'
740,0.0511,b'2014-01-07'
741,0.0177,b'2014-01-02'
742,0.4899,b'2014-09-20'
743,0.1398,b'2014-03-06'
744,0.7909,b'2014-09-07'
745,0.1594,b'2014-03-07'
746,0.1670,b'2014-08-12'
747,0.3808,b'2014-06-17'
748,0.4968,b'2014-02-18'
749,0.0242,b'2014-02-17'
750,0.4621,b'2014-01-03'
751,0.5003,b'2014-03-17'
752,0.2430,b'2014-07-17'
753,0.0346,b'2014-12-03'
754,0.6927,b'2014-03-17'
755,0.6991,b'2014-11-13'
756,0.2670,b'2014-10-31'
757,0.2811,b'2014-08-24'
758,0.9359,b'2014-11-17'
759,0.7518,b'2014-12-28'
760,0.3172,b'2014-01-29'
761,0.4880,b'2014-06-14'
762,0.4943,b'2014-12-31'
763,0.4431,b'2014-09-27'
764,0.0522,b'2014-10-30'
765,0.3479,b'2014-12-11'
766,0.3964,b'2014-05-18'
767,0.6855,b'2014-09-29'
768,0.6392,b'2014-06-08'
769,0.4039,b'2014-09-19'
770,0.2555,b'2014-04-21'
771,0.0744,b'2014-01-08'
772,0.0396,b'2014-02-02'
773,0.3777,b'2014-04-18'
774,0.0600,b'2014-08-01'
775,0.0109,b'2014-08-08'
776,0.4456,b'2014-02-09'
777,0.2447,b'2014-02-14'
778,0.3182,b'2014-06-07'
779,0.5325,b'2014-11-19'
780,0.5822,b'2014-04-17'
781,0.7311,b'2014-07-29'
782,0.6382,b'2014-04-17'
783,0.3739,b'2014-12-26'
784,0.4702,b'2014-03-16'
785,0.6316,b'2014-06-27'
786,0.8057,b'2014-10-13'
787,0.8741,b'2014-10-10'
788,0.5164,b'2014-03-31'
789,0.9069,b'2014-11-06'
790,0.1197,b'2014-03-19'
791,0.1414,b'2014-08-23'
792,0.6562,b'2014-05-01'
793,0.3281,b'2014-09-21'
794,0.2086,b'2014-03-04'
795,0.4779,b'2014-08-14'
796,0.1963,b'2014-06-24'
797,0.8286,b'2014-09-04'
798,0.8039,b'2014-03-28'
799,0.0190,b'2014-08-31'
800,0.4599,b'2014-03-23'
801,0.2440,b'2014-01-07'
802,0.9769,b'2014-08-31'
803,0.9632,b'2014-08-06'
804,0.9685,b'2014-03-18'
805,0.4588,b'2014-01-21'
806,0.2666,b'2014-04-18'
807,0.1389,b'2014-06-30'
808,0.6111,b'2014-06-06'
809,0.6009,b'2014-06-18'
810,0.5347,b'2014-06-19'
811,0.6537,b'2014-12-04'
812,0.8744,b'2014-12-30'
813,0.9909,b'2014-05-05'
814,0.4794,b'2014-10-29'
815,0.5388,b'2014-04-16'
816,0.1143,b'2014-08-16'
817,0.2426,b'2014-05-12'
818,0.5311,b'2014-09-19'
819,0.9731,b'2014-05-25'
820,0.2475,b'2014-06-19'
821,0.7268,b'2014-04-24'
822,0.5323,b'2014-12-20'
823,0.5648,b'2014-08-30'
824,0.5726,b'2014-01-10'
825,0.1010,b'2014-11-20'
826,0.5412,b'2014-11-29'
827,0.7382,b'2014-01-06'
828,0.3362,b'2014-03-12'
829,0.6932,b'2014-06-25'
830,0.6843,b'2014-05-09'
831,0.1645,b'2014-06-04'
832,0.6803,b'2014-04-03'
833,0.3117,b'2014-11-24'
834,0.4131,b'2014-02-06'
835,0.2394,b'2014-12-01'
836,0.5482,b'2014-11-02'
837,0.9125,b'2014-08-13'
838,0.3099,b'2014-11-09'
839,0.3578,b'2014-10-04'
840,0.3078,b'2014-08-06'
841,0.9927,b'2014-05-14'
842,0.1926,b'2014-03-08'
843,0.0775,b'2014-05-31'
844,0.1266,b'2014-05-21'
845,0.8850,b'2014-04-10'
846,0.1046,b'2014-08-12'
847,0.7471,b'2014-05-31'
848,0.0922,b'2014-04-26'
849,0.5320,b'2014-03-09'
850,0.8590,b'2014-11-21'
851,0.7818,b'2014-05-21'
852,0.2345,b'2014-12-18'
853,0.2208,b'2014-04-27'
854,0.0588,b'2014-03-08'
855,0.4296,b'2014-03-15'
856,0.4644,b'2014-04-08'
857,0.2120,b'2014-10-23'
858,0.4960,b'2014-01-21'
859,0.4337,b'2014-09-19'
860,0.1846,b'2014-09-05'
861,0.9023,b'2014-04-23'
862,0.3289,b'2014-11-03'
863,0.7725,b'2014-08-14'
864,0.6753,b'2014-06-23'
865,0.1141,b'2014-04-01'
866,0.4622,b'2014-12-18'
867,0.6816,b'2014-09-10'
868,0.0615,b'2014-05-01'
869,0.1084,b'2014-08-10'
870,0.7969,b'2014-12-06'
871,0.7700,b'2014-07-13'
872,0.6149,b'2014-01-25'
873,0.6767,b'2014-11-24'
874,0.7340,b'2014-07-07'
875,0.1884,b'2014-12-02'
876,0.8427,b'2014-09-20'
877,0.7908,b'2014-04-20'
878,0.7382,b'2014-07-18'
879,0.0309,b'2014-05-08'
880,0.2776,b'2014-01-02'
881,0.0867,b'2014-06-08'
882,0.5670,b'2014-09-15'
883,0.3716,b'2014-04-16'
884,0.9321,b'2014-06-03'
885,0.0802,b'2014-08-20'
886,0.2311,b'2014-03-29'
887,0.3428,b'2014-04-05'
888,0.2225,b'2014-05-29'
889,0.3034,b'2014-02-07'
890,0.9849,b'2014-06-28'
891,0.6788,b'2014-05-18'
892,0.7870,b'2014-03-16'
893,0.5055,b'2014-09-30'
894,0.7983,b'2014-02-10'
895,0.2231,b'2014-04-02'
896,0.9195,b'2014-06-08'
897,0.4863,b'2014-07-23'
898,0.4586,b'2014-09-11'
899,0.9737,b'2014-02-23'
900,0.9830,b'2014-07-22'
901,0.1944,b'2014-05-17'
902,0.9723,b'2014-02-28'
903,0.0016,b'2014-08-25'
904,0.8111,b'2014-08-07'
905,0.4777,b'2014-05-29'
906,0.8176,b'2014-01-08'
907,0.6529,b'2014-01-06'
908,0.7789,b'2014-11-01'
909,0.1470,b'2014-08-29'
910,0.1746,b'2014-03-18'
911,0.2442,b'2014-06-26'
912,0.9514,b'2014-12-29'
913,0.1530,b'2014-08-07'
914,0.5825,b'2014-12-06'
915,0.9069,b'2014-11-14'
916,0.0862,b'2014-04-09'
917,0.5905,b'2014-07-01'
918,0.0874,b'2014-09-06'
919,0.3224,b'2014-09-25'
920,0.8467,b'2014-10-31'
921,0.8215,b'2014-03-20'
922,0.6050,b'2014-03-23'
923,0.2175,b'2014-11-06'
924,0.7615,b'2014-10-16'
925,0.0348,b'2014-05-09'
926,0.0351,b'2014-12-15'
927,0.8472,b'2014-10-28'
928,0.2669,b'2014-10-17'
929,0.1809,b'2014-05-09'
930,0.9294,b'2014-07-04'
931,0.1640,b'2014-01-18'
932,0.8039,b'2014-08-15'
933,0.6352,b'2014-06-13'
934,0.2820,b'2014-06-21'
935,0.1946,b'2014-08-01'
936,0.1813,b'2014-08-17'
937,0.9372,b'2014-01-03'
938,0.9012,b'2014-06-17'
939,0.1631,b'2014-06-18'
940,0.6668,b'2014-03-17'
941,0.0508,b'2014-04-10'
942,0.8520,b'2014-03-02'
943,0.7179,b'2014-02-19'
944,0.9144,b'2014-10-13'
945,0.0410,b'2014-10-09'
946,0.5005,b'2014-08-19'
947,0.8139,b'2014-09-12'
948,0.6313,b'2014-09-26'
949,0.4003,b'2014-09-13'
950,0.8518,b'2014-01-06'
951,0.5049,b'2014-12-22'
952,0.5918,b'2014-01-08'
953,0.5130,b'2014-10-15'
954,0.5330,b'2014-05-28'
955,0.4175,b'2014-08-19'
956,0.9001,b'2014-01-30'
957,0.8872,b'2014-04-08'
958,0.1244,b'2014-05-27'
959,0.6906,b'2014-01-14'
960,0.8253,b'2014-03-11'
961,0.6045,b'2014-01-07'
962,0.7588,b'2014-08-03'
963,0.6169,b'2014-12-23'
964,0.0611,b'2014-07-11'
965,0.3331,b'2014-07-04'
966,0.4793,b'2014-05-07'
967,0.8510,b'2014-08-04'
968,0.6372,b'2014-04-14'
969,0.6411,b'2014-09-16'
970,0.6083,b'2014-09-16'
971,0.0927,b'2014-09-12'
972,0.7209,b'2014-10-03'
973,0.4124,b'2014-04-08'
974,0.0330,b'2014-12-06'
975,0.9493,b'2014-06-10'
976,0.8511,b'2014-03-25'
977,0.2980,b'2014-05-15'
978,0.8276,b'2014-08-27'
979,0.7064,b'2014-05-17'
980,0.7855,b'2014-07-07'
981,0.4755,b'2014-04-13'
982,0.4085,b'2014-12-23'
983,0.3968,b'2014-04-20'
984,0.9305,b'2014-09-02'
985,0.1880,b'2014-01-10'
986,0.4908,b'2014-04-30'
987,0.4138,b'2014-05-14'
988,0.5679,b'2014-05-09'
989,0.1731,b'2014-01-14'
990,0.5063,b'2014-07-10'
991,0.5001,b'2014-07-15'
992,0.0106,b'2014-04-09'
993,0.6515,b'2014-02-18'
994,0.1227,b'2014-08-24'
995,0.0685,b'2014-07-16'
996,0.3017,b'2014-10-13'
997,0.0169,b'2014-04-07'
998,0.5969,b'2014-10-30'
999,0.9847,b'2014-08-02'
